date,equity,cash,borrowed,holdings_val,leverage,drawdown,num_positions,active_holdings,regime
2010-04-01,700.0,700.0,0.0,0.0,0.0,0.0,0,CASH_BIL,Bull_LowVol
2010-04-05,700.0,700.0,0.0,0.0,0.0,0.0,0,CASH_BIL,Bull_LowVol
2010-04-06,700.0,700.0,0.0,0.0,0.0,0.0,0,CASH_BIL,Bull_LowVol
2010-04-07,700.0,700.0,0.0,0.0,0.0,0.0,0,CASH_BIL,Bull_LowVol
2010-04-08,700.0,700.0,0.0,0.0,0.0,0.0,0,CASH_BIL,Bull_LowVol
2010-04-09,700.0,700.0,0.0,0.0,0.0,0.0,0,CASH_BIL,Bull_LowVol
2010-04-12,700.0,700.0,0.0,0.0,0.0,0.0,0,CASH_BIL,Bull_LowVol
2010-04-13,700.0,700.0,0.0,0.0,0.0,0.0,0,CASH_BIL,Bull_LowVol
2010-04-14,700.0,700.0,0.0,0.0,0.0,0.0,0,CASH_BIL,Bull_LowVol
2010-04-15,700.0,700.0,0.0,0.0,0.0,0.0,0,CASH_BIL,Bull_LowVol
2010-04-16,700.0,700.0,0.0,0.0,0.0,0.0,0,CASH_BIL,Bull_LowVol
2010-04-19,700.0,700.0,0.0,0.0,0.0,0.0,0,CASH_BIL,Bull_LowVol
2010-04-20,700.0,700.0,0.0,0.0,0.0,0.0,0,CASH_BIL,Bull_LowVol
2010-04-21,700.0,700.0,0.0,0.0,0.0,0.0,0,CASH_BIL,Bull_LowVol
2010-04-22,700.0,700.0,0.0,0.0,0.0,0.0,0,CASH_BIL,Bull_LowVol
2010-04-23,700.0,700.0,0.0,0.0,0.0,0.0,0,CASH_BIL,Bull_LowVol
2010-04-26,700.0,700.0,0.0,0.0,0.0,0.0,0,CASH_BIL,Bull_LowVol
2010-04-27,700.0,700.0,0.0,0.0,0.0,0.0,0,CASH_BIL,Bull_LowVol
2010-04-28,700.0,700.0,0.0,0.0,0.0,0.0,0,CASH_BIL,Bull_LowVol
2010-04-29,700.0,700.0,0.0,0.0,0.0,0.0,0,CASH_BIL,Bull_LowVol
2010-04-30,682.39,0.0,694.14,1376.52,2.02,2.52,2,"AMD,BKNG",Bull_LowVol
2010-05-03,717.25,-0.09,694.14,1411.47,1.97,0.0,2,"AMD,BKNG",Bull_LowVol
2010-05-04,640.56,-0.17,694.14,1334.87,2.08,10.69,2,"AMD,BKNG",Bull_MidVol
2010-05-05,605.65,-0.26,694.14,1300.05,2.15,15.56,2,"AMD,BKNG",Bull_MidVol
2010-05-06,547.14,-0.35,694.14,1241.62,2.27,23.72,2,"AMD,BKNG",Bull_MidVol
2010-05-07,538.58,-0.43,694.14,1233.16,2.29,24.91,2,"AMD,BKNG",Bull_MidVol
2010-05-10,646.64,-0.52,694.14,1341.3,2.07,9.84,2,"AMD,BKNG",Bull_MidVol
2010-05-11,587.69,-0.61,182.65,770.95,1.31,18.06,1,AMD,Bull_MidVol
2010-05-12,623.37,-0.63,182.65,806.65,1.29,13.09,1,AMD,Bull_MidVol
2010-05-13,617.4,-0.65,182.65,800.7,1.3,13.92,1,AMD,Bull_MidVol
2010-05-14,564.67,-0.68,182.65,748.0,1.32,21.27,1,AMD,Bull_MidVol
2010-05-17,568.9,-0.7,182.65,752.25,1.32,20.68,1,AMD,Bull_MidVol
2010-05-18,532.33,-0.72,182.65,715.7,1.34,25.78,1,AMD,Bull_MidVol
2010-05-19,536.56,-0.74,182.65,719.95,1.34,25.19,1,AMD,Bull_MidVol
2010-05-20,504.23,-0.77,182.65,687.65,1.36,29.7,1,AMD,Bull_MidVol
2010-05-21,530.56,-0.79,182.65,714.0,1.35,26.03,1,AMD,Bull_MidVol
2010-05-24,504.19,-0.81,182.65,687.65,1.36,29.71,1,AMD,Bull_MidVol
2010-05-25,509.26,-0.84,182.65,692.75,1.36,29.0,1,AMD,Bull_MidVol
2010-05-26,515.19,-0.86,182.65,698.7,1.36,28.17,1,AMD,Bull_MidVol
2010-05-27,564.47,-0.88,182.65,748.0,1.33,21.3,1,AMD,Bull_MidVol
2010-05-28,538.64,11.24,0.0,527.4,0.98,24.9,2,"URI,CRM",Bull_MidVol
2010-06-01,538.7,11.24,0.0,527.46,0.98,24.89,2,"URI,CRM",Bull_MidVol
2010-06-02,557.27,11.24,0.0,546.03,0.98,22.3,2,"URI,CRM",Bull_MidVol
2010-06-03,563.15,11.24,0.0,551.91,0.98,21.48,2,"URI,CRM",Bull_MidVol
2010-06-04,525.13,11.24,0.0,513.89,0.98,26.78,2,"URI,CRM",Bull_MidVol
2010-06-07,506.36,11.24,0.0,495.12,0.98,29.4,2,"URI,CRM",Bull_MidVol
2010-06-08,494.7,11.24,0.0,483.46,0.98,31.03,2,"URI,CRM",Bull_MidVol
2010-06-09,500.8,11.24,0.0,489.56,0.98,30.18,2,"URI,CRM",Bull_MidVol
2010-06-10,519.88,11.24,0.0,508.64,0.98,27.52,2,"URI,CRM",Bull_MidVol
2010-06-11,535.47,11.24,0.0,524.22,0.98,25.34,2,"URI,CRM",Bull_MidVol
2010-06-14,536.11,11.24,0.0,524.87,0.98,25.25,2,"URI,CRM",Bull_MidVol
2010-06-15,565.0,11.24,0.0,553.76,0.98,21.23,2,"URI,CRM",Bull_MidVol
2010-06-16,564.87,11.24,0.0,553.63,0.98,21.24,2,"URI,CRM",Bull_MidVol
2010-06-17,564.45,11.24,0.0,553.21,0.98,21.3,2,"URI,CRM",Bull_MidVol
2010-06-18,561.37,11.24,0.0,550.13,0.98,21.73,2,"URI,CRM",Bull_MidVol
2010-06-21,552.32,11.24,0.0,541.08,0.98,22.99,2,"URI,CRM",Bull_MidVol
2010-06-22,523.4,11.24,0.0,512.16,0.98,27.03,2,"URI,CRM",Bull_MidVol
2010-06-23,505.97,11.24,0.0,494.72,0.98,29.46,2,"URI,CRM",Bull_MidVol
2010-06-24,485.61,11.24,0.0,474.37,0.98,32.29,2,"URI,CRM",Bull_MidVol
2010-06-25,493.95,11.24,0.0,482.71,0.98,31.13,2,"URI,CRM",Bull_MidVol
2010-06-28,488.33,11.24,0.0,477.09,0.98,31.92,2,"URI,CRM",Bull_MidVol
2010-06-29,445.85,340.9,0.0,104.95,0.24,37.84,1,CRM,Bull_MidVol
2010-06-30,443.55,14.48,0.0,429.07,0.97,38.16,2,"CRM,AAPL",Bull_MidVol
2010-07-01,443.98,14.48,0.0,429.5,0.97,38.1,2,"CRM,AAPL",Bull_MidVol
2010-07-02,442.74,14.48,0.0,428.26,0.97,38.27,2,"CRM,AAPL",Bull_MidVol
2010-07-06,446.66,14.48,0.0,432.19,0.97,37.73,2,"CRM,AAPL",Bull_MidVol
2010-07-07,463.41,14.48,0.0,448.93,0.97,35.39,2,"CRM,AAPL",Bull_MidVol
2010-07-08,463.37,14.48,0.0,448.89,0.97,35.4,2,"CRM,AAPL",Bull_MidVol
2010-07-09,465.22,14.48,0.0,450.74,0.97,35.14,2,"CRM,AAPL",Bull_MidVol
2010-07-12,463.37,14.48,0.0,448.89,0.97,35.4,2,"CRM,AAPL",Bull_MidVol
2010-07-13,463.03,14.48,0.0,448.55,0.97,35.44,2,"CRM,AAPL",Bull_MidVol
2010-07-14,468.95,14.48,0.0,454.47,0.97,34.62,2,"CRM,AAPL",Bull_MidVol
2010-07-15,468.47,14.48,0.0,454.0,0.97,34.68,2,"CRM,AAPL",Bull_MidVol
2010-07-16,457.45,14.48,0.0,442.97,0.97,36.22,2,"CRM,AAPL",Bull_MidVol
2010-07-19,455.13,14.48,0.0,440.65,0.97,36.55,2,"CRM,AAPL",Bull_MidVol
2010-07-20,461.8,14.48,0.0,447.33,0.97,35.61,2,"CRM,AAPL",Bull_MidVol
2010-07-21,461.48,14.48,0.0,447.0,0.97,35.66,2,"CRM,AAPL",Bull_MidVol
2010-07-22,474.89,14.48,0.0,460.42,0.97,33.79,2,"CRM,AAPL",Bull_MidVol
2010-07-23,485.13,14.48,0.0,470.65,0.97,32.36,2,"CRM,AAPL",Bull_MidVol
2010-07-26,485.29,14.48,0.0,470.81,0.97,32.34,2,"CRM,AAPL",Bull_MidVol
2010-07-27,486.34,14.48,0.0,471.86,0.97,32.19,2,"CRM,AAPL",Bull_MidVol
2010-07-28,481.93,14.48,0.0,467.46,0.97,32.81,2,"CRM,AAPL",Bull_MidVol
2010-07-29,478.67,14.48,0.0,464.2,0.97,33.26,2,"CRM,AAPL",Bull_MidVol
2010-07-30,467.53,0.0,321.92,789.45,1.69,34.82,2,"CRM,MELI",Bull_MidVol
2010-08-02,479.65,-0.04,321.92,801.61,1.67,33.13,2,"CRM,MELI",Bull_MidVol
2010-08-03,486.79,-0.08,321.92,808.79,1.66,32.13,2,"CRM,MELI",Bull_MidVol
2010-08-04,500.47,-0.12,321.92,822.52,1.64,30.22,2,"CRM,MELI",Bull_MidVol
2010-08-05,504.09,-0.16,321.92,826.17,1.64,29.72,2,"CRM,MELI",Bull_MidVol
2010-08-06,513.27,-0.2,321.92,835.39,1.63,28.44,2,"CRM,MELI",Bull_MidVol
2010-08-09,532.57,-0.24,321.92,854.73,1.6,25.75,2,"CRM,MELI",Bull_MidVol
2010-08-10,521.69,-0.28,321.92,843.89,1.62,27.26,2,"CRM,MELI",Bull_MidVol
2010-08-11,492.37,-0.32,321.92,814.62,1.65,31.35,2,"CRM,MELI",Bull_MidVol
2010-08-12,492.74,-0.36,321.92,815.02,1.65,31.3,2,"CRM,MELI",Bull_MidVol
2010-08-13,488.81,-0.4,321.92,811.13,1.66,31.85,2,"CRM,MELI",Bull_MidVol
2010-08-16,494.61,-0.44,321.92,816.98,1.65,31.04,2,"CRM,MELI",Bull_MidVol
2010-08-17,519.48,-0.48,321.92,841.89,1.62,27.57,2,"CRM,MELI",Bull_MidVol
2010-08-18,523.28,-0.52,321.92,845.72,1.62,27.04,2,"CRM,MELI",Bull_MidVol
2010-08-19,497.59,-0.56,321.92,820.07,1.65,30.62,2,"CRM,MELI",Bull_MidVol
2010-08-20,581.22,-0.6,321.92,903.75,1.55,18.96,2,"CRM,MELI",Bull_MidVol
2010-08-23,569.98,-0.64,321.92,892.54,1.57,20.53,2,"CRM,MELI",Bull_MidVol
2010-08-24,548.44,548.44,0.0,0.0,0.0,23.54,0,CASH_BIL,Bear
2010-08-25,548.32,548.32,0.0,0.0,0.0,23.55,0,CASH_BIL,Bear
2010-08-26,548.32,548.32,0.0,0.0,0.0,23.55,0,CASH_BIL,Bear
2010-08-27,548.44,548.44,0.0,0.0,0.0,23.54,0,CASH_BIL,Bear
2010-08-30,548.32,548.32,0.0,0.0,0.0,23.55,0,CASH_BIL,Bear
2010-08-31,548.32,548.32,0.0,0.0,0.0,23.55,0,CASH_BIL,Bear
2010-09-01,548.32,548.32,0.0,0.0,0.0,23.55,0,CASH_BIL,Bull_MidVol
2010-09-02,548.32,548.32,0.0,0.0,0.0,23.55,0,CASH_BIL,Bull_MidVol
2010-09-03,548.32,548.32,0.0,0.0,0.0,23.55,0,CASH_BIL,Bull_MidVol
2010-09-07,548.32,548.32,0.0,0.0,0.0,23.55,0,CASH_BIL,Bull_MidVol
2010-09-08,548.32,548.32,0.0,0.0,0.0,23.55,0,CASH_BIL,Bull_MidVol
2010-09-09,548.32,548.32,0.0,0.0,0.0,23.55,0,CASH_BIL,Bull_MidVol
2010-09-10,548.32,548.32,0.0,0.0,0.0,23.55,0,CASH_BIL,Bull_MidVol
2010-09-13,548.32,548.32,0.0,0.0,0.0,23.55,0,CASH_BIL,Bull_MidVol
2010-09-14,548.32,548.32,0.0,0.0,0.0,23.55,0,CASH_BIL,Bull_MidVol
2010-09-15,548.32,548.32,0.0,0.0,0.0,23.55,0,CASH_BIL,Bull_MidVol
2010-09-16,548.32,548.32,0.0,0.0,0.0,23.55,0,CASH_BIL,Bull_MidVol
2010-09-17,548.32,548.32,0.0,0.0,0.0,23.55,0,CASH_BIL,Bull_MidVol
2010-09-20,548.32,548.32,0.0,0.0,0.0,23.55,0,CASH_BIL,Bull_MidVol
2010-09-21,548.32,548.32,0.0,0.0,0.0,23.55,0,CASH_BIL,Bull_MidVol
2010-09-22,548.32,548.32,0.0,0.0,0.0,23.55,0,CASH_BIL,Bull_MidVol
2010-09-23,548.32,548.32,0.0,0.0,0.0,23.55,0,CASH_BIL,Bull_MidVol
2010-09-24,548.32,548.32,0.0,0.0,0.0,23.55,0,CASH_BIL,Bull_LowVol
2010-09-27,548.32,548.32,0.0,0.0,0.0,23.55,0,CASH_BIL,Bull_MidVol
2010-09-28,548.32,548.32,0.0,0.0,0.0,23.55,0,CASH_BIL,Bull_LowVol
2010-09-29,548.32,548.32,0.0,0.0,0.0,23.55,0,CASH_BIL,Bull_LowVol
2010-09-30,535.13,0.0,519.74,1054.87,1.97,25.39,2,"CRM,BKNG",Bull_LowVol
2010-10-01,523.42,-0.06,519.74,1043.23,1.99,27.02,2,"CRM,BKNG",Bull_LowVol
2010-10-04,516.31,-0.13,519.74,1036.18,2.01,28.02,2,"CRM,BKNG",Bull_LowVol
2010-10-05,542.73,-0.19,519.74,1062.67,1.96,24.33,2,"CRM,BKNG",Bull_LowVol
2010-10-06,477.15,-0.26,519.74,997.15,2.09,33.47,2,"CRM,BKNG",Bull_LowVol
2010-10-07,474.69,-0.32,519.74,994.76,2.1,33.82,2,"CRM,BKNG",Bull_LowVol
2010-10-08,492.19,-0.39,519.74,1012.32,2.06,31.38,2,"CRM,BKNG",Bull_LowVol
2010-10-11,448.06,-0.45,519.74,968.25,2.16,37.53,2,"CRM,BKNG",Bull_LowVol
2010-10-12,484.07,-0.52,519.74,1004.33,2.07,32.51,2,"CRM,BKNG",Bull_LowVol
2010-10-13,500.3,-0.58,519.74,1020.63,2.04,30.25,2,"CRM,BKNG",Bull_LowVol
2010-10-14,510.26,-0.65,519.74,1030.65,2.02,28.86,2,"CRM,BKNG",Bull_LowVol
2010-10-15,522.69,-0.71,519.74,1043.14,2.0,27.13,2,"CRM,BKNG",Bull_MidVol
2010-10-18,506.06,-0.78,519.74,1026.58,2.03,29.44,2,"CRM,BKNG",Bull_LowVol
2010-10-19,484.67,-0.84,519.74,1005.26,2.07,32.43,2,"CRM,BKNG",Bull_LowVol
2010-10-20,491.63,-0.91,519.74,1012.28,2.06,31.46,2,"CRM,BKNG",Bull_LowVol
2010-10-21,491.78,-0.97,519.74,1012.5,2.06,31.43,2,"CRM,BKNG",Bull_LowVol
2010-10-22,530.68,-1.04,519.74,1051.46,1.98,26.01,2,"CRM,BKNG",Bull_LowVol
2010-10-25,566.91,-1.1,519.74,1087.76,1.92,20.96,2,"CRM,BKNG",Bull_LowVol
2010-10-26,565.99,-1.17,519.74,1086.9,1.92,21.09,2,"CRM,BKNG",Bull_LowVol
2010-10-27,581.66,-1.23,519.74,1102.64,1.9,18.9,2,"CRM,BKNG",Bull_LowVol
2010-10-28,575.28,-1.3,519.74,1096.32,1.91,19.79,2,"CRM,BKNG",Bull_LowVol
2010-10-29,588.34,0.0,524.43,1112.78,1.89,17.97,2,"BKNG,MELI",Bull_LowVol
2010-11-01,571.46,-0.07,524.43,1095.96,1.92,20.33,2,"BKNG,MELI",Bull_LowVol
2010-11-02,577.75,-0.13,524.43,1102.32,1.91,19.45,2,"BKNG,MELI",Bull_LowVol
2010-11-03,583.71,-0.2,524.43,1108.34,1.9,18.62,2,"BKNG,MELI",Bull_LowVol
2010-11-04,563.66,-0.26,524.43,1088.36,1.93,21.41,2,"BKNG,MELI",Bull_LowVol
2010-11-05,576.04,-0.33,524.43,1100.8,1.91,19.69,2,"BKNG,MELI",Bull_LowVol
2010-11-08,601.78,-0.39,524.43,1126.6,1.87,16.1,2,"BKNG,MELI",Bull_LowVol
2010-11-09,631.51,-0.46,524.43,1156.4,1.83,11.95,2,"BKNG,MELI",Bull_LowVol
2010-11-10,611.57,-0.52,524.43,1136.53,1.86,14.73,2,"BKNG,MELI",Bull_LowVol
2010-11-11,607.91,-0.59,524.43,1132.93,1.86,15.24,2,"BKNG,MELI",Bull_LowVol
2010-11-12,601.9,-0.66,524.43,1126.99,1.87,16.08,2,"BKNG,MELI",Bull_LowVol
2010-11-15,598.93,-0.72,524.43,1124.08,1.88,16.5,2,"BKNG,MELI",Bull_LowVol
2010-11-16,588.82,-0.79,524.43,1114.04,1.89,17.91,2,"BKNG,MELI",Bull_LowVol
2010-11-17,602.9,-0.85,524.43,1128.19,1.87,15.94,2,"BKNG,MELI",Bull_LowVol
2010-11-18,619.8,-0.92,524.43,1145.15,1.85,13.59,2,"BKNG,MELI",Bull_LowVol
2010-11-19,623.97,-0.98,524.43,1149.39,1.84,13.0,2,"BKNG,MELI",Bull_LowVol
2010-11-22,655.55,-1.05,524.43,1181.03,1.8,8.6,2,"BKNG,MELI",Bull_LowVol
2010-11-23,627.15,-1.11,524.43,1152.7,1.84,12.56,2,"BKNG,MELI",Bull_LowVol
2010-11-24,638.69,-1.18,524.43,1164.3,1.82,10.95,2,"BKNG,MELI",Bull_LowVol
2010-11-26,646.11,-1.25,524.43,1171.79,1.81,9.92,2,"BKNG,MELI",Bull_MidVol
2010-11-29,633.07,-1.31,524.43,1158.81,1.83,11.74,2,"BKNG,MELI",Bull_MidVol
2010-11-30,595.36,0.0,571.36,1166.73,1.96,16.99,2,"BKNG,URI",Bull_MidVol
2010-12-01,625.68,-0.07,571.36,1197.12,1.91,12.77,2,"BKNG,URI",Bull_MidVol
2010-12-02,639.38,-0.14,571.36,1210.88,1.89,10.86,2,"BKNG,URI",Bull_MidVol
2010-12-03,673.59,-0.21,571.36,1245.16,1.85,6.09,2,"BKNG,URI",Bull_MidVol
2010-12-06,684.18,-0.29,571.36,1255.83,1.84,4.61,2,"BKNG,URI",Bull_MidVol
2010-12-07,676.18,-0.36,571.36,1247.9,1.85,5.73,2,"BKNG,URI",Bull_MidVol
2010-12-08,706.84,-0.43,571.36,1278.63,1.81,1.45,2,"BKNG,URI",Bull_MidVol
2010-12-09,715.32,-0.5,571.36,1287.19,1.8,0.27,2,"BKNG,URI",Bull_MidVol
2010-12-10,734.1,-0.57,571.36,1306.03,1.78,0.0,2,"BKNG,URI",Bull_MidVol
2010-12-13,699.52,-0.64,571.36,1271.53,1.82,4.71,2,"BKNG,URI",Bull_MidVol
2010-12-14,673.91,-0.71,571.36,1245.99,1.85,8.2,2,"BKNG,URI",Bull_MidVol
2010-12-15,659.17,-0.79,571.36,1231.32,1.87,10.21,2,"BKNG,URI",Bull_LowVol
2010-12-16,674.8,-0.86,571.36,1247.02,1.85,8.08,2,"BKNG,URI",Bull_LowVol
2010-12-17,667.18,-0.93,571.36,1239.47,1.86,9.12,2,"BKNG,URI",Bull_LowVol
2010-12-20,677.78,-1.0,571.36,1250.15,1.84,7.67,2,"BKNG,URI",Bull_LowVol
2010-12-21,694.37,-1.07,571.36,1266.81,1.82,5.41,2,"BKNG,URI",Bull_LowVol
2010-12-22,706.13,-1.14,571.36,1278.64,1.81,3.81,2,"BKNG,URI",Bull_LowVol
2010-12-23,703.21,-1.21,571.36,1275.79,1.81,4.21,2,"BKNG,URI",Bull_LowVol
2010-12-27,693.7,-1.29,571.36,1266.35,1.83,5.5,2,"BKNG,URI",Bull_LowVol
2010-12-28,687.32,-1.36,571.36,1260.04,1.83,6.37,2,"BKNG,URI",Bull_LowVol
2010-12-29,689.08,-1.43,571.36,1261.87,1.83,6.13,2,"BKNG,URI",Bull_LowVol
2010-12-30,687.21,-1.5,571.36,1260.07,1.83,6.39,2,"BKNG,URI",Bull_LowVol
2010-12-31,677.89,0.0,705.27,1383.16,2.04,7.66,2,"BKNG,URI",Bull_LowVol
2011-01-03,710.36,-0.09,705.27,1415.71,1.99,3.23,2,"BKNG,URI",Bull_LowVol
2011-01-04,723.09,-0.18,705.27,1428.53,1.98,1.5,2,"BKNG,URI",Bull_LowVol
2011-01-05,789.27,-0.26,705.27,1494.8,1.89,0.0,2,"BKNG,URI",Bull_LowVol
2011-01-06,795.14,-0.35,705.27,1500.76,1.89,0.0,2,"BKNG,URI",Bull_LowVol
2011-01-07,824.39,-0.44,705.27,1530.1,1.86,0.0,2,"BKNG,URI",Bull_LowVol
2011-01-10,822.16,-0.53,705.27,1527.96,1.86,0.27,2,"BKNG,URI",Bull_LowVol
2011-01-11,803.51,-0.62,705.27,1509.39,1.88,2.53,2,"BKNG,URI",Bull_LowVol
2011-01-12,808.76,-0.71,705.27,1514.73,1.87,1.9,2,"BKNG,URI",Bull_LowVol
2011-01-13,831.09,-0.79,705.27,1537.15,1.85,0.0,2,"BKNG,URI",Bull_LowVol
2011-01-14,856.37,-0.88,705.27,1562.52,1.82,0.0,2,"BKNG,URI",Bull_LowVol
2011-01-18,859.94,-0.97,705.27,1566.18,1.82,0.0,2,"BKNG,URI",Bull_LowVol
2011-01-19,814.66,-1.06,705.27,1520.98,1.87,5.27,2,"BKNG,URI",Bull_LowVol
2011-01-20,784.09,-1.15,705.27,1490.5,1.9,8.82,2,"BKNG,URI",Bull_LowVol
2011-01-21,798.67,-1.23,705.27,1505.17,1.88,7.12,2,"BKNG,URI",Bull_LowVol
2011-01-24,819.88,-1.32,705.27,1526.47,1.86,4.66,2,"BKNG,URI",Bull_LowVol
2011-01-25,830.2,-1.41,705.27,1536.88,1.85,3.46,2,"BKNG,URI",Bull_LowVol
2011-01-26,855.07,-1.5,705.27,1561.83,1.83,0.57,2,"BKNG,URI",Bull_LowVol
2011-01-27,890.58,-1.59,705.27,1597.43,1.79,0.0,2,"BKNG,URI",Bull_LowVol
2011-01-28,833.23,-1.68,705.27,1540.17,1.85,6.44,2,"BKNG,URI",Bull_LowVol
2011-01-31,833.03,0.0,1230.68,2063.71,2.48,6.46,2,"BKNG,URI",Bull_LowVol
2011-02-01,892.66,-0.15,1230.68,2123.5,2.38,0.0,2,"BKNG,URI",Bull_LowVol
2011-02-02,948.65,-0.31,1230.68,2179.64,2.3,0.0,2,"BKNG,URI",Bull_LowVol
2011-02-03,998.91,-0.46,1230.68,2230.06,2.23,0.0,2,"BKNG,URI",Bull_LowVol
2011-02-04,1030.09,-0.62,1230.68,2261.39,2.2,0.0,2,"BKNG,URI",Bull_LowVol
2011-02-07,1068.0,-0.77,1230.68,2299.45,2.15,0.0,2,"BKNG,URI",Bull_LowVol
2011-02-08,1065.84,-0.92,1230.68,2297.45,2.16,0.2,2,"BKNG,URI",Bull_LowVol
2011-02-09,1092.21,-1.08,1230.68,2323.97,2.13,0.0,2,"BKNG,URI",Bull_LowVol
2011-02-10,1121.27,-1.23,1230.68,2353.19,2.1,0.0,2,"BKNG,URI",Bull_LowVol
2011-02-11,1104.84,-1.38,1230.68,2336.91,2.12,1.46,2,"BKNG,URI",Bull_LowVol
2011-02-14,1191.99,-1.54,1230.68,2424.21,2.03,0.0,2,"BKNG,URI",Bull_LowVol
2011-02-15,1152.9,-1.69,1230.68,2385.27,2.07,3.28,2,"BKNG,URI",Bull_LowVol
2011-02-16,1168.95,-1.85,1230.68,2401.48,2.05,1.93,2,"BKNG,URI",Bull_LowVol
2011-02-17,1198.77,-2.0,1230.68,2431.46,2.03,0.0,2,"BKNG,URI",Bull_LowVol
2011-02-18,1161.42,-2.15,1230.68,2394.26,2.06,3.12,2,"BKNG,URI",Bull_LowVol
2011-02-22,1067.8,-2.31,1230.68,2300.79,2.15,10.93,2,"BKNG,URI",Bull_MidVol
2011-02-23,1011.2,-2.46,1230.68,2244.34,2.22,15.65,2,"BKNG,URI",Bull_MidVol
2011-02-24,1055.97,-2.62,1230.68,2289.27,2.17,11.91,2,"BKNG,URI",Bull_MidVol
2011-02-25,1157.79,-2.77,1230.68,2391.24,2.07,3.42,2,"BKNG,URI",Bull_MidVol
2011-02-28,1078.56,0.0,866.14,1944.71,1.8,10.03,2,"URI,ON",Bull_LowVol
2011-03-01,1034.9,-0.11,866.14,1901.15,1.84,13.67,2,"URI,ON",Bull_MidVol
2011-03-02,1080.49,-0.22,866.14,1946.84,1.8,9.87,2,"URI,ON",Bull_LowVol
2011-03-03,1128.6,-0.32,866.14,1995.07,1.77,5.85,2,"URI,ON",Bull_MidVol
2011-03-04,1116.92,-0.43,866.14,1983.49,1.78,6.83,2,"URI,ON",Bull_MidVol
2011-03-07,1067.19,-0.54,866.14,1933.88,1.81,10.98,2,"URI,ON",Bull_MidVol
2011-03-08,1087.37,-0.65,866.14,1954.16,1.8,9.29,2,"URI,ON",Bull_MidVol
2011-03-09,1054.72,-0.76,866.14,1921.62,1.82,12.02,2,"URI,ON",Bull_MidVol
2011-03-10,995.07,-0.87,866.14,1862.07,1.87,16.99,2,"URI,ON",Bull_MidVol
2011-03-11,1016.05,-0.97,866.14,1883.17,1.85,15.24,2,"URI,ON",Bull_MidVol
2011-03-14,1008.01,-1.08,866.14,1875.24,1.86,15.91,2,"URI,ON",Bull_MidVol
2011-03-15,995.74,-1.19,866.14,1863.08,1.87,16.94,2,"URI,ON",Bull_MidVol
2011-03-16,983.73,-1.3,866.14,1851.17,1.88,17.94,2,"URI,ON",Bull_MidVol
2011-03-17,1017.3,-1.41,866.14,1884.85,1.85,15.14,2,"URI,ON",Bull_MidVol
2011-03-18,997.84,-1.52,866.14,1865.5,1.87,16.76,2,"URI,ON",Bull_MidVol
2011-03-21,1070.79,-1.62,866.14,1938.56,1.81,10.68,2,"URI,ON",Bull_MidVol
2011-03-22,1031.87,-1.73,866.14,1899.74,1.84,13.92,2,"URI,ON",Bull_MidVol
2011-03-23,1046.36,-1.84,866.14,1914.34,1.83,12.71,2,"URI,ON",Bull_MidVol
2011-03-24,1076.18,-1.95,866.14,1944.27,1.81,10.23,2,"URI,ON",Bull_MidVol
2011-03-25,1109.87,-2.06,866.14,1978.07,1.78,7.42,2,"URI,ON",Bull_MidVol
2011-03-28,1099.69,-2.17,866.14,1968.0,1.79,8.27,2,"URI,ON",Bull_MidVol
2011-03-29,1099.65,-2.27,866.14,1968.06,1.79,8.27,2,"URI,ON",Bull_MidVol
2011-03-30,1112.97,-2.38,866.14,1981.49,1.78,7.16,2,"URI,ON",Bull_MidVol
2011-03-31,1142.34,0.0,894.24,2036.58,1.78,4.71,2,"URI,MU",Bull_MidVol
2011-04-01,1160.81,-0.11,894.24,2055.16,1.77,3.17,2,"URI,MU",Bull_MidVol
2011-04-04,1154.38,-0.22,894.24,2048.84,1.77,3.7,2,"URI,MU",Bull_MidVol
2011-04-05,1165.97,-0.34,894.24,2060.55,1.77,2.74,2,"URI,MU",Bull_MidVol
2011-04-06,1159.84,-0.45,894.24,2054.53,1.77,3.25,2,"URI,MU",Bull_MidVol
2011-04-07,1116.45,-0.56,894.24,2011.25,1.8,6.87,2,"URI,MU",Bull_LowVol
2011-04-08,1078.53,-0.67,894.24,1973.44,1.83,10.03,2,"URI,MU",Bull_LowVol
2011-04-11,1047.19,-0.78,894.24,1942.22,1.85,12.64,2,"URI,MU",Bull_LowVol
2011-04-12,1017.62,-0.89,894.24,1912.75,1.88,15.11,2,"URI,MU",Bull_LowVol
2011-04-13,1034.9,-1.01,894.24,1930.15,1.87,13.67,2,"URI,MU",Bull_LowVol
2011-04-14,1027.99,-1.12,894.24,1923.35,1.87,14.25,2,"URI,MU",Bull_LowVol
2011-04-15,1054.46,-1.23,894.24,1949.93,1.85,12.04,2,"URI,MU",Bull_LowVol
2011-04-18,975.01,-1.34,894.24,1870.6,1.92,18.67,2,"URI,MU",Bull_LowVol
2011-04-19,1020.14,-1.45,894.24,1915.84,1.88,14.9,2,"URI,MU",Bull_LowVol
2011-04-20,896.9,-1.56,894.24,1792.71,2.0,25.18,2,"URI,MU",Bull_LowVol
2011-04-21,967.63,-1.68,894.24,1863.55,1.93,19.28,2,"URI,MU",Bull_LowVol
2011-04-25,932.87,-1.79,894.24,1828.9,1.96,22.18,2,"URI,MU",Bull_LowVol
2011-04-26,952.89,-1.9,894.24,1849.04,1.94,20.51,2,"URI,MU",Bull_LowVol
2011-04-27,966.33,-2.01,894.24,1862.58,1.93,19.39,2,"URI,MU",Bull_LowVol
2011-04-28,928.96,-2.12,894.24,1825.33,1.96,22.51,2,"URI,MU",Bull_LowVol
2011-04-29,946.51,0.0,1104.65,2051.17,2.17,21.04,2,"URI,REGN",Bull_LowVol
2011-05-02,969.77,-0.14,1104.65,2074.56,2.14,19.1,2,"URI,REGN",Bull_LowVol
2011-05-03,893.06,-0.28,1104.65,1998.0,2.24,25.5,2,"URI,REGN",Bull_LowVol
2011-05-04,808.82,-0.41,1104.65,1913.89,2.37,32.53,2,"URI,REGN",Bull_LowVol
2011-05-05,795.92,-0.55,1104.65,1901.13,2.39,33.61,2,"URI,REGN",Bull_LowVol
2011-05-06,849.04,-0.69,1104.65,1954.39,2.3,29.17,2,"URI,REGN",Bull_LowVol
2011-05-09,852.02,-0.83,1104.65,1957.5,2.3,28.93,2,"URI,REGN",Bull_LowVol
2011-05-10,894.71,-0.97,1104.65,2000.33,2.24,25.36,2,"URI,REGN",Bull_LowVol
2011-05-11,845.82,-1.1,1104.65,1951.58,2.31,29.44,2,"URI,REGN",Bull_LowVol
2011-05-12,829.75,-1.24,1104.65,1935.65,2.33,30.78,2,"URI,REGN",Bull_LowVol
2011-05-13,804.32,-1.38,1104.65,1910.35,2.38,32.9,2,"URI,REGN",Bull_LowVol
2011-05-16,800.31,-1.52,1104.65,1906.48,2.38,33.24,2,"URI,REGN",Bull_LowVol
2011-05-17,760.28,-1.66,1104.65,1866.59,2.46,36.58,2,"URI,REGN",Bull_LowVol
2011-05-18,812.35,-1.8,1104.65,1918.8,2.36,32.24,2,"URI,REGN",Bull_LowVol
2011-05-19,799.75,-1.93,1104.65,1906.34,2.38,33.29,2,"URI,REGN",Bull_LowVol
2011-05-20,805.56,-2.07,1104.65,1912.29,2.37,32.8,2,"URI,REGN",Bull_LowVol
2011-05-23,750.65,-2.21,1104.65,1857.52,2.47,37.38,2,"URI,REGN",Bull_LowVol
2011-05-24,761.06,-2.35,1104.65,1868.06,2.45,36.51,2,"URI,REGN",Bull_LowVol
2011-05-25,822.66,-2.49,1104.65,1929.8,2.35,31.38,2,"URI,REGN",Bull_LowVol
2011-05-26,838.95,-2.62,1104.65,1946.23,2.32,30.02,2,"URI,REGN",Bull_LowVol
2011-05-27,846.57,-2.76,1104.65,1953.99,2.31,29.38,2,"URI,REGN",Bull_LowVol
2011-05-31,941.52,0.0,1002.9,1944.42,2.07,21.46,2,"REGN,BKNG",Bull_LowVol
2011-06-01,897.37,-0.13,1002.9,1900.39,2.12,25.14,2,"REGN,BKNG",Bull_LowVol
2011-06-02,924.1,-0.25,1002.9,1927.25,2.09,22.91,2,"REGN,BKNG",Bull_LowVol
2011-06-03,899.95,-0.38,1002.9,1903.23,2.11,24.93,2,"REGN,BKNG",Bull_MidVol
2011-06-06,867.96,-0.5,1002.9,1871.36,2.16,27.6,2,"REGN,BKNG",Bull_MidVol
2011-06-07,898.9,-0.63,1002.9,1902.42,2.12,25.02,2,"REGN,BKNG",Bull_MidVol
2011-06-08,867.35,-0.75,1002.9,1871.0,2.16,27.65,2,"REGN,BKNG",Bull_LowVol
2011-06-09,861.41,-0.88,1002.9,1865.18,2.17,28.14,2,"REGN,BKNG",Bull_LowVol
2011-06-10,823.26,-1.0,1002.9,1827.17,2.22,31.32,2,"REGN,BKNG",Bull_MidVol
2011-06-13,789.01,-1.13,1002.9,1793.04,2.27,34.18,2,"REGN,BKNG",Bull_LowVol
2011-06-14,798.59,-1.25,1002.9,1802.75,2.26,33.38,2,"REGN,BKNG",Bull_LowVol
2011-06-15,808.82,-1.38,1002.9,1813.1,2.24,32.53,2,"REGN,BKNG",Bull_MidVol
2011-06-16,773.01,-1.5,1002.9,1777.42,2.3,35.52,2,"REGN,BKNG",Bull_MidVol
2011-06-17,742.32,-1.63,1002.9,1746.85,2.35,38.08,2,"REGN,BKNG",Bull_MidVol
2011-06-20,724.04,-1.76,1002.9,1728.69,2.39,39.6,2,"REGN,BKNG",Bull_MidVol
2011-06-21,790.3,-1.88,1002.9,1795.08,2.27,34.07,2,"REGN,BKNG",Bull_MidVol
2011-06-22,771.43,-2.01,1002.9,1776.33,2.3,35.65,2,"REGN,BKNG",Bull_MidVol
2011-06-23,798.73,-2.13,1002.9,1803.76,2.26,33.37,2,"REGN,BKNG",Bull_MidVol
2011-06-24,777.53,-2.26,1002.9,1782.68,2.29,35.14,2,"REGN,BKNG",Bull_MidVol
2011-06-27,789.29,-2.38,1002.9,1794.57,2.27,34.16,2,"REGN,BKNG",Bull_MidVol
2011-06-28,833.25,-2.51,1002.9,1838.65,2.21,30.49,2,"REGN,BKNG",Bull_MidVol
2011-06-29,859.68,-2.63,1002.9,1865.21,2.17,28.29,2,"REGN,BKNG",Bull_MidVol
2011-06-30,896.31,0.0,634.75,1531.06,1.71,25.23,2,"REGN,FTNT",Bull_MidVol
2011-07-01,917.7,-0.08,634.75,1552.53,1.69,23.45,2,"REGN,FTNT",Bull_MidVol
2011-07-05,951.45,-0.16,634.75,1586.36,1.67,20.63,2,"REGN,FTNT",Bull_MidVol
2011-07-06,957.83,-0.24,634.75,1592.81,1.66,20.1,2,"REGN,FTNT",Bull_MidVol
2011-07-07,952.97,-0.32,634.75,1588.04,1.67,20.5,2,"REGN,FTNT",Bull_MidVol
2011-07-08,954.61,-0.4,634.75,1589.76,1.67,20.37,2,"REGN,FTNT",Bull_MidVol
2011-07-11,907.83,-0.48,634.75,1543.05,1.7,24.27,2,"REGN,FTNT",Bull_MidVol
2011-07-12,887.49,-0.56,634.75,1522.79,1.72,25.97,2,"REGN,FTNT",Bull_MidVol
2011-07-13,900.22,-0.63,634.75,1535.6,1.71,24.9,2,"REGN,FTNT",Bull_MidVol
2011-07-14,879.09,-0.71,634.75,1514.55,1.72,26.67,2,"REGN,FTNT",Bull_MidVol
2011-07-15,868.39,-0.79,634.75,1503.93,1.73,27.56,2,"REGN,FTNT",Bull_MidVol
2011-07-18,860.76,-0.87,634.75,1496.38,1.74,28.2,2,"REGN,FTNT",Bull_MidVol
2011-07-19,908.47,-0.95,634.75,1544.18,1.7,24.22,2,"REGN,FTNT",Bull_MidVol
2011-07-20,735.86,41.49,0.0,694.37,0.94,38.62,1,REGN,Bull_MidVol
2011-07-21,724.09,41.49,0.0,682.6,0.94,39.6,1,REGN,Bull_MidVol
2011-07-22,724.69,41.49,0.0,683.19,0.94,39.55,1,REGN,Bull_MidVol
2011-07-25,703.05,41.49,0.0,661.56,0.94,41.35,1,REGN,Bull_MidVol
2011-07-26,677.73,41.49,0.0,636.24,0.94,43.46,1,REGN,Bull_MidVol
2011-07-27,667.39,41.49,0.0,625.89,0.94,44.33,1,REGN,Bull_MidVol
2011-07-28,667.15,41.49,0.0,625.66,0.94,44.35,1,REGN,Bull_MidVol
2011-07-29,661.53,0.0,516.26,1177.8,1.78,44.82,2,"REGN,BKNG",Bull_MidVol
2011-08-01,654.86,-0.06,516.26,1171.19,1.79,45.37,2,"REGN,BKNG",Bull_MidVol
2011-08-02,639.52,-0.13,516.26,1155.92,1.81,46.65,2,"REGN,BKNG",Bull_MidVol
2011-08-03,634.97,-0.19,516.26,1151.43,1.81,47.03,2,"REGN,BKNG",Bull_MidVol
2011-08-04,542.65,-0.26,516.26,1059.18,1.95,54.73,2,"REGN,BKNG",Bull_MidVol
2011-08-05,545.52,-0.32,516.26,1062.11,1.95,54.49,2,"REGN,BKNG",Bull_MidVol
2011-08-08,502.64,-0.39,516.26,1019.29,2.03,58.07,2,"REGN,BKNG",Bull_MidVol
2011-08-09,566.42,-0.45,516.26,1083.13,1.91,52.75,2,"REGN,BKNG",Bull_MidVol
2011-08-10,538.0,-0.52,516.26,1054.78,1.96,55.12,2,"REGN,BKNG",Bull_MidVol
2011-08-11,592.37,-0.58,516.26,1109.22,1.87,50.58,2,"REGN,BKNG",Bull_MidVol
2011-08-12,665.98,-0.65,516.26,1182.89,1.78,44.45,2,"REGN,BKNG",Bull_MidVol
2011-08-15,741.9,-0.71,516.26,1258.88,1.7,38.11,2,"REGN,BKNG",Bull_MidVol
2011-08-16,721.13,-0.77,516.26,1238.17,1.72,39.84,2,"REGN,BKNG",Bull_MidVol
2011-08-17,691.96,-0.84,516.26,1209.06,1.75,42.28,2,"REGN,BKNG",Bull_MidVol
2011-08-18,625.86,-0.9,321.88,948.65,1.52,47.79,1,REGN,Bull_MidVol
2011-08-19,658.66,658.66,0.0,0.0,0.0,45.06,0,CASH_BIL,Bear
2011-08-22,658.95,658.95,0.0,0.0,0.0,45.03,0,CASH_BIL,Bear
2011-08-23,658.95,658.95,0.0,0.0,0.0,45.03,0,CASH_BIL,Bear
2011-08-24,658.66,658.66,0.0,0.0,0.0,45.06,0,CASH_BIL,Bear
2011-08-25,658.95,658.95,0.0,0.0,0.0,45.03,0,CASH_BIL,Bear
2011-08-26,658.95,658.95,0.0,0.0,0.0,45.03,0,CASH_BIL,Bear
2011-08-29,658.95,658.95,0.0,0.0,0.0,45.03,0,CASH_BIL,Bull_MidVol
2011-08-30,658.95,658.95,0.0,0.0,0.0,45.03,0,CASH_BIL,Bull_MidVol
2011-08-31,654.58,57.62,0.0,596.96,0.91,45.4,2,"REGN,AMZN",Bull_MidVol
2011-09-01,656.37,57.62,0.0,598.76,0.91,45.25,2,"REGN,AMZN",Bull_MidVol
2011-09-02,678.54,678.54,0.0,0.0,0.0,43.4,0,CASH_BIL,Bear
2011-09-06,678.4,678.4,0.0,0.0,0.0,43.41,0,CASH_BIL,Bear
2011-09-07,678.4,678.4,0.0,0.0,0.0,43.41,0,CASH_BIL,Bull_MidVol
2011-09-08,678.4,678.4,0.0,0.0,0.0,43.41,0,CASH_BIL,Bull_MidVol
2011-09-09,678.4,678.4,0.0,0.0,0.0,43.41,0,CASH_BIL,Bear
2011-09-12,678.25,678.25,0.0,0.0,0.0,43.42,0,CASH_BIL,Bear
2011-09-13,678.25,678.25,0.0,0.0,0.0,43.42,0,CASH_BIL,Bull_MidVol
2011-09-14,678.25,678.25,0.0,0.0,0.0,43.42,0,CASH_BIL,Bull_MidVol
2011-09-15,678.25,678.25,0.0,0.0,0.0,43.42,0,CASH_BIL,Bull_MidVol
2011-09-16,678.25,678.25,0.0,0.0,0.0,43.42,0,CASH_BIL,Bull_MidVol
2011-09-19,678.25,678.25,0.0,0.0,0.0,43.42,0,CASH_BIL,Bull_MidVol
2011-09-20,678.25,678.25,0.0,0.0,0.0,43.42,0,CASH_BIL,Bull_MidVol
2011-09-21,678.25,678.25,0.0,0.0,0.0,43.42,0,CASH_BIL,Bull_MidVol
2011-09-22,678.4,678.4,0.0,0.0,0.0,43.41,0,CASH_BIL,Bear
2011-09-23,678.4,678.4,0.0,0.0,0.0,43.41,0,CASH_BIL,Bear
2011-09-26,678.4,678.4,0.0,0.0,0.0,43.41,0,CASH_BIL,Bull_MidVol
2011-09-27,678.4,678.4,0.0,0.0,0.0,43.41,0,CASH_BIL,Bull_MidVol
2011-09-28,678.4,678.4,0.0,0.0,0.0,43.41,0,CASH_BIL,Bull_MidVol
2011-09-29,678.4,678.4,0.0,0.0,0.0,43.41,0,CASH_BIL,Bear
2011-09-30,678.4,678.4,0.0,0.0,0.0,43.41,0,CASH_BIL,Bear
2011-10-03,678.4,678.4,0.0,0.0,0.0,43.41,0,CASH_BIL,Bear
2011-10-04,678.4,678.4,0.0,0.0,0.0,43.41,0,CASH_BIL,Bear
2011-10-05,678.25,678.25,0.0,0.0,0.0,43.42,0,CASH_BIL,Bear
2011-10-06,678.25,678.25,0.0,0.0,0.0,43.42,0,CASH_BIL,Bull_MidVol
2011-10-07,678.1,678.1,0.0,0.0,0.0,43.43,0,CASH_BIL,Bear
2011-10-10,678.1,678.1,0.0,0.0,0.0,43.43,0,CASH_BIL,Bull_MidVol
2011-10-11,678.1,678.1,0.0,0.0,0.0,43.43,0,CASH_BIL,Bull_MidVol
2011-10-12,678.1,678.1,0.0,0.0,0.0,43.43,0,CASH_BIL,Bull_MidVol
2011-10-13,678.1,678.1,0.0,0.0,0.0,43.43,0,CASH_BIL,Bull_MidVol
2011-10-14,678.1,678.1,0.0,0.0,0.0,43.43,0,CASH_BIL,Bull_MidVol
2011-10-17,678.1,678.1,0.0,0.0,0.0,43.43,0,CASH_BIL,Bull_MidVol
2011-10-18,678.1,678.1,0.0,0.0,0.0,43.43,0,CASH_BIL,Bull_MidVol
2011-10-19,678.1,678.1,0.0,0.0,0.0,43.43,0,CASH_BIL,Bull_MidVol
2011-10-20,678.1,678.1,0.0,0.0,0.0,43.43,0,CASH_BIL,Bull_MidVol
2011-10-21,678.1,678.1,0.0,0.0,0.0,43.43,0,CASH_BIL,Bull_MidVol
2011-10-24,678.1,678.1,0.0,0.0,0.0,43.43,0,CASH_BIL,Bull_MidVol
2011-10-25,678.1,678.1,0.0,0.0,0.0,43.43,0,CASH_BIL,Bull_MidVol
2011-10-26,678.1,678.1,0.0,0.0,0.0,43.43,0,CASH_BIL,Bull_MidVol
2011-10-27,678.1,678.1,0.0,0.0,0.0,43.43,0,CASH_BIL,Bull_MidVol
2011-10-28,678.1,678.1,0.0,0.0,0.0,43.43,0,CASH_BIL,Bull_MidVol
2011-10-31,696.33,0.0,262.19,958.52,1.38,41.91,2,"REGN,MA",Bull_MidVol
2011-11-01,684.45,-0.03,262.19,946.67,1.38,42.9,2,"REGN,MA",Bull_MidVol
2011-11-02,707.7,-0.07,262.19,969.96,1.37,40.96,2,"REGN,MA",Bull_MidVol
2011-11-03,701.08,-0.1,262.19,963.37,1.37,41.52,2,"REGN,MA",Bull_MidVol
2011-11-04,718.82,-0.13,262.19,981.15,1.36,40.04,2,"REGN,MA",Bull_MidVol
2011-11-07,696.62,-0.16,262.19,958.98,1.38,41.89,2,"REGN,MA",Bull_MidVol
2011-11-08,701.11,-0.2,262.19,963.5,1.37,41.51,2,"REGN,MA",Bull_MidVol
2011-11-09,684.53,-0.23,262.19,946.95,1.38,42.9,2,"REGN,MA",Bull_MidVol
2011-11-10,677.65,-0.26,262.19,940.11,1.39,43.47,2,"REGN,MA",Bull_MidVol
2011-11-11,675.81,-0.29,262.19,938.29,1.39,43.63,2,"REGN,MA",Bull_MidVol
2011-11-14,688.89,-0.33,262.19,951.41,1.38,42.53,2,"REGN,MA",Bull_MidVol
2011-11-15,676.53,-0.36,262.19,939.08,1.39,43.56,2,"REGN,MA",Bull_MidVol
2011-11-16,640.29,-0.39,262.19,902.87,1.41,46.59,2,"REGN,MA",Bull_MidVol
2011-11-17,644.77,-0.43,262.19,907.39,1.41,46.21,2,"REGN,MA",Bull_MidVol
2011-11-18,627.0,-0.46,262.19,889.65,1.42,47.7,2,"REGN,MA",Bull_MidVol
2011-11-21,692.41,692.41,0.0,0.0,0.0,42.24,0,CASH_BIL,Bear
2011-11-22,692.56,692.56,0.0,0.0,0.0,42.23,0,CASH_BIL,Bear
2011-11-23,692.56,692.56,0.0,0.0,0.0,42.23,0,CASH_BIL,Bear
2011-11-25,692.56,692.56,0.0,0.0,0.0,42.23,0,CASH_BIL,Bear
2011-11-28,692.56,692.56,0.0,0.0,0.0,42.23,0,CASH_BIL,Bull_MidVol
2011-11-29,692.71,692.71,0.0,0.0,0.0,42.21,0,CASH_BIL,Bear
2011-11-30,698.99,34.23,0.0,664.76,0.95,41.69,2,"ISRG,FAST",Bull_MidVol
2011-12-01,701.02,34.23,0.0,666.79,0.95,41.52,2,"ISRG,FAST",Bull_MidVol
2011-12-02,698.34,34.23,0.0,664.11,0.95,41.75,2,"ISRG,FAST",Bull_MidVol
2011-12-05,706.99,34.23,0.0,672.76,0.95,41.02,2,"ISRG,FAST",Bull_MidVol
2011-12-06,709.98,34.23,0.0,675.76,0.95,40.77,2,"ISRG,FAST",Bull_MidVol
2011-12-07,703.7,34.23,0.0,669.47,0.95,41.3,2,"ISRG,FAST",Bull_MidVol
2011-12-08,691.57,34.23,0.0,657.34,0.95,42.31,2,"ISRG,FAST",Bull_MidVol
2011-12-09,707.17,34.23,0.0,672.94,0.95,41.01,2,"ISRG,FAST",Bull_MidVol
2011-12-12,694.4,34.23,0.0,660.17,0.95,42.07,2,"ISRG,FAST",Bull_MidVol
2011-12-13,690.58,34.23,0.0,656.36,0.95,42.39,2,"ISRG,FAST",Bull_MidVol
2011-12-14,680.39,34.23,0.0,646.16,0.95,43.24,2,"ISRG,FAST",Bull_MidVol
2011-12-15,687.83,34.23,0.0,653.6,0.95,42.62,2,"ISRG,FAST",Bull_MidVol
2011-12-16,695.59,34.23,0.0,661.37,0.95,41.97,2,"ISRG,FAST",Bull_MidVol
2011-12-19,696.19,34.23,0.0,661.96,0.95,41.92,2,"ISRG,FAST",Bull_MidVol
2011-12-20,717.9,34.23,0.0,683.67,0.95,40.11,2,"ISRG,FAST",Bull_MidVol
2011-12-21,714.63,34.23,0.0,680.4,0.95,40.39,2,"ISRG,FAST",Bull_MidVol
2011-12-22,719.23,34.23,0.0,685.0,0.95,40.0,2,"ISRG,FAST",Bull_MidVol
2011-12-23,733.49,34.23,0.0,699.26,0.95,38.81,2,"ISRG,FAST",Bull_MidVol
2011-12-27,739.93,34.23,0.0,705.7,0.95,38.28,2,"ISRG,FAST",Bull_MidVol
2011-12-28,733.93,34.23,0.0,699.7,0.95,38.78,2,"ISRG,FAST",Bull_MidVol
2011-12-29,745.15,34.23,0.0,710.92,0.95,37.84,2,"ISRG,FAST",Bull_MidVol
2011-12-30,709.41,65.82,0.0,643.59,0.91,40.82,2,"MELI,MA",Bull_MidVol
2012-01-03,711.1,65.82,0.0,645.28,0.91,40.68,2,"MELI,MA",Bull_MidVol
2012-01-04,693.85,65.82,0.0,628.03,0.91,42.12,2,"MELI,MA",Bull_MidVol
2012-01-05,693.69,65.82,0.0,627.87,0.91,42.13,2,"MELI,MA",Bull_MidVol
2012-01-06,679.68,65.82,0.0,613.86,0.9,43.3,2,"MELI,MA",Bull_MidVol
2012-01-09,681.86,65.82,0.0,616.04,0.9,43.12,2,"MELI,MA",Bull_MidVol
2012-01-10,695.25,65.82,0.0,629.43,0.91,42.0,2,"MELI,MA",Bull_MidVol
2012-01-11,687.3,65.82,0.0,621.48,0.9,42.67,2,"MELI,MA",Bull_MidVol
2012-01-12,697.35,65.82,0.0,631.53,0.91,41.83,2,"MELI,MA",Bull_MidVol
2012-01-13,693.31,65.82,0.0,627.49,0.91,42.17,2,"MELI,MA",Bull_MidVol
2012-01-17,701.29,65.82,0.0,635.47,0.91,41.5,2,"MELI,MA",Bull_LowVol
2012-01-18,708.66,65.82,0.0,642.84,0.91,40.88,2,"MELI,MA",Bull_MidVol
2012-01-19,711.95,65.82,0.0,646.13,0.91,40.61,2,"MELI,MA",Bull_LowVol
2012-01-20,697.04,65.82,0.0,631.22,0.91,41.85,2,"MELI,MA",Bull_LowVol
2012-01-23,695.42,65.82,0.0,629.6,0.91,41.99,2,"MELI,MA",Bull_LowVol
2012-01-24,702.6,65.82,0.0,636.78,0.91,41.39,2,"MELI,MA",Bull_LowVol
2012-01-25,709.06,65.82,0.0,643.24,0.91,40.85,2,"MELI,MA",Bull_LowVol
2012-01-26,706.79,65.82,0.0,640.97,0.91,41.04,2,"MELI,MA",Bull_LowVol
2012-01-27,713.31,65.82,0.0,647.49,0.91,40.5,2,"MELI,MA",Bull_LowVol
2012-01-30,711.07,65.82,0.0,645.25,0.91,40.68,2,"MELI,MA",Bull_LowVol
2012-01-31,702.1,0.0,698.25,1400.35,1.99,41.43,2,"MA,FAST",Bull_LowVol
2012-02-01,712.28,-0.09,698.25,1410.61,1.98,40.58,2,"MA,FAST",Bull_LowVol
2012-02-02,747.83,-0.17,698.25,1446.25,1.93,37.62,2,"MA,FAST",Bull_LowVol
2012-02-03,785.48,-0.26,698.25,1483.99,1.89,34.48,2,"MA,FAST",Bull_LowVol
2012-02-06,782.6,-0.35,698.25,1481.2,1.89,34.72,2,"MA,FAST",Bull_LowVol
2012-02-07,785.38,-0.44,698.25,1484.06,1.89,34.48,2,"MA,FAST",Bull_LowVol
2012-02-08,801.99,-0.52,698.25,1500.76,1.87,33.1,2,"MA,FAST",Bull_LowVol
2012-02-09,793.01,-0.61,698.25,1491.87,1.88,33.85,2,"MA,FAST",Bull_LowVol
2012-02-10,796.32,-0.7,698.25,1495.27,1.88,33.57,2,"MA,FAST",Bull_LowVol
2012-02-13,836.1,-0.79,698.25,1535.13,1.84,30.25,2,"MA,FAST",Bull_LowVol
2012-02-14,846.23,-0.87,698.25,1545.35,1.83,29.41,2,"MA,FAST",Bull_LowVol
2012-02-15,831.06,-0.96,698.25,1530.27,1.84,30.67,2,"MA,FAST",Bull_LowVol
2012-02-16,834.7,-1.05,698.25,1534.0,1.84,30.37,2,"MA,FAST",Bull_LowVol
2012-02-17,837.45,-1.13,698.25,1536.83,1.84,30.14,2,"MA,FAST",Bull_LowVol
2012-02-21,845.08,-1.22,698.25,1544.55,1.83,29.5,2,"MA,FAST",Bull_LowVol
2012-02-22,864.34,-1.31,698.25,1563.89,1.81,27.9,2,"MA,FAST",Bull_LowVol
2012-02-23,874.68,-1.4,698.25,1574.33,1.8,27.04,2,"MA,FAST",Bull_LowVol
2012-02-24,890.19,-1.48,698.25,1589.92,1.79,25.74,2,"MA,FAST",Bull_LowVol
2012-02-27,907.48,-1.57,698.25,1607.3,1.77,24.3,2,"MA,FAST",Bull_LowVol
2012-02-28,909.78,-1.66,698.25,1609.69,1.77,24.11,2,"MA,FAST",Bull_LowVol
2012-02-29,904.94,0.0,864.96,1769.9,1.96,24.51,2,"URI,REGN",Bull_LowVol
2012-03-01,944.82,-0.11,864.96,1809.89,1.92,21.18,2,"URI,REGN",Bull_LowVol
2012-03-02,973.08,-0.22,864.96,1838.26,1.89,18.83,2,"URI,REGN",Bull_LowVol
2012-03-05,950.08,-0.32,864.96,1815.36,1.91,20.75,2,"URI,REGN",Bull_LowVol
2012-03-06,892.48,-0.43,864.96,1757.87,1.97,25.55,2,"URI,REGN",Bull_LowVol
2012-03-07,924.76,-0.54,864.96,1790.26,1.94,22.86,2,"URI,REGN",Bull_LowVol
2012-03-08,953.62,-0.65,864.96,1819.23,1.91,20.45,2,"URI,REGN",Bull_LowVol
2012-03-09,951.01,-0.76,864.96,1816.72,1.91,20.67,2,"URI,REGN",Bull_LowVol
2012-03-12,956.02,-0.86,864.96,1821.84,1.91,20.25,2,"URI,REGN",Bull_LowVol
2012-03-13,991.0,-0.97,864.96,1856.93,1.87,17.33,2,"URI,REGN",Bull_LowVol
2012-03-14,974.09,-1.08,864.96,1840.13,1.89,18.74,2,"URI,REGN",Bull_LowVol
2012-03-15,1019.3,-1.19,864.96,1885.45,1.85,14.97,2,"URI,REGN",Bull_LowVol
2012-03-16,999.26,-1.3,864.96,1865.52,1.87,16.64,2,"URI,REGN",Bull_LowVol
2012-03-19,986.53,-1.41,864.96,1852.89,1.88,17.71,2,"URI,REGN",Bull_LowVol
2012-03-20,969.09,-1.51,864.96,1835.56,1.89,19.16,2,"URI,REGN",Bull_LowVol
2012-03-21,1006.99,-1.62,864.96,1873.57,1.86,16.0,2,"URI,REGN",Bull_LowVol
2012-03-22,992.82,-1.73,864.96,1859.51,1.87,17.18,2,"URI,REGN",Bull_LowVol
2012-03-23,995.64,-1.84,864.96,1862.43,1.87,16.95,2,"URI,REGN",Bull_LowVol
2012-03-26,1018.46,-1.95,864.96,1885.36,1.85,15.04,2,"URI,REGN",Bull_LowVol
2012-03-27,993.71,-2.05,864.96,1860.72,1.87,17.11,2,"URI,REGN",Bull_LowVol
2012-03-28,998.94,-2.16,864.96,1866.06,1.87,16.67,2,"URI,REGN",Bull_LowVol
2012-03-29,999.51,-2.27,864.96,1866.74,1.87,16.62,2,"URI,REGN",Bull_LowVol
2012-03-30,1014.89,-2.38,864.96,1882.22,1.85,15.34,2,"URI,REGN",Bull_LowVol
2012-04-02,1073.65,-2.49,864.96,1941.09,1.81,10.44,2,"URI,REGN",Bull_LowVol
2012-04-03,1119.31,-2.59,864.96,1986.86,1.78,6.63,2,"URI,REGN",Bull_LowVol
2012-04-04,1064.73,-2.7,864.96,1932.39,1.81,11.18,2,"URI,REGN",Bull_LowVol
2012-04-05,1060.75,-2.81,864.96,1928.52,1.82,11.51,2,"URI,REGN",Bull_LowVol
2012-04-09,1010.83,-2.92,864.96,1878.71,1.86,15.68,2,"URI,REGN",Bull_LowVol
2012-04-10,909.89,-3.03,864.96,1777.87,1.95,24.1,2,"URI,REGN",Bull_LowVol
2012-04-11,951.98,-3.14,864.96,1820.08,1.91,20.59,2,"URI,REGN",Bull_LowVol
2012-04-12,1002.2,-3.24,864.96,1870.4,1.87,16.4,2,"URI,REGN",Bull_LowVol
2012-04-13,990.56,-3.35,864.96,1858.87,1.88,17.37,2,"URI,REGN",Bull_LowVol
2012-04-16,990.03,-3.46,864.96,1858.45,1.88,17.41,2,"URI,REGN",Bull_LowVol
2012-04-17,1011.5,-3.57,864.96,1880.03,1.86,15.62,2,"URI,REGN",Bull_LowVol
2012-04-18,1136.98,-3.68,864.96,2005.61,1.76,5.16,2,"URI,REGN",Bull_LowVol
2012-04-19,1135.03,-3.78,864.96,2003.77,1.77,5.32,2,"URI,REGN",Bull_MidVol
2012-04-20,1137.87,-3.89,864.96,2006.72,1.76,5.08,2,"URI,REGN",Bull_MidVol
2012-04-23,1117.44,-4.0,864.96,1986.39,1.78,6.79,2,"URI,REGN",Bull_MidVol
2012-04-24,1098.76,-4.11,864.96,1967.83,1.79,8.34,2,"URI,REGN",Bull_LowVol
2012-04-25,1163.38,-4.22,864.96,2032.56,1.75,2.95,2,"URI,REGN",Bull_MidVol
2012-04-26,1216.92,-4.32,864.96,2086.21,1.71,0.0,2,"URI,REGN",Bull_MidVol
2012-04-27,1273.4,-4.43,864.96,2142.79,1.68,0.0,2,"URI,REGN",Bull_MidVol
2012-04-30,1189.16,0.0,837.99,2027.15,1.7,6.62,2,"REGN,AAPL",Bull_MidVol
2012-05-01,1177.26,-0.1,837.99,2015.36,1.71,7.55,2,"REGN,AAPL",Bull_MidVol
2012-05-02,1214.75,-0.21,837.99,2052.95,1.69,4.61,2,"REGN,AAPL",Bull_MidVol
2012-05-03,1171.36,-0.31,837.99,2009.67,1.72,8.01,2,"REGN,AAPL",Bull_MidVol
2012-05-04,1129.41,-0.42,837.99,1967.81,1.74,11.31,2,"REGN,AAPL",Bull_MidVol
2012-05-07,1119.14,-0.52,837.99,1957.65,1.75,12.11,2,"REGN,AAPL",Bull_MidVol
2012-05-08,1125.71,-0.63,837.99,1964.33,1.74,11.6,2,"REGN,AAPL",Bull_MidVol
2012-05-09,1108.14,-0.73,837.99,1946.86,1.76,12.98,2,"REGN,AAPL",Bull_MidVol
2012-05-10,1129.68,-0.84,837.99,1968.51,1.74,11.29,2,"REGN,AAPL",Bull_MidVol
2012-05-11,1161.91,-0.94,837.99,2000.84,1.72,8.76,2,"REGN,AAPL",Bull_MidVol
2012-05-14,1126.23,-1.05,837.99,1965.26,1.74,11.56,2,"REGN,AAPL",Bull_MidVol
2012-05-15,1116.44,-1.15,837.99,1955.58,1.75,12.33,2,"REGN,AAPL",Bull_LowVol
2012-05-16,1111.48,-1.26,837.99,1950.72,1.76,12.72,2,"REGN,AAPL",Bull_LowVol
2012-05-17,1035.96,-1.36,837.99,1875.31,1.81,18.65,2,"REGN,AAPL",Bull_MidVol
2012-05-18,970.54,-1.47,837.99,1810.0,1.86,23.78,2,"REGN,AAPL",Bull_MidVol
2012-05-21,1063.23,-1.57,837.99,1902.79,1.79,16.5,2,"REGN,AAPL",Bull_MidVol
2012-05-22,1058.84,-1.68,837.99,1898.51,1.79,16.85,2,"REGN,AAPL",Bull_MidVol
2012-05-23,1086.09,-1.78,837.99,1925.86,1.77,14.71,2,"REGN,AAPL",Bull_MidVol
2012-05-24,1107.9,-1.89,837.99,1947.77,1.76,13.0,2,"REGN,AAPL",Bull_MidVol
2012-05-25,1134.86,-1.99,837.99,1974.84,1.74,10.88,2,"REGN,AAPL",Bull_MidVol
2012-05-29,1187.45,-2.09,837.99,2027.54,1.71,6.75,2,"REGN,AAPL",Bull_MidVol
2012-05-30,1189.33,-2.2,837.99,2029.52,1.71,6.6,2,"REGN,AAPL",Bull_MidVol
2012-05-31,1193.79,0.0,651.62,1845.41,1.55,6.25,2,"REGN,URI",Bull_MidVol
2012-06-01,1031.2,-0.08,651.62,1682.9,1.63,19.02,2,"REGN,URI",Bull_MidVol
2012-06-04,1048.61,-0.16,651.62,1700.39,1.62,17.65,2,"REGN,URI",Bull_MidVol
2012-06-05,1097.29,-0.24,651.62,1749.16,1.59,13.83,2,"REGN,URI",Bull_MidVol
2012-06-06,1149.06,-0.33,651.62,1801.0,1.57,9.76,2,"REGN,URI",Bull_MidVol
2012-06-07,1106.73,-0.41,651.62,1758.75,1.59,13.09,2,"REGN,URI",Bull_MidVol
2012-06-08,1108.14,-0.49,651.62,1760.24,1.59,12.98,2,"REGN,URI",Bull_MidVol
2012-06-11,1059.51,-0.57,651.62,1711.7,1.62,16.8,2,"REGN,URI",Bull_MidVol
2012-06-12,1085.25,-0.65,651.62,1737.52,1.6,14.78,2,"REGN,URI",Bull_MidVol
2012-06-13,891.07,-0.73,651.62,1543.42,1.73,30.02,2,"REGN,URI",Bull_MidVol
2012-06-14,888.59,-0.81,651.62,1541.02,1.73,30.22,2,"REGN,URI",Bull_MidVol
2012-06-15,935.49,-0.9,651.62,1588.0,1.7,26.54,2,"REGN,URI",Bull_MidVol
2012-06-18,971.89,-0.98,651.62,1624.48,1.67,23.68,2,"REGN,URI",Bull_MidVol
2012-06-19,975.05,-1.06,651.62,1627.73,1.67,23.43,2,"REGN,URI",Bull_MidVol
2012-06-20,955.04,-1.14,651.62,1607.79,1.68,25.0,2,"REGN,URI",Bull_MidVol
2012-06-21,940.21,-1.22,651.62,1593.05,1.69,26.17,2,"REGN,URI",Bull_MidVol
2012-06-22,950.15,-1.3,651.62,1603.07,1.69,25.38,2,"REGN,URI",Bull_MidVol
2012-06-25,914.36,-1.38,651.62,1567.36,1.71,28.2,2,"REGN,URI",Bull_MidVol
2012-06-26,940.86,-1.47,651.62,1593.94,1.69,26.11,2,"REGN,URI",Bull_MidVol
2012-06-27,910.21,-1.55,651.62,1563.38,1.72,28.52,2,"REGN,URI",Bull_MidVol
2012-06-28,878.84,-1.63,651.62,1532.09,1.74,30.98,2,"REGN,URI",Bull_MidVol
2012-06-29,935.1,0.0,702.32,1637.43,1.75,26.57,2,"REGN,VRTX",Bull_MidVol
2012-07-02,1010.96,-0.09,702.32,1713.37,1.69,20.61,2,"REGN,VRTX",Bull_MidVol
2012-07-03,1028.68,-0.18,702.32,1731.18,1.68,19.22,2,"REGN,VRTX",Bull_MidVol
2012-07-05,1010.78,-0.26,702.32,1713.36,1.7,20.62,2,"REGN,VRTX",Bull_MidVol
2012-07-06,991.7,-0.35,702.32,1694.37,1.71,22.12,2,"REGN,VRTX",Bull_MidVol
2012-07-09,958.81,-0.44,702.32,1661.57,1.73,24.7,2,"REGN,VRTX",Bull_MidVol
2012-07-10,945.51,-0.53,702.32,1648.36,1.74,25.75,2,"REGN,VRTX",Bull_MidVol
2012-07-11,901.45,-0.61,702.32,1604.39,1.78,29.21,2,"REGN,VRTX",Bull_MidVol
2012-07-12,952.79,-0.7,702.32,1655.81,1.74,25.18,2,"REGN,VRTX",Bull_MidVol
2012-07-13,963.12,-0.79,702.32,1666.23,1.73,24.37,2,"REGN,VRTX",Bull_MidVol
2012-07-16,970.12,-0.88,702.32,1673.32,1.72,23.82,2,"REGN,VRTX",Bull_MidVol
2012-07-17,1010.81,-0.97,702.32,1714.1,1.7,20.62,2,"REGN,VRTX",Bull_MidVol
2012-07-18,1037.93,-1.05,702.32,1741.31,1.68,18.49,2,"REGN,VRTX",Bull_MidVol
2012-07-19,990.83,-1.14,702.32,1694.29,1.71,22.19,2,"REGN,VRTX",Bull_MidVol
2012-07-20,998.95,-1.23,702.32,1702.5,1.7,21.55,2,"REGN,VRTX",Bull_MidVol
2012-07-23,1001.47,-1.32,702.32,1705.11,1.7,21.35,2,"REGN,VRTX",Bull_MidVol
2012-07-24,981.78,-1.4,702.32,1685.51,1.72,22.9,2,"REGN,VRTX",Bull_MidVol
2012-07-25,1073.21,-1.49,702.32,1777.03,1.66,15.72,2,"REGN,VRTX",Bull_MidVol
2012-07-26,1153.96,-1.58,702.32,1857.86,1.61,9.38,2,"REGN,VRTX",Bull_MidVol
2012-07-27,1170.05,-1.67,702.32,1874.04,1.6,8.12,2,"REGN,VRTX",Bull_MidVol
2012-07-30,1156.17,-1.76,702.32,1860.24,1.61,9.21,2,"REGN,VRTX",Bull_MidVol
2012-07-31,1138.0,0.0,1384.38,2522.38,2.22,10.63,2,"REGN,VRTX",Bull_MidVol
2012-08-01,1142.57,-0.17,1384.38,2527.13,2.21,10.27,2,"REGN,VRTX",Bull_MidVol
2012-08-02,1180.38,-0.35,1384.38,2565.11,2.17,7.3,2,"REGN,VRTX",Bull_MidVol
2012-08-03,1180.72,-0.52,1384.38,2565.62,2.17,7.28,2,"REGN,VRTX",Bull_MidVol
2012-08-06,1235.77,-0.69,1384.38,2620.84,2.12,2.96,2,"REGN,VRTX",Bull_MidVol
2012-08-07,1251.56,-0.87,1384.38,2636.8,2.11,1.72,2,"REGN,VRTX",Bull_MidVol
2012-08-08,1239.87,-1.04,1384.38,2625.29,2.12,2.63,2,"REGN,VRTX",Bull_MidVol
2012-08-09,1231.36,-1.21,1384.38,2616.95,2.13,3.3,2,"REGN,VRTX",Bull_MidVol
2012-08-10,1222.5,-1.38,1384.38,2608.27,2.13,4.0,2,"REGN,VRTX",Bull_LowVol
2012-08-13,1200.18,-1.56,1384.38,2586.12,2.15,5.75,2,"REGN,VRTX",Bull_LowVol
2012-08-14,1246.99,-1.73,1384.38,2633.1,2.11,2.07,2,"REGN,VRTX",Bull_LowVol
2012-08-15,1283.22,-1.9,1384.38,2669.51,2.08,0.0,2,"REGN,VRTX",Bull_LowVol
2012-08-16,1283.0,-2.08,1384.38,2669.46,2.08,0.02,2,"REGN,VRTX",Bull_LowVol
2012-08-17,1295.42,-2.25,1384.38,2682.05,2.07,0.0,2,"REGN,VRTX",Bull_LowVol
2012-08-20,1277.77,-2.42,1384.38,2664.57,2.09,1.36,2,"REGN,VRTX",Bull_LowVol
2012-08-21,1251.33,-2.6,1384.38,2638.31,2.11,3.4,2,"REGN,VRTX",Bull_LowVol
2012-08-22,1300.42,-2.77,1384.38,2687.57,2.07,0.0,2,"REGN,VRTX",Bull_LowVol
2012-08-23,1333.55,-2.94,1384.38,2720.87,2.04,0.0,2,"REGN,VRTX",Bull_LowVol
2012-08-24,1354.95,-3.11,1384.38,2742.44,2.02,0.0,2,"REGN,VRTX",Bull_LowVol
2012-08-27,1358.58,-3.29,1384.38,2746.25,2.02,0.0,2,"REGN,VRTX",Bull_LowVol
2012-08-28,1384.64,-3.46,1384.38,2772.49,2.0,0.0,2,"REGN,VRTX",Bull_LowVol
2012-08-29,1354.5,-3.63,1384.38,2742.52,2.02,2.18,2,"REGN,VRTX",Bull_LowVol
2012-08-30,1353.93,-3.81,1384.38,2742.12,2.03,2.22,2,"REGN,VRTX",Bull_LowVol
2012-08-31,1383.82,0.0,1578.02,2961.85,2.14,0.08,2,"REGN,ASML",Bull_LowVol
2012-09-04,1395.16,-0.2,1578.02,2973.38,2.13,0.0,2,"REGN,ASML",Bull_LowVol
2012-09-05,1385.37,-0.39,1578.02,2963.79,2.14,0.7,2,"REGN,ASML",Bull_LowVol
2012-09-06,1458.83,-0.59,1578.02,3037.44,2.08,0.0,2,"REGN,ASML",Bull_LowVol
2012-09-07,1437.59,-0.79,1578.02,3016.4,2.1,1.46,2,"REGN,ASML",Bull_LowVol
2012-09-10,1380.89,-0.99,1578.02,2959.89,2.14,5.34,2,"REGN,ASML",Bull_LowVol
2012-09-11,1365.46,-1.18,1578.02,2944.67,2.16,6.4,2,"REGN,ASML",Bull_LowVol
2012-09-12,1329.33,-1.38,1578.02,2908.73,2.19,8.88,2,"REGN,ASML",Bull_LowVol
2012-09-13,1355.54,-1.58,1578.02,2935.14,2.17,7.08,2,"REGN,ASML",Bull_LowVol
2012-09-14,1409.05,-1.78,1578.02,2988.84,2.12,3.41,2,"REGN,ASML",Bull_LowVol
2012-09-17,1413.65,-1.97,1578.02,2993.65,2.12,3.1,2,"REGN,ASML",Bull_LowVol
2012-09-18,1362.17,-2.17,1578.02,2942.36,2.16,6.63,2,"REGN,ASML",Bull_LowVol
2012-09-19,1309.23,-2.37,1578.02,2889.62,2.21,10.25,2,"REGN,ASML",Bull_LowVol
2012-09-20,1312.29,-2.56,1578.02,2892.88,2.2,10.04,2,"REGN,ASML",Bull_LowVol
2012-09-21,1285.96,-2.76,1578.02,2866.75,2.23,11.85,2,"REGN,ASML",Bull_LowVol
2012-09-24,1241.89,-2.96,1578.02,2822.88,2.27,14.87,2,"REGN,ASML",Bull_LowVol
2012-09-25,1285.17,-3.16,1578.02,2866.34,2.23,11.9,2,"REGN,ASML",Bull_LowVol
2012-09-26,1233.07,-3.35,1578.02,2814.45,2.28,15.48,2,"REGN,ASML",Bull_LowVol
2012-09-27,1363.95,-3.55,1578.02,2945.52,2.16,6.5,2,"REGN,ASML",Bull_LowVol
2012-09-28,1367.15,0.0,1282.79,2649.93,1.94,6.28,2,"REGN,VLO",Bull_LowVol
2012-10-01,1398.96,-0.16,1282.79,2681.91,1.92,4.1,2,"REGN,VLO",Bull_LowVol
2012-10-02,1435.03,-0.32,1282.79,2718.14,1.89,1.63,2,"REGN,VLO",Bull_LowVol
2012-10-03,1440.18,-0.48,1282.79,2723.45,1.89,1.28,2,"REGN,VLO",Bull_LowVol
2012-10-04,1501.97,-0.64,1282.79,2785.4,1.85,0.0,2,"REGN,VLO",Bull_LowVol
2012-10-05,1457.81,-0.8,1282.79,2741.4,1.88,2.94,2,"REGN,VLO",Bull_LowVol
2012-10-08,1403.03,-0.96,1282.79,2686.78,1.91,6.59,2,"REGN,VLO",Bull_LowVol
2012-10-09,1358.82,-1.12,1282.79,2642.73,1.94,9.53,2,"REGN,VLO",Bull_LowVol
2012-10-10,1330.37,-1.28,1282.79,2614.44,1.97,11.43,2,"REGN,VLO",Bull_LowVol
2012-10-11,1337.42,-1.44,1282.79,2621.65,1.96,10.96,2,"REGN,VLO",Bull_LowVol
2012-10-12,1293.88,-1.6,1282.79,2578.27,1.99,13.85,2,"REGN,VLO",Bull_LowVol
2012-10-15,1342.51,-1.76,1282.79,2627.06,1.96,10.62,2,"REGN,VLO",Bull_LowVol
2012-10-16,1401.72,-1.92,1282.79,2686.43,1.92,6.67,2,"REGN,VLO",Bull_LowVol
2012-10-17,1497.78,-2.08,1282.79,2782.66,1.86,0.28,2,"REGN,VLO",Bull_LowVol
2012-10-18,1442.39,-2.24,1282.79,2727.42,1.89,3.97,2,"REGN,VLO",Bull_LowVol
2012-10-19,1405.98,-2.41,1282.79,2691.17,1.91,6.39,2,"REGN,VLO",Bull_LowVol
2012-10-22,1470.13,-2.57,1282.79,2755.49,1.87,2.12,2,"REGN,VLO",Bull_LowVol
2012-10-23,1313.17,-2.73,1282.79,2598.69,1.98,12.57,2,"REGN,VLO",Bull_LowVol
2012-10-24,1448.38,-2.89,1282.79,2734.06,1.89,3.57,2,"REGN,VLO",Bull_LowVol
2012-10-25,1346.11,-3.05,1282.79,2631.94,1.96,10.38,2,"REGN,VLO",Bull_LowVol
2012-10-26,1272.09,-3.21,1282.79,2558.08,2.01,15.31,2,"REGN,VLO",Bull_LowVol
2012-10-31,1167.99,0.0,1289.71,2457.7,2.1,22.24,2,"REGN,GILD",Bull_LowVol
2012-11-01,1226.58,-0.16,1289.71,2516.45,2.05,18.34,2,"REGN,GILD",Bull_LowVol
2012-11-02,1183.09,-0.32,1289.71,2473.12,2.09,21.23,2,"REGN,GILD",Bull_LowVol
2012-11-05,1201.87,-0.48,1289.71,2492.06,2.07,19.98,2,"REGN,GILD",Bull_LowVol
2012-11-06,1198.42,-0.64,1289.71,2488.77,2.08,20.21,2,"REGN,GILD",Bull_LowVol
2012-11-07,1098.27,-0.81,1289.71,2388.78,2.18,26.88,2,"REGN,GILD",Bull_MidVol
2012-11-08,1085.88,-0.97,1289.71,2376.55,2.19,27.7,2,"REGN,GILD",Bull_MidVol
2012-11-09,1129.59,-1.13,1289.71,2420.42,2.14,24.79,2,"REGN,GILD",Bull_MidVol
2012-11-12,1251.4,-1.29,1289.71,2542.4,2.03,16.68,2,"REGN,GILD",Bull_MidVol
2012-11-13,1286.41,-1.45,1289.71,2577.57,2.0,14.35,2,"REGN,GILD",Bull_MidVol
2012-11-14,1276.02,-1.61,1289.71,2567.33,2.01,15.04,2,"REGN,GILD",Bull_MidVol
2012-11-15,1209.72,-1.77,1289.71,2501.2,2.07,19.46,2,"REGN,GILD",Bull_LowVol
2012-11-16,1431.53,-1.93,1289.71,2723.17,1.9,4.69,2,"REGN,GILD",Bull_LowVol
2012-11-19,1472.54,-2.1,1289.71,2764.34,1.88,1.96,2,"REGN,GILD",Bull_MidVol
2012-11-20,1651.9,-2.26,1289.71,2943.87,1.78,0.0,2,"REGN,GILD",Bull_MidVol
2012-11-21,1673.17,-2.42,1289.71,2965.29,1.77,0.0,2,"REGN,GILD",Bull_MidVol
2012-11-23,1698.34,-2.58,1289.71,2990.62,1.76,0.0,2,"REGN,GILD",Bull_MidVol
2012-11-26,1670.05,-2.74,1289.71,2962.5,1.77,1.67,2,"REGN,GILD",Bull_MidVol
2012-11-27,1668.28,-2.9,1289.71,2960.89,1.77,1.77,2,"REGN,GILD",Bull_MidVol
2012-11-28,1672.69,-3.06,1289.71,2965.46,1.77,1.51,2,"REGN,GILD",Bull_MidVol
2012-11-29,1853.5,-3.22,1289.71,3146.43,1.7,0.0,2,"REGN,GILD",Bull_MidVol
2012-11-30,1734.69,10.99,0.0,1723.7,0.99,6.41,2,"GILD,MPC",Bull_MidVol
2012-12-03,1731.25,10.99,0.0,1720.26,0.99,6.6,2,"GILD,MPC",Bull_MidVol
2012-12-04,1720.35,10.99,0.0,1709.35,0.99,7.18,2,"GILD,MPC",Bull_MidVol
2012-12-05,1705.72,10.99,0.0,1694.73,0.99,7.97,2,"GILD,MPC",Bull_MidVol
2012-12-06,1721.25,10.99,0.0,1710.26,0.99,7.13,2,"GILD,MPC",Bull_LowVol
2012-12-07,1744.73,10.99,0.0,1733.74,0.99,5.87,2,"GILD,MPC",Bull_LowVol
2012-12-10,1770.43,10.99,0.0,1759.43,0.99,4.48,2,"GILD,MPC",Bull_LowVol
2012-12-11,1779.59,10.99,0.0,1768.6,0.99,3.99,2,"GILD,MPC",Bull_LowVol
2012-12-12,1780.3,10.99,0.0,1769.31,0.99,3.95,2,"GILD,MPC",Bull_LowVol
2012-12-13,1771.1,10.99,0.0,1760.1,0.99,4.45,2,"GILD,MPC",Bull_LowVol
2012-12-14,1784.5,10.99,0.0,1773.51,0.99,3.72,2,"GILD,MPC",Bull_LowVol
2012-12-17,1798.05,10.99,0.0,1787.06,0.99,2.99,2,"GILD,MPC",Bull_LowVol
2012-12-18,1802.36,10.99,0.0,1791.36,0.99,2.76,2,"GILD,MPC",Bull_LowVol
2012-12-19,1778.69,10.99,0.0,1767.7,0.99,4.04,2,"GILD,MPC",Bull_LowVol
2012-12-20,1769.28,10.99,0.0,1758.29,0.99,4.54,2,"GILD,MPC",Bull_LowVol
2012-12-21,1759.05,10.99,0.0,1748.06,0.99,5.1,2,"GILD,MPC",Bull_LowVol
2012-12-24,1761.91,10.99,0.0,1750.92,0.99,4.94,2,"GILD,MPC",Bull_LowVol
2012-12-26,1747.98,10.99,0.0,1736.99,0.99,5.69,2,"GILD,MPC",Bull_LowVol
2012-12-27,1755.31,10.99,0.0,1744.32,0.99,5.3,2,"GILD,MPC",Bull_LowVol
2012-12-28,1737.55,10.99,0.0,1726.56,0.99,6.26,2,"GILD,MPC",Bull_LowVol
2012-12-31,1514.75,0.0,1538.38,3053.13,2.02,18.28,2,"GILD,REGN",Bull_LowVol
2013-01-02,1669.97,-0.19,1538.38,3208.54,1.92,9.9,2,"GILD,REGN",Bull_MidVol
2013-01-03,1661.96,-0.38,1538.38,3200.72,1.93,10.33,2,"GILD,REGN",Bull_MidVol
2013-01-04,1673.9,-0.58,1538.38,3212.85,1.92,9.69,2,"GILD,REGN",Bull_MidVol
2013-01-07,1704.7,-0.77,1538.38,3243.85,1.9,8.03,2,"GILD,REGN",Bull_MidVol
2013-01-08,1627.5,-0.96,1538.38,3166.84,1.95,12.19,2,"GILD,REGN",Bull_MidVol
2013-01-09,1725.56,-1.15,1538.38,3265.08,1.89,6.9,2,"GILD,REGN",Bull_MidVol
2013-01-10,1731.14,-1.35,1538.38,3270.87,1.89,6.6,2,"GILD,REGN",Bull_MidVol
2013-01-11,1672.47,-1.54,1538.38,3212.39,1.92,9.77,2,"GILD,REGN",Bull_MidVol
2013-01-14,1668.57,-1.73,1538.38,3208.68,1.92,9.98,2,"GILD,REGN",Bull_MidVol
2013-01-15,1601.34,-1.92,1538.38,3141.64,1.96,13.6,2,"GILD,REGN",Bull_MidVol
2013-01-16,1532.68,-2.12,1538.38,3073.17,2.01,17.31,2,"GILD,REGN",Bull_MidVol
2013-01-17,1529.72,-2.31,1538.38,3070.4,2.01,17.47,2,"GILD,REGN",Bull_LowVol
2013-01-18,1514.01,-2.5,1538.38,3054.88,2.02,18.32,2,"GILD,REGN",Bull_LowVol
2013-01-22,1608.86,-2.69,1538.38,3149.93,1.96,13.2,2,"GILD,REGN",Bull_LowVol
2013-01-23,1613.87,-2.88,1538.38,3155.13,1.96,12.93,2,"GILD,REGN",Bull_LowVol
2013-01-24,1586.25,-3.08,1538.38,3127.7,1.97,14.42,2,"GILD,REGN",Bull_MidVol
2013-01-25,1613.53,-3.27,1538.38,3155.18,1.96,12.95,2,"GILD,REGN",Bull_LowVol
2013-01-28,1559.24,-3.46,1538.38,3101.08,1.99,15.88,2,"GILD,REGN",Bull_LowVol
2013-01-29,1623.88,-3.65,1538.38,3165.91,1.95,12.39,2,"GILD,REGN",Bull_LowVol
2013-01-30,1619.99,-3.85,1538.38,3162.21,1.95,12.6,2,"GILD,REGN",Bull_LowVol
2013-01-31,1603.75,0.0,2562.94,4166.69,2.6,13.47,2,"REGN,URI",Bull_LowVol
2013-02-01,1645.57,-0.32,2562.94,4208.83,2.56,11.22,2,"REGN,URI",Bull_LowVol
2013-02-04,1562.4,-0.64,2562.94,4125.99,2.64,15.71,2,"REGN,URI",Bull_LowVol
2013-02-05,1593.41,-0.96,2562.94,4157.31,2.61,14.03,2,"REGN,URI",Bull_LowVol
2013-02-06,1581.84,-1.28,2562.94,4146.07,2.62,14.66,2,"REGN,URI",Bull_LowVol
2013-02-07,1527.57,-1.6,2562.94,4092.12,2.68,17.58,2,"REGN,URI",Bull_LowVol
2013-02-08,1575.64,-1.92,2562.94,4140.51,2.63,14.99,2,"REGN,URI",Bull_LowVol
2013-02-11,1645.29,-2.24,2562.94,4210.48,2.56,11.23,2,"REGN,URI",Bull_LowVol
2013-02-12,1648.84,-2.56,2562.94,4214.34,2.56,11.04,2,"REGN,URI",Bull_LowVol
2013-02-13,1719.58,-2.88,2562.94,4285.4,2.49,7.23,2,"REGN,URI",Bull_LowVol
2013-02-14,1718.35,-3.2,2562.94,4284.5,2.49,7.29,2,"REGN,URI",Bull_LowVol
2013-02-15,1622.55,-3.52,2562.94,4189.02,2.58,12.46,2,"REGN,URI",Bull_LowVol
2013-02-19,1586.37,-3.84,2562.94,4153.16,2.62,14.41,2,"REGN,URI",Bull_LowVol
2013-02-20,1469.94,-4.16,2562.94,4037.05,2.75,20.69,2,"REGN,URI",Bull_LowVol
2013-02-21,1407.45,-4.49,2562.94,3974.88,2.82,24.07,2,"REGN,URI",Bull_LowVol
2013-02-22,1483.31,-4.81,2562.94,4051.06,2.73,19.97,2,"REGN,URI",Bull_LowVol
2013-02-25,1391.35,-5.13,2562.94,3959.42,2.85,24.93,2,"REGN,URI",Bull_LowVol
2013-02-26,1444.21,-5.45,2562.94,4012.6,2.78,22.08,2,"REGN,URI",Bull_LowVol
2013-02-27,1537.76,-5.77,2562.94,4106.47,2.67,17.03,2,"REGN,URI",Bull_LowVol
2013-02-28,1570.94,0.0,1552.48,3123.42,1.99,15.24,2,"VLO,MPC",Bull_LowVol
2013-03-01,1646.4,-0.19,1552.48,3199.07,1.94,11.17,2,"VLO,MPC",Bull_LowVol
2013-03-04,1800.03,-0.39,1552.48,3352.9,1.86,2.88,2,"VLO,MPC",Bull_LowVol
2013-03-05,1771.25,-0.58,1552.48,3324.31,1.88,4.44,2,"VLO,MPC",Bull_LowVol
2013-03-06,1745.43,-0.78,1552.48,3298.68,1.89,5.83,2,"VLO,MPC",Bull_LowVol
2013-03-07,1701.49,-0.97,1552.48,3254.93,1.91,8.2,2,"VLO,MPC",Bull_LowVol
2013-03-08,1679.43,-1.16,1552.48,3233.07,1.93,9.39,2,"VLO,MPC",Bull_LowVol
2013-03-11,1595.98,-1.36,1552.48,3149.81,1.97,13.89,2,"VLO,MPC",Bull_LowVol
2013-03-12,1680.24,-1.55,1552.48,3234.27,1.92,9.35,2,"VLO,MPC",Bull_LowVol
2013-03-13,1565.58,-1.75,1552.48,3119.8,1.99,15.53,2,"VLO,MPC",Bull_LowVol
2013-03-14,1596.12,-1.94,1552.48,3150.53,1.97,13.89,2,"VLO,MPC",Bull_LowVol
2013-03-15,1612.08,-2.13,1552.48,3166.7,1.96,13.02,2,"VLO,MPC",Bull_LowVol
2013-03-18,1634.15,-2.33,1552.48,3188.95,1.95,11.83,2,"VLO,MPC",Bull_LowVol
2013-03-19,1620.08,-2.52,1552.48,3175.08,1.96,12.59,2,"VLO,MPC",Bull_LowVol
2013-03-20,1687.5,-2.72,1552.48,3242.69,1.92,8.96,2,"VLO,MPC",Bull_LowVol
2013-03-21,1626.45,-2.91,1552.48,3181.84,1.96,12.25,2,"VLO,MPC",Bull_LowVol
2013-03-22,1667.97,-3.1,1552.48,3223.55,1.93,10.01,2,"VLO,MPC",Bull_LowVol
2013-03-25,1655.95,-3.3,1552.48,3211.73,1.94,10.66,2,"VLO,MPC",Bull_LowVol
2013-03-26,1692.88,-3.49,1552.48,3248.85,1.92,8.67,2,"VLO,MPC",Bull_LowVol
2013-03-27,1669.54,-3.69,1552.48,3225.7,1.93,9.93,2,"VLO,MPC",Bull_LowVol
2013-03-28,1690.47,0.0,1888.24,3578.71,2.12,8.8,2,"VLO,MPC",Bull_LowVol
2013-04-01,1677.07,-0.24,1888.24,3565.54,2.13,9.52,2,"VLO,MPC",Bull_LowVol
2013-04-02,1490.75,-0.47,1888.24,3379.46,2.27,19.57,2,"VLO,MPC",Bull_LowVol
2013-04-03,1336.51,-0.71,1888.24,3225.46,2.41,27.89,2,"VLO,MPC",Bull_LowVol
2013-04-04,1392.97,-0.94,1888.24,3282.15,2.36,24.85,2,"VLO,MPC",Bull_LowVol
2013-04-05,1406.16,-1.18,1888.24,3295.58,2.34,24.13,2,"VLO,MPC",Bull_LowVol
2013-04-08,1432.73,-1.42,1888.24,3322.39,2.32,22.7,2,"VLO,MPC",Bull_LowVol
2013-04-09,1483.31,-1.65,1888.24,3373.2,2.27,19.97,2,"VLO,MPC",Bull_LowVol
2013-04-10,1483.78,-1.89,1888.24,3373.91,2.27,19.95,2,"VLO,MPC",Bull_LowVol
2013-04-11,1373.3,-2.12,1888.24,3263.67,2.38,25.91,2,"VLO,MPC",Bull_LowVol
2013-04-12,1321.41,-2.36,1888.24,3212.01,2.43,28.71,2,"VLO,MPC",Bull_LowVol
2013-04-15,1185.84,-2.6,1888.24,3076.67,2.59,36.02,2,"VLO,MPC",Bull_LowVol
2013-04-16,1244.95,-2.83,1888.24,3136.02,2.52,32.83,2,"VLO,MPC",Bull_LowVol
2013-04-17,1145.19,-3.07,546.02,1694.28,1.48,38.21,1,MPC,Bull_MidVol
2013-04-18,1153.52,-3.14,546.02,1702.68,1.48,37.77,1,MPC,Bull_MidVol
2013-04-19,1192.38,-3.2,546.02,1741.61,1.46,35.67,1,MPC,Bull_MidVol
2013-04-22,1219.73,-3.27,546.02,1769.03,1.45,34.19,1,MPC,Bull_MidVol
2013-04-23,1254.16,-3.34,546.02,1803.53,1.44,32.34,1,MPC,Bull_MidVol
2013-04-24,1277.76,-3.41,546.02,1827.19,1.43,31.06,1,MPC,Bull_MidVol
2013-04-25,1255.58,-3.48,546.02,1805.08,1.44,32.26,1,MPC,Bull_MidVol
2013-04-26,1249.54,-3.55,546.02,1799.11,1.44,32.58,1,MPC,Bull_MidVol
2013-04-29,1272.91,-3.61,546.02,1822.55,1.43,31.32,1,MPC,Bull_MidVol
2013-04-30,1185.4,0.0,1401.86,2587.26,2.18,36.05,2,"MPC,MU",Bull_MidVol
2013-05-01,1057.13,-0.18,1401.86,2459.16,2.33,42.97,2,"MPC,MU",Bull_MidVol
2013-05-02,1119.37,-0.35,1401.86,2521.58,2.25,39.61,2,"MPC,MU",Bull_MidVol
2013-05-03,1198.17,-0.53,1401.86,2600.55,2.17,35.36,2,"MPC,MU",Bull_MidVol
2013-05-06,1259.32,-0.7,1401.86,2661.88,2.11,32.06,2,"MPC,MU",Bull_MidVol
2013-05-07,1302.52,-0.88,1401.86,2705.25,2.08,29.73,2,"MPC,MU",Bull_MidVol
2013-05-08,1264.24,-1.05,1401.86,2667.15,2.11,31.79,2,"MPC,MU",Bull_MidVol
2013-05-09,1303.6,-1.23,1401.86,2706.68,2.08,29.67,2,"MPC,MU",Bull_MidVol
2013-05-10,1289.29,-1.4,1401.86,2692.55,2.09,30.44,2,"MPC,MU",Bull_MidVol
2013-05-13,1254.04,-1.58,1401.86,2657.47,2.12,32.34,2,"MPC,MU",Bull_LowVol
2013-05-14,1291.84,-1.75,1401.86,2695.45,2.09,30.3,2,"MPC,MU",Bull_LowVol
2013-05-15,1345.6,-1.93,1401.86,2749.39,2.04,27.4,2,"MPC,MU",Bull_LowVol
2013-05-16,1343.55,-2.1,1401.86,2747.51,2.04,27.51,2,"MPC,MU",Bull_LowVol
2013-05-17,1458.47,-2.28,1401.86,2862.61,1.96,21.31,2,"MPC,MU",Bull_LowVol
2013-05-20,1491.89,-2.45,1401.86,2896.2,1.94,19.51,2,"MPC,MU",Bull_LowVol
2013-05-21,1455.31,-2.63,1401.86,2859.8,1.97,21.48,2,"MPC,MU",Bull_LowVol
2013-05-22,1417.47,-2.8,1401.86,2822.13,1.99,23.52,2,"MPC,MU",Bull_LowVol
2013-05-23,1457.92,-2.98,1401.86,2862.76,1.96,21.34,2,"MPC,MU",Bull_LowVol
2013-05-24,1469.22,-3.15,1401.86,2874.23,1.96,20.73,2,"MPC,MU",Bull_LowVol
2013-05-28,1523.82,-3.33,1401.86,2929.01,1.92,17.79,2,"MPC,MU",Bull_LowVol
2013-05-29,1527.29,-3.5,1401.86,2932.65,1.92,17.6,2,"MPC,MU",Bull_LowVol
2013-05-30,1528.78,-3.68,1401.86,2934.32,1.92,17.52,2,"MPC,MU",Bull_LowVol
2013-05-31,1476.11,0.0,1477.46,2953.57,2.0,20.36,2,"VRTX,TSLA",Bull_LowVol
2013-06-03,1381.44,-0.18,1477.46,2859.08,2.07,25.47,2,"VRTX,TSLA",Bull_LowVol
2013-06-04,1395.68,-0.37,1477.46,2873.5,2.06,24.7,2,"VRTX,TSLA",Bull_LowVol
2013-06-05,1376.44,-0.55,1477.46,2854.45,2.07,25.74,2,"VRTX,TSLA",Bull_LowVol
2013-06-06,1425.49,-0.74,1477.46,2903.69,2.04,23.09,2,"VRTX,TSLA",Bull_LowVol
2013-06-07,1584.79,-0.92,1477.46,3063.17,1.93,14.5,2,"VRTX,TSLA",Bull_LowVol
2013-06-10,1561.82,-1.11,1477.46,3040.39,1.95,15.74,2,"VRTX,TSLA",Bull_LowVol
2013-06-11,1447.11,-1.29,1477.46,2925.86,2.02,21.93,2,"VRTX,TSLA",Bull_LowVol
2013-06-12,1472.29,-1.48,1477.46,2951.23,2.0,20.57,2,"VRTX,TSLA",Bull_LowVol
2013-06-13,1524.85,-1.66,1477.46,3003.97,1.97,17.73,2,"VRTX,TSLA",Bull_LowVol
2013-06-14,1510.96,-1.85,1477.46,2990.27,1.98,18.48,2,"VRTX,TSLA",Bull_LowVol
2013-06-17,1508.88,-2.03,1477.46,2988.37,1.98,18.59,2,"VRTX,TSLA",Bull_LowVol
2013-06-18,1527.02,-2.22,1477.46,3006.69,1.97,17.61,2,"VRTX,TSLA",Bull_LowVol
2013-06-19,1528.0,-2.4,1477.46,3007.86,1.97,17.56,2,"VRTX,TSLA",Bull_LowVol
2013-06-20,1436.48,-2.59,1477.46,2916.53,2.03,22.5,2,"VRTX,TSLA",Bull_LowVol
2013-06-21,1416.82,-2.77,1477.46,2897.05,2.04,23.56,2,"VRTX,TSLA",Bull_LowVol
2013-06-24,1458.07,-2.95,1477.46,2938.48,2.02,21.33,2,"VRTX,TSLA",Bull_LowVol
2013-06-25,1498.34,-3.14,1477.46,2978.94,1.99,19.16,2,"VRTX,TSLA",Bull_LowVol
2013-06-26,1588.81,-3.32,1477.46,3069.59,1.93,14.28,2,"VRTX,TSLA",Bull_MidVol
2013-06-27,1644.15,-3.51,1477.46,3125.12,1.9,11.29,2,"VRTX,TSLA",Bull_MidVol
2013-06-28,1627.07,0.0,261.78,1888.85,1.16,12.22,2,"TSLA,MU",Bull_MidVol
2013-07-01,1769.06,-0.03,261.78,2030.88,1.15,4.56,2,"TSLA,MU",Bull_MidVol
2013-07-02,1779.27,-0.07,261.78,2041.12,1.15,4.0,2,"TSLA,MU",Bull_MidVol
2013-07-03,1737.76,-0.1,261.78,1999.64,1.15,6.24,2,"TSLA,MU",Bull_LowVol
2013-07-05,1812.35,-0.13,261.78,2074.26,1.14,2.22,2,"TSLA,MU",Bull_LowVol
2013-07-08,1828.23,-0.16,261.78,2090.17,1.14,1.36,2,"TSLA,MU",Bull_LowVol
2013-07-09,1835.1,-0.2,261.78,2097.08,1.14,0.99,2,"TSLA,MU",Bull_LowVol
2013-07-10,1804.6,-0.23,261.78,2066.62,1.15,2.64,2,"TSLA,MU",Bull_LowVol
2013-07-11,1856.7,-0.26,261.78,2118.74,1.14,0.0,2,"TSLA,MU",Bull_LowVol
2013-07-12,1919.08,-0.29,261.78,2181.15,1.14,0.0,2,"TSLA,MU",Bull_LowVol
2013-07-15,1889.02,-0.33,261.78,2151.13,1.14,1.57,2,"TSLA,MU",Bull_LowVol
2013-07-16,1630.08,-0.36,261.78,1892.22,1.16,15.06,2,"TSLA,MU",Bull_LowVol
2013-07-17,1798.27,-0.39,261.78,2060.45,1.15,6.29,2,"TSLA,MU",Bull_LowVol
2013-07-18,1782.67,-0.43,261.78,2044.88,1.15,7.11,2,"TSLA,MU",Bull_LowVol
2013-07-19,1793.03,-0.46,261.78,2055.27,1.15,6.57,2,"TSLA,MU",Bull_LowVol
2013-07-22,1835.39,-0.49,261.78,2097.66,1.14,4.36,2,"TSLA,MU",Bull_LowVol
2013-07-23,1835.62,-0.52,261.78,2097.92,1.14,4.35,2,"TSLA,MU",Bull_LowVol
2013-07-24,1808.52,-0.56,261.78,2070.85,1.15,5.76,2,"TSLA,MU",Bull_LowVol
2013-07-25,1847.12,-0.59,261.78,2109.49,1.14,3.75,2,"TSLA,MU",Bull_LowVol
2013-07-26,1909.06,-0.62,261.78,2171.46,1.14,0.52,2,"TSLA,MU",Bull_LowVol
2013-07-29,1982.69,-0.65,261.78,2245.13,1.13,0.0,2,"TSLA,MU",Bull_LowVol
2013-07-30,1943.53,-0.69,261.78,2206.0,1.14,1.98,2,"TSLA,MU",Bull_LowVol
2013-07-31,1980.87,0.0,1975.69,3956.57,2.0,0.7,2,"TSLA,MU",Bull_LowVol
2013-08-01,2030.23,-0.25,1975.69,4006.17,1.97,0.0,2,"TSLA,MU",Bull_LowVol
2013-08-02,2083.64,-0.49,1975.69,4059.83,1.95,0.0,2,"TSLA,MU",Bull_LowVol
2013-08-05,2280.89,-0.74,1975.69,4257.33,1.87,0.0,2,"TSLA,MU",Bull_LowVol
2013-08-06,2219.15,-0.99,1975.69,4195.84,1.89,2.71,2,"TSLA,MU",Bull_LowVol
2013-08-07,2012.36,-1.23,1975.69,3989.29,1.98,11.77,2,"TSLA,MU",Bull_LowVol
2013-08-08,2474.75,-1.48,1975.69,4451.92,1.8,0.0,2,"TSLA,MU",Bull_LowVol
2013-08-09,2465.55,-1.73,1975.69,4442.97,1.8,0.37,2,"TSLA,MU",Bull_LowVol
2013-08-12,2323.15,-1.98,1975.69,4300.82,1.85,6.13,2,"TSLA,MU",Bull_LowVol
2013-08-13,2344.7,-2.22,1975.69,4322.61,1.84,5.26,2,"TSLA,MU",Bull_LowVol
2013-08-14,2192.28,-2.47,1975.69,4170.44,1.9,11.41,2,"TSLA,MU",Bull_LowVol
2013-08-15,2158.3,-2.72,1975.69,4136.71,1.92,12.79,2,"TSLA,MU",Bull_LowVol
2013-08-16,2205.9,-2.96,1975.69,4184.56,1.9,10.86,2,"TSLA,MU",Bull_LowVol
2013-08-19,2261.61,-3.21,1975.69,4240.51,1.87,8.61,2,"TSLA,MU",Bull_LowVol
2013-08-20,2371.81,-3.46,1975.69,4350.96,1.83,4.16,2,"TSLA,MU",Bull_LowVol
2013-08-21,2320.86,-3.7,1975.69,4300.25,1.85,6.22,2,"TSLA,MU",Bull_LowVol
2013-08-22,2552.35,-3.95,1975.69,4532.0,1.78,0.0,2,"TSLA,MU",Bull_LowVol
2013-08-23,2663.97,-4.2,1975.69,4643.86,1.74,0.0,2,"TSLA,MU",Bull_LowVol
2013-08-26,2715.13,-4.45,1975.69,4695.27,1.73,0.0,2,"TSLA,MU",Bull_LowVol
2013-08-27,2745.04,-4.69,1975.69,4725.43,1.72,0.0,2,"TSLA,MU",Bull_LowVol
2013-08-28,2735.15,-4.94,1975.69,4715.78,1.72,0.36,2,"TSLA,MU",Bull_LowVol
2013-08-29,2745.33,-5.19,1975.69,4726.21,1.72,0.0,2,"TSLA,MU",Bull_LowVol
2013-08-30,2814.85,0.0,2271.85,5086.71,1.81,0.0,2,"TSLA,MU",Bull_LowVol
2013-09-03,2848.76,-0.28,2271.85,5120.9,1.8,0.0,2,"TSLA,MU",Bull_LowVol
2013-09-04,2948.02,-0.57,2271.85,5220.44,1.77,0.0,2,"TSLA,MU",Bull_LowVol
2013-09-05,2965.45,-0.85,2271.85,5238.15,1.77,0.0,2,"TSLA,MU",Bull_LowVol
2013-09-06,2902.59,-1.14,2271.85,5175.58,1.78,2.12,2,"TSLA,MU",Bull_LowVol
2013-09-09,2783.47,-1.42,2271.85,5056.75,1.82,6.14,2,"TSLA,MU",Bull_LowVol
2013-09-10,2968.8,-1.7,2271.85,5242.36,1.77,0.0,2,"TSLA,MU",Bull_LowVol
2013-09-11,2919.87,-1.99,2271.85,5193.71,1.78,1.65,2,"TSLA,MU",Bull_LowVol
2013-09-12,2929.39,-2.27,2271.85,5203.52,1.78,1.33,2,"TSLA,MU",Bull_LowVol
2013-09-13,2943.5,-2.56,2271.85,5217.91,1.77,0.85,2,"TSLA,MU",Bull_LowVol
2013-09-16,2987.19,-2.84,2271.85,5261.88,1.76,0.0,2,"TSLA,MU",Bull_LowVol
2013-09-17,3011.02,-3.12,2271.85,5286.0,1.76,0.0,2,"TSLA,MU",Bull_LowVol
2013-09-18,3045.3,-3.41,2271.85,5320.56,1.75,0.0,2,"TSLA,MU",Bull_LowVol
2013-09-19,3312.23,-3.69,2271.85,5587.78,1.69,0.0,2,"TSLA,MU",Bull_LowVol
2013-09-20,3446.71,-3.98,2271.85,5722.54,1.66,0.0,2,"TSLA,MU",Bull_LowVol
2013-09-23,3378.05,-4.26,2271.85,5654.16,1.67,1.99,2,"TSLA,MU",Bull_LowVol
2013-09-24,3405.75,-4.54,2271.85,5682.14,1.67,1.19,2,"TSLA,MU",Bull_LowVol
2013-09-25,3468.47,-4.83,2271.85,5745.15,1.66,0.0,2,"TSLA,MU",Bull_LowVol
2013-09-26,3588.9,-5.11,2271.85,5865.86,1.63,0.0,2,"TSLA,MU",Bull_LowVol
2013-09-27,3654.09,-5.4,2271.85,5931.34,1.62,0.0,2,"TSLA,MU",Bull_LowVol
2013-09-30,3706.99,0.0,3641.23,7348.22,1.98,0.0,2,"TSLA,META",Bull_LowVol
2013-10-01,3700.7,-0.46,3641.23,7342.38,1.98,0.17,2,"TSLA,META",Bull_LowVol
2013-10-02,3328.29,-0.91,3641.23,6970.43,2.09,10.22,2,"TSLA,META",Bull_LowVol
2013-10-03,3062.94,-1.37,3641.23,6705.54,2.19,17.37,2,"TSLA,META",Bull_LowVol
2013-10-04,3350.14,-1.82,3641.23,6993.2,2.09,9.63,2,"TSLA,META",Bull_LowVol
2013-10-07,3398.55,-2.28,3641.23,7042.06,2.07,8.32,2,"TSLA,META",Bull_LowVol
2013-10-08,3046.28,-2.73,3641.23,6690.25,2.2,17.82,2,"TSLA,META",Bull_LowVol
2013-10-09,2853.52,-3.19,3641.23,6497.94,2.28,23.02,2,"TSLA,META",Bull_LowVol
2013-10-10,3045.32,-3.64,3641.23,6690.2,2.2,17.85,2,"TSLA,META",Bull_LowVol
2013-10-11,3222.77,-4.1,3641.23,6868.1,2.13,13.06,2,"TSLA,META",Bull_LowVol
2013-10-14,3264.96,-4.55,3641.23,6910.74,2.12,11.92,2,"TSLA,META",Bull_LowVol
2013-10-15,3393.06,-5.01,3641.23,7039.31,2.07,8.47,2,"TSLA,META",Bull_LowVol
2013-10-16,3428.15,-5.46,3641.23,7074.85,2.06,7.52,2,"TSLA,META",Bull_LowVol
2013-10-17,3435.25,-5.92,3641.23,7082.4,2.06,7.33,2,"TSLA,META",Bull_LowVol
2013-10-18,3510.9,-6.37,3641.23,7158.51,2.04,5.29,2,"TSLA,META",Bull_LowVol
2013-10-21,3170.05,-6.83,3641.23,6818.11,2.15,14.48,2,"TSLA,META",Bull_LowVol
2013-10-22,3103.59,-7.28,3641.23,6752.11,2.18,16.28,2,"TSLA,META",Bull_LowVol
2013-10-23,2865.76,-7.74,3641.23,6514.73,2.27,22.69,2,"TSLA,META",Bull_LowVol
2013-10-24,3145.23,-8.19,3641.23,6794.66,2.16,15.15,2,"TSLA,META",Bull_LowVol
2013-10-25,3023.84,-8.65,3641.23,6673.72,2.21,18.43,2,"TSLA,META",Bull_LowVol
2013-10-28,2766.31,-9.1,3641.23,6416.65,2.32,25.38,2,"TSLA,META",Bull_LowVol
2013-10-29,2791.15,-9.56,3641.23,6441.95,2.31,24.71,2,"TSLA,META",Bull_LowVol
2013-10-30,2619.19,-10.01,3641.23,6270.43,2.39,29.34,2,"TSLA,META",Bull_LowVol
2013-10-31,2695.19,0.0,3257.22,5952.41,2.21,27.29,2,"TSLA,MU",Bull_LowVol
2013-11-01,2756.83,-0.41,3257.22,6014.45,2.18,25.63,2,"TSLA,MU",Bull_LowVol
2013-11-04,3173.01,-0.81,3257.22,6431.04,2.03,14.4,2,"TSLA,MU",Bull_LowVol
2013-11-05,3208.46,-1.22,3257.22,6466.9,2.02,13.45,2,"TSLA,MU",Bull_LowVol
2013-11-06,2414.6,-1.63,3257.22,5673.44,2.35,34.86,2,"TSLA,MU",Bull_LowVol
2013-11-07,2079.71,-2.04,3257.22,5338.97,2.57,43.9,2,"TSLA,MU",Bull_LowVol
2013-11-08,2047.32,-2.44,3257.22,5306.98,2.59,44.77,2,"TSLA,MU",Bull_LowVol
2013-11-11,2262.68,-2.85,3257.22,5522.75,2.44,38.96,2,"TSLA,MU",Bull_LowVol
2013-11-12,2073.36,-3.26,3257.22,5333.84,2.57,44.07,2,"TSLA,MU",Bull_LowVol
2013-11-13,2117.97,-3.66,3257.22,5378.85,2.54,42.87,2,"TSLA,MU",Bull_LowVol
2013-11-14,2100.3,-4.07,3257.22,5361.59,2.55,43.34,2,"TSLA,MU",Bull_LowVol
2013-11-15,2050.57,-4.48,3257.22,5312.26,2.59,44.68,2,"TSLA,MU",Bull_LowVol
2013-11-18,1616.38,-4.89,3257.22,4878.49,3.02,56.4,2,"TSLA,MU",Bull_LowVol
2013-11-19,1739.78,-5.29,3257.22,5002.29,2.88,53.07,2,"TSLA,MU",Bull_LowVol
2013-11-20,1571.59,-5.7,3257.22,4834.51,3.08,57.6,2,"TSLA,MU",Bull_LowVol
2013-11-21,1673.36,-6.11,3257.22,4936.69,2.95,54.86,2,"TSLA,MU",Bull_LowVol
2013-11-22,1663.06,-6.51,3257.22,4926.79,2.96,55.14,2,"TSLA,MU",Bull_LowVol
2013-11-25,1626.21,-6.92,3257.22,4890.35,3.01,56.13,2,"TSLA,MU",Bull_LowVol
2013-11-26,1642.63,-7.33,3257.22,4907.18,2.99,55.69,2,"TSLA,MU",Bull_LowVol
2013-11-27,1890.85,-7.74,3257.22,5155.81,2.73,48.99,2,"TSLA,MU",Bull_LowVol
2013-11-29,1902.9,0.0,2741.11,4644.01,2.44,48.67,2,"TSLA,NFLX",Bull_LowVol
2013-12-02,1803.71,-0.34,2741.11,4545.16,2.52,51.34,2,"TSLA,NFLX",Bull_LowVol
2013-12-03,2428.18,-0.69,2741.11,5169.98,2.13,34.5,2,"TSLA,NFLX",Bull_LowVol
2013-12-04,2238.46,-1.03,2741.11,4980.59,2.23,39.62,2,"TSLA,NFLX",Bull_LowVol
2013-12-05,2288.54,-1.37,2741.11,5031.02,2.2,38.26,2,"TSLA,NFLX",Bull_LowVol
2013-12-06,2185.43,-1.71,2741.11,4928.26,2.26,41.05,2,"TSLA,NFLX",Bull_LowVol
2013-12-09,2317.1,-2.06,2741.11,5060.26,2.18,37.49,2,"TSLA,NFLX",Bull_LowVol
2013-12-10,2350.16,-2.4,2741.11,5093.67,2.17,36.6,2,"TSLA,NFLX",Bull_LowVol
2013-12-11,2274.09,-2.74,2741.11,5017.94,2.21,38.65,2,"TSLA,NFLX",Bull_LowVol
2013-12-12,2531.88,-3.08,2741.11,5276.08,2.08,31.7,2,"TSLA,NFLX",Bull_LowVol
2013-12-13,2528.01,-3.43,2741.11,5272.54,2.09,31.8,2,"TSLA,NFLX",Bull_LowVol
2013-12-16,2531.01,-3.77,2741.11,5275.89,2.08,31.72,2,"TSLA,NFLX",Bull_LowVol
2013-12-17,2686.41,-4.11,2741.11,5431.63,2.02,27.53,2,"TSLA,NFLX",Bull_LowVol
2013-12-18,2552.11,-4.45,2741.11,5297.68,2.08,31.15,2,"TSLA,NFLX",Bull_LowVol
2013-12-19,2331.13,-4.8,2741.11,5077.04,2.18,37.12,2,"TSLA,NFLX",Bull_LowVol
2013-12-20,2405.52,-5.14,2741.11,5151.77,2.14,35.11,2,"TSLA,NFLX",Bull_LowVol
2013-12-23,2424.81,-5.48,2741.11,5171.4,2.13,34.59,2,"TSLA,NFLX",Bull_LowVol
2013-12-24,2659.93,-5.82,2741.11,5406.86,2.03,28.25,2,"TSLA,NFLX",Bull_LowVol
2013-12-26,2781.44,-6.17,2741.11,5528.72,1.99,24.97,2,"TSLA,NFLX",Bull_LowVol
2013-12-27,2627.83,-6.51,2741.11,5375.45,2.05,29.11,2,"TSLA,NFLX",Bull_LowVol
2013-12-30,2666.73,-6.85,2741.11,5414.7,2.03,28.06,2,"TSLA,NFLX",Bull_LowVol
2013-12-31,2490.75,0.0,2471.63,4962.38,1.99,32.81,2,"NFLX,MU",Bull_LowVol
2014-01-02,2428.47,-0.31,2471.63,4900.41,2.02,34.49,2,"NFLX,MU",Bull_LowVol
2014-01-03,2400.24,-0.62,2471.63,4872.49,2.03,35.25,2,"NFLX,MU",Bull_LowVol
2014-01-06,2348.25,-0.93,2471.63,4820.81,2.05,36.65,2,"NFLX,MU",Bull_LowVol
2014-01-07,2178.16,-1.24,2471.63,4651.03,2.14,41.24,2,"NFLX,MU",Bull_LowVol
2014-01-08,2289.98,-1.54,2471.63,4763.15,2.08,38.23,2,"NFLX,MU",Bull_LowVol
2014-01-09,2218.75,-1.85,2471.63,4692.23,2.11,40.15,2,"NFLX,MU",Bull_LowVol
2014-01-10,2186.35,-2.16,2471.63,4660.14,2.13,41.02,2,"NFLX,MU",Bull_LowVol
2014-01-13,2219.57,-2.47,2471.63,4693.67,2.11,40.12,2,"NFLX,MU",Bull_LowVol
2014-01-14,2246.96,-2.78,2471.63,4721.37,2.1,39.39,2,"NFLX,MU",Bull_LowVol
2014-01-15,2149.32,-3.09,2471.63,4624.04,2.15,42.02,2,"NFLX,MU",Bull_LowVol
2014-01-16,2154.12,-3.4,2471.63,4629.15,2.15,41.89,2,"NFLX,MU",Bull_LowVol
2014-01-17,2102.41,-3.71,2471.63,4577.75,2.18,43.29,2,"NFLX,MU",Bull_LowVol
2014-01-21,2120.89,-4.02,2471.63,4596.54,2.17,42.79,2,"NFLX,MU",Bull_LowVol
2014-01-22,2198.71,-4.33,2471.63,4674.67,2.13,40.69,2,"NFLX,MU",Bull_LowVol
2014-01-23,2793.42,-4.63,2471.63,5269.69,1.89,24.64,2,"NFLX,MU",Bull_LowVol
2014-01-24,2732.23,-4.94,2471.63,5208.8,1.91,26.3,2,"NFLX,MU",Bull_LowVol
2014-01-27,2678.5,-5.25,2471.63,5155.39,1.92,27.74,2,"NFLX,MU",Bull_LowVol
2014-01-28,2961.48,-5.56,2471.63,5438.68,1.84,20.11,2,"NFLX,MU",Bull_LowVol
2014-01-29,2877.16,-5.87,2471.63,5354.66,1.86,22.39,2,"NFLX,MU",Bull_LowVol
2014-01-30,2956.07,-6.18,2471.63,5433.88,1.84,20.26,2,"NFLX,MU",Bull_LowVol
2014-01-31,2986.15,0.0,2992.93,5979.08,2.0,19.45,2,"MU,TSLA",Bull_LowVol
2014-02-03,2897.38,-0.37,2992.93,5890.69,2.03,21.84,2,"MU,TSLA",Bull_MidVol
2014-02-04,2947.75,-0.75,2992.93,5941.42,2.02,20.48,2,"MU,TSLA",Bull_MidVol
2014-02-05,2949.96,-1.12,2992.93,5944.01,2.01,20.42,2,"MU,TSLA",Bull_MidVol
2014-02-06,3130.22,-1.5,2992.93,6124.64,1.96,15.56,2,"MU,TSLA",Bull_MidVol
2014-02-07,3291.32,-1.87,2992.93,6286.12,1.91,11.21,2,"MU,TSLA",Bull_MidVol
2014-02-10,3467.36,-2.24,2992.93,6462.53,1.86,6.46,2,"MU,TSLA",Bull_MidVol
2014-02-11,3440.68,-2.62,2992.93,6436.23,1.87,7.18,2,"MU,TSLA",Bull_MidVol
2014-02-12,3455.68,-2.99,2992.93,6451.6,1.87,6.78,2,"MU,TSLA",Bull_MidVol
2014-02-13,3508.39,-3.37,2992.93,6504.68,1.85,5.36,2,"MU,TSLA",Bull_MidVol
2014-02-14,3520.55,-3.74,2992.93,6517.22,1.85,5.03,2,"MU,TSLA",Bull_MidVol
2014-02-18,3640.62,-4.12,2992.93,6637.66,1.82,1.79,2,"MU,TSLA",Bull_MidVol
2014-02-19,3524.22,-4.49,2992.93,6521.64,1.85,4.93,2,"MU,TSLA",Bull_MidVol
2014-02-20,3723.99,-4.86,2992.93,6721.78,1.8,0.0,2,"MU,TSLA",Bull_MidVol
2014-02-21,3650.18,-5.24,2992.93,6648.35,1.82,1.98,2,"MU,TSLA",Bull_MidVol
2014-02-24,3686.98,-5.61,2992.93,6685.52,1.81,0.99,2,"MU,TSLA",Bull_LowVol
2014-02-25,3953.98,-5.99,2992.93,6952.9,1.76,0.0,2,"MU,TSLA",Bull_LowVol
2014-02-26,4004.53,-6.36,2992.93,7003.82,1.75,0.0,2,"MU,TSLA",Bull_LowVol
2014-02-27,3993.79,-6.73,2992.93,6993.45,1.75,0.27,2,"MU,TSLA",Bull_LowVol
2014-02-28,4016.24,0.0,6494.92,10511.17,2.62,0.0,2,"MU,TSLA",Bull_LowVol
2014-03-03,4215.39,-0.81,6494.92,10711.12,2.54,0.0,2,"MU,TSLA",Bull_LowVol
2014-03-04,4433.28,-1.62,6494.92,10929.82,2.47,0.0,2,"MU,TSLA",Bull_LowVol
2014-03-05,4327.97,-2.44,6494.92,10825.33,2.5,2.38,2,"MU,TSLA",Bull_LowVol
2014-03-06,4324.39,-3.25,6494.92,10822.56,2.5,2.46,2,"MU,TSLA",Bull_LowVol
2014-03-07,4087.76,-4.06,6494.92,10586.74,2.59,7.79,2,"MU,TSLA",Bull_LowVol
2014-03-10,3965.9,-4.87,6494.92,10465.69,2.64,10.54,2,"MU,TSLA",Bull_LowVol
2014-03-11,3818.36,-5.68,6494.92,10318.97,2.7,13.87,2,"MU,TSLA",Bull_LowVol
2014-03-12,4032.2,-6.49,6494.92,10533.61,2.61,9.05,2,"MU,TSLA",Bull_LowVol
2014-03-13,3811.05,-7.31,6494.92,10313.28,2.71,14.04,2,"MU,TSLA",Bull_LowVol
2014-03-14,3605.79,-8.12,6494.92,10108.83,2.8,18.67,2,"MU,TSLA",Bull_LowVol
2014-03-17,3678.98,-8.93,6494.92,10182.83,2.77,17.01,2,"MU,TSLA",Bull_LowVol
2014-03-18,3931.82,-9.74,6494.92,10436.48,2.65,11.31,2,"MU,TSLA",Bull_LowVol
2014-03-19,3734.65,-10.55,6494.92,10240.13,2.74,15.76,2,"MU,TSLA",Bull_LowVol
2014-03-20,3714.47,-11.37,6494.92,10220.76,2.75,16.21,2,"MU,TSLA",Bull_LowVol
2014-03-21,3496.49,-12.18,6494.92,10003.59,2.86,21.13,2,"MU,TSLA",Bull_LowVol
2014-03-24,3236.27,-12.99,6494.92,9744.18,3.01,27.0,2,"MU,TSLA",Bull_LowVol
2014-03-25,3250.98,-13.8,6494.92,9759.71,3.0,26.67,2,"MU,TSLA",Bull_LowVol
2014-03-26,2935.61,-14.61,6494.92,9445.14,3.22,33.78,2,"MU,TSLA",Bull_LowVol
2014-03-27,2687.12,-15.43,6494.92,9197.46,3.42,39.39,2,"MU,TSLA",Bull_LowVol
2014-03-28,2763.28,-16.24,6494.92,9274.44,3.36,37.67,2,"MU,TSLA",Bull_LowVol
2014-03-31,2991.74,0.0,3020.99,6012.73,2.01,32.52,2,"TSLA,META",Bull_LowVol
2014-04-01,3236.39,-0.38,3020.99,6257.75,1.93,27.0,2,"TSLA,META",Bull_LowVol
2014-04-02,3586.77,-0.76,3020.99,6608.52,1.84,19.09,2,"TSLA,META",Bull_LowVol
2014-04-03,3429.13,-1.13,3020.99,6451.26,1.88,22.65,2,"TSLA,META",Bull_LowVol
2014-04-04,3058.38,-1.51,3020.99,6080.88,1.99,31.01,2,"TSLA,META",Bull_MidVol
2014-04-07,2936.07,-1.89,3020.99,5958.95,2.03,33.77,2,"TSLA,META",Bull_MidVol
2014-04-08,3155.31,-2.27,3020.99,6178.57,1.96,28.83,2,"TSLA,META",Bull_MidVol
2014-04-09,3231.2,-2.64,3020.99,6254.83,1.94,27.11,2,"TSLA,META",Bull_MidVol
2014-04-10,2867.19,-3.02,3020.99,5891.2,2.05,35.33,2,"TSLA,META",Bull_MidVol
2014-04-11,2850.42,-3.4,3020.99,5874.81,2.06,35.7,2,"TSLA,META",Bull_MidVol
2014-04-14,2703.8,-3.78,3020.99,5728.56,2.12,39.01,2,"TSLA,META",Bull_MidVol
2014-04-15,2595.41,-4.15,3020.99,5620.55,2.17,41.46,2,"TSLA,META",Bull_MidVol
2014-04-16,2737.24,-4.53,3020.99,5762.76,2.11,38.26,2,"TSLA,META",Bull_MidVol
2014-04-17,2703.9,-4.91,3020.99,5729.79,2.12,39.01,2,"TSLA,META",Bull_MidVol
2014-04-21,2888.47,-5.29,3020.99,5914.74,2.05,34.85,2,"TSLA,META",Bull_MidVol
2014-04-22,3278.62,-5.66,3020.99,6305.28,1.92,26.05,2,"TSLA,META",Bull_MidVol
2014-04-23,2983.61,-6.04,3020.99,6010.64,2.01,32.7,2,"TSLA,META",Bull_MidVol
2014-04-24,2975.44,-6.42,3020.99,6002.85,2.02,32.88,2,"TSLA,META",Bull_MidVol
2014-04-25,2736.48,-6.8,3020.99,5764.26,2.11,38.27,2,"TSLA,META",Bull_MidVol
2014-04-28,2686.89,-7.17,3020.99,5715.06,2.13,39.39,2,"TSLA,META",Bull_MidVol
2014-04-29,2925.35,-7.55,3020.99,5953.89,2.04,34.01,2,"TSLA,META",Bull_MidVol
2014-04-30,2974.64,0.0,3071.76,6046.4,2.03,32.9,2,"TSLA,MU",Bull_MidVol
2014-05-01,2972.97,-0.38,3071.76,6045.11,2.03,32.94,2,"TSLA,MU",Bull_MidVol
2014-05-02,3057.46,-0.77,3071.76,6129.99,2.0,31.03,2,"TSLA,MU",Bull_MidVol
2014-05-05,3216.44,-1.15,3071.76,6289.35,1.96,27.45,2,"TSLA,MU",Bull_MidVol
2014-05-06,2969.64,-1.54,3071.76,6042.94,2.03,33.01,2,"TSLA,MU",Bull_MidVol
2014-05-07,2807.66,-1.92,3071.76,5881.35,2.09,36.67,2,"TSLA,MU",Bull_MidVol
2014-05-08,2245.45,1641.46,0.0,603.99,0.27,49.35,1,MU,Bull_MidVol
2014-05-09,2243.43,1641.46,0.0,601.97,0.27,49.4,1,MU,Bull_LowVol
2014-05-12,2258.46,1641.46,0.0,617.0,0.27,49.06,1,MU,Bull_LowVol
2014-05-13,2261.15,1641.46,0.0,619.69,0.27,49.0,1,MU,Bull_LowVol
2014-05-14,2243.88,1641.46,0.0,602.42,0.27,49.39,1,MU,Bull_LowVol
2014-05-15,2221.45,1641.46,0.0,579.99,0.26,49.89,1,MU,Bull_LowVol
2014-05-16,2225.27,1641.46,0.0,583.8,0.26,49.81,1,MU,Bull_LowVol
2014-05-19,2245.68,1641.46,0.0,604.21,0.27,49.35,1,MU,Bull_LowVol
2014-05-20,2236.93,1641.46,0.0,595.47,0.27,49.54,1,MU,Bull_LowVol
2014-05-21,2246.8,1641.46,0.0,605.34,0.27,49.32,1,MU,Bull_LowVol
2014-05-22,2250.83,1641.46,0.0,609.37,0.27,49.23,1,MU,Bull_LowVol
2014-05-23,2254.42,1641.46,0.0,612.96,0.27,49.15,1,MU,Bull_LowVol
2014-05-27,2270.8,1641.46,0.0,629.33,0.28,48.78,1,MU,Bull_LowVol
2014-05-28,2283.13,1641.46,0.0,641.67,0.28,48.5,1,MU,Bull_LowVol
2014-05-29,2282.46,1641.46,0.0,641.0,0.28,48.52,1,MU,Bull_LowVol
2014-05-30,2280.08,0.0,2261.84,4541.92,1.99,48.57,2,"MU,TSLA",Bull_LowVol
2014-06-02,2246.78,-0.28,2261.84,4508.9,2.01,49.32,2,"MU,TSLA",Bull_LowVol
2014-06-03,2250.15,-0.57,2261.84,4512.55,2.01,49.24,2,"MU,TSLA",Bull_LowVol
2014-06-04,2258.92,-0.85,2261.84,4521.61,2.0,49.05,2,"MU,TSLA",Bull_LowVol
2014-06-05,2299.38,-1.13,2261.84,4562.34,1.98,48.13,2,"MU,TSLA",Bull_LowVol
2014-06-06,2349.37,-1.41,2261.84,4612.62,1.96,47.01,2,"MU,TSLA",Bull_LowVol
2014-06-09,2276.43,-1.7,2261.84,4539.96,1.99,48.65,2,"MU,TSLA",Bull_LowVol
2014-06-10,2274.34,-1.98,2261.84,4538.15,2.0,48.7,2,"MU,TSLA",Bull_LowVol
2014-06-11,2403.28,-2.26,2261.84,4667.38,1.94,45.79,2,"MU,TSLA",Bull_LowVol
2014-06-12,2382.28,-2.54,2261.84,4646.66,1.95,46.26,2,"MU,TSLA",Bull_LowVol
2014-06-13,2439.23,-2.83,2261.84,4703.89,1.93,44.98,2,"MU,TSLA",Bull_LowVol
2014-06-16,2714.53,-3.11,2261.84,4979.47,1.83,38.77,2,"MU,TSLA",Bull_LowVol
2014-06-17,2824.85,-3.39,2261.84,5090.08,1.8,36.28,2,"MU,TSLA",Bull_LowVol
2014-06-18,2755.3,-3.68,2261.84,5020.81,1.82,37.85,2,"MU,TSLA",Bull_LowVol
2014-06-19,2745.97,-3.96,2261.84,5011.77,1.83,38.06,2,"MU,TSLA",Bull_LowVol
2014-06-20,2770.66,-4.24,2261.84,5036.74,1.82,37.5,2,"MU,TSLA",Bull_LowVol
2014-06-23,2823.63,-4.52,2261.84,5089.99,1.8,36.31,2,"MU,TSLA",Bull_LowVol
2014-06-24,2850.99,-4.81,2261.84,5117.63,1.8,35.69,2,"MU,TSLA",Bull_LowVol
2014-06-25,2893.77,-5.09,2261.84,5160.7,1.78,34.73,2,"MU,TSLA",Bull_LowVol
2014-06-26,2854.04,-5.37,2261.84,5121.25,1.79,35.62,2,"MU,TSLA",Bull_LowVol
2014-06-27,2862.5,-5.65,2261.84,5129.99,1.79,35.43,2,"MU,TSLA",Bull_LowVol
2014-06-30,2956.34,0.0,2941.35,5897.69,1.99,33.31,2,"MU,NXPI",Bull_LowVol
2014-07-01,3090.96,-0.37,2941.35,6032.67,1.95,30.28,2,"MU,NXPI",Bull_LowVol
2014-07-02,3046.35,-0.74,2941.35,5988.44,1.97,31.28,2,"MU,NXPI",Bull_LowVol
2014-07-03,3077.47,-1.1,2941.35,6019.93,1.96,30.58,2,"MU,NXPI",Bull_LowVol
2014-07-07,2979.68,-1.47,2941.35,5922.5,1.99,32.79,2,"MU,NXPI",Bull_LowVol
2014-07-08,2947.55,-1.84,2941.35,5890.74,2.0,33.51,2,"MU,NXPI",Bull_LowVol
2014-07-09,2958.24,-2.21,2941.35,5901.8,2.0,33.27,2,"MU,NXPI",Bull_LowVol
2014-07-10,2904.09,-2.57,2941.35,5848.01,2.01,34.49,2,"MU,NXPI",Bull_LowVol
2014-07-11,2950.87,-2.94,2941.35,5895.16,2.0,33.44,2,"MU,NXPI",Bull_LowVol
2014-07-14,3017.46,-3.31,2941.35,5962.12,1.98,31.94,2,"MU,NXPI",Bull_LowVol
2014-07-15,3028.74,-3.68,2941.35,5973.77,1.97,31.68,2,"MU,NXPI",Bull_LowVol
2014-07-16,3140.45,-4.04,2941.35,6085.85,1.94,29.16,2,"MU,NXPI",Bull_LowVol
2014-07-17,2904.63,-4.41,2941.35,5850.39,2.01,34.48,2,"MU,NXPI",Bull_LowVol
2014-07-18,2988.63,-4.78,2941.35,5934.76,1.99,32.59,2,"MU,NXPI",Bull_LowVol
2014-07-21,2966.33,-5.15,2941.35,5912.83,1.99,33.09,2,"MU,NXPI",Bull_LowVol
2014-07-22,3014.31,-5.52,2941.35,5961.18,1.98,32.01,2,"MU,NXPI",Bull_LowVol
2014-07-23,2941.54,-5.88,2941.35,5888.77,2.0,33.65,2,"MU,NXPI",Bull_LowVol
2014-07-24,2994.42,-6.25,2941.35,5942.02,1.98,32.46,2,"MU,NXPI",Bull_LowVol
2014-07-25,2848.53,-6.62,2941.35,5796.5,2.03,35.75,2,"MU,NXPI",Bull_LowVol
2014-07-28,2690.73,-6.99,2941.35,5639.06,2.1,39.31,2,"MU,NXPI",Bull_LowVol
2014-07-29,2674.46,-7.35,2941.35,5623.17,2.1,39.67,2,"MU,NXPI",Bull_LowVol
2014-07-30,2785.53,-7.72,2941.35,5734.6,2.06,37.17,2,"MU,NXPI",Bull_LowVol
2014-07-31,2554.32,0.0,4298.87,6853.19,2.68,42.38,2,"MU,NXPI",Bull_LowVol
2014-08-01,2627.64,-0.54,4298.87,6927.05,2.64,40.73,2,"MU,NXPI",Bull_LowVol
2014-08-04,2721.51,-1.07,4298.87,7021.45,2.58,38.61,2,"MU,NXPI",Bull_LowVol
2014-08-05,2607.7,-1.61,4298.87,6908.18,2.65,41.18,2,"MU,NXPI",Bull_LowVol
2014-08-06,2595.92,-2.15,4298.87,6896.94,2.66,41.44,2,"MU,NXPI",Bull_LowVol
2014-08-07,2353.13,-2.69,4298.87,6654.68,2.83,46.92,2,"MU,NXPI",Bull_LowVol
2014-08-08,2426.84,-3.22,4298.87,6728.93,2.77,45.26,2,"MU,NXPI",Bull_LowVol
2014-08-11,2546.55,-3.76,4298.87,6849.18,2.69,42.56,2,"MU,NXPI",Bull_LowVol
2014-08-12,2577.55,-4.3,4298.87,6880.72,2.67,41.86,2,"MU,NXPI",Bull_LowVol
2014-08-13,2689.66,-4.84,4298.87,6993.37,2.6,39.33,2,"MU,NXPI",Bull_LowVol
2014-08-14,2675.49,-5.37,4298.87,6979.73,2.61,39.65,2,"MU,NXPI",Bull_LowVol
2014-08-15,2742.27,-5.91,4298.87,7047.05,2.57,38.14,2,"MU,NXPI",Bull_LowVol
2014-08-18,2785.02,-6.45,4298.87,7090.33,2.55,37.18,2,"MU,NXPI",Bull_LowVol
2014-08-19,2833.57,-6.99,4298.87,7139.42,2.52,36.08,2,"MU,NXPI",Bull_LowVol
2014-08-20,2994.63,-7.52,4298.87,7301.02,2.44,32.45,2,"MU,NXPI",Bull_LowVol
2014-08-21,2971.86,-8.06,4298.87,7278.79,2.45,32.96,2,"MU,NXPI",Bull_LowVol
2014-08-22,3047.5,-8.6,4298.87,7354.96,2.41,31.26,2,"MU,NXPI",Bull_LowVol
2014-08-25,3041.29,-9.14,4298.87,7349.3,2.42,31.4,2,"MU,NXPI",Bull_LowVol
2014-08-26,2961.04,-9.67,4298.87,7269.58,2.46,33.21,2,"MU,NXPI",Bull_LowVol
2014-08-27,3011.04,-10.21,4298.87,7320.12,2.43,32.08,2,"MU,NXPI",Bull_LowVol
2014-08-28,3050.44,-10.75,4298.87,7360.06,2.41,31.19,2,"MU,NXPI",Bull_LowVol
2014-08-29,3173.19,0.0,4424.09,7597.27,2.39,28.42,2,"MU,INTC",Bull_LowVol
2014-09-02,2995.27,-0.55,4424.09,7419.91,2.48,32.44,2,"MU,INTC",Bull_LowVol
2014-09-03,3017.26,-1.11,4424.09,7442.45,2.47,31.94,2,"MU,INTC",Bull_LowVol
2014-09-04,3106.93,-1.66,4424.09,7532.68,2.42,29.92,2,"MU,INTC",Bull_LowVol
2014-09-05,3223.57,-2.21,4424.09,7649.86,2.37,27.29,2,"MU,INTC",Bull_LowVol
2014-09-08,3280.48,-2.77,4424.09,7707.33,2.35,26.0,2,"MU,INTC",Bull_LowVol
2014-09-09,3086.71,-3.32,4424.09,7514.11,2.43,30.37,2,"MU,INTC",Bull_LowVol
2014-09-10,3111.06,-3.87,4424.09,7539.01,2.42,29.82,2,"MU,INTC",Bull_LowVol
2014-09-11,3103.87,-4.42,4424.09,7532.38,2.43,29.99,2,"MU,INTC",Bull_LowVol
2014-09-12,2998.18,-4.98,4424.09,7427.25,2.48,32.37,2,"MU,INTC",Bull_LowVol
2014-09-15,2789.87,-5.53,4424.09,7219.49,2.59,37.07,2,"MU,INTC",Bull_LowVol
2014-09-16,3015.53,-6.08,4424.09,7445.7,2.47,31.98,2,"MU,INTC",Bull_LowVol
2014-09-17,3089.95,-6.64,4424.09,7520.68,2.43,30.3,2,"MU,INTC",Bull_LowVol
2014-09-18,3173.52,-7.19,4424.09,7604.8,2.4,28.42,2,"MU,INTC",Bull_LowVol
2014-09-19,3027.43,-7.74,4424.09,7459.26,2.46,31.71,2,"MU,INTC",Bull_LowVol
2014-09-22,2879.97,-8.3,4424.09,7312.35,2.54,35.04,2,"MU,INTC",Bull_LowVol
2014-09-23,2931.8,-8.85,4424.09,7364.73,2.51,33.87,2,"MU,INTC",Bull_LowVol
2014-09-24,3097.45,-9.4,4424.09,7530.94,2.43,30.13,2,"MU,INTC",Bull_LowVol
2014-09-25,2970.75,-9.95,4424.09,7404.79,2.49,32.99,2,"MU,INTC",Bull_LowVol
2014-09-26,3263.92,-10.51,4424.09,7698.52,2.36,26.38,2,"MU,INTC",Bull_LowVol
2014-09-29,3412.23,-11.06,4424.09,7847.37,2.3,23.03,2,"MU,INTC",Bull_LowVol
2014-09-30,3301.19,0.0,3292.68,6593.87,2.0,25.54,2,"GILD,AVGO",Bull_LowVol
2014-10-01,3224.45,-0.41,3292.68,6517.55,2.02,27.27,2,"GILD,AVGO",Bull_LowVol
2014-10-02,3114.93,-0.82,3292.68,6408.44,2.06,29.74,2,"GILD,AVGO",Bull_LowVol
2014-10-03,3195.08,-1.23,3292.68,6488.99,2.03,27.93,2,"GILD,AVGO",Bull_LowVol
2014-10-06,3125.19,-1.65,3292.68,6419.51,2.05,29.51,2,"GILD,AVGO",Bull_LowVol
2014-10-07,3037.32,-2.06,3292.68,6332.06,2.08,31.49,2,"GILD,AVGO",Bull_LowVol
2014-10-08,3275.76,-2.47,3292.68,6570.91,2.01,26.11,2,"GILD,AVGO",Bull_MidVol
2014-10-09,3081.22,-2.88,3292.68,6376.79,2.07,30.5,2,"GILD,AVGO",Bull_MidVol
2014-10-10,2699.83,-3.29,1141.23,3844.35,1.42,39.1,1,GILD,Bull_MidVol
2014-10-13,2614.82,-3.44,1141.23,3759.48,1.44,41.02,1,GILD,Bull_MidVol
2014-10-14,2456.8,-3.58,1141.23,3601.6,1.47,44.58,1,GILD,Bull_MidVol
2014-10-15,2418.85,-3.72,1141.23,3563.8,1.47,45.44,1,GILD,Bull_MidVol
2014-10-16,2445.39,-3.86,1141.23,3590.48,1.47,44.84,1,GILD,Bull_MidVol
2014-10-17,2588.68,-4.01,1141.23,3733.91,1.44,41.61,1,GILD,Bull_MidVol
2014-10-20,2642.64,-4.15,1141.23,3788.02,1.43,40.39,1,GILD,Bull_MidVol
2014-10-21,2807.79,-4.29,1141.23,3953.31,1.41,36.67,1,GILD,Bull_MidVol
2014-10-22,2786.15,-4.43,1141.23,3931.82,1.41,37.15,1,GILD,Bull_MidVol
2014-10-23,2826.41,-4.58,1141.23,3972.21,1.41,36.25,1,GILD,Bull_MidVol
2014-10-24,2957.09,-4.72,1141.23,4103.04,1.39,33.3,1,GILD,Bull_MidVol
2014-10-27,3026.62,-4.86,1141.23,4172.71,1.38,31.73,1,GILD,Bull_MidVol
2014-10-28,3058.35,-5.0,1141.23,4204.59,1.37,31.01,1,GILD,Bull_MidVol
2014-10-29,2957.03,-5.15,1141.23,4103.41,1.39,33.3,1,GILD,Bull_MidVol
2014-10-30,3086.6,-5.29,1141.23,4233.12,1.37,30.38,1,GILD,Bull_MidVol
2014-10-31,2997.68,0.0,2338.04,5335.72,1.78,32.38,2,"PANW,VRTX",Bull_MidVol
2014-11-03,3011.77,-0.29,2338.04,5350.1,1.78,32.06,2,"PANW,VRTX",Bull_MidVol
2014-11-04,3055.75,-0.58,2338.04,5394.37,1.77,31.07,2,"PANW,VRTX",Bull_MidVol
2014-11-05,2883.05,-0.88,2338.04,5221.97,1.81,34.97,2,"PANW,VRTX",Bull_MidVol
2014-11-06,3101.47,-1.17,2338.04,5440.67,1.75,30.04,2,"PANW,VRTX",Bull_MidVol
2014-11-07,3100.52,-1.46,2338.04,5440.02,1.75,30.06,2,"PANW,VRTX",Bull_LowVol
2014-11-10,3178.76,-1.75,2338.04,5518.55,1.74,28.3,2,"PANW,VRTX",Bull_LowVol
2014-11-11,3168.47,-2.05,2338.04,5508.55,1.74,28.53,2,"PANW,VRTX",Bull_LowVol
2014-11-12,3169.18,-2.34,2338.04,5509.56,1.74,28.51,2,"PANW,VRTX",Bull_LowVol
2014-11-13,3110.4,-2.63,2338.04,5451.07,1.75,29.84,2,"PANW,VRTX",Bull_LowVol
2014-11-14,3116.93,-2.92,2338.04,5457.88,1.75,29.69,2,"PANW,VRTX",Bull_LowVol
2014-11-17,3080.52,-3.21,2338.04,5421.78,1.76,30.51,2,"PANW,VRTX",Bull_LowVol
2014-11-18,3058.42,-3.51,2338.04,5399.97,1.77,31.01,2,"PANW,VRTX",Bull_LowVol
2014-11-19,3044.62,-3.8,2338.04,5386.46,1.77,31.32,2,"PANW,VRTX",Bull_LowVol
2014-11-20,3096.01,-4.09,2338.04,5438.13,1.76,30.16,2,"PANW,VRTX",Bull_LowVol
2014-11-21,3062.71,-4.38,2338.04,5405.13,1.76,30.92,2,"PANW,VRTX",Bull_LowVol
2014-11-24,3236.71,-4.68,2338.04,5579.42,1.72,26.99,2,"PANW,VRTX",Bull_LowVol
2014-11-25,3446.34,-4.97,2338.04,5789.34,1.68,22.26,2,"PANW,VRTX",Bull_LowVol
2014-11-26,3482.0,-5.26,2338.04,5825.3,1.67,21.46,2,"PANW,VRTX",Bull_LowVol
2014-11-28,3605.04,0.0,3400.98,7006.02,1.94,18.68,2,"PANW,VRTX",Bull_LowVol
2014-12-01,3478.79,-0.43,3400.98,6880.19,1.98,21.53,2,"PANW,VRTX",Bull_LowVol
2014-12-02,3480.64,-0.85,3400.98,6882.47,1.98,21.49,2,"PANW,VRTX",Bull_LowVol
2014-12-03,3541.55,-1.28,3400.98,6943.8,1.96,20.11,2,"PANW,VRTX",Bull_LowVol
2014-12-04,3490.04,-1.7,3400.98,6892.72,1.97,21.28,2,"PANW,VRTX",Bull_LowVol
2014-12-05,3484.78,-2.13,3400.98,6887.88,1.98,21.39,2,"PANW,VRTX",Bull_LowVol
2014-12-08,3466.91,-2.55,3400.98,6870.44,1.98,21.8,2,"PANW,VRTX",Bull_LowVol
2014-12-09,3550.91,-2.98,3400.98,6954.87,1.96,19.9,2,"PANW,VRTX",Bull_LowVol
2014-12-10,3411.01,-3.4,3400.98,6815.38,2.0,23.06,2,"PANW,VRTX",Bull_LowVol
2014-12-11,3566.03,-3.83,3400.98,6970.83,1.95,19.56,2,"PANW,VRTX",Bull_LowVol
2014-12-12,3476.43,-4.25,3400.98,6881.66,1.98,21.58,2,"PANW,VRTX",Bull_LowVol
2014-12-15,3311.87,-4.68,3400.98,6717.52,2.03,25.3,2,"PANW,VRTX",Bull_LowVol
2014-12-16,3210.86,-5.1,3400.98,6616.94,2.06,27.57,2,"PANW,VRTX",Bull_LowVol
2014-12-17,3338.02,-5.53,3400.98,6744.52,2.02,24.71,2,"PANW,VRTX",Bull_LowVol
2014-12-18,3607.86,-5.95,3400.98,7014.79,1.94,18.62,2,"PANW,VRTX",Bull_MidVol
2014-12-19,3667.91,-6.38,3400.98,7075.27,1.93,17.26,2,"PANW,VRTX",Bull_MidVol
2014-12-22,3642.77,-6.8,3400.98,7050.55,1.94,17.83,2,"PANW,VRTX",Bull_MidVol
2014-12-23,3542.8,-7.23,3400.98,6951.0,1.96,20.09,2,"PANW,VRTX",Bull_MidVol
2014-12-24,3605.43,-7.65,3400.98,7014.06,1.95,18.67,2,"PANW,VRTX",Bull_MidVol
2014-12-26,3741.54,-8.08,3400.98,7150.6,1.91,15.6,2,"PANW,VRTX",Bull_MidVol
2014-12-29,3648.72,-8.5,3400.98,7058.2,1.93,17.7,2,"PANW,VRTX",Bull_MidVol
2014-12-30,3597.95,-8.93,3400.98,7007.85,1.95,18.84,2,"PANW,VRTX",Bull_LowVol
2014-12-31,3568.05,0.0,2492.64,6060.69,1.7,19.52,2,"PANW,MELI",Bull_MidVol
2015-01-02,3505.33,-0.31,2492.64,5998.28,1.71,20.93,2,"PANW,MELI",Bull_MidVol
2015-01-05,3584.0,-0.62,2492.64,6077.25,1.7,19.16,2,"PANW,MELI",Bull_MidVol
2015-01-06,3488.39,-0.93,2492.64,5981.96,1.71,21.31,2,"PANW,MELI",Bull_MidVol
2015-01-07,3633.76,-1.25,2492.64,6127.64,1.69,18.03,2,"PANW,MELI",Bull_MidVol
2015-01-08,3717.14,-1.56,2492.64,6211.33,1.67,16.15,2,"PANW,MELI",Bull_MidVol
2015-01-09,3648.79,-1.87,2492.64,6143.3,1.68,17.7,2,"PANW,MELI",Bull_MidVol
2015-01-12,3689.21,-2.18,2492.64,6184.03,1.68,16.78,2,"PANW,MELI",Bull_MidVol
2015-01-13,3584.61,-2.49,2492.64,6079.74,1.7,19.14,2,"PANW,MELI",Bull_MidVol
2015-01-14,3633.64,-2.8,2492.64,6129.08,1.69,18.04,2,"PANW,MELI",Bull_MidVol
2015-01-15,3449.21,-3.12,2492.64,5944.96,1.72,22.2,2,"PANW,MELI",Bull_MidVol
2015-01-16,3588.24,-3.43,2492.64,6084.3,1.7,19.06,2,"PANW,MELI",Bull_MidVol
2015-01-20,3593.99,-3.74,2492.64,6090.36,1.69,18.93,2,"PANW,MELI",Bull_LowVol
2015-01-21,3634.95,-4.05,2492.64,6131.63,1.69,18.01,2,"PANW,MELI",Bull_LowVol
2015-01-22,3590.37,-4.36,2492.64,6087.36,1.7,19.01,2,"PANW,MELI",Bull_MidVol
2015-01-23,3730.3,-4.67,2492.64,6227.61,1.67,15.86,2,"PANW,MELI",Bull_MidVol
2015-01-26,3736.77,-4.99,2492.64,6234.39,1.67,15.71,2,"PANW,MELI",Bull_MidVol
2015-01-27,3704.09,-5.3,2492.64,6202.02,1.67,16.45,2,"PANW,MELI",Bull_MidVol
2015-01-28,3665.47,-5.61,2492.64,6163.71,1.68,17.32,2,"PANW,MELI",Bull_MidVol
2015-01-29,3831.96,-5.92,2492.64,6330.52,1.65,13.56,2,"PANW,MELI",Bull_MidVol
2015-01-30,3678.04,0.0,3086.5,6764.54,1.84,17.04,2,"PANW,AVGO",Bull_MidVol
2015-02-02,3618.69,-0.39,3086.5,6705.58,1.85,18.37,2,"PANW,AVGO",Bull_MidVol
2015-02-03,3567.64,-0.77,3086.5,6654.92,1.87,19.53,2,"PANW,AVGO",Bull_MidVol
2015-02-04,3679.86,-1.16,3086.5,6767.52,1.84,16.99,2,"PANW,AVGO",Bull_MidVol
2015-02-05,3759.88,-1.54,3086.5,6847.93,1.82,15.19,2,"PANW,AVGO",Bull_MidVol
2015-02-06,3675.7,-1.93,3086.5,6764.13,1.84,17.09,2,"PANW,AVGO",Bull_MidVol
2015-02-09,3610.6,-2.31,3086.5,6699.42,1.86,18.56,2,"PANW,AVGO",Bull_MidVol
2015-02-10,3825.53,-2.7,3086.5,6914.73,1.81,13.71,2,"PANW,AVGO",Bull_MidVol
2015-02-11,3972.06,-3.09,3086.5,7061.65,1.78,10.4,2,"PANW,AVGO",Bull_MidVol
2015-02-12,4052.36,-3.47,3086.5,7142.34,1.76,8.59,2,"PANW,AVGO",Bull_MidVol
2015-02-13,4150.13,-3.86,3086.5,7240.5,1.74,6.39,2,"PANW,AVGO",Bull_LowVol
2015-02-17,4226.63,-4.24,3086.5,7317.38,1.73,4.66,2,"PANW,AVGO",Bull_LowVol
2015-02-18,4211.57,-4.63,3086.5,7302.7,1.73,5.0,2,"PANW,AVGO",Bull_LowVol
2015-02-19,4267.32,-5.02,3086.5,7358.84,1.72,3.74,2,"PANW,AVGO",Bull_LowVol
2015-02-20,4434.58,-5.4,3086.5,7526.49,1.7,0.0,2,"PANW,AVGO",Bull_LowVol
2015-02-23,4310.19,-5.79,3086.5,7402.48,1.72,2.81,2,"PANW,AVGO",Bull_LowVol
2015-02-24,4331.69,-6.17,3086.5,7424.37,1.71,2.32,2,"PANW,AVGO",Bull_LowVol
2015-02-25,4461.67,-6.56,3086.5,7554.74,1.69,0.0,2,"PANW,AVGO",Bull_LowVol
2015-02-26,4772.9,-6.94,3086.5,7866.35,1.65,0.0,2,"PANW,AVGO",Bull_LowVol
2015-02-27,4722.07,0.0,4726.57,9448.63,2.0,1.07,2,"PANW,AVGO",Bull_LowVol
2015-03-02,4913.49,-0.59,4726.57,9640.65,1.96,0.0,2,"PANW,AVGO",Bull_LowVol
2015-03-03,5006.76,-1.18,4726.57,9734.51,1.94,0.0,2,"PANW,AVGO",Bull_LowVol
2015-03-04,4824.22,-1.77,4726.57,9552.56,1.98,3.65,2,"PANW,AVGO",Bull_LowVol
2015-03-05,4843.02,-2.36,4726.57,9571.95,1.98,3.27,2,"PANW,AVGO",Bull_LowVol
2015-03-06,4667.17,-2.95,4726.57,9396.69,2.01,6.78,2,"PANW,AVGO",Bull_LowVol
2015-03-09,4563.7,-3.54,4726.57,9293.82,2.04,8.85,2,"PANW,AVGO",Bull_LowVol
2015-03-10,4497.33,-4.14,4726.57,9228.03,2.05,10.17,2,"PANW,AVGO",Bull_LowVol
2015-03-11,4564.01,-4.73,4726.57,9295.3,2.04,8.84,2,"PANW,AVGO",Bull_LowVol
2015-03-12,4637.49,-5.32,4726.57,9369.37,2.02,7.38,2,"PANW,AVGO",Bull_LowVol
2015-03-13,4604.11,-5.91,4726.57,9336.59,2.03,8.04,2,"PANW,AVGO",Bull_LowVol
2015-03-16,4858.15,-6.5,4726.57,9591.22,1.97,2.97,2,"PANW,AVGO",Bull_LowVol
2015-03-17,4866.75,-7.09,4726.57,9600.41,1.97,2.8,2,"PANW,AVGO",Bull_LowVol
2015-03-18,4926.3,-7.68,4726.57,9660.55,1.96,1.61,2,"PANW,AVGO",Bull_LowVol
2015-03-19,5014.07,-8.27,4726.57,9748.9,1.94,0.0,2,"PANW,AVGO",Bull_LowVol
2015-03-20,4965.42,-8.86,4726.57,9700.86,1.95,0.97,2,"PANW,AVGO",Bull_LowVol
2015-03-23,4887.74,-9.45,4726.57,9623.76,1.97,2.52,2,"PANW,AVGO",Bull_LowVol
2015-03-24,4806.62,-10.04,4726.57,9543.23,1.99,4.14,2,"PANW,AVGO",Bull_LowVol
2015-03-25,4484.2,-10.63,4726.57,9221.4,2.06,10.57,2,"PANW,AVGO",Bull_LowVol
2015-03-26,4605.5,-11.23,4726.57,9343.29,2.03,8.15,2,"PANW,AVGO",Bull_LowVol
2015-03-27,4908.11,-11.82,4726.57,9646.49,1.97,2.11,2,"PANW,AVGO",Bull_LowVol
2015-03-30,5063.38,-12.41,4726.57,9802.36,1.94,0.0,2,"PANW,AVGO",Bull_LowVol
2015-03-31,4856.35,-13.0,4726.57,9595.91,1.98,4.09,2,"PANW,AVGO",Bull_LowVol
2015-04-01,4633.36,-13.59,4726.57,9373.52,2.02,8.49,2,"PANW,AVGO",Bull_LowVol
2015-04-02,4626.11,-14.18,4726.57,9366.85,2.02,8.64,2,"PANW,AVGO",Bull_LowVol
2015-04-06,4642.47,-14.77,4726.57,9383.81,2.02,8.31,2,"PANW,AVGO",Bull_LowVol
2015-04-07,4764.73,-15.36,4726.57,9506.66,2.0,5.9,2,"PANW,AVGO",Bull_LowVol
2015-04-08,4895.61,-15.95,4726.57,9638.13,1.97,3.31,2,"PANW,AVGO",Bull_LowVol
2015-04-09,4858.65,-16.54,4726.57,9601.76,1.98,4.04,2,"PANW,AVGO",Bull_LowVol
2015-04-10,4923.43,-17.13,4726.57,9667.13,1.96,2.76,2,"PANW,AVGO",Bull_LowVol
2015-04-13,4766.41,-17.72,4726.57,9510.7,2.0,5.87,2,"PANW,AVGO",Bull_LowVol
2015-04-14,4701.09,-18.32,4726.57,9445.97,2.01,7.16,2,"PANW,AVGO",Bull_LowVol
2015-04-15,4763.7,-18.91,4726.57,9509.18,2.0,5.92,2,"PANW,AVGO",Bull_LowVol
2015-04-16,4829.92,-19.5,4726.57,9575.99,1.98,4.61,2,"PANW,AVGO",Bull_LowVol
2015-04-17,4554.84,-20.09,4726.57,9301.49,2.04,10.04,2,"PANW,AVGO",Bull_LowVol
2015-04-20,4749.96,-20.68,4726.57,9497.21,2.0,6.19,2,"PANW,AVGO",Bull_LowVol
2015-04-21,5067.13,-21.27,4726.57,9814.97,1.94,0.0,2,"PANW,AVGO",Bull_LowVol
2015-04-22,5187.4,-21.86,4726.57,9935.83,1.92,0.0,2,"PANW,AVGO",Bull_LowVol
2015-04-23,5110.9,-22.45,4726.57,9859.92,1.93,1.47,2,"PANW,AVGO",Bull_LowVol
2015-04-24,4938.37,-23.04,4726.57,9687.98,1.96,4.8,2,"PANW,AVGO",Bull_LowVol
2015-04-27,4956.47,-23.63,4726.57,9706.67,1.96,4.45,2,"PANW,AVGO",Bull_LowVol
2015-04-28,4854.51,-24.22,4726.57,9605.3,1.98,6.42,2,"PANW,AVGO",Bull_LowVol
2015-04-29,4790.97,-24.81,4726.57,9542.35,1.99,7.64,2,"PANW,AVGO",Bull_LowVol
2015-04-30,4629.95,0.0,5546.92,10176.87,2.2,10.75,2,"PANW,AVGO",Bull_LowVol
2015-05-01,4968.71,-0.69,5546.92,10516.32,2.12,4.22,2,"PANW,AVGO",Bull_LowVol
2015-05-04,4986.8,-1.39,5546.92,10535.1,2.11,3.87,2,"PANW,AVGO",Bull_LowVol
2015-05-05,4596.89,-2.08,5546.92,10145.89,2.21,11.38,2,"PANW,AVGO",Bull_LowVol
2015-05-06,4546.43,-2.77,5546.92,10096.12,2.22,12.36,2,"PANW,AVGO",Bull_LowVol
2015-05-07,4897.68,-3.47,5546.92,10448.07,2.13,5.58,2,"PANW,AVGO",Bull_LowVol
2015-05-08,4995.73,-4.16,5546.92,10546.81,2.11,3.69,2,"PANW,AVGO",Bull_LowVol
2015-05-11,5005.08,-4.85,5546.92,10556.85,2.11,3.51,2,"PANW,AVGO",Bull_LowVol
2015-05-12,5003.44,-5.55,5546.92,10555.91,2.11,3.55,2,"PANW,AVGO",Bull_LowVol
2015-05-13,5001.65,-6.24,5546.92,10554.81,2.11,3.58,2,"PANW,AVGO",Bull_LowVol
2015-05-14,5228.86,-6.93,5546.92,10782.71,2.06,0.0,2,"PANW,AVGO",Bull_MidVol
2015-05-15,5302.5,-7.63,5546.92,10857.04,2.05,0.0,2,"PANW,AVGO",Bull_LowVol
2015-05-18,5506.57,-8.32,5546.92,11061.81,2.01,0.0,2,"PANW,AVGO",Bull_LowVol
2015-05-19,5504.2,-9.01,5546.92,11060.13,2.01,0.04,2,"PANW,AVGO",Bull_LowVol
2015-05-20,5498.07,-9.71,5546.92,11054.69,2.01,0.15,2,"PANW,AVGO",Bull_LowVol
2015-05-21,5579.87,-10.4,5546.92,11137.19,2.0,0.0,2,"PANW,AVGO",Bull_LowVol
2015-05-22,5799.57,-11.09,5546.92,11357.58,1.96,0.0,2,"PANW,AVGO",Bull_LowVol
2015-05-26,5789.19,-11.79,5546.92,11347.89,1.96,0.18,2,"PANW,AVGO",Bull_LowVol
2015-05-27,6030.32,-12.48,5546.92,11589.72,1.92,0.0,2,"PANW,AVGO",Bull_LowVol
2015-05-28,6291.69,-13.17,5546.92,11851.78,1.88,0.0,2,"PANW,AVGO",Bull_LowVol
2015-05-29,6591.03,0.0,6639.09,13230.12,2.01,0.48,2,"NFLX,FTNT",Bull_LowVol
2015-06-01,6545.8,-0.83,6639.09,13185.72,2.01,1.16,2,"NFLX,FTNT",Bull_LowVol
2015-06-02,6532.44,-1.66,6639.09,13173.18,2.02,1.37,2,"NFLX,FTNT",Bull_LowVol
2015-06-03,6566.87,-2.49,6639.09,13208.45,2.01,0.85,2,"NFLX,FTNT",Bull_LowVol
2015-06-04,6508.14,-3.32,6639.09,13150.55,2.02,1.73,2,"NFLX,FTNT",Bull_LowVol
2015-06-05,6846.85,-4.15,6639.09,13490.09,1.97,0.0,2,"NFLX,FTNT",Bull_LowVol
2015-06-08,6706.37,-4.98,6639.09,13350.44,1.99,2.05,2,"NFLX,FTNT",Bull_LowVol
2015-06-09,6943.48,-5.81,6639.09,13588.38,1.96,0.0,2,"NFLX,FTNT",Bull_LowVol
2015-06-10,7266.25,-6.64,6639.09,13911.97,1.91,0.0,2,"NFLX,FTNT",Bull_LowVol
2015-06-11,7175.13,-7.47,6639.09,13821.68,1.93,1.25,2,"NFLX,FTNT",Bull_LowVol
2015-06-12,7161.88,-8.3,6639.09,13809.27,1.93,1.44,2,"NFLX,FTNT",Bull_LowVol
2015-06-15,7063.82,-9.13,6639.09,13712.04,1.94,2.79,2,"NFLX,FTNT",Bull_LowVol
2015-06-16,7434.02,-9.96,6639.09,14083.06,1.89,0.0,2,"NFLX,FTNT",Bull_LowVol
2015-06-17,7428.88,-10.79,6639.09,14078.76,1.9,0.07,2,"NFLX,FTNT",Bull_LowVol
2015-06-18,7605.09,-11.62,6639.09,14255.8,1.87,0.0,2,"NFLX,FTNT",Bull_LowVol
2015-06-19,7436.61,-12.45,6639.09,14088.15,1.89,2.22,2,"NFLX,FTNT",Bull_LowVol
2015-06-22,7693.57,-13.28,6639.09,14345.93,1.86,0.0,2,"NFLX,FTNT",Bull_LowVol
2015-06-23,7701.28,-14.11,6639.09,14354.48,1.86,0.0,2,"NFLX,FTNT",Bull_LowVol
2015-06-24,7421.84,-14.94,6639.09,14075.87,1.9,3.63,2,"NFLX,FTNT",Bull_LowVol
2015-06-25,7314.78,-15.77,6639.09,13969.64,1.91,5.02,2,"NFLX,FTNT",Bull_LowVol
2015-06-26,7140.4,-16.6,6639.09,13796.08,1.93,7.28,2,"NFLX,FTNT",Bull_LowVol
2015-06-29,6889.06,-17.43,6639.09,13545.57,1.97,10.55,2,"NFLX,FTNT",Bull_LowVol
2015-06-30,7182.83,0.0,1086.85,8269.68,1.15,6.73,2,"NFLX,AVGO",Bull_LowVol
2015-07-01,7194.59,-0.14,1086.85,8281.57,1.15,6.58,2,"NFLX,AVGO",Bull_LowVol
2015-07-02,7247.12,-0.27,1086.85,8334.24,1.15,5.9,2,"NFLX,AVGO",Bull_LowVol
2015-07-06,7248.75,-0.41,1086.85,8336.0,1.15,5.88,2,"NFLX,AVGO",Bull_LowVol
2015-07-07,7199.06,-0.54,1086.85,8286.45,1.15,6.52,2,"NFLX,AVGO",Bull_LowVol
2015-07-08,7105.15,-0.68,1086.85,8192.67,1.15,7.74,2,"NFLX,AVGO",Bull_LowVol
2015-07-09,7231.1,-0.82,1086.85,8318.77,1.15,6.11,2,"NFLX,AVGO",Bull_LowVol
2015-07-10,7395.64,-0.95,1086.85,8483.44,1.15,3.97,2,"NFLX,AVGO",Bull_LowVol
2015-07-13,7670.14,-1.09,1086.85,8758.07,1.14,0.4,2,"NFLX,AVGO",Bull_LowVol
2015-07-14,7651.05,-1.22,1086.85,8739.13,1.14,0.65,2,"NFLX,AVGO",Bull_LowVol
2015-07-15,7481.1,-1.36,1086.85,8569.31,1.15,2.86,2,"NFLX,AVGO",Bull_LowVol
2015-07-16,8803.41,-1.49,1086.85,9891.76,1.12,0.0,2,"NFLX,AVGO",Bull_MidVol
2015-07-17,8716.26,-1.63,1086.85,9804.74,1.12,0.99,2,"NFLX,AVGO",Bull_MidVol
2015-07-20,8418.52,-1.77,1086.85,9507.14,1.13,4.37,2,"NFLX,AVGO",Bull_MidVol
2015-07-21,8560.08,-1.9,1086.85,9648.83,1.13,2.76,2,"NFLX,AVGO",Bull_MidVol
2015-07-22,8433.7,-2.04,1086.85,9522.59,1.13,4.2,2,"NFLX,AVGO",Bull_MidVol
2015-07-23,8356.77,-2.17,1086.85,9445.79,1.13,5.07,2,"NFLX,AVGO",Bull_MidVol
2015-07-24,8263.9,-2.31,1086.85,9353.06,1.13,6.13,2,"NFLX,AVGO",Bull_MidVol
2015-07-27,8010.46,-2.45,1086.85,9099.75,1.14,9.01,2,"NFLX,AVGO",Bull_MidVol
2015-07-28,8084.87,-2.58,1086.85,9174.3,1.13,8.16,2,"NFLX,AVGO",Bull_LowVol
2015-07-29,8099.58,-2.72,1086.85,9189.15,1.13,7.99,2,"NFLX,AVGO",Bull_LowVol
2015-07-30,8416.56,-2.85,1086.85,9506.26,1.13,4.39,2,"NFLX,AVGO",Bull_LowVol
2015-07-31,8549.7,0.0,11006.68,19556.37,2.29,2.88,2,"NFLX,PANW",Bull_LowVol
2015-08-03,8365.06,-1.38,11006.68,19373.12,2.32,4.98,2,"NFLX,PANW",Bull_LowVol
2015-08-04,9026.35,-2.75,11006.68,20035.78,2.22,0.0,2,"NFLX,PANW",Bull_LowVol
2015-08-05,9499.65,-4.13,11006.68,20510.45,2.16,0.0,2,"NFLX,PANW",Bull_LowVol
2015-08-06,8746.23,-5.5,11006.68,19758.41,2.26,7.93,2,"NFLX,PANW",Bull_LowVol
2015-08-07,8593.11,-6.88,11006.68,19606.67,2.28,9.54,2,"NFLX,PANW",Bull_LowVol
2015-08-10,8642.85,-8.26,11006.68,19657.78,2.27,9.02,2,"NFLX,PANW",Bull_LowVol
2015-08-11,8437.49,-9.63,11006.68,19453.8,2.31,11.18,2,"NFLX,PANW",Bull_LowVol
2015-08-12,8096.55,-11.01,11006.68,19114.23,2.36,14.77,2,"NFLX,PANW",Bull_LowVol
2015-08-13,8436.42,-12.38,11006.68,19455.48,2.31,11.19,2,"NFLX,PANW",Bull_LowVol
2015-08-14,8457.28,-13.76,11006.68,19477.72,2.3,10.97,2,"NFLX,PANW",Bull_LowVol
2015-08-17,8734.26,-15.13,11006.68,19756.07,2.26,8.06,2,"NFLX,PANW",Bull_LowVol
2015-08-18,8509.35,-16.51,11006.68,19532.53,2.3,10.42,2,"NFLX,PANW",Bull_LowVol
2015-08-19,8391.06,-17.89,11006.68,19415.62,2.31,11.67,2,"NFLX,PANW",Bull_LowVol
2015-08-20,6876.57,-19.26,11006.68,17902.51,2.6,27.61,2,"NFLX,PANW",Bull_LowVol
2015-08-21,6154.16,-20.64,11006.68,17181.48,2.79,35.22,2,"NFLX,PANW",Bull_MidVol
2015-08-24,5727.76,-22.01,1322.46,7072.24,1.23,39.71,1,NFLX,Bull_MidVol
2015-08-25,6066.32,-22.18,1322.46,7410.96,1.22,36.14,1,NFLX,Bull_MidVol
2015-08-26,6694.68,-22.34,1322.46,8039.49,1.2,29.53,1,NFLX,Bull_MidVol
2015-08-27,7244.21,-22.51,1322.46,8589.18,1.19,23.74,1,NFLX,Bull_MidVol
2015-08-28,7241.85,-22.67,1322.46,8586.99,1.19,23.77,1,NFLX,Bull_MidVol
2015-08-31,7159.19,0.0,4642.91,11802.1,1.65,24.64,2,"NFLX,FTNT",Bull_MidVol
2015-09-01,6380.67,-0.58,4642.91,11024.16,1.73,32.83,2,"NFLX,FTNT",Bull_MidVol
2015-09-02,6439.38,-1.16,4642.91,11083.45,1.72,32.21,2,"NFLX,FTNT",Bull_MidVol
2015-09-03,6138.45,-1.74,4642.91,10783.1,1.76,35.38,2,"NFLX,FTNT",Bull_MidVol
2015-09-04,5939.84,-2.32,4642.91,10585.07,1.78,37.47,2,"NFLX,FTNT",Bull_MidVol
2015-09-08,5784.18,-2.9,4642.91,10429.99,1.8,39.11,2,"NFLX,FTNT",Bull_MidVol
2015-09-09,6068.96,-3.48,4642.91,10715.35,1.77,36.11,2,"NFLX,FTNT",Bull_MidVol
2015-09-10,6175.12,-4.06,4642.91,10822.09,1.75,35.0,2,"NFLX,FTNT",Bull_MidVol
2015-09-11,6052.54,-4.64,4642.91,10700.09,1.77,36.29,2,"NFLX,FTNT",Bull_MidVol
2015-09-14,5890.01,-5.22,4642.91,10538.15,1.79,38.0,2,"NFLX,FTNT",Bull_MidVol
2015-09-15,6204.15,-5.8,4642.91,10852.86,1.75,34.69,2,"NFLX,FTNT",Bull_MidVol
2015-09-16,6576.47,-6.38,4642.91,11225.76,1.71,30.77,2,"NFLX,FTNT",Bull_MidVol
2015-09-17,6608.0,-6.96,4642.91,11257.87,1.7,30.44,2,"NFLX,FTNT",Bull_MidVol
2015-09-18,6460.65,-7.54,4642.91,11111.1,1.72,31.99,2,"NFLX,FTNT",Bull_MidVol
2015-09-21,6355.34,-8.13,4642.91,11006.38,1.73,33.1,2,"NFLX,FTNT",Bull_MidVol
2015-09-22,6204.21,-8.71,4642.91,10855.82,1.75,34.69,2,"NFLX,FTNT",Bull_MidVol
2015-09-23,6222.91,-9.29,4642.91,10875.1,1.75,34.49,2,"NFLX,FTNT",Bull_MidVol
2015-09-24,6630.42,-9.87,4642.91,11283.2,1.7,30.2,2,"NFLX,FTNT",Bull_MidVol
2015-09-25,6455.05,-10.45,4642.91,11108.41,1.72,32.05,2,"NFLX,FTNT",Bull_MidVol
2015-09-28,6068.04,-11.03,4642.91,10721.97,1.77,36.12,2,"NFLX,FTNT",Bull_MidVol
2015-09-29,5938.02,-11.61,4642.91,10592.54,1.78,37.49,2,"NFLX,FTNT",Bull_MidVol
2015-09-30,6321.75,0.0,2470.36,8792.11,1.39,33.45,2,"NFLX,AMZN",Bull_MidVol
2015-10-01,6541.64,-0.31,2470.36,9012.3,1.38,31.14,2,"NFLX,AMZN",Bull_MidVol
2015-10-02,6579.78,-0.62,2470.36,9050.75,1.38,30.74,2,"NFLX,AMZN",Bull_MidVol
2015-10-05,6981.98,-0.93,2470.36,9453.27,1.35,26.5,2,"NFLX,AMZN",Bull_MidVol
2015-10-06,6753.32,-1.24,2470.36,9224.92,1.37,28.91,2,"NFLX,AMZN",Bull_MidVol
2015-10-07,6747.15,-1.54,2470.36,9219.05,1.37,28.97,2,"NFLX,AMZN",Bull_MidVol
2015-10-08,7223.92,-1.85,2470.36,9696.13,1.34,23.96,2,"NFLX,AMZN",Bull_MidVol
2015-10-09,7123.08,-2.16,2470.36,9595.6,1.35,25.02,2,"NFLX,AMZN",Bull_MidVol
2015-10-12,7156.99,-2.47,2470.36,9629.82,1.35,24.66,2,"NFLX,AMZN",Bull_MidVol
2015-10-13,6881.96,-2.78,2470.36,9355.09,1.36,27.56,2,"NFLX,AMZN",Bull_MidVol
2015-10-14,6908.18,-3.09,2470.36,9381.62,1.36,27.28,2,"NFLX,AMZN",Bull_MidVol
2015-10-15,6283.79,-3.4,2470.36,8757.55,1.39,33.85,2,"NFLX,AMZN",Bull_MidVol
2015-10-16,6150.57,-3.71,2470.36,8624.63,1.4,35.25,2,"NFLX,AMZN",Bull_MidVol
2015-10-19,6353.22,-4.01,2470.36,8827.59,1.39,33.12,2,"NFLX,AMZN",Bull_MidVol
2015-10-20,6125.75,-4.32,2470.36,8600.43,1.4,35.52,2,"NFLX,AMZN",Bull_MidVol
2015-10-21,6037.73,-4.63,2470.36,8512.72,1.41,36.44,2,"NFLX,AMZN",Bull_MidVol
2015-10-22,6010.64,-4.94,2470.36,8485.94,1.41,36.73,2,"NFLX,AMZN",Bull_MidVol
2015-10-23,6294.94,-5.25,2470.36,8770.54,1.39,33.74,2,"NFLX,AMZN",Bull_MidVol
2015-10-26,6537.1,-5.56,2470.36,9013.01,1.38,31.19,2,"NFLX,AMZN",Bull_MidVol
2015-10-27,6544.86,-5.87,2470.36,9021.08,1.38,31.1,2,"NFLX,AMZN",Bull_MidVol
2015-10-28,6758.76,-6.18,2470.36,9235.29,1.37,28.85,2,"NFLX,AMZN",Bull_LowVol
2015-10-29,6731.97,-6.48,2470.36,9208.81,1.37,29.13,2,"NFLX,AMZN",Bull_LowVol
2015-10-30,6956.34,0.0,7370.87,14327.22,2.06,26.77,2,"NFLX,AMZN",Bull_LowVol
2015-11-02,6926.51,-0.92,7370.87,14298.31,2.06,27.09,2,"NFLX,AMZN",Bull_LowVol
2015-11-03,7047.73,-1.84,7370.87,14420.45,2.05,25.81,2,"NFLX,AMZN",Bull_LowVol
2015-11-04,7521.75,-2.76,7370.87,14895.39,1.98,20.82,2,"NFLX,AMZN",Bull_LowVol
2015-11-05,7631.35,-3.69,7370.87,15005.91,1.97,19.67,2,"NFLX,AMZN",Bull_LowVol
2015-11-06,7709.44,-4.61,7370.87,15084.92,1.96,18.84,2,"NFLX,AMZN",Bull_LowVol
2015-11-09,7362.15,-5.53,7370.87,14738.55,2.0,22.5,2,"NFLX,AMZN",Bull_LowVol
2015-11-10,7611.5,-6.45,7370.87,14988.82,1.97,19.88,2,"NFLX,AMZN",Bull_LowVol
2015-11-11,7761.35,-7.37,7370.87,15139.59,1.95,18.3,2,"NFLX,AMZN",Bull_LowVol
2015-11-12,7394.39,-8.29,7370.87,14773.56,2.0,22.16,2,"NFLX,AMZN",Bull_LowVol
2015-11-13,6770.45,-9.21,7370.87,14150.54,2.09,28.73,2,"NFLX,AMZN",Bull_MidVol
2015-11-16,7387.59,-10.13,7370.87,14768.6,2.0,22.23,2,"NFLX,AMZN",Bull_MidVol
2015-11-17,7760.19,-11.06,7370.87,15142.13,1.95,18.31,2,"NFLX,AMZN",Bull_MidVol
2015-11-18,8224.42,-11.98,7370.87,15607.27,1.9,13.42,2,"NFLX,AMZN",Bull_MidVol
2015-11-19,8170.3,-12.9,7370.87,15554.08,1.9,13.99,2,"NFLX,AMZN",Bull_MidVol
2015-11-20,8507.24,-13.82,7370.87,15891.93,1.87,10.45,2,"NFLX,AMZN",Bull_LowVol
2015-11-23,8701.22,-14.74,7370.87,16086.84,1.85,8.4,2,"NFLX,AMZN",Bull_LowVol
2015-11-24,8494.38,-15.66,7370.87,15880.92,1.87,10.58,2,"NFLX,AMZN",Bull_LowVol
2015-11-25,8598.46,-16.58,7370.87,15985.91,1.86,9.49,2,"NFLX,AMZN",Bull_LowVol
2015-11-27,8669.65,-17.51,7370.87,16058.03,1.85,8.74,2,"NFLX,AMZN",Bull_LowVol
2015-11-30,8369.37,0.0,8389.03,16758.41,2.0,11.9,2,"AMZN,GOOGL",Bull_LowVol
2015-12-01,8747.97,-1.05,8389.03,17138.05,1.96,7.91,2,"AMZN,GOOGL",Bull_LowVol
2015-12-02,8659.28,-2.1,8389.03,17050.41,1.97,8.85,2,"AMZN,GOOGL",Bull_LowVol
2015-12-03,8419.03,-3.15,8389.03,16811.2,2.0,11.38,2,"AMZN,GOOGL",Bull_LowVol
2015-12-04,8595.27,-4.19,8389.03,16988.5,1.98,9.52,2,"AMZN,GOOGL",Bull_MidVol
2015-12-07,8510.18,-5.24,8389.03,16904.46,1.99,10.42,2,"AMZN,GOOGL",Bull_MidVol
2015-12-08,8669.73,-6.29,8389.03,17065.06,1.97,8.74,2,"AMZN,GOOGL",Bull_MidVol
2015-12-09,8360.51,-7.34,8389.03,16756.88,2.0,11.99,2,"AMZN,GOOGL",Bull_MidVol
2015-12-10,8298.62,-8.39,8389.03,16696.05,2.01,12.64,2,"AMZN,GOOGL",Bull_MidVol
2015-12-11,7808.44,-9.44,8389.03,16206.91,2.08,17.8,2,"AMZN,GOOGL",Bull_MidVol
2015-12-14,8218.68,-10.49,8389.03,16618.2,2.02,13.48,2,"AMZN,GOOGL",Bull_MidVol
2015-12-15,8221.55,-11.53,8389.03,16622.11,2.02,13.45,2,"AMZN,GOOGL",Bull_MidVol
2015-12-16,8638.4,-12.58,8389.03,17040.02,1.97,9.07,2,"AMZN,GOOGL",Bull_MidVol
2015-12-17,8504.39,-13.63,8389.03,16907.05,1.99,10.48,2,"AMZN,GOOGL",Bull_MidVol
2015-12-18,8314.94,-14.68,8389.03,16718.66,2.01,12.47,2,"AMZN,GOOGL",Bull_MidVol
2015-12-21,8338.76,-15.73,8389.03,16743.52,2.01,12.22,2,"AMZN,GOOGL",Bull_MidVol
2015-12-22,8338.21,-16.78,8389.03,16744.02,2.01,12.23,2,"AMZN,GOOGL",Bull_MidVol
2015-12-23,8354.33,-17.83,8389.03,16761.19,2.01,12.06,2,"AMZN,GOOGL",Bull_MidVol
2015-12-24,8323.17,-18.88,8389.03,16731.08,2.01,12.38,2,"AMZN,GOOGL",Bull_MidVol
2015-12-28,8644.48,-19.92,8389.03,17053.44,1.97,9.0,2,"AMZN,GOOGL",Bull_MidVol
2015-12-29,9073.31,-20.97,8389.03,17483.31,1.93,4.49,2,"AMZN,GOOGL",Bull_MidVol
2015-12-30,8957.39,-22.02,8389.03,17368.44,1.94,5.71,2,"AMZN,GOOGL",Bull_MidVol
2015-12-31,8721.06,0.0,7929.19,16650.25,1.91,8.2,2,"AMZN,NFLX",Bull_MidVol
2016-01-04,7819.1,-0.99,7929.19,15749.29,2.01,17.69,2,"AMZN,NFLX",Bull_MidVol
2016-01-05,7692.68,-1.98,7929.19,15623.86,2.03,19.02,2,"AMZN,NFLX",Bull_MidVol
2016-01-06,7934.25,-2.97,7929.19,15866.42,2.0,16.48,2,"AMZN,NFLX",Bull_MidVol
2016-01-07,7352.67,-3.96,7929.19,15285.83,2.08,22.6,2,"AMZN,NFLX",Bull_MidVol
2016-01-08,7249.74,-4.96,7929.19,15183.89,2.09,23.68,2,"AMZN,NFLX",Bull_MidVol
2016-01-11,7559.02,-5.95,7929.19,15494.17,2.05,20.43,2,"AMZN,NFLX",Bull_MidVol
2016-01-12,7603.72,-6.94,7929.19,15539.85,2.04,19.96,2,"AMZN,NFLX",Bull_MidVol
2016-01-13,6610.19,-7.93,7929.19,14547.31,2.2,30.42,2,"AMZN,NFLX",Bull_MidVol
2016-01-14,6847.93,-8.92,7929.19,14786.04,2.16,27.91,2,"AMZN,NFLX",Bull_MidVol
2016-01-15,6307.08,-9.91,7929.19,14246.19,2.26,33.61,2,"AMZN,NFLX",Bull_MidVol
2016-01-19,6494.76,-10.9,7929.19,14434.86,2.22,31.63,2,"AMZN,NFLX",Bull_MidVol
2016-01-20,6435.19,-11.89,7929.19,14376.28,2.23,32.26,2,"AMZN,NFLX",Bull_MidVol
2016-01-21,6356.85,-12.88,7929.19,14298.93,2.25,33.08,2,"AMZN,NFLX",Bull_MidVol
2016-01-22,6743.07,-13.88,7929.19,14686.14,2.18,29.02,2,"AMZN,NFLX",Bull_MidVol
2016-01-25,6702.7,-14.87,7929.19,14646.76,2.19,29.44,2,"AMZN,NFLX",Bull_MidVol
2016-01-26,6762.63,-15.86,7929.19,14707.68,2.17,28.81,2,"AMZN,NFLX",Bull_MidVol
2016-01-27,6290.58,-16.85,5447.07,11754.5,1.87,33.78,1,AMZN,Bull_MidVol
2016-01-28,7337.7,-17.53,5447.07,12802.3,1.74,22.76,1,AMZN,Bull_MidVol
2016-01-29,6389.94,0.0,6717.77,13107.7,2.05,32.73,2,"AMZN,KLAC",Bull_MidVol
2016-02-01,6145.95,-0.84,6717.77,12864.56,2.09,35.3,2,"AMZN,KLAC",Bull_MidVol
2016-02-02,5669.17,-1.68,6717.77,12388.61,2.19,40.32,2,"AMZN,KLAC",Bull_MidVol
2016-02-03,5114.88,3838.85,0.0,1276.03,0.25,46.16,1,KLAC,Bull_MidVol
2016-02-04,5116.4,3838.85,0.0,1277.55,0.25,46.14,1,KLAC,Bull_MidVol
2016-02-05,5090.23,3838.85,0.0,1251.38,0.25,46.42,1,KLAC,Bull_MidVol
2016-02-08,5053.14,5053.14,0.0,0.0,0.0,46.81,0,CASH_BIL,Bear
2016-02-09,5052.04,5052.04,0.0,0.0,0.0,46.82,0,CASH_BIL,Bear
2016-02-10,5053.14,5053.14,0.0,0.0,0.0,46.81,0,CASH_BIL,Bear
2016-02-11,5052.04,5052.04,0.0,0.0,0.0,46.82,0,CASH_BIL,Bear
2016-02-12,5052.04,5052.04,0.0,0.0,0.0,46.82,0,CASH_BIL,Bear
2016-02-16,5052.04,5052.04,0.0,0.0,0.0,46.82,0,CASH_BIL,Bear
2016-02-17,5053.14,5053.14,0.0,0.0,0.0,46.81,0,CASH_BIL,Bear
2016-02-18,5053.14,5053.14,0.0,0.0,0.0,46.81,0,CASH_BIL,Bear
2016-02-19,5053.14,5053.14,0.0,0.0,0.0,46.81,0,CASH_BIL,Bear
2016-02-22,5052.04,5052.04,0.0,0.0,0.0,46.82,0,CASH_BIL,Bear
2016-02-23,5053.14,5053.14,0.0,0.0,0.0,46.81,0,CASH_BIL,Bear
2016-02-24,5052.04,5052.04,0.0,0.0,0.0,46.82,0,CASH_BIL,Bear
2016-02-25,5052.04,5052.04,0.0,0.0,0.0,46.82,0,CASH_BIL,Bear
2016-02-26,5053.14,5053.14,0.0,0.0,0.0,46.81,0,CASH_BIL,Bear
2016-02-29,5053.14,5053.14,0.0,0.0,0.0,46.81,0,CASH_BIL,Bear
2016-03-01,5053.14,5053.14,0.0,0.0,0.0,46.81,0,CASH_BIL,Bull_MidVol
2016-03-02,5053.14,5053.14,0.0,0.0,0.0,46.81,0,CASH_BIL,Bull_MidVol
2016-03-03,5053.14,5053.14,0.0,0.0,0.0,46.81,0,CASH_BIL,Bull_MidVol
2016-03-04,5053.14,5053.14,0.0,0.0,0.0,46.81,0,CASH_BIL,Bull_MidVol
2016-03-07,5053.14,5053.14,0.0,0.0,0.0,46.81,0,CASH_BIL,Bull_MidVol
2016-03-08,5054.25,5054.25,0.0,0.0,0.0,46.8,0,CASH_BIL,Bear
2016-03-09,5054.25,5054.25,0.0,0.0,0.0,46.8,0,CASH_BIL,Bull_MidVol
2016-03-10,5054.25,5054.25,0.0,0.0,0.0,46.8,0,CASH_BIL,Bull_MidVol
2016-03-11,5054.25,5054.25,0.0,0.0,0.0,46.8,0,CASH_BIL,Bull_MidVol
2016-03-14,5054.25,5054.25,0.0,0.0,0.0,46.8,0,CASH_BIL,Bull_MidVol
2016-03-15,5054.25,5054.25,0.0,0.0,0.0,46.8,0,CASH_BIL,Bull_MidVol
2016-03-16,5054.25,5054.25,0.0,0.0,0.0,46.8,0,CASH_BIL,Bull_MidVol
2016-03-17,5054.25,5054.25,0.0,0.0,0.0,46.8,0,CASH_BIL,Bull_MidVol
2016-03-18,5054.25,5054.25,0.0,0.0,0.0,46.8,0,CASH_BIL,Bull_MidVol
2016-03-21,5054.25,5054.25,0.0,0.0,0.0,46.8,0,CASH_BIL,Bull_MidVol
2016-03-22,5054.25,5054.25,0.0,0.0,0.0,46.8,0,CASH_BIL,Bull_LowVol
2016-03-23,5054.25,5054.25,0.0,0.0,0.0,46.8,0,CASH_BIL,Bull_LowVol
2016-03-24,5054.25,5054.25,0.0,0.0,0.0,46.8,0,CASH_BIL,Bull_LowVol
2016-03-28,5054.25,5054.25,0.0,0.0,0.0,46.8,0,CASH_BIL,Bull_LowVol
2016-03-29,5054.25,5054.25,0.0,0.0,0.0,46.8,0,CASH_BIL,Bull_LowVol
2016-03-30,5054.25,5054.25,0.0,0.0,0.0,46.8,0,CASH_BIL,Bull_LowVol
2016-03-31,5093.53,0.0,5059.08,10152.61,1.99,46.38,2,"KLAC,FAST",Bull_LowVol
2016-04-01,5109.38,-0.63,5059.08,10169.1,1.99,46.22,2,"KLAC,FAST",Bull_LowVol
2016-04-04,4974.49,-1.26,5059.08,10034.84,2.02,47.64,2,"KLAC,FAST",Bull_LowVol
2016-04-05,4933.16,-1.9,5059.08,9994.14,2.03,48.07,2,"KLAC,FAST",Bull_LowVol
2016-04-06,4946.04,-2.53,5059.08,10007.66,2.02,47.93,2,"KLAC,FAST",Bull_LowVol
2016-04-07,4860.05,-3.16,5059.08,9922.3,2.04,48.84,2,"KLAC,FAST",Bull_LowVol
2016-04-08,4885.9,-3.79,5059.08,9948.78,2.04,48.57,2,"KLAC,FAST",Bull_LowVol
2016-04-11,4880.34,-4.43,5059.08,9943.85,2.04,48.63,2,"KLAC,FAST",Bull_LowVol
2016-04-12,4760.52,-5.06,5059.08,9824.67,2.06,49.89,2,"KLAC,FAST",Bull_LowVol
2016-04-13,4862.65,-5.69,5059.08,9927.43,2.04,48.81,2,"KLAC,FAST",Bull_LowVol
2016-04-14,4821.43,-6.32,5059.08,9886.84,2.05,49.25,2,"KLAC,FAST",Bull_LowVol
2016-04-15,4827.33,-6.96,5059.08,9893.37,2.05,49.18,2,"KLAC,FAST",Bull_LowVol
2016-04-18,4840.64,-7.59,5059.08,9907.32,2.05,49.04,2,"KLAC,FAST",Bull_LowVol
2016-04-19,4874.07,-8.22,5059.08,9941.38,2.04,48.69,2,"KLAC,FAST",Bull_LowVol
2016-04-20,4865.06,-8.85,5059.08,9933.0,2.04,48.79,2,"KLAC,FAST",Bull_LowVol
2016-04-21,4759.29,-9.49,5059.08,9827.86,2.06,49.9,2,"KLAC,FAST",Bull_LowVol
2016-04-22,4776.4,-10.12,5059.08,9845.6,2.06,49.72,2,"KLAC,FAST",Bull_LowVol
2016-04-25,4745.63,-10.75,5059.08,9815.47,2.07,50.04,2,"KLAC,FAST",Bull_LowVol
2016-04-26,4832.5,-11.38,5059.08,9902.97,2.05,49.13,2,"KLAC,FAST",Bull_LowVol
2016-04-27,4937.89,-12.02,5059.08,10008.99,2.03,48.02,2,"KLAC,FAST",Bull_LowVol
2016-04-28,4797.71,-12.65,5059.08,9869.44,2.06,49.5,2,"KLAC,FAST",Bull_LowVol
2016-04-29,4697.15,0.0,1058.38,5755.53,1.23,50.55,2,"FAST,AMAT",Bull_LowVol
2016-05-02,4696.02,-0.13,1058.38,5754.54,1.23,50.57,2,"FAST,AMAT",Bull_LowVol
2016-05-03,4624.29,-0.26,1058.38,5682.94,1.23,51.32,2,"FAST,AMAT",Bull_LowVol
2016-05-04,4536.99,-0.4,1058.38,5595.77,1.23,52.24,2,"FAST,AMAT",Bull_LowVol
2016-05-05,4609.23,-0.53,1058.38,5668.14,1.23,51.48,2,"FAST,AMAT",Bull_LowVol
2016-05-06,4606.91,-0.66,1058.38,5665.96,1.23,51.5,2,"FAST,AMAT",Bull_LowVol
2016-05-09,4584.65,-0.79,1058.38,5643.83,1.23,51.74,2,"FAST,AMAT",Bull_LowVol
2016-05-10,4632.3,-0.93,1058.38,5691.61,1.23,51.24,2,"FAST,AMAT",Bull_LowVol
2016-05-11,4608.21,-1.06,1058.38,5667.66,1.23,51.49,2,"FAST,AMAT",Bull_LowVol
2016-05-12,4516.64,-1.19,1058.38,5576.22,1.23,52.45,2,"FAST,AMAT",Bull_LowVol
2016-05-13,4502.45,-1.32,1058.38,5562.15,1.24,52.6,2,"FAST,AMAT",Bull_LowVol
2016-05-16,4547.01,-1.46,1058.38,5606.85,1.23,52.13,2,"FAST,AMAT",Bull_LowVol
2016-05-17,4484.88,-1.59,1058.38,5544.85,1.24,52.79,2,"FAST,AMAT",Bull_LowVol
2016-05-18,4530.24,-1.72,1058.38,5590.34,1.23,52.31,2,"FAST,AMAT",Bull_LowVol
2016-05-19,4464.0,-1.85,1058.38,5524.23,1.24,53.01,2,"FAST,AMAT",Bull_LowVol
2016-05-20,4798.72,-1.98,1058.38,5859.09,1.22,49.49,2,"FAST,AMAT",Bull_LowVol
2016-05-23,4826.3,-2.12,1058.38,5886.8,1.22,49.19,2,"FAST,AMAT",Bull_LowVol
2016-05-24,4965.34,-2.25,1058.38,6025.97,1.21,47.73,2,"FAST,AMAT",Bull_LowVol
2016-05-25,5002.11,-2.38,1058.38,6062.88,1.21,47.34,2,"FAST,AMAT",Bull_LowVol
2016-05-26,5020.22,-2.51,1058.38,6081.12,1.21,47.15,2,"FAST,AMAT",Bull_LowVol
2016-05-27,5094.31,-2.65,1058.38,6155.34,1.21,46.37,2,"FAST,AMAT",Bull_LowVol
2016-05-31,5081.75,0.0,4989.06,10070.8,1.98,46.51,2,"ISRG,META",Bull_LowVol
2016-06-01,5105.1,-0.62,4989.06,10094.78,1.98,46.26,2,"ISRG,META",Bull_LowVol
2016-06-02,5125.2,-1.25,4989.06,10115.5,1.97,46.05,2,"ISRG,META",Bull_LowVol
2016-06-03,5084.38,-1.87,4989.06,10075.31,1.98,46.48,2,"ISRG,META",Bull_LowVol
2016-06-06,5086.14,-2.49,4989.06,10077.69,1.98,46.46,2,"ISRG,META",Bull_LowVol
2016-06-07,5046.96,-3.12,4989.06,10039.13,1.99,46.87,2,"ISRG,META",Bull_LowVol
2016-06-08,5130.34,-3.74,4989.06,10123.14,1.97,45.99,2,"ISRG,META",Bull_LowVol
2016-06-09,5181.38,-4.37,4989.06,10174.81,1.96,45.46,2,"ISRG,META",Bull_LowVol
2016-06-10,5048.02,-4.99,4989.06,10042.06,1.99,46.86,2,"ISRG,META",Bull_LowVol
2016-06-13,4962.72,-5.61,4989.06,9957.39,2.01,47.76,2,"ISRG,META",Bull_LowVol
2016-06-14,5008.87,-6.24,4989.06,10004.16,2.0,47.27,2,"ISRG,META",Bull_LowVol
2016-06-15,4995.77,-6.86,4989.06,9991.69,2.0,47.41,2,"ISRG,META",Bull_LowVol
2016-06-16,4973.48,-7.48,4989.06,9970.02,2.0,47.65,2,"ISRG,META",Bull_LowVol
2016-06-17,4903.42,-8.11,4989.06,9900.58,2.02,48.38,2,"ISRG,META",Bull_LowVol
2016-06-20,4970.21,-8.73,4989.06,9968.0,2.01,47.68,2,"ISRG,META",Bull_LowVol
2016-06-21,4985.06,-9.35,4989.06,9983.47,2.0,47.52,2,"ISRG,META",Bull_LowVol
2016-06-22,5018.83,-9.98,4989.06,10017.87,2.0,47.17,2,"ISRG,META",Bull_LowVol
2016-06-23,5147.95,-10.6,4989.06,10147.61,1.97,45.81,2,"ISRG,META",Bull_LowVol
2016-06-24,4889.04,-11.23,4989.06,9889.32,2.02,48.53,2,"ISRG,META",Bull_MidVol
2016-06-27,4639.11,-11.85,4989.06,9640.01,2.08,51.17,2,"ISRG,META",Bull_MidVol
2016-06-28,4859.93,-12.47,4989.06,9861.46,2.03,48.84,2,"ISRG,META",Bull_MidVol
2016-06-29,5078.58,-13.1,4989.06,10080.73,1.98,46.54,2,"ISRG,META",Bull_MidVol
2016-06-30,5148.23,0.0,2025.63,7173.86,1.39,45.81,2,"AMD,AMAT",Bull_MidVol
2016-07-01,5064.85,-0.25,2025.63,7090.73,1.4,46.68,2,"AMD,AMAT",Bull_MidVol
2016-07-05,4938.44,-0.51,2025.63,6964.57,1.41,48.01,2,"AMD,AMAT",Bull_MidVol
2016-07-06,5037.24,-0.76,2025.63,7063.63,1.4,46.97,2,"AMD,AMAT",Bull_MidVol
2016-07-07,5031.73,-1.01,2025.63,7058.38,1.4,47.03,2,"AMD,AMAT",Bull_MidVol
2016-07-08,5158.92,-1.27,2025.63,7185.81,1.39,45.69,2,"AMD,AMAT",Bull_MidVol
2016-07-11,5070.87,-1.52,2025.63,7098.02,1.4,46.62,2,"AMD,AMAT",Bull_MidVol
2016-07-12,5231.59,-1.77,2025.63,7258.99,1.39,44.93,2,"AMD,AMAT",Bull_MidVol
2016-07-13,5204.89,-2.03,2025.63,7232.55,1.39,45.21,2,"AMD,AMAT",Bull_MidVol
2016-07-14,5305.47,-2.28,2025.63,7333.38,1.38,44.15,2,"AMD,AMAT",Bull_MidVol
2016-07-15,5285.81,-2.53,2025.63,7313.97,1.38,44.36,2,"AMD,AMAT",Bull_MidVol
2016-07-18,5715.32,-2.79,2025.63,7743.74,1.35,39.84,2,"AMD,AMAT",Bull_MidVol
2016-07-19,5590.66,-3.04,2025.63,7619.32,1.36,41.15,2,"AMD,AMAT",Bull_MidVol
2016-07-20,5605.77,-3.29,2025.63,7634.69,1.36,40.99,2,"AMD,AMAT",Bull_MidVol
2016-07-21,5367.89,-3.54,2025.63,7397.06,1.38,43.49,2,"AMD,AMAT",Bull_MidVol
2016-07-22,6070.31,-3.8,2025.63,8099.74,1.33,36.1,2,"AMD,AMAT",Bull_MidVol
2016-07-25,7040.35,-4.05,2025.63,9070.03,1.29,25.89,2,"AMD,AMAT",Bull_LowVol
2016-07-26,7372.62,-4.3,2025.63,9402.55,1.28,22.39,2,"AMD,AMAT",Bull_LowVol
2016-07-27,7232.09,-4.56,2025.63,9262.27,1.28,23.87,2,"AMD,AMAT",Bull_LowVol
2016-07-28,7181.68,-4.81,2025.63,9212.12,1.28,24.4,2,"AMD,AMAT",Bull_LowVol
2016-07-29,7179.98,0.0,7146.19,14326.17,2.0,24.42,2,"AMD,AMAT",Bull_LowVol
2016-08-01,6808.86,-0.89,7146.19,13955.94,2.05,28.33,2,"AMD,AMAT",Bull_LowVol
2016-08-02,6139.71,-1.79,7146.19,13287.69,2.16,35.37,2,"AMD,AMAT",Bull_LowVol
2016-08-03,6230.67,-2.68,7146.19,13379.53,2.15,34.41,2,"AMD,AMAT",Bull_LowVol
2016-08-04,6532.61,-3.57,7146.19,13682.37,2.09,31.23,2,"AMD,AMAT",Bull_LowVol
2016-08-05,6813.62,-4.47,7146.19,13964.28,2.05,28.28,2,"AMD,AMAT",Bull_LowVol
2016-08-08,6932.01,-5.36,7146.19,14083.55,2.03,27.03,2,"AMD,AMAT",Bull_LowVol
2016-08-09,6792.94,-6.25,7146.19,13945.38,2.05,28.49,2,"AMD,AMAT",Bull_LowVol
2016-08-10,6566.83,-7.15,7146.19,13720.16,2.09,30.87,2,"AMD,AMAT",Bull_LowVol
2016-08-11,6760.94,-8.04,7146.19,13915.17,2.06,28.83,2,"AMD,AMAT",Bull_LowVol
2016-08-12,7050.02,-8.93,7146.19,14205.14,2.01,25.79,2,"AMD,AMAT",Bull_LowVol
2016-08-15,7448.61,-9.83,7146.19,14604.63,1.96,21.59,2,"AMD,AMAT",Bull_LowVol
2016-08-16,7136.22,-10.72,7146.19,14293.12,2.0,24.88,2,"AMD,AMAT",Bull_LowVol
2016-08-17,6975.61,-11.61,7146.19,14133.41,2.03,26.57,2,"AMD,AMAT",Bull_LowVol
2016-08-18,7619.26,-12.51,7146.19,14777.96,1.94,19.79,2,"AMD,AMAT",Bull_LowVol
2016-08-19,8801.14,-13.4,7146.19,15960.73,1.81,7.35,2,"AMD,AMAT",Bull_LowVol
2016-08-22,8680.22,-14.29,7146.19,15840.7,1.82,8.63,2,"AMD,AMAT",Bull_LowVol
2016-08-23,8927.78,-15.19,7146.19,16089.15,1.8,6.02,2,"AMD,AMAT",Bull_LowVol
2016-08-24,8498.18,-16.08,7146.19,15660.44,1.84,10.54,2,"AMD,AMAT",Bull_LowVol
2016-08-25,8558.76,-16.97,7146.19,15721.93,1.84,9.9,2,"AMD,AMAT",Bull_LowVol
2016-08-26,8927.27,-17.87,7146.19,16091.33,1.8,6.03,2,"AMD,AMAT",Bull_LowVol
2016-08-29,8801.24,-18.76,7146.19,15966.19,1.81,7.35,2,"AMD,AMAT",Bull_LowVol
2016-08-30,8626.52,-19.65,7146.19,15792.36,1.83,9.19,2,"AMD,AMAT",Bull_LowVol
2016-08-31,8458.75,-20.55,7146.19,15625.48,1.85,10.96,2,"AMD,AMAT",Bull_LowVol
2016-09-01,8423.14,-21.44,7146.19,15590.77,1.85,11.33,2,"AMD,AMAT",Bull_LowVol
2016-09-02,8660.57,-22.33,7146.19,15829.09,1.83,8.83,2,"AMD,AMAT",Bull_LowVol
2016-09-06,8370.91,-23.23,7146.19,15540.33,1.86,11.88,2,"AMD,AMAT",Bull_LowVol
2016-09-07,7525.91,-24.12,7146.19,14696.21,1.95,20.78,2,"AMD,AMAT",Bull_LowVol
2016-09-08,6491.43,-25.01,7146.19,13662.63,2.1,31.67,2,"AMD,AMAT",Bull_LowVol
2016-09-09,5837.31,-25.9,7146.19,13009.4,2.23,38.55,2,"AMD,AMAT",Bull_LowVol
2016-09-12,5982.72,-26.8,7146.19,13155.71,2.2,37.02,2,"AMD,AMAT",Bull_LowVol
2016-09-13,5624.39,-27.69,7146.19,12798.27,2.28,40.79,2,"AMD,AMAT",Bull_LowVol
2016-09-14,6130.84,-28.58,7146.19,13305.61,2.17,35.46,2,"AMD,AMAT",Bull_LowVol
2016-09-15,6174.79,-29.48,7146.19,13350.46,2.16,35.0,2,"AMD,AMAT",Bull_LowVol
2016-09-16,6213.21,-30.37,7146.19,13389.77,2.16,34.6,2,"AMD,AMAT",Bull_LowVol
2016-09-19,6423.53,-31.26,7146.19,13600.99,2.12,32.38,2,"AMD,AMAT",Bull_LowVol
2016-09-20,6449.16,-32.16,7146.19,13627.51,2.11,32.11,2,"AMD,AMAT",Bull_LowVol
2016-09-21,6668.6,-33.05,7146.19,13847.84,2.08,29.8,2,"AMD,AMAT",Bull_LowVol
2016-09-22,6771.1,-33.94,7146.19,13951.23,2.06,28.72,2,"AMD,AMAT",Bull_LowVol
2016-09-23,7002.83,-34.84,7146.19,14183.86,2.03,26.28,2,"AMD,AMAT",Bull_LowVol
2016-09-26,6583.43,-35.73,7146.19,13765.35,2.09,30.7,2,"AMD,AMAT",Bull_LowVol
2016-09-27,6982.14,-36.62,7146.19,14164.95,2.03,26.5,2,"AMD,AMAT",Bull_LowVol
2016-09-28,7075.77,-37.52,7146.19,14259.48,2.02,25.52,2,"AMD,AMAT",Bull_LowVol
2016-09-29,7191.31,-38.41,7146.19,14375.91,2.0,24.3,2,"AMD,AMAT",Bull_LowVol
2016-09-30,7653.93,-39.3,7146.19,14839.43,1.94,19.43,2,"AMD,AMAT",Bull_LowVol
2016-10-03,7694.94,-40.2,7146.19,14881.33,1.93,19.0,2,"AMD,AMAT",Bull_LowVol
2016-10-04,7693.8,-41.09,7146.19,14881.08,1.93,19.01,2,"AMD,AMAT",Bull_LowVol
2016-10-05,7410.92,-41.98,7146.19,14599.1,1.97,21.99,2,"AMD,AMAT",Bull_LowVol
2016-10-06,7705.73,-42.88,7146.19,14894.8,1.93,18.88,2,"AMD,AMAT",Bull_LowVol
2016-10-07,7338.28,-43.77,7146.19,14528.24,1.98,22.75,2,"AMD,AMAT",Bull_LowVol
2016-10-10,7447.72,-44.66,7146.19,14638.57,1.97,21.6,2,"AMD,AMAT",Bull_LowVol
2016-10-11,6797.53,-45.56,7146.19,13989.27,2.06,28.44,2,"AMD,AMAT",Bull_LowVol
2016-10-12,6997.39,-46.45,7146.19,14190.03,2.03,26.34,2,"AMD,AMAT",Bull_LowVol
2016-10-13,6694.18,-47.34,7146.19,13887.71,2.07,29.53,2,"AMD,AMAT",Bull_LowVol
2016-10-14,7151.11,-48.24,7146.19,14345.53,2.01,24.72,2,"AMD,AMAT",Bull_LowVol
2016-10-17,6987.01,-49.13,7146.19,14182.33,2.03,26.45,2,"AMD,AMAT",Bull_LowVol
2016-10-18,7110.42,-50.02,7146.19,14306.64,2.01,25.15,2,"AMD,AMAT",Bull_LowVol
2016-10-19,7209.08,-50.92,7146.19,14406.18,2.0,24.11,2,"AMD,AMAT",Bull_LowVol
2016-10-20,7532.58,-51.81,7146.19,14730.58,1.96,20.71,2,"AMD,AMAT",Bull_LowVol
2016-10-21,6801.0,-52.7,7146.19,13999.89,2.06,28.41,2,"AMD,AMAT",Bull_LowVol
2016-10-24,7698.18,-53.6,7146.19,14897.97,1.94,18.96,2,"AMD,AMAT",Bull_LowVol
2016-10-25,8485.52,-54.49,7146.19,15686.2,1.85,10.68,2,"AMD,AMAT",Bull_LowVol
2016-10-26,8132.21,-55.38,7146.19,15333.78,1.89,14.39,2,"AMD,AMAT",Bull_LowVol
2016-10-27,7831.26,-56.28,7146.19,15033.73,1.92,17.56,2,"AMD,AMAT",Bull_LowVol
2016-10-28,7959.19,-57.17,7146.19,15162.55,1.91,16.22,2,"AMD,AMAT",Bull_LowVol
2016-10-31,8113.17,0.0,5489.77,13602.94,1.68,14.6,2,"AMD,MELI",Bull_LowVol
2016-11-01,7894.23,-0.69,5489.77,13384.69,1.7,16.9,2,"AMD,MELI",Bull_LowVol
2016-11-02,7312.93,-1.37,5489.77,12804.07,1.75,23.02,2,"AMD,MELI",Bull_LowVol
2016-11-03,7205.31,-2.06,5489.77,12697.14,1.76,24.15,2,"AMD,MELI",Bull_LowVol
2016-11-04,6979.47,-2.74,5489.77,12471.98,1.79,26.53,2,"AMD,MELI",Bull_LowVol
2016-11-07,7669.24,-3.43,5489.77,13162.44,1.72,19.27,2,"AMD,MELI",Bull_LowVol
2016-11-08,7784.0,-4.12,5489.77,13277.89,1.71,18.06,2,"AMD,MELI",Bull_LowVol
2016-11-09,7666.52,-4.8,5489.77,13161.1,1.72,19.3,2,"AMD,MELI",Bull_LowVol
2016-11-10,6505.14,-5.49,5489.77,12000.4,1.84,31.52,2,"AMD,MELI",Bull_LowVol
2016-11-11,7095.48,-6.18,5489.77,12591.42,1.77,25.31,2,"AMD,MELI",Bull_LowVol
2016-11-14,7240.02,-6.86,5489.77,12736.65,1.76,23.79,2,"AMD,MELI",Bull_LowVol
2016-11-15,7560.3,-7.55,5489.77,13057.62,1.73,20.41,2,"AMD,MELI",Bull_LowVol
2016-11-16,8741.75,-8.23,5489.77,14239.75,1.63,7.98,2,"AMD,MELI",Bull_LowVol
2016-11-17,10065.69,-8.92,5489.77,15564.38,1.55,0.0,2,"AMD,MELI",Bull_LowVol
2016-11-18,10486.49,-9.61,5489.77,15985.86,1.52,0.0,2,"AMD,MELI",Bull_LowVol
2016-11-21,10897.5,-10.29,5489.77,16397.56,1.5,0.0,2,"AMD,MELI",Bull_LowVol
2016-11-22,10517.32,-10.98,5489.77,16018.07,1.52,3.49,2,"AMD,MELI",Bull_LowVol
2016-11-23,10716.81,-11.67,5489.77,16218.25,1.51,1.66,2,"AMD,MELI",Bull_LowVol
2016-11-25,10634.0,-12.35,5489.77,16136.12,1.52,2.42,2,"AMD,MELI",Bull_LowVol
2016-11-28,10721.76,-13.04,5489.77,16224.57,1.51,1.61,2,"AMD,MELI",Bull_LowVol
2016-11-29,10897.79,-13.72,5489.77,16401.29,1.51,0.0,2,"AMD,MELI",Bull_LowVol
2016-11-30,10835.78,0.0,6219.91,17055.69,1.57,0.57,2,"AMD,QCOM",Bull_LowVol
2016-12-01,9839.81,-0.78,6219.91,16060.49,1.63,9.71,2,"AMD,QCOM",Bull_MidVol
2016-12-02,10126.24,-1.55,6219.91,16347.7,1.61,7.08,2,"AMD,QCOM",Bull_LowVol
2016-12-05,10392.82,-2.33,6219.91,16615.06,1.6,4.63,2,"AMD,QCOM",Bull_LowVol
2016-12-06,11714.64,-3.11,6219.91,17937.65,1.53,0.0,2,"AMD,QCOM",Bull_LowVol
2016-12-07,11925.97,-3.89,6219.91,18149.76,1.52,0.0,2,"AMD,QCOM",Bull_LowVol
2016-12-08,13236.76,-4.66,6219.91,19461.33,1.47,0.0,2,"AMD,QCOM",Bull_LowVol
2016-12-09,13235.03,-5.44,6219.91,19460.38,1.47,0.01,2,"AMD,QCOM",Bull_LowVol
2016-12-12,13801.5,-6.22,6219.91,20027.62,1.45,0.0,2,"AMD,QCOM",Bull_LowVol
2016-12-13,13593.94,-7.0,6219.91,19820.85,1.46,1.5,2,"AMD,QCOM",Bull_LowVol
2016-12-14,13553.75,-7.77,6219.91,19781.43,1.46,1.8,2,"AMD,QCOM",Bull_LowVol
2016-12-15,14086.42,-8.55,6219.91,20314.88,1.44,0.0,2,"AMD,QCOM",Bull_LowVol
2016-12-16,13701.52,-9.33,6219.91,19930.75,1.45,2.73,2,"AMD,QCOM",Bull_LowVol
2016-12-19,14203.58,-10.11,6219.91,20433.59,1.44,0.0,2,"AMD,QCOM",Bull_LowVol
2016-12-20,15136.21,-10.88,6219.91,21367.0,1.41,0.0,2,"AMD,QCOM",Bull_LowVol
2016-12-21,15076.4,-11.66,6219.91,21307.97,1.41,0.4,2,"AMD,QCOM",Bull_LowVol
2016-12-22,15280.49,-12.44,6219.91,21512.84,1.41,0.0,2,"AMD,QCOM",Bull_LowVol
2016-12-23,15249.41,-13.22,6219.91,21482.53,1.41,0.2,2,"AMD,QCOM",Bull_LowVol
2016-12-27,16080.71,-13.99,6219.91,22314.61,1.39,0.0,2,"AMD,QCOM",Bull_LowVol
2016-12-28,15162.65,-14.77,6219.91,21397.33,1.41,5.71,2,"AMD,QCOM",Bull_LowVol
2016-12-29,15237.94,-15.55,6219.91,21473.39,1.41,5.24,2,"AMD,QCOM",Bull_LowVol
2016-12-30,14648.32,0.0,14664.27,29312.59,2.0,8.91,2,"AMD,URI",Bull_LowVol
2017-01-03,15037.82,-1.83,14664.27,29703.92,1.98,6.49,2,"AMD,URI",Bull_LowVol
2017-01-04,15066.72,-3.67,14664.27,29734.65,1.97,6.31,2,"AMD,URI",Bull_LowVol
2017-01-05,14686.19,-5.5,14664.27,29355.95,2.0,8.67,2,"AMD,URI",Bull_LowVol
2017-01-06,14808.02,-7.33,14664.27,29479.62,1.99,7.91,2,"AMD,URI",Bull_LowVol
2017-01-09,14982.08,-9.17,14664.27,29655.51,1.98,6.83,2,"AMD,URI",Bull_LowVol
2017-01-10,15026.9,-11.0,14664.27,29702.16,1.98,6.55,2,"AMD,URI",Bull_LowVol
2017-01-11,14547.06,-12.83,14664.27,29224.16,2.01,9.54,2,"AMD,URI",Bull_LowVol
2017-01-12,13483.41,-14.66,14664.27,28162.35,2.09,16.15,2,"AMD,URI",Bull_LowVol
2017-01-13,13136.25,-16.5,14664.27,27817.01,2.12,18.31,2,"AMD,URI",Bull_LowVol
2017-01-17,11568.05,-18.33,14664.27,26250.65,2.27,28.06,2,"AMD,URI",Bull_LowVol
2017-01-18,11898.62,-20.16,14664.27,26583.05,2.23,26.01,2,"AMD,URI",Bull_LowVol
2017-01-19,11637.37,-22.0,14664.27,26323.64,2.26,27.63,2,"AMD,URI",Bull_LowVol
2017-01-20,11634.67,-23.83,14664.27,26322.76,2.26,27.65,2,"AMD,URI",Bull_LowVol
2017-01-23,11905.41,-25.66,14664.27,26595.34,2.23,25.96,2,"AMD,URI",Bull_LowVol
2017-01-24,13194.85,-27.5,14664.27,27886.61,2.11,17.95,2,"AMD,URI",Bull_LowVol
2017-01-25,13042.03,-29.33,14664.27,27735.62,2.13,18.9,2,"AMD,URI",Bull_LowVol
2017-01-26,14095.14,-31.16,14664.27,28790.57,2.04,12.35,2,"AMD,URI",Bull_LowVol
2017-01-27,14470.25,-32.99,14664.27,29167.51,2.02,10.01,2,"AMD,URI",Bull_LowVol
2017-01-30,14371.96,-34.83,14664.27,29071.06,2.02,10.63,2,"AMD,URI",Bull_LowVol
2017-01-31,13745.95,0.0,13192.37,26938.32,1.96,14.52,2,"AMD,MU",Bull_LowVol
2017-02-01,17393.53,-1.65,13192.37,30587.54,1.76,0.0,2,"AMD,MU",Bull_LowVol
2017-02-02,17857.17,-3.3,13192.37,31052.83,1.74,0.0,2,"AMD,MU",Bull_LowVol
2017-02-03,17729.76,-4.95,13192.37,30927.07,1.74,0.71,2,"AMD,MU",Bull_LowVol
2017-02-06,20552.4,-6.6,13192.37,33751.37,1.64,0.0,2,"AMD,MU",Bull_LowVol
2017-02-07,19904.16,-8.25,13192.37,33104.77,1.66,3.15,2,"AMD,MU",Bull_LowVol
2017-02-08,20374.64,-9.89,13192.37,33576.9,1.65,0.86,2,"AMD,MU",Bull_LowVol
2017-02-09,20136.69,-11.54,13192.37,33340.61,1.66,2.02,2,"AMD,MU",Bull_LowVol
2017-02-10,20376.78,-13.19,13192.37,33582.34,1.65,0.85,2,"AMD,MU",Bull_LowVol
2017-02-13,20154.68,-14.84,13192.37,33361.89,1.66,1.94,2,"AMD,MU",Bull_LowVol
2017-02-14,19500.32,-16.49,13192.37,32709.17,1.68,5.12,2,"AMD,MU",Bull_LowVol
2017-02-15,19559.1,-18.14,13192.37,32769.61,1.68,4.83,2,"AMD,MU",Bull_LowVol
2017-02-16,18864.02,-19.79,13192.37,32076.18,1.7,8.21,2,"AMD,MU",Bull_LowVol
2017-02-17,19277.56,-21.44,13192.37,32491.36,1.69,6.2,2,"AMD,MU",Bull_LowVol
2017-02-21,21174.9,-23.09,13192.37,34390.35,1.62,0.0,2,"AMD,MU",Bull_LowVol
2017-02-22,21749.46,-24.74,13192.37,34966.57,1.61,0.0,2,"AMD,MU",Bull_LowVol
2017-02-23,21769.95,-26.38,13192.37,34988.71,1.61,0.0,2,"AMD,MU",Bull_LowVol
2017-02-24,21299.44,-28.03,13192.37,34519.85,1.62,2.16,2,"AMD,MU",Bull_LowVol
2017-02-27,23654.85,-29.68,13192.37,36876.9,1.56,0.0,2,"AMD,MU",Bull_LowVol
2017-02-28,22027.75,0.0,16589.87,38617.62,1.75,6.88,2,"AMD,URI",Bull_LowVol
2017-03-01,23421.85,-2.07,16589.87,40013.79,1.71,0.98,2,"AMD,URI",Bull_LowVol
2017-03-02,20928.2,-4.15,16589.87,37522.22,1.79,11.53,2,"AMD,URI",Bull_LowVol
2017-03-03,19102.21,-6.22,16589.87,35698.3,1.87,19.25,2,"AMD,URI",Bull_LowVol
2017-03-06,19192.3,-8.29,16589.87,35790.47,1.86,18.87,2,"AMD,URI",Bull_LowVol
2017-03-07,19101.13,-10.37,16589.87,35701.37,1.87,19.25,2,"AMD,URI",Bull_LowVol
2017-03-08,19192.19,-12.44,16589.87,35794.51,1.87,18.87,2,"AMD,URI",Bull_LowVol
2017-03-09,19261.92,-14.52,16589.87,35866.31,1.86,18.57,2,"AMD,URI",Bull_LowVol
2017-03-10,20528.13,-16.59,16589.87,37134.59,1.81,13.22,2,"AMD,URI",Bull_LowVol
2017-03-13,21377.67,-18.66,16589.87,37986.2,1.78,9.63,2,"AMD,URI",Bull_LowVol
2017-03-14,20862.11,-20.74,16589.87,37472.72,1.8,11.81,2,"AMD,URI",Bull_LowVol
2017-03-15,20896.21,-22.81,16589.87,37508.89,1.8,11.66,2,"AMD,URI",Bull_LowVol
2017-03-16,20137.61,-24.88,16589.87,36752.36,1.83,14.87,2,"AMD,URI",Bull_LowVol
2017-03-17,19797.63,-26.96,16589.87,36414.46,1.84,16.31,2,"AMD,URI",Bull_LowVol
2017-03-20,21669.42,-29.03,16589.87,38288.32,1.77,8.39,2,"AMD,URI",Bull_LowVol
2017-03-21,20128.84,-31.11,16589.87,36749.81,1.83,14.91,2,"AMD,URI",Bull_LowVol
2017-03-22,20732.42,-33.18,16589.87,37355.47,1.8,12.35,2,"AMD,URI",Bull_LowVol
2017-03-23,20117.05,-35.25,16589.87,36742.18,1.83,14.96,2,"AMD,URI",Bull_LowVol
2017-03-24,19919.56,-37.33,16589.87,36546.76,1.83,15.79,2,"AMD,URI",Bull_LowVol
2017-03-27,19841.34,-39.4,16589.87,36470.61,1.84,16.12,2,"AMD,URI",Bull_LowVol
2017-03-28,20066.51,-41.47,16589.87,36697.85,1.83,15.17,2,"AMD,URI",Bull_LowVol
2017-03-29,20132.87,-43.55,16589.87,36766.29,1.83,14.89,2,"AMD,URI",Bull_LowVol
2017-03-30,20871.67,-45.62,16589.87,37507.17,1.8,11.77,2,"AMD,URI",Bull_LowVol
2017-03-31,21965.9,-47.7,16589.87,38603.47,1.76,7.14,2,"AMD,URI",Bull_LowVol
2017-04-03,22068.28,-49.77,16589.87,38707.91,1.75,6.71,2,"AMD,URI",Bull_LowVol
2017-04-04,21066.64,-51.84,16589.87,37708.35,1.79,10.94,2,"AMD,URI",Bull_LowVol
2017-04-05,20902.68,-53.92,16589.87,37546.47,1.8,11.63,2,"AMD,URI",Bull_LowVol
2017-04-06,19232.13,-55.99,16589.87,35877.99,1.87,18.7,2,"AMD,URI",Bull_LowVol
2017-04-07,19708.8,-58.06,16589.87,36356.73,1.84,16.68,2,"AMD,URI",Bull_LowVol
2017-04-10,19007.48,-60.14,16589.87,35657.49,1.88,19.65,2,"AMD,URI",Bull_LowVol
2017-04-11,19003.39,-62.21,16589.87,35655.47,1.88,19.66,2,"AMD,URI",Bull_LowVol
2017-04-12,17972.69,-64.29,16589.87,34626.85,1.93,24.02,2,"AMD,URI",Bull_LowVol
2017-04-13,16913.33,-66.36,16589.87,33569.56,1.98,28.5,2,"AMD,URI",Bull_LowVol
2017-04-17,18018.64,-68.43,16589.87,34676.94,1.92,23.83,2,"AMD,URI",Bull_LowVol
2017-04-18,18274.95,-70.51,16589.87,34935.32,1.91,22.74,2,"AMD,URI",Bull_LowVol
2017-04-19,18017.11,-72.58,16589.87,34679.56,1.92,23.83,2,"AMD,URI",Bull_LowVol
2017-04-20,18156.54,-74.65,16589.87,34821.06,1.92,23.24,2,"AMD,URI",Bull_LowVol
2017-04-21,17806.38,-76.73,16589.87,34472.97,1.94,24.72,2,"AMD,URI",Bull_LowVol
2017-04-24,18215.44,-78.8,16589.87,34884.11,1.92,22.99,2,"AMD,URI",Bull_LowVol
2017-04-25,18942.48,-80.88,16589.87,35613.22,1.88,19.92,2,"AMD,URI",Bull_LowVol
2017-04-26,18781.23,-82.95,16589.87,35454.04,1.89,20.6,2,"AMD,URI",Bull_LowVol
2017-04-27,19102.36,-85.02,9060.5,28247.88,1.48,19.25,1,AMD,Bull_LowVol
2017-04-28,18534.63,0.0,16447.1,34981.73,1.89,21.65,2,"AMD,SHOP",Bull_LowVol
2017-05-01,19323.85,-2.06,16447.1,35773.0,1.85,18.31,2,"AMD,SHOP",Bull_LowVol
2017-05-02,13034.72,-4.11,16447.1,29485.93,2.26,44.9,2,"AMD,SHOP",Bull_LowVol
2017-05-03,13055.12,-6.17,16447.1,29508.39,2.26,44.81,2,"AMD,SHOP",Bull_LowVol
2017-05-04,12415.57,-8.22,16447.1,28870.89,2.33,47.51,2,"AMD,SHOP",Bull_LowVol
2017-05-05,13007.3,-10.28,16447.1,29464.68,2.27,45.01,2,"AMD,SHOP",Bull_LowVol
2017-05-08,12815.9,-12.34,16447.1,29275.33,2.28,45.82,2,"AMD,SHOP",Bull_LowVol
2017-05-09,13335.04,-14.39,16447.1,29796.53,2.23,43.63,2,"AMD,SHOP",Bull_LowVol
2017-05-10,14978.96,-16.45,16447.1,31442.5,2.1,36.68,2,"AMD,SHOP",Bull_LowVol
2017-05-11,15456.32,-18.5,16447.1,31921.93,2.07,34.66,2,"AMD,SHOP",Bull_LowVol
2017-05-12,16000.27,-20.56,16447.1,32467.93,2.03,32.36,2,"AMD,SHOP",Bull_LowVol
2017-05-15,16394.34,-22.61,16447.1,32864.06,2.0,30.69,2,"AMD,SHOP",Bull_LowVol
2017-05-16,19217.91,-24.67,16447.1,35689.68,1.86,18.76,2,"AMD,SHOP",Bull_LowVol
2017-05-17,15505.39,-26.73,16447.1,31979.22,2.06,34.45,2,"AMD,SHOP",Bull_LowVol
2017-05-18,15890.35,-28.78,16447.1,32366.23,2.04,32.82,2,"AMD,SHOP",Bull_LowVol
2017-05-19,15842.34,-30.84,16447.1,32320.28,2.04,33.03,2,"AMD,SHOP",Bull_LowVol
2017-05-22,15144.01,-32.89,16447.1,31624.0,2.09,35.98,2,"AMD,SHOP",Bull_LowVol
2017-05-23,14871.76,-34.95,16447.1,31353.81,2.11,37.13,2,"AMD,SHOP",Bull_LowVol
2017-05-24,14946.65,-37.01,16447.1,31430.76,2.1,36.81,2,"AMD,SHOP",Bull_LowVol
2017-05-25,15073.79,-39.06,16447.1,31559.95,2.09,36.28,2,"AMD,SHOP",Bull_LowVol
2017-05-26,15163.86,-41.12,16447.1,31652.08,2.09,35.9,2,"AMD,SHOP",Bull_LowVol
2017-05-30,15394.13,-43.17,16447.1,31884.4,2.07,34.92,2,"AMD,SHOP",Bull_LowVol
2017-05-31,15569.61,0.0,32523.32,48092.93,3.09,34.18,2,"AMD,SHOP",Bull_LowVol
2017-06-01,15454.33,-4.07,32523.32,47981.72,3.1,34.67,2,"AMD,SHOP",Bull_LowVol
2017-06-02,16496.03,-8.13,32523.32,49027.48,2.97,30.26,2,"AMD,SHOP",Bull_LowVol
2017-06-05,17183.58,-12.2,32523.32,49719.09,2.89,27.36,2,"AMD,SHOP",Bull_LowVol
2017-06-06,19124.09,-16.26,32523.32,51663.67,2.7,19.15,2,"AMD,SHOP",Bull_LowVol
2017-06-07,19407.07,-20.33,32523.32,51950.71,2.68,17.96,2,"AMD,SHOP",Bull_LowVol
2017-06-08,20982.64,-24.39,32523.32,53530.35,2.55,11.3,2,"AMD,SHOP",Bull_LowVol
2017-06-09,17690.75,-28.46,32523.32,50242.53,2.84,25.21,2,"AMD,SHOP",Bull_LowVol
2017-06-12,16599.12,-32.52,32523.32,49154.96,2.96,29.83,2,"AMD,SHOP",Bull_LowVol
2017-06-13,15794.47,-36.59,32523.32,48354.38,3.06,33.23,2,"AMD,SHOP",Bull_LowVol
2017-06-14,14971.03,-40.65,32523.32,47535.01,3.18,36.71,2,"AMD,SHOP",Bull_LowVol
2017-06-15,14439.49,-44.72,32523.32,47007.53,3.26,38.96,2,"AMD,SHOP",Bull_LowVol
2017-06-16,14703.79,-48.78,32523.32,47275.9,3.22,37.84,2,"AMD,SHOP",Bull_LowVol
2017-06-19,16699.35,-52.85,32523.32,49275.52,2.95,29.4,2,"AMD,SHOP",Bull_LowVol
2017-06-20,17728.97,-56.92,32523.32,50309.21,2.84,25.05,2,"AMD,SHOP",Bull_LowVol
2017-06-21,21129.84,-60.98,32523.32,53714.14,2.54,10.67,2,"AMD,SHOP",Bull_LowVol
2017-06-22,21987.89,-65.05,32523.32,54576.25,2.48,7.05,2,"AMD,SHOP",Bull_LowVol
2017-06-23,22390.78,-69.11,32523.32,54983.21,2.46,5.34,2,"AMD,SHOP",Bull_LowVol
2017-06-26,21539.06,-73.18,32523.32,54135.56,2.51,8.94,2,"AMD,SHOP",Bull_LowVol
2017-06-27,18770.17,-77.24,32523.32,51370.74,2.74,20.65,2,"AMD,SHOP",Bull_LowVol
2017-06-28,19085.36,-81.31,32523.32,51689.99,2.71,19.32,2,"AMD,SHOP",Bull_MidVol
2017-06-29,16929.47,-85.37,32523.32,49538.16,2.93,28.43,2,"AMD,SHOP",Bull_MidVol
2017-06-30,17005.05,0.0,9794.23,26799.29,1.58,28.11,2,"SHOP,MELI",Bull_MidVol
2017-07-03,16757.42,-1.22,9794.23,26552.88,1.58,29.16,2,"SHOP,MELI",Bull_MidVol
2017-07-05,17305.72,-2.45,9794.23,27102.4,1.57,26.84,2,"SHOP,MELI",Bull_MidVol
2017-07-06,16817.32,-3.67,9794.23,26615.22,1.58,28.91,2,"SHOP,MELI",Bull_MidVol
2017-07-07,17627.64,-4.9,9794.23,27426.77,1.56,25.48,2,"SHOP,MELI",Bull_MidVol
2017-07-10,18223.01,-6.12,9794.23,28023.37,1.54,22.96,2,"SHOP,MELI",Bull_LowVol
2017-07-11,18336.69,-7.35,9794.23,28138.27,1.53,22.48,2,"SHOP,MELI",Bull_LowVol
2017-07-12,19408.88,-8.57,9794.23,29211.69,1.51,17.95,2,"SHOP,MELI",Bull_MidVol
2017-07-13,18921.47,-9.79,9794.23,28725.5,1.52,20.01,2,"SHOP,MELI",Bull_MidVol
2017-07-14,18781.49,-11.02,9794.23,28586.74,1.52,20.6,2,"SHOP,MELI",Bull_MidVol
2017-07-17,18293.12,-12.24,9794.23,28099.6,1.54,22.67,2,"SHOP,MELI",Bull_MidVol
2017-07-18,19074.12,-13.47,9794.23,28881.83,1.51,19.36,2,"SHOP,MELI",Bull_LowVol
2017-07-19,18730.3,-14.69,9794.23,28539.23,1.52,20.82,2,"SHOP,MELI",Bull_LowVol
2017-07-20,18469.79,-15.92,9794.23,28279.94,1.53,21.92,2,"SHOP,MELI",Bull_LowVol
2017-07-21,18052.13,-17.14,9794.23,27863.5,1.54,23.69,2,"SHOP,MELI",Bull_LowVol
2017-07-24,19213.51,-18.36,9794.23,29026.1,1.51,18.78,2,"SHOP,MELI",Bull_LowVol
2017-07-25,18778.96,-19.59,9794.23,28592.78,1.52,20.61,2,"SHOP,MELI",Bull_LowVol
2017-07-26,19342.31,-20.81,9794.23,29157.36,1.51,18.23,2,"SHOP,MELI",Bull_LowVol
2017-07-27,18403.7,-22.04,9794.23,28219.97,1.53,22.2,2,"SHOP,MELI",Bull_LowVol
2017-07-28,19122.23,-23.26,9794.23,28939.72,1.51,19.16,2,"SHOP,MELI",Bull_LowVol
2017-07-31,18928.05,0.0,13635.72,32563.77,1.72,19.98,2,"SHOP,MU",Bull_LowVol
2017-08-01,22157.58,-1.7,13635.72,35795.0,1.62,6.33,2,"SHOP,MU",Bull_LowVol
2017-08-02,20681.38,-3.41,13635.72,34320.51,1.66,12.57,2,"SHOP,MU",Bull_LowVol
2017-08-03,20142.78,-5.11,13635.72,33783.61,1.68,14.85,2,"SHOP,MU",Bull_LowVol
2017-08-04,19926.82,-6.82,13635.72,33569.36,1.68,15.76,2,"SHOP,MU",Bull_LowVol
2017-08-07,20513.84,-8.52,13635.72,34158.09,1.67,13.28,2,"SHOP,MU",Bull_LowVol
2017-08-08,20232.42,-10.23,13635.72,33878.37,1.67,14.47,2,"SHOP,MU",Bull_LowVol
2017-08-09,19803.41,-11.93,13635.72,33451.06,1.69,16.28,2,"SHOP,MU",Bull_LowVol
2017-08-10,17670.0,-13.64,13635.72,31319.35,1.77,25.3,2,"SHOP,MU",Bull_LowVol
2017-08-11,18704.41,-15.34,13635.72,32355.47,1.73,20.93,2,"SHOP,MU",Bull_LowVol
2017-08-14,19669.17,-17.04,13635.72,33321.93,1.69,16.85,2,"SHOP,MU",Bull_LowVol
2017-08-15,19538.94,-18.75,13635.72,33193.4,1.7,17.4,2,"SHOP,MU",Bull_LowVol
2017-08-16,20203.59,-20.45,13635.72,33859.76,1.68,14.59,2,"SHOP,MU",Bull_LowVol
2017-08-17,19614.25,-22.16,13635.72,33272.13,1.7,17.08,2,"SHOP,MU",Bull_LowVol
2017-08-18,20108.92,-23.86,13635.72,33768.51,1.68,14.99,2,"SHOP,MU",Bull_LowVol
2017-08-21,20345.15,-25.57,13635.72,34006.43,1.67,13.99,2,"SHOP,MU",Bull_LowVol
2017-08-22,21216.01,-27.27,13635.72,34879.0,1.64,10.31,2,"SHOP,MU",Bull_LowVol
2017-08-23,22257.27,-28.98,13635.72,35921.97,1.61,5.91,2,"SHOP,MU",Bull_LowVol
2017-08-24,23296.45,-30.68,13635.72,36962.85,1.59,1.52,2,"SHOP,MU",Bull_LowVol
2017-08-25,22557.71,-32.38,13635.72,36225.81,1.61,4.64,2,"SHOP,MU",Bull_LowVol
2017-08-28,22781.4,-34.09,13635.72,36451.21,1.6,3.69,2,"SHOP,MU",Bull_LowVol
2017-08-29,23044.08,-35.79,13635.72,36715.6,1.59,2.58,2,"SHOP,MU",Bull_LowVol
2017-08-30,24179.8,-37.5,13635.72,37853.02,1.57,0.0,2,"SHOP,MU",Bull_LowVol
2017-08-31,24945.85,0.0,29022.84,53968.69,2.16,0.0,2,"SHOP,VRTX",Bull_LowVol
2017-09-01,25179.27,-3.63,29022.84,54205.74,2.15,0.0,2,"SHOP,VRTX",Bull_LowVol
2017-09-05,24651.84,-7.26,29022.84,53681.94,2.18,2.09,2,"SHOP,VRTX",Bull_LowVol
2017-09-06,24229.8,-10.88,29022.84,53263.52,2.2,3.77,2,"SHOP,VRTX",Bull_LowVol
2017-09-07,25451.06,-14.51,29022.84,54488.4,2.14,0.0,2,"SHOP,VRTX",Bull_LowVol
2017-09-08,25401.65,-18.14,29022.84,54442.62,2.14,0.19,2,"SHOP,VRTX",Bull_LowVol
2017-09-11,26432.58,-21.77,29022.84,55477.18,2.1,0.0,2,"SHOP,VRTX",Bull_LowVol
2017-09-12,26961.4,-25.39,29022.84,56009.63,2.08,0.0,2,"SHOP,VRTX",Bull_LowVol
2017-09-13,26605.33,-29.02,29022.84,55657.19,2.09,1.32,2,"SHOP,VRTX",Bull_LowVol
2017-09-14,26360.32,-32.65,29022.84,55415.8,2.1,2.23,2,"SHOP,VRTX",Bull_LowVol
2017-09-15,26407.21,-36.28,29022.84,55466.32,2.1,2.06,2,"SHOP,VRTX",Bull_LowVol
2017-09-18,26927.64,-39.91,29022.84,55990.38,2.08,0.13,2,"SHOP,VRTX",Bull_LowVol
2017-09-19,27035.08,-43.53,29022.84,56101.45,2.08,0.0,2,"SHOP,VRTX",Bull_LowVol
2017-09-20,26000.94,-47.16,29022.84,55070.94,2.12,3.83,2,"SHOP,VRTX",Bull_LowVol
2017-09-21,26131.95,-50.79,29022.84,55205.58,2.11,3.34,2,"SHOP,VRTX",Bull_LowVol
2017-09-22,26041.63,-54.42,29022.84,55118.88,2.12,3.67,2,"SHOP,VRTX",Bull_LowVol
2017-09-25,24144.94,-58.05,29022.84,53225.82,2.2,10.69,2,"SHOP,VRTX",Bull_LowVol
2017-09-26,23750.68,-61.67,29022.84,52835.18,2.22,12.15,2,"SHOP,VRTX",Bull_LowVol
2017-09-27,24926.95,-65.3,29022.84,54015.09,2.17,7.8,2,"SHOP,VRTX",Bull_LowVol
2017-09-28,24747.92,-68.93,29022.84,53839.69,2.18,8.46,2,"SHOP,VRTX",Bull_LowVol
2017-09-29,25135.85,0.0,37520.77,62656.63,2.49,7.03,2,"SHOP,VRTX",Bull_LowVol
2017-10-02,26021.4,-4.69,37520.77,63546.87,2.44,3.75,2,"SHOP,VRTX",Bull_LowVol
2017-10-03,25306.39,-9.38,37520.77,62836.54,2.48,6.39,2,"SHOP,VRTX",Bull_LowVol
2017-10-04,20662.37,-14.07,37520.77,58197.21,2.82,23.57,2,"SHOP,VRTX",Bull_LowVol
2017-10-05,19640.83,-18.76,37520.77,57180.36,2.91,27.35,2,"SHOP,VRTX",Bull_LowVol
2017-10-06,19191.4,-23.45,37520.77,56735.63,2.96,29.01,2,"SHOP,VRTX",Bull_LowVol
2017-10-09,19068.33,-28.14,37520.77,56617.24,2.97,29.47,2,"SHOP,VRTX",Bull_LowVol
2017-10-10,17258.41,-32.83,37520.77,54812.02,3.18,36.16,2,"SHOP,VRTX",Bull_LowVol
2017-10-11,18020.55,-37.52,37520.77,55578.85,3.08,33.34,2,"SHOP,VRTX",Bull_LowVol
2017-10-12,17783.26,-42.21,37520.77,55346.24,3.11,34.22,2,"SHOP,VRTX",Bull_LowVol
2017-10-13,17571.06,-46.9,37520.77,55138.74,3.14,35.01,2,"SHOP,VRTX",Bull_LowVol
2017-10-16,18780.87,-51.59,37520.77,56353.23,3.0,30.53,2,"SHOP,VRTX",Bull_LowVol
2017-10-17,18563.91,-56.28,37520.77,56140.97,3.02,31.33,2,"SHOP,VRTX",Bull_LowVol
2017-10-18,19450.06,-60.97,37520.77,57031.8,2.93,28.06,2,"SHOP,VRTX",Bull_LowVol
2017-10-19,19188.02,-65.66,37520.77,56774.45,2.96,29.03,2,"SHOP,VRTX",Bull_LowVol
2017-10-20,20509.89,-70.35,37520.77,58101.01,2.83,24.14,2,"SHOP,VRTX",Bull_LowVol
2017-10-23,20251.42,-75.04,37520.77,57847.23,2.86,25.09,2,"SHOP,VRTX",Bull_LowVol
2017-10-24,21456.08,-79.73,37520.77,59056.58,2.75,20.64,2,"SHOP,VRTX",Bull_LowVol
2017-10-25,19634.77,-84.42,37520.77,57239.97,2.92,27.37,2,"SHOP,VRTX",Bull_LowVol
2017-10-26,19561.73,-89.11,37520.77,57171.61,2.92,27.64,2,"SHOP,VRTX",Bull_LowVol
2017-10-27,21588.33,-93.8,37520.77,59202.91,2.74,20.15,2,"SHOP,VRTX",Bull_LowVol
2017-10-30,22214.93,-98.49,37520.77,59834.19,2.69,17.83,2,"SHOP,VRTX",Bull_LowVol
2017-10-31,18279.66,0.0,36527.62,54807.28,3.0,32.39,2,"SHOP,NVDA",Bull_LowVol
2017-11-01,17184.23,-4.57,36527.62,53716.42,3.13,36.44,2,"SHOP,NVDA",Bull_LowVol
2017-11-02,18321.05,-9.13,36527.62,54857.8,2.99,32.23,2,"SHOP,NVDA",Bull_LowVol
2017-11-03,18185.77,-13.7,36527.62,54727.08,3.01,32.73,2,"SHOP,NVDA",Bull_LowVol
2017-11-06,18663.06,-18.26,36527.62,55208.94,2.96,30.97,2,"SHOP,NVDA",Bull_LowVol
2017-11-07,18853.4,-22.83,36527.62,55403.85,2.94,30.26,2,"SHOP,NVDA",Bull_LowVol
2017-11-08,18455.91,-27.4,36527.62,55010.93,2.98,31.73,2,"SHOP,NVDA",Bull_LowVol
2017-11-09,17254.21,-31.96,36527.62,53813.8,3.12,36.18,2,"SHOP,NVDA",Bull_LowVol
2017-11-10,19352.97,-36.53,36527.62,55917.11,2.89,28.42,2,"SHOP,NVDA",Bull_LowVol
2017-11-13,18572.23,-41.09,36527.62,55140.95,2.97,31.3,2,"SHOP,NVDA",Bull_LowVol
2017-11-14,18791.05,-45.66,36527.62,55364.33,2.95,30.49,2,"SHOP,NVDA",Bull_LowVol
2017-11-15,18047.91,-50.23,36527.62,54625.75,3.03,33.24,2,"SHOP,NVDA",Bull_LowVol
2017-11-16,20214.93,-54.79,36527.62,56797.34,2.81,25.23,2,"SHOP,NVDA",Bull_LowVol
2017-11-17,20528.81,-59.36,36527.62,57115.79,2.78,24.07,2,"SHOP,NVDA",Bull_LowVol
2017-11-20,22056.03,-63.92,36527.62,58647.57,2.66,18.42,2,"SHOP,NVDA",Bull_LowVol
2017-11-21,22800.96,-68.49,36527.62,59397.07,2.61,15.66,2,"SHOP,NVDA",Bull_LowVol
2017-11-22,22781.92,-73.06,36527.62,59382.6,2.61,15.73,2,"SHOP,NVDA",Bull_LowVol
2017-11-24,23460.88,-77.62,36527.62,60066.12,2.56,13.22,2,"SHOP,NVDA",Bull_LowVol
2017-11-27,23706.92,-82.19,36527.62,60316.73,2.54,12.31,2,"SHOP,NVDA",Bull_LowVol
2017-11-28,22923.63,-86.75,36527.62,59538.0,2.6,15.21,2,"SHOP,NVDA",Bull_LowVol
2017-11-29,18600.31,-91.32,36527.62,55219.25,2.97,31.2,2,"SHOP,NVDA",Bull_LowVol
2017-11-30,19366.42,0.0,18932.08,38298.5,1.98,28.37,2,"MU,LRCX",Bull_LowVol
2017-12-01,18772.71,-2.37,18932.08,37707.16,2.01,30.56,2,"MU,LRCX",Bull_LowVol
2017-12-04,17087.17,-4.73,18932.08,36023.98,2.11,36.8,2,"MU,LRCX",Bull_LowVol
2017-12-05,17787.83,-7.1,18932.08,36727.01,2.06,34.2,2,"MU,LRCX",Bull_LowVol
2017-12-06,18292.44,-9.47,18932.08,37233.99,2.04,32.34,2,"MU,LRCX",Bull_LowVol
2017-12-07,19549.15,-11.83,18932.08,38493.06,1.97,27.69,2,"MU,LRCX",Bull_LowVol
2017-12-08,19321.81,-14.2,18932.08,38268.08,1.98,28.53,2,"MU,LRCX",Bull_LowVol
2017-12-11,19139.16,-16.57,18932.08,38087.81,1.99,29.21,2,"MU,LRCX",Bull_LowVol
2017-12-12,18201.22,-18.93,18932.08,37152.23,2.04,32.68,2,"MU,LRCX",Bull_LowVol
2017-12-13,18275.06,-21.3,18932.08,37228.44,2.04,32.4,2,"MU,LRCX",Bull_LowVol
2017-12-14,18438.43,-23.67,18932.08,37394.17,2.03,31.8,2,"MU,LRCX",Bull_LowVol
2017-12-15,18878.63,-26.03,18932.08,37836.74,2.0,30.17,2,"MU,LRCX",Bull_LowVol
2017-12-18,19788.99,-28.4,18932.08,38749.47,1.96,26.8,2,"MU,LRCX",Bull_LowVol
2017-12-19,19674.11,-30.76,18932.08,38636.96,1.96,27.23,2,"MU,LRCX",Bull_LowVol
2017-12-20,20820.1,-33.13,18932.08,39785.31,1.91,22.99,2,"MU,LRCX",Bull_LowVol
2017-12-21,19857.15,-35.5,18932.08,38824.73,1.96,26.55,2,"MU,LRCX",Bull_LowVol
2017-12-22,19788.95,-37.86,18932.08,38758.89,1.96,26.8,2,"MU,LRCX",Bull_LowVol
2017-12-26,18615.42,-40.23,18932.08,37587.73,2.02,31.14,2,"MU,LRCX",Bull_LowVol
2017-12-27,18822.51,-42.6,18932.08,37797.18,2.01,30.38,2,"MU,LRCX",Bull_LowVol
2017-12-28,18487.71,-44.96,18932.08,37464.75,2.03,31.62,2,"MU,LRCX",Bull_LowVol
2017-12-29,17968.79,0.0,16341.78,34310.57,1.91,33.54,2,"MU,TEAM",Bull_LowVol
2018-01-02,19727.57,-2.04,16341.78,36071.39,1.83,27.03,2,"MU,TEAM",Bull_LowVol
2018-01-03,21359.08,-4.09,16341.78,37704.95,1.77,20.99,2,"MU,TEAM",Bull_LowVol
2018-01-04,22684.05,-6.13,16341.78,39031.96,1.72,16.09,2,"MU,TEAM",Bull_LowVol
2018-01-05,22200.01,-8.17,16341.78,38549.96,1.74,17.88,2,"MU,TEAM",Bull_LowVol
2018-01-08,22079.96,-10.21,16341.78,38431.95,1.74,18.33,2,"MU,TEAM",Bull_LowVol
2018-01-09,20973.66,-12.26,16341.78,37327.7,1.78,22.42,2,"MU,TEAM",Bull_LowVol
2018-01-10,20670.05,-14.3,16341.78,37026.12,1.79,23.54,2,"MU,TEAM",Bull_LowVol
2018-01-11,20697.43,-16.34,16341.78,37055.55,1.79,23.44,2,"MU,TEAM",Bull_LowVol
2018-01-12,20841.78,-18.38,16341.78,37201.94,1.78,22.91,2,"MU,TEAM",Bull_LowVol
2018-01-16,20968.2,-20.43,16341.78,37330.4,1.78,22.44,2,"MU,TEAM",Bull_LowVol
2018-01-17,22246.3,-22.47,16341.78,38610.55,1.74,17.71,2,"MU,TEAM",Bull_LowVol
2018-01-18,22313.24,-24.51,16341.78,38679.53,1.73,17.47,2,"MU,TEAM",Bull_LowVol
2018-01-19,20945.55,-26.56,16341.78,37313.88,1.78,22.52,2,"MU,TEAM",Bull_LowVol
2018-01-22,20779.15,-28.6,16341.78,37149.53,1.79,23.14,2,"MU,TEAM",Bull_LowVol
2018-01-23,21808.77,-30.64,16341.78,38181.19,1.75,19.33,2,"MU,TEAM",Bull_LowVol
2018-01-24,21024.49,-32.68,16341.78,37398.95,1.78,22.23,2,"MU,TEAM",Bull_LowVol
2018-01-25,21077.72,-34.73,16341.78,37454.22,1.78,22.04,2,"MU,TEAM",Bull_LowVol
2018-01-26,21634.78,-36.77,16341.78,38013.33,1.76,19.98,2,"MU,TEAM",Bull_LowVol
2018-01-29,21690.52,-38.81,16341.78,38071.1,1.76,19.77,2,"MU,TEAM",Bull_LowVol
2018-01-30,20463.55,-40.85,16341.78,36846.18,1.8,24.31,2,"MU,TEAM",Bull_LowVol
2018-01-31,21330.68,0.0,21085.81,42416.49,1.99,21.1,2,"CAT,URI",Bull_LowVol
2018-02-01,21095.52,-2.64,21085.81,42183.96,2.0,21.97,2,"CAT,URI",Bull_LowVol
2018-02-02,19741.34,-5.27,21085.81,40832.42,2.07,26.98,2,"CAT,URI",Bull_LowVol
2018-02-05,18126.32,-7.91,21085.81,39220.03,2.16,32.95,2,"CAT,URI",Bull_MidVol
2018-02-06,19373.6,-10.54,21085.81,40469.96,2.09,28.34,2,"CAT,URI",Bull_MidVol
2018-02-07,19317.05,-13.18,21085.81,40416.03,2.09,28.55,2,"CAT,URI",Bull_MidVol
2018-02-08,16892.87,-15.81,21085.81,37994.49,2.25,37.52,2,"CAT,URI",Bull_MidVol
2018-02-09,17589.02,-18.45,21085.81,38693.28,2.2,34.94,2,"CAT,URI",Bull_MidVol
2018-02-12,18215.11,-21.09,21085.81,39322.0,2.16,32.62,2,"CAT,URI",Bull_MidVol
2018-02-13,18479.37,-23.72,21085.81,39588.9,2.14,31.65,2,"CAT,URI",Bull_MidVol
2018-02-14,19132.1,-26.36,21085.81,40244.26,2.1,29.23,2,"CAT,URI",Bull_MidVol
2018-02-15,19422.87,-28.99,21085.81,40537.67,2.09,28.16,2,"CAT,URI",Bull_MidVol
2018-02-16,18980.76,-31.63,21085.81,40098.19,2.11,29.79,2,"CAT,URI",Bull_MidVol
2018-02-20,19326.69,-34.26,21085.81,40446.76,2.09,28.51,2,"CAT,URI",Bull_MidVol
2018-02-21,19239.91,-36.9,21085.81,40362.62,2.1,28.83,2,"CAT,URI",Bull_MidVol
2018-02-22,20099.94,-39.54,21085.81,41225.28,2.05,25.65,2,"CAT,URI",Bull_MidVol
2018-02-23,21020.24,-42.17,21085.81,42148.22,2.01,22.25,2,"CAT,URI",Bull_MidVol
2018-02-26,21363.51,-44.81,21085.81,42494.13,1.99,20.98,2,"CAT,URI",Bull_MidVol
2018-02-27,20780.43,-47.44,21085.81,41913.68,2.02,23.14,2,"CAT,URI",Bull_MidVol
2018-02-28,19146.76,238.29,0.0,18908.47,0.99,29.18,2,"NFLX,MELI",Bull_MidVol
2018-03-01,19054.54,238.29,0.0,18816.24,0.99,29.52,2,"NFLX,MELI",Bull_MidVol
2018-03-02,19512.79,238.29,0.0,19274.5,0.99,27.82,2,"NFLX,MELI",Bull_MidVol
2018-03-05,20051.87,238.29,0.0,19813.58,0.99,25.83,2,"NFLX,MELI",Bull_MidVol
2018-03-06,20841.63,238.29,0.0,20603.33,0.99,22.91,2,"NFLX,MELI",Bull_MidVol
2018-03-07,20644.95,238.29,0.0,20406.66,0.99,23.64,2,"NFLX,MELI",Bull_MidVol
2018-03-08,20264.53,238.29,0.0,20026.24,0.99,25.04,2,"NFLX,MELI",Bull_MidVol
2018-03-09,21144.24,238.29,0.0,20905.94,0.99,21.79,2,"NFLX,MELI",Bull_MidVol
2018-03-12,20697.67,238.29,0.0,20459.38,0.99,23.44,2,"NFLX,MELI",Bull_MidVol
2018-03-13,20424.64,238.29,0.0,20186.35,0.99,24.45,2,"NFLX,MELI",Bull_MidVol
2018-03-14,20594.81,238.29,0.0,20356.52,0.99,23.82,2,"NFLX,MELI",Bull_MidVol
2018-03-15,20185.52,238.29,0.0,19947.22,0.99,25.34,2,"NFLX,MELI",Bull_MidVol
2018-03-16,19900.79,238.29,0.0,19662.5,0.99,26.39,2,"NFLX,MELI",Bull_LowVol
2018-03-19,19461.4,238.29,0.0,19223.11,0.99,28.01,2,"NFLX,MELI",Bull_MidVol
2018-03-20,19565.35,238.29,0.0,19327.06,0.99,27.63,2,"NFLX,MELI",Bull_MidVol
2018-03-21,19465.68,238.29,0.0,19227.39,0.99,28.0,2,"NFLX,MELI",Bull_MidVol
2018-03-22,18870.01,238.29,0.0,18631.72,0.99,30.2,2,"NFLX,MELI",Bull_MidVol
2018-03-23,18535.82,238.29,0.0,18297.52,0.99,31.44,2,"NFLX,MELI",Bull_MidVol
2018-03-26,19417.55,238.29,0.0,19179.26,0.99,28.18,2,"NFLX,MELI",Bull_MidVol
2018-03-27,18691.48,238.29,0.0,18453.18,0.99,30.86,2,"NFLX,MELI",Bull_MidVol
2018-03-28,17918.55,238.29,0.0,17680.25,0.99,33.72,2,"NFLX,MELI",Bull_MidVol
2018-03-29,18567.22,0.0,848.38,19415.6,1.05,31.32,2,"NFLX,AMZN",Bull_MidVol
2018-04-02,17567.58,-0.11,848.38,18416.06,1.05,35.02,2,"NFLX,AMZN",Bull_MidVol
2018-04-03,17811.17,-0.21,848.38,18659.76,1.05,34.12,2,"NFLX,AMZN",Bull_MidVol
2018-04-04,18112.57,-0.32,848.38,18961.27,1.05,33.0,2,"NFLX,AMZN",Bull_MidVol
2018-04-05,18544.79,-0.42,848.38,19393.59,1.05,31.4,2,"NFLX,AMZN",Bull_MidVol
2018-04-06,18076.32,-0.53,848.38,18925.22,1.05,33.14,2,"NFLX,AMZN",Bull_MidVol
2018-04-09,18119.89,-0.64,848.38,18968.9,1.05,32.98,2,"NFLX,AMZN",Bull_MidVol
2018-04-10,18594.92,-0.74,848.38,19444.04,1.05,31.22,2,"NFLX,AMZN",Bull_MidVol
2018-04-11,18737.78,-0.85,848.38,19587.01,1.05,30.69,2,"NFLX,AMZN",Bull_MidVol
2018-04-12,19068.24,-0.95,848.38,19917.58,1.04,29.47,2,"NFLX,AMZN",Bull_MidVol
2018-04-13,19044.66,-1.06,848.38,19894.1,1.04,29.56,2,"NFLX,AMZN",Bull_MidVol
2018-04-16,18972.65,-1.17,848.38,19822.19,1.04,29.82,2,"NFLX,AMZN",Bull_MidVol
2018-04-17,20362.64,-1.27,848.38,21212.29,1.04,24.68,2,"NFLX,AMZN",Bull_MidVol
2018-04-18,20455.37,-1.38,848.38,21305.13,1.04,24.34,2,"NFLX,AMZN",Bull_MidVol
2018-04-19,20569.25,-1.48,848.38,21419.12,1.04,23.92,2,"NFLX,AMZN",Bull_MidVol
2018-04-20,20212.71,-1.59,848.38,21062.68,1.04,25.24,2,"NFLX,AMZN",Bull_MidVol
2018-04-23,19830.13,-1.7,848.38,20680.2,1.04,26.65,2,"NFLX,AMZN",Bull_MidVol
2018-04-24,19059.29,-1.8,848.38,19909.47,1.04,29.5,2,"NFLX,AMZN",Bull_MidVol
2018-04-25,19014.82,-1.91,848.38,19865.1,1.04,29.67,2,"NFLX,AMZN",Bull_MidVol
2018-04-26,19662.75,-2.01,848.38,20513.14,1.04,27.27,2,"NFLX,AMZN",Bull_MidVol
2018-04-27,19919.77,-2.12,848.38,20770.27,1.04,26.32,2,"NFLX,AMZN",Bull_MidVol
2018-04-30,19922.58,773.22,0.0,19149.36,0.96,26.31,2,"NFLX,MU",Bull_MidVol
2018-05-01,20093.87,773.22,0.0,19320.65,0.96,25.67,2,"NFLX,MU",Bull_MidVol
2018-05-02,19938.91,773.22,0.0,19165.7,0.96,26.25,2,"NFLX,MU",Bull_MidVol
2018-05-03,20006.88,773.22,0.0,19233.67,0.96,26.0,2,"NFLX,MU",Bull_MidVol
2018-05-04,20473.49,773.22,0.0,19700.27,0.96,24.27,2,"NFLX,MU",Bull_MidVol
2018-05-07,20850.23,773.22,0.0,20077.02,0.96,22.88,2,"NFLX,MU",Bull_MidVol
2018-05-08,20888.37,773.22,0.0,20115.16,0.96,22.74,2,"NFLX,MU",Bull_MidVol
2018-05-09,21435.67,773.22,0.0,20662.45,0.96,20.71,2,"NFLX,MU",Bull_MidVol
2018-05-10,21698.75,773.22,0.0,20925.54,0.96,19.74,2,"NFLX,MU",Bull_MidVol
2018-05-11,21440.35,773.22,0.0,20667.13,0.96,20.69,2,"NFLX,MU",Bull_MidVol
2018-05-14,21720.01,773.22,0.0,20946.79,0.96,19.66,2,"NFLX,MU",Bull_MidVol
2018-05-15,21810.86,773.22,0.0,21037.65,0.96,19.32,2,"NFLX,MU",Bull_MidVol
2018-05-16,22318.83,773.22,0.0,21545.61,0.97,17.44,2,"NFLX,MU",Bull_MidVol
2018-05-17,21898.91,773.22,0.0,21125.69,0.96,19.0,2,"NFLX,MU",Bull_MidVol
2018-05-18,21633.23,773.22,0.0,20860.01,0.96,19.98,2,"NFLX,MU",Bull_MidVol
2018-05-21,22270.02,773.22,0.0,21496.8,0.97,17.63,2,"NFLX,MU",Bull_LowVol
2018-05-22,22882.55,773.22,0.0,22109.33,0.97,15.36,2,"NFLX,MU",Bull_LowVol
2018-05-23,23512.99,773.22,0.0,22739.77,0.97,13.03,2,"NFLX,MU",Bull_LowVol
2018-05-24,23940.99,773.22,0.0,23167.78,0.97,11.44,2,"NFLX,MU",Bull_LowVol
2018-05-25,23987.76,773.22,0.0,23214.54,0.97,11.27,2,"NFLX,MU",Bull_LowVol
2018-05-29,24153.9,773.22,0.0,23380.68,0.97,10.66,2,"NFLX,MU",Bull_LowVol
2018-05-30,24280.81,773.22,0.0,23507.59,0.97,10.19,2,"NFLX,MU",Bull_LowVol
2018-05-31,23243.22,0.0,23455.0,46698.22,2.01,14.03,2,"NFLX,VLO",Bull_LowVol
2018-06-01,24289.82,-2.93,23455.0,47747.75,1.97,10.15,2,"NFLX,VLO",Bull_LowVol
2018-06-04,24538.92,-5.86,23455.0,47999.78,1.96,9.23,2,"NFLX,VLO",Bull_LowVol
2018-06-05,24581.28,-8.8,23455.0,48045.08,1.95,9.08,2,"NFLX,VLO",Bull_LowVol
2018-06-06,24271.25,-11.73,23455.0,47737.98,1.97,10.22,2,"NFLX,VLO",Bull_LowVol
2018-06-07,23927.98,-14.66,23455.0,47397.65,1.98,11.49,2,"NFLX,VLO",Bull_LowVol
2018-06-08,23525.46,-17.59,23455.0,46998.06,2.0,12.98,2,"NFLX,VLO",Bull_LowVol
2018-06-11,23746.01,-20.52,23455.0,47221.54,1.99,12.17,2,"NFLX,VLO",Bull_LowVol
2018-06-12,23401.96,-23.46,23455.0,46880.42,2.0,13.44,2,"NFLX,VLO",Bull_LowVol
2018-06-13,24427.9,-26.39,23455.0,47909.29,1.96,9.64,2,"NFLX,VLO",Bull_LowVol
2018-06-14,25067.14,-29.32,23455.0,48551.46,1.94,7.28,2,"NFLX,VLO",Bull_LowVol
2018-06-15,24686.03,-32.25,23455.0,48173.29,1.95,8.69,2,"NFLX,VLO",Bull_LowVol
2018-06-18,24844.65,-35.18,23455.0,48334.83,1.95,8.1,2,"NFLX,VLO",Bull_LowVol
2018-06-19,25813.76,-38.11,23455.0,49306.88,1.91,4.52,2,"NFLX,VLO",Bull_LowVol
2018-06-20,26410.05,-41.05,23455.0,49906.1,1.89,2.31,2,"NFLX,VLO",Bull_LowVol
2018-06-21,25441.11,-43.98,23455.0,48940.09,1.92,5.9,2,"NFLX,VLO",Bull_LowVol
2018-06-22,25351.7,-46.91,23455.0,48853.62,1.93,6.23,2,"NFLX,VLO",Bull_LowVol
2018-06-25,23022.08,-49.84,23455.0,46526.92,2.02,14.84,2,"NFLX,VLO",Bull_LowVol
2018-06-26,24190.29,-52.77,23455.0,47698.06,1.97,10.52,2,"NFLX,VLO",Bull_LowVol
2018-06-27,23454.6,-55.71,23455.0,46965.31,2.0,13.24,2,"NFLX,VLO",Bull_LowVol
2018-06-28,23701.7,-58.64,23455.0,47215.34,1.99,12.33,2,"NFLX,VLO",Bull_LowVol
2018-06-29,24008.17,0.0,36198.0,60206.17,2.51,11.2,2,"NFLX,VLO",Bull_LowVol
2018-07-02,24357.2,-4.52,36198.0,60559.73,2.49,9.91,2,"NFLX,VLO",Bull_LowVol
2018-07-03,23390.71,-9.05,36198.0,59597.76,2.55,13.48,2,"NFLX,VLO",Bull_LowVol
2018-07-05,24037.37,-13.57,36198.0,60248.95,2.51,11.09,2,"NFLX,VLO",Bull_LowVol
2018-07-06,25063.54,-18.1,36198.0,61279.64,2.44,7.29,2,"NFLX,VLO",Bull_LowVol
2018-07-09,26396.8,-22.62,36198.0,62617.42,2.37,2.36,2,"NFLX,VLO",Bull_LowVol
2018-07-10,25936.21,-27.15,36198.0,62161.36,2.4,4.06,2,"NFLX,VLO",Bull_LowVol
2018-07-11,25788.77,-31.67,36198.0,62018.45,2.4,4.61,2,"NFLX,VLO",Bull_LowVol
2018-07-12,25360.29,-36.2,36198.0,61594.49,2.43,6.19,2,"NFLX,VLO",Bull_MidVol
2018-07-13,23717.81,-40.72,36198.0,59956.53,2.53,12.27,2,"NFLX,VLO",Bull_LowVol
2018-07-16,23971.93,-45.25,36198.0,60215.18,2.51,11.33,2,"NFLX,VLO",Bull_LowVol
2018-07-17,21855.86,-49.77,36198.0,58103.63,2.66,19.16,2,"NFLX,VLO",Bull_LowVol
2018-07-18,21531.62,-54.3,36198.0,57783.92,2.68,20.36,2,"NFLX,VLO",Bull_LowVol
2018-07-19,20520.6,-58.82,36198.0,56777.42,2.77,24.1,2,"NFLX,VLO",Bull_LowVol
2018-07-20,20048.48,-63.35,36198.0,56309.83,2.81,25.84,2,"NFLX,VLO",Bull_LowVol
2018-07-23,20216.36,-67.87,36198.0,56482.23,2.79,25.22,2,"NFLX,VLO",Bull_LowVol
2018-07-24,19878.35,-72.4,36198.0,56148.74,2.82,26.47,2,"NFLX,VLO",Bull_LowVol
2018-07-25,20822.74,-76.92,36198.0,57097.66,2.74,22.98,2,"NFLX,VLO",Bull_LowVol
2018-07-26,22302.37,-81.45,36198.0,58581.81,2.63,17.51,2,"NFLX,VLO",Bull_LowVol
2018-07-27,21427.27,-85.97,36198.0,57711.25,2.69,20.74,2,"NFLX,VLO",Bull_LowVol
2018-07-30,19603.55,-90.5,36198.0,55892.04,2.85,27.49,2,"NFLX,VLO",Bull_LowVol
2018-07-31,19724.63,0.0,21373.94,41098.57,2.08,27.04,2,"NFLX,FTNT",Bull_LowVol
2018-08-01,20023.9,-2.67,21373.94,41400.51,2.07,25.93,2,"NFLX,FTNT",Bull_LowVol
2018-08-02,21764.16,-5.34,21373.94,43143.44,1.98,19.5,2,"NFLX,FTNT",Bull_LowVol
2018-08-03,21606.29,-8.02,21373.94,42988.24,1.99,20.08,2,"NFLX,FTNT",Bull_LowVol
2018-08-06,22375.65,-10.69,21373.94,43760.28,1.96,17.23,2,"NFLX,FTNT",Bull_LowVol
2018-08-07,22391.8,-13.36,21373.94,43779.1,1.96,17.18,2,"NFLX,FTNT",Bull_LowVol
2018-08-08,21971.8,-16.03,21373.94,43361.77,1.97,18.73,2,"NFLX,FTNT",Bull_LowVol
2018-08-09,22328.27,-18.7,21373.94,43720.92,1.96,17.41,2,"NFLX,FTNT",Bull_LowVol
2018-08-10,22073.54,-21.37,21373.94,43468.86,1.97,18.35,2,"NFLX,FTNT",Bull_LowVol
2018-08-13,21557.81,-24.05,21373.94,42955.8,1.99,20.26,2,"NFLX,FTNT",Bull_LowVol
2018-08-14,21373.8,-26.72,21373.94,42774.45,2.0,20.94,2,"NFLX,FTNT",Bull_LowVol
2018-08-15,20261.48,-29.39,21373.94,41664.81,2.06,25.05,2,"NFLX,FTNT",Bull_LowVol
2018-08-16,19914.38,-32.06,21373.94,41320.38,2.07,26.34,2,"NFLX,FTNT",Bull_LowVol
2018-08-17,19342.43,-34.73,21373.94,40751.11,2.11,28.45,2,"NFLX,FTNT",Bull_LowVol
2018-08-20,20441.82,-37.4,21373.94,41853.17,2.05,24.39,2,"NFLX,FTNT",Bull_LowVol
2018-08-21,21445.04,-40.08,21373.94,42859.05,2.0,20.68,2,"NFLX,FTNT",Bull_LowVol
2018-08-22,22213.46,-42.75,21373.94,43630.15,1.96,17.83,2,"NFLX,FTNT",Bull_LowVol
2018-08-23,21819.3,-45.42,21373.94,43238.66,1.98,19.29,2,"NFLX,FTNT",Bull_LowVol
2018-08-24,23958.13,-48.09,21373.94,45380.17,1.89,11.38,2,"NFLX,FTNT",Bull_LowVol
2018-08-27,24513.45,-50.76,21373.94,45938.15,1.87,9.33,2,"NFLX,FTNT",Bull_LowVol
2018-08-28,24972.18,-53.43,21373.94,46399.56,1.86,7.63,2,"NFLX,FTNT",Bull_LowVol
2018-08-29,25122.94,-56.11,21373.94,46552.99,1.85,7.07,2,"NFLX,FTNT",Bull_LowVol
2018-08-30,25477.33,-58.78,21373.94,46910.05,1.84,5.76,2,"NFLX,FTNT",Bull_LowVol
2018-08-31,24350.13,0.0,24962.2,49312.34,2.03,9.93,2,"FTNT,AMD",Bull_LowVol
2018-09-04,27609.68,-3.12,24962.2,52575.0,1.9,0.0,2,"FTNT,AMD",Bull_LowVol
2018-09-05,27154.08,-6.24,24962.2,52122.53,1.92,1.65,2,"FTNT,AMD",Bull_LowVol
2018-09-06,27058.03,-9.36,24962.2,52029.6,1.92,2.0,2,"FTNT,AMD",Bull_LowVol
2018-09-07,26827.99,-12.48,24962.2,51802.68,1.93,2.83,2,"FTNT,AMD",Bull_LowVol
2018-09-10,29762.12,-15.6,24962.2,54739.93,1.84,0.0,2,"FTNT,AMD",Bull_LowVol
2018-09-11,29736.8,-18.72,24962.2,54717.72,1.84,0.09,2,"FTNT,AMD",Bull_LowVol
2018-09-12,32052.03,-21.84,24962.2,57036.07,1.78,0.0,2,"FTNT,AMD",Bull_LowVol
2018-09-13,30947.02,-24.96,24962.2,55934.18,1.81,3.45,2,"FTNT,AMD",Bull_LowVol
2018-09-14,33019.59,-28.08,24962.2,58009.88,1.76,0.0,2,"FTNT,AMD",Bull_LowVol
2018-09-17,32048.84,-31.2,24962.2,57042.25,1.78,2.94,2,"FTNT,AMD",Bull_LowVol
2018-09-18,31698.71,-34.32,24962.2,56695.24,1.79,4.0,2,"FTNT,AMD",Bull_LowVol
2018-09-19,30217.91,-37.44,24962.2,55217.55,1.83,8.48,2,"FTNT,AMD",Bull_LowVol
2018-09-20,30149.38,-40.56,24962.2,55152.15,1.83,8.69,2,"FTNT,AMD",Bull_LowVol
2018-09-21,29932.24,-43.68,24962.2,54938.13,1.84,9.35,2,"FTNT,AMD",Bull_LowVol
2018-09-24,31886.44,-46.8,24962.2,56895.45,1.78,3.43,2,"FTNT,AMD",Bull_LowVol
2018-09-25,32591.81,-49.92,24962.2,57603.94,1.77,1.3,2,"FTNT,AMD",Bull_LowVol
2018-09-26,32273.14,-53.04,24962.2,57288.39,1.78,2.26,2,"FTNT,AMD",Bull_LowVol
2018-09-27,33342.67,-56.16,24962.2,58361.04,1.75,0.0,2,"FTNT,AMD",Bull_LowVol
2018-09-28,32206.21,0.0,32379.46,64585.68,2.01,3.41,2,"AMD,TEAM",Bull_LowVol
2018-10-01,33037.13,-4.05,32379.46,65420.64,1.98,0.92,2,"AMD,TEAM",Bull_LowVol
2018-10-02,28721.24,-8.09,32379.46,61108.8,2.13,13.86,2,"AMD,TEAM",Bull_LowVol
2018-10-03,27633.59,-12.14,32379.46,60025.2,2.17,17.12,2,"AMD,TEAM",Bull_LowVol
2018-10-04,25583.19,-16.19,32379.46,57978.84,2.27,23.27,2,"AMD,TEAM",Bull_LowVol
2018-10-05,24815.82,-20.24,32379.46,57215.52,2.31,25.57,2,"AMD,TEAM",Bull_LowVol
2018-10-08,22679.11,-24.28,21749.41,44452.8,1.96,31.98,1,AMD,Bull_LowVol
2018-10-09,23986.79,-27.0,21749.41,45763.2,1.91,28.06,1,AMD,Bull_LowVol
2018-10-10,20220.87,-29.72,21749.41,42000.0,2.08,39.35,1,AMD,Bull_MidVol
2018-10-11,20722.15,-32.44,21749.41,42504.0,2.05,37.85,1,AMD,Bull_MidVol
2018-10-12,22466.64,-35.16,21749.41,44251.2,1.97,32.62,1,AMD,Bull_MidVol
2018-10-15,22329.52,-37.88,21749.41,44116.8,1.98,33.03,1,AMD,Bull_MidVol
2018-10-16,25552.4,-40.6,21749.41,47342.4,1.85,23.36,1,AMD,Bull_MidVol
2018-10-17,24071.28,-43.32,21749.41,45864.0,1.91,27.81,1,AMD,Bull_MidVol
2018-10-18,22926.16,-46.03,21749.41,44721.6,1.95,31.24,1,AMD,Bull_MidVol
2018-10-19,19250.67,19250.67,0.0,0.0,0.0,42.26,0,CASH_BIL,Bull_MidVol
2018-10-22,19250.67,19250.67,0.0,0.0,0.0,42.26,0,CASH_BIL,Bull_MidVol
2018-10-23,19250.67,19250.67,0.0,0.0,0.0,42.26,0,CASH_BIL,Bull_MidVol
2018-10-24,19250.67,19250.67,0.0,0.0,0.0,42.26,0,CASH_BIL,Bull_MidVol
2018-10-25,19250.67,19250.67,0.0,0.0,0.0,42.26,0,CASH_BIL,Bull_MidVol
2018-10-26,19250.67,19250.67,0.0,0.0,0.0,42.26,0,CASH_BIL,Bull_MidVol
2018-10-29,19250.67,19250.67,0.0,0.0,0.0,42.26,0,CASH_BIL,Bull_MidVol
2018-10-30,19250.67,19250.67,0.0,0.0,0.0,42.26,0,CASH_BIL,Bull_MidVol
2018-10-31,19048.49,0.0,5.57,19054.06,1.0,42.87,2,"AMD,MDB",Bull_MidVol
2018-11-01,20701.12,-0.0,5.57,20706.69,1.0,37.91,2,"AMD,MDB",Bull_MidVol
2018-11-02,20652.14,-0.0,5.57,20657.71,1.0,38.06,2,"AMD,MDB",Bull_MidVol
2018-11-05,20302.94,-0.0,5.57,20308.51,1.0,39.11,2,"AMD,MDB",Bull_MidVol
2018-11-06,20857.73,-0.0,5.57,20863.3,1.0,37.44,2,"AMD,MDB",Bull_MidVol
2018-11-07,22111.37,-0.0,5.57,22116.94,1.0,33.68,2,"AMD,MDB",Bull_MidVol
2018-11-08,21541.08,-0.0,5.57,21546.65,1.0,35.39,2,"AMD,MDB",Bull_MidVol
2018-11-09,21120.25,-0.0,5.57,21125.82,1.0,36.66,2,"AMD,MDB",Bull_MidVol
2018-11-12,19185.52,-0.01,5.57,19191.09,1.0,42.46,2,"AMD,MDB",Bull_MidVol
2018-11-13,19695.29,3301.32,0.0,16393.96,0.83,40.93,1,AMD,Bull_MidVol
2018-11-14,20698.48,3301.32,0.0,17397.16,0.84,37.92,1,AMD,Bull_MidVol
2018-11-15,21266.96,3301.32,0.0,17965.64,0.84,36.22,1,AMD,Bull_MidVol
2018-11-16,20573.08,3301.32,0.0,17271.76,0.84,38.3,1,AMD,Bull_MidVol
2018-11-19,19277.29,3301.32,0.0,15975.96,0.83,42.18,1,AMD,Bull_MidVol
2018-11-20,19360.88,3301.32,0.0,16059.56,0.83,41.93,1,AMD,Bull_MidVol
2018-11-21,18959.6,3301.32,0.0,15658.28,0.83,43.14,1,AMD,Bull_MidVol
2018-11-23,19503.0,3301.32,0.0,16201.68,0.83,41.51,1,AMD,Bull_MidVol
2018-11-26,20088.2,3301.32,0.0,16786.88,0.84,39.75,1,AMD,Bull_MidVol
2018-11-27,20899.12,3301.32,0.0,17597.8,0.84,37.32,1,AMD,Bull_MidVol
2018-11-28,21141.56,3301.32,0.0,17840.24,0.84,36.59,1,AMD,Bull_MidVol
2018-11-29,21216.8,3301.32,0.0,17915.48,0.84,36.37,1,AMD,Bull_MidVol
2018-11-30,21250.07,0.0,12.38,21262.45,1.0,36.27,2,"MDB,FTNT",Bull_MidVol
2018-12-03,21749.88,-0.0,12.38,21762.26,1.0,34.77,2,"MDB,FTNT",Bull_MidVol
2018-12-04,21108.16,21108.16,0.0,0.0,0.0,36.69,0,CASH_BIL,Bear
2018-12-06,21110.47,21110.47,0.0,0.0,0.0,36.69,0,CASH_BIL,Bear
2018-12-07,21112.78,21112.78,0.0,0.0,0.0,36.68,0,CASH_BIL,Bear
2018-12-10,21110.47,21110.47,0.0,0.0,0.0,36.69,0,CASH_BIL,Bear
2018-12-11,21115.09,21115.09,0.0,0.0,0.0,36.67,0,CASH_BIL,Bear
2018-12-12,21117.39,21117.39,0.0,0.0,0.0,36.67,0,CASH_BIL,Bear
2018-12-13,21119.7,21119.7,0.0,0.0,0.0,36.66,0,CASH_BIL,Bear
2018-12-14,21122.01,21122.01,0.0,0.0,0.0,36.65,0,CASH_BIL,Bear
2018-12-17,21122.01,21122.01,0.0,0.0,0.0,36.65,0,CASH_BIL,Bear
2018-12-18,21119.7,21119.7,0.0,0.0,0.0,36.66,0,CASH_BIL,Bear
2018-12-19,21124.32,21124.32,0.0,0.0,0.0,36.64,0,CASH_BIL,Bear
2018-12-20,21128.94,21128.94,0.0,0.0,0.0,36.63,0,CASH_BIL,Bear
2018-12-21,21131.25,21131.25,0.0,0.0,0.0,36.62,0,CASH_BIL,Bear
2018-12-24,21128.94,21128.94,0.0,0.0,0.0,36.63,0,CASH_BIL,Bear
2018-12-26,21135.88,21135.88,0.0,0.0,0.0,36.61,0,CASH_BIL,Bear
2018-12-27,21138.19,21138.19,0.0,0.0,0.0,36.6,0,CASH_BIL,Bear
2018-12-28,21140.49,21140.49,0.0,0.0,0.0,36.6,0,CASH_BIL,Bear
2018-12-31,20720.6,20720.6,0.0,0.0,0.0,37.86,0,CASH_BIL,Bear
2019-01-02,20727.4,20727.4,0.0,0.0,0.0,37.84,0,CASH_BIL,Bear
2019-01-03,20729.66,20729.66,0.0,0.0,0.0,37.83,0,CASH_BIL,Bear
2019-01-04,20729.66,20729.66,0.0,0.0,0.0,37.83,0,CASH_BIL,Bear
2019-01-07,20729.66,20729.66,0.0,0.0,0.0,37.83,0,CASH_BIL,Bear
2019-01-08,20729.66,20729.66,0.0,0.0,0.0,37.83,0,CASH_BIL,Bear
2019-01-09,20731.93,20731.93,0.0,0.0,0.0,37.82,0,CASH_BIL,Bear
2019-01-10,20736.47,20736.47,0.0,0.0,0.0,37.81,0,CASH_BIL,Bear
2019-01-11,20734.2,20734.2,0.0,0.0,0.0,37.81,0,CASH_BIL,Bear
2019-01-14,20738.73,20738.73,0.0,0.0,0.0,37.8,0,CASH_BIL,Bear
2019-01-15,20740.99,20740.99,0.0,0.0,0.0,37.79,0,CASH_BIL,Bear
2019-01-16,20745.53,20745.53,0.0,0.0,0.0,37.78,0,CASH_BIL,Bear
2019-01-17,20745.53,20745.53,0.0,0.0,0.0,37.78,0,CASH_BIL,Bear
2019-01-18,20747.8,20747.8,0.0,0.0,0.0,37.77,0,CASH_BIL,Bear
2019-01-22,20747.8,20747.8,0.0,0.0,0.0,37.77,0,CASH_BIL,Bear
2019-01-23,20754.59,20754.59,0.0,0.0,0.0,37.75,0,CASH_BIL,Bear
2019-01-24,20752.33,20752.33,0.0,0.0,0.0,37.76,0,CASH_BIL,Bear
2019-01-25,20754.59,20754.59,0.0,0.0,0.0,37.75,0,CASH_BIL,Bear
2019-01-28,20754.59,20754.59,0.0,0.0,0.0,37.75,0,CASH_BIL,Bear
2019-01-29,20759.13,20759.13,0.0,0.0,0.0,37.74,0,CASH_BIL,Bear
2019-01-30,20759.13,20759.13,0.0,0.0,0.0,37.74,0,CASH_BIL,Bull_MidVol
2019-01-31,20973.33,31.01,0.0,20942.32,1.0,37.1,2,"MDB,TEAM",Bull_MidVol
2019-02-01,21054.11,31.01,0.0,21023.1,1.0,36.86,2,"MDB,TEAM",Bull_MidVol
2019-02-04,21661.71,31.01,0.0,21630.7,1.0,35.03,2,"MDB,TEAM",Bull_MidVol
2019-02-05,22017.73,31.01,0.0,21986.72,1.0,33.97,2,"MDB,TEAM",Bull_MidVol
2019-02-06,21682.43,31.01,0.0,21651.42,1.0,34.97,2,"MDB,TEAM",Bull_MidVol
2019-02-07,21778.05,31.01,0.0,21747.04,1.0,34.68,2,"MDB,TEAM",Bull_MidVol
2019-02-08,22312.99,31.01,0.0,22281.98,1.0,33.08,2,"MDB,TEAM",Bull_MidVol
2019-02-11,22493.73,31.01,0.0,22462.72,1.0,32.54,2,"MDB,TEAM",Bull_MidVol
2019-02-12,22735.37,31.01,0.0,22704.36,1.0,31.81,2,"MDB,TEAM",Bull_MidVol
2019-02-13,22340.29,31.01,0.0,22309.28,1.0,33.0,2,"MDB,TEAM",Bull_MidVol
2019-02-14,22503.81,31.01,0.0,22472.8,1.0,32.51,2,"MDB,TEAM",Bull_MidVol
2019-02-15,22691.41,31.01,0.0,22660.4,1.0,31.94,2,"MDB,TEAM",Bull_MidVol
2019-02-19,22598.87,31.01,0.0,22567.86,1.0,32.22,2,"MDB,TEAM",Bull_MidVol
2019-02-20,22693.23,31.01,0.0,22662.22,1.0,31.94,2,"MDB,TEAM",Bull_LowVol
2019-02-21,23124.71,31.01,0.0,23093.7,1.0,30.65,2,"MDB,TEAM",Bull_LowVol
2019-02-22,23781.73,31.01,0.0,23750.72,1.0,28.67,2,"MDB,TEAM",Bull_LowVol
2019-02-25,24155.95,31.01,0.0,24124.94,1.0,27.55,2,"MDB,TEAM",Bull_LowVol
2019-02-26,22363.11,31.01,0.0,22332.1,1.0,32.93,2,"MDB,TEAM",Bull_LowVol
2019-02-27,22784.23,31.01,0.0,22753.22,1.0,31.67,2,"MDB,TEAM",Bull_LowVol
2019-02-28,23071.03,0.0,23134.17,46205.2,2.0,30.81,2,"MDB,TEAM",Bull_LowVol
2019-03-01,24312.09,-2.89,23134.17,47449.15,1.95,27.08,2,"MDB,TEAM",Bull_LowVol
2019-03-04,21081.44,-5.78,23134.17,44221.4,2.1,36.77,2,"MDB,TEAM",Bull_LowVol
2019-03-05,22609.65,-8.68,23134.17,45752.5,2.02,32.19,2,"MDB,TEAM",Bull_LowVol
2019-03-06,21089.61,-11.57,23134.17,44235.35,2.1,36.75,2,"MDB,TEAM",Bull_LowVol
2019-03-07,22012.12,-14.46,23134.17,45160.75,2.05,33.98,2,"MDB,TEAM",Bull_LowVol
2019-03-08,22136.73,-17.35,23134.17,45288.25,2.05,33.61,2,"MDB,TEAM",Bull_LowVol
2019-03-11,24321.99,-20.24,23134.17,47476.4,1.95,27.05,2,"MDB,TEAM",Bull_LowVol
2019-03-12,24553.79,-23.13,23134.17,47711.1,1.94,26.36,2,"MDB,TEAM",Bull_LowVol
2019-03-13,24124.0,-26.03,23134.17,47284.2,1.96,27.65,2,"MDB,TEAM",Bull_LowVol
2019-03-14,34020.81,-28.92,23134.17,57183.9,1.68,0.0,2,"MDB,TEAM",Bull_LowVol
2019-03-15,35200.92,-31.81,23134.17,58366.9,1.66,0.0,2,"MDB,TEAM",Bull_LowVol
2019-03-18,36647.53,-34.7,23134.17,59816.4,1.63,0.0,2,"MDB,TEAM",Bull_LowVol
2019-03-19,37031.33,-37.59,23134.17,60203.1,1.63,0.0,2,"MDB,TEAM",Bull_LowVol
2019-03-20,38877.34,-40.48,23134.17,62052.0,1.6,0.0,2,"MDB,TEAM",Bull_LowVol
2019-03-21,43083.55,-43.38,23134.17,66261.1,1.54,0.0,2,"MDB,TEAM",Bull_LowVol
2019-03-22,41912.51,-46.27,23134.17,65092.95,1.55,2.72,2,"MDB,TEAM",Bull_LowVol
2019-03-25,41273.42,-49.16,23134.17,64456.75,1.56,4.2,2,"MDB,TEAM",Bull_LowVol
2019-03-26,41151.37,-52.05,23134.17,64337.6,1.56,4.48,2,"MDB,TEAM",Bull_LowVol
2019-03-27,39257.08,-54.94,23134.17,62446.2,1.59,8.88,2,"MDB,TEAM",Bull_LowVol
2019-03-28,39382.79,-57.84,23134.17,62574.8,1.59,8.59,2,"MDB,TEAM",Bull_LowVol
2019-03-29,39458.49,0.0,55837.68,95296.16,2.42,8.41,2,"MDB,MELI",Bull_LowVol
2019-04-01,40642.11,-6.98,55837.68,96486.77,2.37,5.67,2,"MDB,MELI",Bull_LowVol
2019-04-02,38783.04,-13.96,55837.68,94634.68,2.44,9.98,2,"MDB,MELI",Bull_LowVol
2019-04-03,39364.9,-20.94,55837.68,95223.51,2.42,8.63,2,"MDB,MELI",Bull_LowVol
2019-04-04,36337.52,-27.92,55837.68,92203.11,2.54,15.66,2,"MDB,MELI",Bull_LowVol
2019-04-05,34877.03,-34.9,55837.68,90749.6,2.6,19.05,2,"MDB,MELI",Bull_LowVol
2019-04-08,34150.99,-41.88,55837.68,90030.55,2.64,20.73,2,"MDB,MELI",Bull_LowVol
2019-04-09,35298.68,-48.86,55837.68,91185.21,2.58,18.07,2,"MDB,MELI",Bull_LowVol
2019-04-10,38689.07,-55.84,55837.68,94582.58,2.44,10.2,2,"MDB,MELI",Bull_LowVol
2019-04-11,37859.52,-62.82,55837.68,93760.01,2.48,12.13,2,"MDB,MELI",Bull_LowVol
2019-04-12,37588.82,-69.8,55837.68,93496.29,2.49,12.75,2,"MDB,MELI",Bull_LowVol
2019-04-15,39055.65,-76.78,55837.68,94970.11,2.43,9.35,2,"MDB,MELI",Bull_LowVol
2019-04-16,35660.39,-83.76,55837.68,91581.82,2.57,17.23,2,"MDB,MELI",Bull_LowVol
2019-04-17,33188.1,-90.74,55837.68,89116.51,2.69,22.97,2,"MDB,MELI",Bull_LowVol
2019-04-18,30172.31,-97.72,55837.68,86107.7,2.85,29.97,2,"MDB,MELI",Bull_LowVol
2019-04-22,31900.42,-104.7,55837.68,87842.79,2.75,25.96,2,"MDB,MELI",Bull_LowVol
2019-04-23,35176.1,-111.68,55837.68,91125.45,2.59,18.35,2,"MDB,MELI",Bull_LowVol
2019-04-24,33229.89,-118.66,55837.68,89186.22,2.68,22.87,2,"MDB,MELI",Bull_LowVol
2019-04-25,34263.33,-125.63,55837.68,90226.64,2.63,20.47,2,"MDB,MELI",Bull_LowVol
2019-04-26,34898.05,-132.61,55837.68,90868.34,2.6,19.0,2,"MDB,MELI",Bull_LowVol
2019-04-29,34731.35,-139.59,55837.68,90708.62,2.61,19.39,2,"MDB,MELI",Bull_LowVol
2019-04-30,35389.87,0.0,30049.48,65439.35,1.85,17.86,2,"MDB,ZS",Bull_LowVol
2019-05-01,32282.91,-3.76,30049.48,62336.15,1.93,25.07,2,"MDB,ZS",Bull_LowVol
2019-05-02,31716.76,-7.51,30049.48,61773.75,1.95,26.38,2,"MDB,ZS",Bull_LowVol
2019-05-03,32834.16,-11.27,30049.48,62894.9,1.92,23.79,2,"MDB,ZS",Bull_LowVol
2019-05-06,34001.85,-15.02,30049.48,64066.35,1.88,21.08,2,"MDB,ZS",Bull_LowVol
2019-05-07,32182.74,-18.78,30049.48,62251.0,1.93,25.3,2,"MDB,ZS",Bull_LowVol
2019-05-08,32369.54,-22.54,30049.48,62441.55,1.93,24.87,2,"MDB,ZS",Bull_LowVol
2019-05-09,33222.53,-26.29,30049.48,63298.3,1.91,22.89,2,"MDB,ZS",Bull_LowVol
2019-05-10,34528.72,-30.05,30049.48,64608.25,1.87,19.86,2,"MDB,ZS",Bull_LowVol
2019-05-13,30536.76,-33.81,30049.48,60620.05,1.99,29.12,2,"MDB,ZS",Bull_MidVol
2019-05-14,33352.31,-37.56,30049.48,63439.35,1.9,22.59,2,"MDB,ZS",Bull_MidVol
2019-05-15,35818.9,-41.32,30049.48,65909.7,1.84,16.86,2,"MDB,ZS",Bull_MidVol
2019-05-16,39634.65,-45.07,30049.48,69729.2,1.76,8.01,2,"MDB,ZS",Bull_MidVol
2019-05-17,39248.74,-48.83,30049.48,69347.05,1.77,8.9,2,"MDB,ZS",Bull_MidVol
2019-05-20,38552.39,-52.59,30049.48,68654.45,1.78,10.52,2,"MDB,ZS",Bull_MidVol
2019-05-21,38198.63,-56.34,30049.48,68304.45,1.79,11.34,2,"MDB,ZS",Bull_MidVol
2019-05-22,37445.78,-60.1,30049.48,67555.35,1.8,13.09,2,"MDB,ZS",Bull_MidVol
2019-05-23,35613.22,-63.86,30049.48,65726.55,1.85,17.34,2,"MDB,ZS",Bull_MidVol
2019-05-24,36019.76,-67.61,30049.48,66136.85,1.84,16.4,2,"MDB,ZS",Bull_MidVol
2019-05-28,36709.35,-71.37,30049.48,66830.2,1.82,14.79,2,"MDB,ZS",Bull_MidVol
2019-05-29,34645.0,-75.12,30049.48,64769.6,1.87,19.59,2,"MDB,ZS",Bull_MidVol
2019-05-30,35930.94,-78.88,30049.48,66059.3,1.84,16.6,2,"MDB,ZS",Bull_MidVol
2019-05-31,35232.3,0.0,35139.56,70371.87,2.0,18.22,2,"MDB,ZS",Bull_MidVol
2019-06-03,31175.54,-4.39,35139.56,66319.5,2.13,27.64,2,"MDB,ZS",Bull_MidVol
2019-06-04,35375.14,-8.78,35139.56,70523.49,1.99,17.89,2,"MDB,ZS",Bull_MidVol
2019-06-05,39398.36,-13.18,35139.56,74551.1,1.89,8.55,2,"MDB,ZS",Bull_MidVol
2019-06-06,38948.04,-17.57,35139.56,74105.17,1.9,9.6,2,"MDB,ZS",Bull_MidVol
2019-06-07,47944.81,-21.96,35139.56,83106.34,1.73,0.0,2,"MDB,ZS",Bull_MidVol
2019-06-10,49206.16,-26.35,35139.56,84372.08,1.71,0.0,2,"MDB,ZS",Bull_MidVol
2019-06-11,45492.21,-30.75,35139.56,80662.52,1.77,7.55,2,"MDB,ZS",Bull_MidVol
2019-06-12,47062.53,-35.14,35139.56,82237.23,1.75,4.36,2,"MDB,ZS",Bull_MidVol
2019-06-13,48003.19,-39.53,35139.56,83182.28,1.73,2.44,2,"MDB,ZS",Bull_MidVol
2019-06-14,46959.64,-43.92,35139.56,82143.13,1.75,4.57,2,"MDB,ZS",Bull_MidVol
2019-06-17,46436.63,-48.32,35139.56,81624.51,1.76,5.63,2,"MDB,ZS",Bull_MidVol
2019-06-18,47291.13,-52.71,35139.56,82483.4,1.74,3.89,2,"MDB,ZS",Bull_MidVol
2019-06-19,50603.5,-57.1,35139.56,85800.17,1.7,0.0,2,"MDB,ZS",Bull_MidVol
2019-06-20,50305.26,-61.49,35139.56,85506.32,1.7,0.59,2,"MDB,ZS",Bull_MidVol
2019-06-21,48347.06,-65.89,35139.56,83552.51,1.73,4.46,2,"MDB,ZS",Bull_MidVol
2019-06-24,46178.0,-70.28,35139.56,81387.84,1.76,8.75,2,"MDB,ZS",Bull_MidVol
2019-06-25,43266.89,-74.67,35139.56,78481.13,1.81,14.5,2,"MDB,ZS",Bull_MidVol
2019-06-26,40512.92,-79.06,35139.56,75731.55,1.87,19.94,2,"MDB,ZS",Bull_MidVol
2019-06-27,41693.33,-83.46,35139.56,76916.35,1.84,17.61,2,"MDB,ZS",Bull_MidVol
2019-06-28,41103.35,0.0,34073.29,75176.64,1.83,18.77,2,"SHOP,MELI",Bull_MidVol
2019-07-01,42142.27,-4.26,34073.29,76219.81,1.81,16.72,2,"SHOP,MELI",Bull_LowVol
2019-07-02,43574.3,-8.52,34073.29,77656.1,1.78,13.89,2,"SHOP,MELI",Bull_LowVol
2019-07-03,44115.55,-12.78,34073.29,78201.61,1.77,12.82,2,"SHOP,MELI",Bull_LowVol
2019-07-05,44417.68,-17.04,34073.29,78508.01,1.77,12.22,2,"SHOP,MELI",Bull_LowVol
2019-07-08,44992.19,-21.3,34073.29,79086.78,1.76,11.09,2,"SHOP,MELI",Bull_LowVol
2019-07-09,45697.39,-25.55,34073.29,79796.23,1.75,9.7,2,"SHOP,MELI",Bull_LowVol
2019-07-10,44885.72,-29.81,34073.29,78988.82,1.76,11.3,2,"SHOP,MELI",Bull_LowVol
2019-07-11,44370.3,-34.07,34073.29,78477.66,1.77,12.32,2,"SHOP,MELI",Bull_LowVol
2019-07-12,44233.85,-38.33,34073.29,78345.47,1.77,12.59,2,"SHOP,MELI",Bull_LowVol
2019-07-15,46212.47,-42.59,34073.29,80328.35,1.74,8.68,2,"SHOP,MELI",Bull_LowVol
2019-07-16,44674.72,-46.85,34073.29,78794.86,1.76,11.72,2,"SHOP,MELI",Bull_LowVol
2019-07-17,45663.95,-51.11,34073.29,79788.35,1.75,9.76,2,"SHOP,MELI",Bull_LowVol
2019-07-18,47392.98,-55.37,34073.29,81521.64,1.72,6.34,2,"SHOP,MELI",Bull_LowVol
2019-07-19,46040.88,-59.63,34073.29,80173.8,1.74,9.02,2,"SHOP,MELI",Bull_LowVol
2019-07-22,47302.06,-63.89,34073.29,81439.23,1.72,6.52,2,"SHOP,MELI",Bull_LowVol
2019-07-23,46502.27,-68.15,34073.29,80643.71,1.73,8.1,2,"SHOP,MELI",Bull_LowVol
2019-07-24,47765.94,-72.41,34073.29,81911.63,1.71,5.61,2,"SHOP,MELI",Bull_LowVol
2019-07-25,47885.98,-76.66,34073.29,82035.94,1.71,5.37,2,"SHOP,MELI",Bull_LowVol
2019-07-26,48450.34,-80.92,34073.29,82604.56,1.7,4.25,2,"SHOP,MELI",Bull_LowVol
2019-07-29,46011.88,-85.18,34073.29,80170.35,1.74,9.07,2,"SHOP,MELI",Bull_LowVol
2019-07-30,44189.11,-89.44,34073.29,78351.84,1.77,12.68,2,"SHOP,MELI",Bull_LowVol
2019-07-31,44280.41,0.0,40021.88,84302.29,1.9,12.5,2,"SHOP,MDB",Bull_LowVol
2019-08-01,47698.1,-5.0,40021.88,87724.98,1.84,5.74,2,"SHOP,MDB",Bull_LowVol
2019-08-02,45603.65,-10.01,40021.88,85635.54,1.88,9.88,2,"SHOP,MDB",Bull_LowVol
2019-08-05,42725.03,-15.01,40021.88,82761.92,1.94,15.57,2,"SHOP,MDB",Bull_MidVol
2019-08-06,45167.98,-20.01,40021.88,85209.87,1.89,10.74,2,"SHOP,MDB",Bull_MidVol
2019-08-07,47381.54,-25.01,40021.88,87428.44,1.85,6.37,2,"SHOP,MDB",Bull_MidVol
2019-08-08,51598.9,-30.02,40021.88,91650.79,1.78,0.0,2,"SHOP,MDB",Bull_MidVol
2019-08-09,53129.38,-35.02,40021.88,93186.28,1.75,0.0,2,"SHOP,MDB",Bull_MidVol
2019-08-12,51179.26,-40.02,40021.88,91241.16,1.78,3.67,2,"SHOP,MDB",Bull_MidVol
2019-08-13,52278.7,-45.02,40021.88,92345.6,1.77,1.6,2,"SHOP,MDB",Bull_MidVol
2019-08-14,48872.77,-50.03,40021.88,88944.68,1.82,8.01,2,"SHOP,MDB",Bull_MidVol
2019-08-15,48450.37,-55.03,40021.88,88527.27,1.83,8.81,2,"SHOP,MDB",Bull_MidVol
2019-08-16,50115.01,-60.03,40021.88,90196.92,1.8,5.67,2,"SHOP,MDB",Bull_MidVol
2019-08-19,49654.68,-65.04,40021.88,89741.59,1.81,6.54,2,"SHOP,MDB",Bull_MidVol
2019-08-20,51109.5,-70.04,40021.88,91201.42,1.78,3.8,2,"SHOP,MDB",Bull_MidVol
2019-08-21,55653.38,-75.04,40021.88,95750.29,1.72,0.0,2,"SHOP,MDB",Bull_MidVol
2019-08-22,53877.27,-80.04,40021.88,93979.2,1.74,3.19,2,"SHOP,MDB",Bull_MidVol
2019-08-23,52236.67,-85.05,40021.88,92343.59,1.77,6.14,2,"SHOP,MDB",Bull_MidVol
2019-08-26,56102.91,-90.05,40021.88,96214.83,1.71,0.0,2,"SHOP,MDB",Bull_MidVol
2019-08-27,58632.64,-95.05,40021.88,98749.57,1.68,0.0,2,"SHOP,MDB",Bull_MidVol
2019-08-28,56298.44,-100.05,40021.88,96420.38,1.71,3.98,2,"SHOP,MDB",Bull_MidVol
2019-08-29,57626.87,-105.06,40021.88,97753.81,1.7,1.72,2,"SHOP,MDB",Bull_MidVol
2019-08-30,55762.39,0.0,9550.99,65313.38,1.17,4.9,2,"SHOP,ZS",Bull_MidVol
2019-09-03,55052.99,-1.19,9550.99,64605.17,1.17,6.11,2,"SHOP,ZS",Bull_MidVol
2019-09-04,55779.15,-2.39,9550.99,65332.52,1.17,4.87,2,"SHOP,ZS",Bull_MidVol
2019-09-05,56501.06,-3.58,9550.99,66055.63,1.17,3.64,2,"SHOP,ZS",Bull_MidVol
2019-09-06,54295.36,-4.78,9550.99,63851.12,1.18,7.4,2,"SHOP,ZS",Bull_MidVol
2019-09-09,50909.57,-5.97,9550.99,60466.53,1.19,13.17,2,"SHOP,ZS",Bull_MidVol
2019-09-10,47831.14,-7.16,9550.99,57389.29,1.2,18.42,2,"SHOP,ZS",Bull_MidVol
2019-09-11,47479.86,-8.36,1302.18,48790.4,1.03,19.02,1,SHOP,Bull_MidVol
2019-09-12,48760.15,-8.52,1302.18,50070.85,1.03,16.84,1,SHOP,Bull_MidVol
2019-09-13,46187.86,-8.68,1302.18,47498.73,1.03,21.23,1,SHOP,Bull_MidVol
2019-09-16,46134.34,-8.85,1302.18,47445.37,1.03,21.32,1,SHOP,Bull_MidVol
2019-09-17,44855.14,-9.01,1302.18,46166.33,1.03,23.5,1,SHOP,Bull_MidVol
2019-09-18,44437.98,-9.17,1302.18,45749.34,1.03,24.21,1,SHOP,Bull_MidVol
2019-09-19,44318.48,-9.33,1302.18,45630.0,1.03,24.41,1,SHOP,Bull_MidVol
2019-09-20,43450.65,-9.5,1302.18,44762.33,1.03,25.89,1,SHOP,Bull_MidVol
2019-09-23,42669.86,-9.66,1302.18,43981.7,1.03,27.23,1,SHOP,Bull_LowVol
2019-09-24,40171.98,-9.82,1302.18,41483.99,1.03,31.49,1,SHOP,Bull_LowVol
2019-09-25,42857.67,-9.98,1302.18,44169.84,1.03,26.9,1,SHOP,Bull_LowVol
2019-09-26,42652.52,-10.15,1302.18,43964.85,1.03,27.25,1,SHOP,Bull_LowVol
2019-09-27,41606.38,-10.31,1302.18,42918.88,1.03,29.04,1,SHOP,Bull_LowVol
2019-09-30,42248.85,0.0,42495.07,84743.92,2.01,27.94,2,"SHOP,KLAC",Bull_LowVol
2019-10-01,42461.0,-5.31,42495.07,84961.38,2.0,27.58,2,"SHOP,KLAC",Bull_LowVol
2019-10-02,41490.45,-10.62,42495.07,83996.15,2.02,29.24,2,"SHOP,KLAC",Bull_LowVol
2019-10-03,45001.03,-15.94,42495.07,87512.04,1.94,23.25,2,"SHOP,KLAC",Bull_LowVol
2019-10-04,45789.02,-21.25,42495.07,88305.34,1.93,21.91,2,"SHOP,KLAC",Bull_LowVol
2019-10-07,45585.62,-26.56,42495.07,88107.24,1.93,22.25,2,"SHOP,KLAC",Bull_LowVol
2019-10-08,41563.59,-31.87,42495.07,84090.53,2.02,29.11,2,"SHOP,KLAC",Bull_LowVol
2019-10-09,42480.9,-37.18,42495.07,85013.15,2.0,27.55,2,"SHOP,KLAC",Bull_LowVol
2019-10-10,44781.23,-42.5,42495.07,87318.8,1.95,23.62,2,"SHOP,KLAC",Bull_LowVol
2019-10-11,46117.37,-47.81,42495.07,88660.24,1.92,21.35,2,"SHOP,KLAC",Bull_MidVol
2019-10-14,49260.48,-53.12,42495.07,91808.67,1.86,15.98,2,"SHOP,KLAC",Bull_MidVol
2019-10-15,50018.87,-58.43,42495.07,92572.37,1.85,14.69,2,"SHOP,KLAC",Bull_MidVol
2019-10-16,44815.61,-63.74,42495.07,87374.42,1.95,23.57,2,"SHOP,KLAC",Bull_MidVol
2019-10-17,46685.54,-69.05,42495.07,89249.66,1.91,20.38,2,"SHOP,KLAC",Bull_MidVol
2019-10-18,42783.79,-74.37,42495.07,85353.23,1.99,27.03,2,"SHOP,KLAC",Bull_MidVol
2019-10-21,44407.97,-79.68,42495.07,86982.72,1.96,24.26,2,"SHOP,KLAC",Bull_MidVol
2019-10-22,39911.37,-84.99,42495.07,82491.43,2.07,31.93,2,"SHOP,KLAC",Bull_MidVol
2019-10-23,38917.58,-90.3,42495.07,81502.95,2.09,33.62,2,"SHOP,KLAC",Bull_LowVol
2019-10-24,45679.06,-95.61,42495.07,88269.75,1.93,22.09,2,"SHOP,KLAC",Bull_MidVol
2019-10-25,44517.0,-100.93,42495.07,87113.0,1.96,24.07,2,"SHOP,KLAC",Bull_LowVol
2019-10-28,46652.54,-106.24,42495.07,89253.85,1.91,20.43,2,"SHOP,KLAC",Bull_LowVol
2019-10-29,43468.02,-111.55,42495.07,86074.64,1.98,25.86,2,"SHOP,KLAC",Bull_LowVol
2019-10-30,45183.79,-116.86,42495.07,87795.72,1.94,22.94,2,"SHOP,KLAC",Bull_LowVol
2019-10-31,43453.0,0.0,71843.46,115296.47,2.65,25.89,2,"SHOP,KLAC",Bull_LowVol
2019-11-01,45078.3,-8.98,71843.46,116930.74,2.59,23.12,2,"SHOP,KLAC",Bull_LowVol
2019-11-04,43585.5,-17.96,71843.46,115446.92,2.65,25.66,2,"SHOP,KLAC",Bull_LowVol
2019-11-05,40305.52,-26.94,71843.46,112175.92,2.78,31.26,2,"SHOP,KLAC",Bull_LowVol
2019-11-06,40341.98,-35.92,71843.46,112221.37,2.78,31.2,2,"SHOP,KLAC",Bull_LowVol
2019-11-07,38154.7,-44.9,71843.46,110043.06,2.88,34.93,2,"SHOP,KLAC",Bull_LowVol
2019-11-08,41364.51,-53.88,71843.46,113261.86,2.74,29.45,2,"SHOP,KLAC",Bull_LowVol
2019-11-11,42654.34,-62.86,71843.46,114560.67,2.69,27.25,2,"SHOP,KLAC",Bull_LowVol
2019-11-12,43130.67,-71.84,71843.46,115045.98,2.67,26.44,2,"SHOP,KLAC",Bull_LowVol
2019-11-13,45564.58,-80.82,71843.46,117488.87,2.58,22.29,2,"SHOP,KLAC",Bull_LowVol
2019-11-14,45219.8,-89.8,71843.46,117153.06,2.59,22.88,2,"SHOP,KLAC",Bull_LowVol
2019-11-15,45784.68,-98.78,71843.46,117726.93,2.57,21.91,2,"SHOP,KLAC",Bull_LowVol
2019-11-18,47845.31,-107.77,71843.46,119796.54,2.5,18.4,2,"SHOP,KLAC",Bull_LowVol
2019-11-19,46094.41,-116.75,71843.46,118054.62,2.56,21.38,2,"SHOP,KLAC",Bull_LowVol
2019-11-20,45605.45,-125.73,71843.46,117574.64,2.58,22.22,2,"SHOP,KLAC",Bull_LowVol
2019-11-21,42010.14,-134.71,71843.46,113988.31,2.71,28.35,2,"SHOP,KLAC",Bull_LowVol
2019-11-22,40797.88,-143.69,71843.46,112785.03,2.76,30.42,2,"SHOP,KLAC",Bull_LowVol
2019-11-25,42701.48,-152.67,71843.46,114697.61,2.69,27.17,2,"SHOP,KLAC",Bull_LowVol
2019-11-26,46518.11,-161.65,71843.46,118523.22,2.55,20.66,2,"SHOP,KLAC",Bull_LowVol
2019-11-27,48540.02,-170.63,71843.46,120554.11,2.48,17.21,2,"SHOP,KLAC",Bull_LowVol
2019-11-29,46895.65,0.0,44257.03,91152.69,1.94,20.02,2,"KLAC,LRCX",Bull_LowVol
2019-12-02,45446.45,-5.53,44257.03,89709.02,1.97,22.49,2,"KLAC,LRCX",Bull_LowVol
2019-12-03,43266.46,-11.06,44257.03,87534.56,2.02,26.21,2,"KLAC,LRCX",Bull_LowVol
2019-12-04,45200.11,-16.6,44257.03,89473.74,1.98,22.91,2,"KLAC,LRCX",Bull_LowVol
2019-12-05,45872.61,-22.13,44257.03,90151.77,1.97,21.76,2,"KLAC,LRCX",Bull_LowVol
2019-12-06,47112.74,-27.66,44257.03,91397.43,1.94,19.65,2,"KLAC,LRCX",Bull_LowVol
2019-12-09,46232.92,-33.19,44257.03,90523.15,1.96,21.15,2,"KLAC,LRCX",Bull_LowVol
2019-12-10,47005.7,-38.72,44257.03,91301.45,1.94,19.83,2,"KLAC,LRCX",Bull_LowVol
2019-12-11,49421.78,-44.26,44257.03,93723.06,1.9,15.71,2,"KLAC,LRCX",Bull_LowVol
2019-12-12,52217.22,-49.79,44257.03,96524.04,1.85,10.94,2,"KLAC,LRCX",Bull_LowVol
2019-12-13,51680.34,-55.32,44257.03,95992.69,1.86,11.86,2,"KLAC,LRCX",Bull_LowVol
2019-12-16,52296.8,-60.85,44257.03,96614.68,1.85,10.81,2,"KLAC,LRCX",Bull_LowVol
2019-12-17,54460.16,-66.39,44257.03,98783.58,1.81,7.12,2,"KLAC,LRCX",Bull_LowVol
2019-12-18,53823.43,-71.92,44257.03,98152.38,1.82,8.2,2,"KLAC,LRCX",Bull_LowVol
2019-12-19,54774.29,-77.45,44257.03,99108.77,1.81,6.58,2,"KLAC,LRCX",Bull_LowVol
2019-12-20,56034.03,-82.98,44257.03,100374.04,1.79,4.43,2,"KLAC,LRCX",Bull_LowVol
2019-12-23,55422.16,-88.51,44257.03,99767.71,1.8,5.48,2,"KLAC,LRCX",Bull_LowVol
2019-12-24,55700.97,-94.05,44257.03,100052.05,1.8,5.0,2,"KLAC,LRCX",Bull_LowVol
2019-12-26,55949.3,-99.58,44257.03,100305.91,1.79,4.58,2,"KLAC,LRCX",Bull_LowVol
2019-12-27,55671.09,-105.11,44257.03,100033.23,1.8,5.05,2,"KLAC,LRCX",Bull_LowVol
2019-12-30,55425.43,-110.64,44257.03,99793.11,1.8,5.47,2,"KLAC,LRCX",Bull_LowVol
2019-12-31,49544.59,0.0,52015.39,101559.98,2.05,15.5,2,"LRCX,AMD",Bull_LowVol
2020-01-02,54121.25,-6.5,52015.39,106143.14,1.96,7.69,2,"LRCX,AMD",Bull_LowVol
2020-01-03,53005.42,-13.0,52015.39,105033.81,1.98,9.6,2,"LRCX,AMD",Bull_LowVol
2020-01-06,51822.79,-19.51,52015.39,103857.68,2.0,11.61,2,"LRCX,AMD",Bull_LowVol
2020-01-07,52863.53,-26.01,52015.39,104904.93,1.98,9.84,2,"LRCX,AMD",Bull_LowVol
2020-01-08,53021.96,-32.51,52015.39,105069.86,1.98,9.57,2,"LRCX,AMD",Bull_LowVol
2020-01-09,53949.33,-39.01,52015.39,106003.73,1.96,7.99,2,"LRCX,AMD",Bull_LowVol
2020-01-10,52429.34,-45.51,52015.39,104490.25,1.99,10.58,2,"LRCX,AMD",Bull_LowVol
2020-01-13,53579.47,-52.02,52015.39,105646.87,1.97,8.62,2,"LRCX,AMD",Bull_LowVol
2020-01-14,53558.44,-58.52,52015.39,105632.35,1.97,8.65,2,"LRCX,AMD",Bull_LowVol
2020-01-15,53520.89,-65.02,52015.39,105601.3,1.97,8.72,2,"LRCX,AMD",Bull_LowVol
2020-01-16,56187.34,-71.52,52015.39,108274.25,1.93,4.17,2,"LRCX,AMD",Bull_LowVol
2020-01-17,57836.16,-78.02,52015.39,109929.58,1.9,1.36,2,"LRCX,AMD",Bull_LowVol
2020-01-21,58080.85,-84.53,52015.39,110180.77,1.9,0.94,2,"LRCX,AMD",Bull_LowVol
2020-01-22,58956.41,-91.03,52015.39,111062.83,1.88,0.0,2,"LRCX,AMD",Bull_LowVol
2020-01-23,59449.47,-97.53,52015.39,111562.39,1.88,0.0,2,"LRCX,AMD",Bull_LowVol
2020-01-24,56908.16,-104.03,52015.39,109027.58,1.92,4.27,2,"LRCX,AMD",Bull_LowVol
2020-01-27,53496.59,-110.53,52015.39,105622.51,1.97,10.01,2,"LRCX,AMD",Bull_LowVol
2020-01-28,56268.85,-117.03,52015.39,108401.27,1.93,5.35,2,"LRCX,AMD",Bull_LowVol
2020-01-29,52271.87,-123.54,52015.39,104410.79,2.0,12.07,2,"LRCX,AMD",Bull_LowVol
2020-01-30,55869.5,-130.04,52015.39,108014.93,1.93,6.02,2,"LRCX,AMD",Bull_LowVol
2020-01-31,50337.43,0.0,50159.3,100496.72,2.0,15.33,2,"AMD,TSLA",Bull_LowVol
2020-02-03,60952.93,-6.27,50159.3,111118.5,1.82,0.0,2,"AMD,TSLA",Bull_LowVol
2020-02-04,70392.21,-12.54,50159.3,120564.04,1.71,0.0,2,"AMD,TSLA",Bull_MidVol
2020-02-05,59671.93,-18.81,50159.3,109850.04,1.84,15.23,2,"AMD,TSLA",Bull_MidVol
2020-02-06,60124.5,-25.08,50159.3,110308.87,1.83,14.59,2,"AMD,TSLA",Bull_MidVol
2020-02-07,60514.33,-31.35,50159.3,110704.97,1.83,14.03,2,"AMD,TSLA",Bull_MidVol
2020-02-10,65053.28,-37.62,50159.3,115250.19,1.77,7.58,2,"AMD,TSLA",Bull_MidVol
2020-02-11,67006.43,-43.89,50159.3,117209.61,1.75,4.81,2,"AMD,TSLA",Bull_MidVol
2020-02-12,66582.42,-50.16,50159.3,116791.88,1.75,5.41,2,"AMD,TSLA",Bull_MidVol
2020-02-13,69983.32,-56.43,50159.3,120199.05,1.72,0.58,2,"AMD,TSLA",Bull_MidVol
2020-02-14,70563.95,-62.7,50159.3,120785.95,1.71,0.0,2,"AMD,TSLA",Bull_MidVol
2020-02-18,76607.86,-68.97,50159.3,126836.13,1.66,0.0,2,"AMD,TSLA",Bull_MidVol
2020-02-19,83183.11,-75.24,50159.3,133417.64,1.6,0.0,2,"AMD,TSLA",Bull_MidVol
2020-02-20,80024.76,-81.51,50159.3,130265.56,1.63,3.8,2,"AMD,TSLA",Bull_MidVol
2020-02-21,75646.12,-87.78,50159.3,125893.2,1.66,9.06,2,"AMD,TSLA",Bull_MidVol
2020-02-24,66040.08,-94.05,50159.3,116293.43,1.76,20.61,2,"AMD,TSLA",Bull_MidVol
2020-02-25,61810.04,-100.32,50159.3,112069.66,1.81,25.69,2,"AMD,TSLA",Bull_MidVol
2020-02-26,60168.53,-106.59,50159.3,110434.41,1.84,27.67,2,"AMD,TSLA",Bull_MidVol
2020-02-27,48941.89,-112.86,50159.3,99214.05,2.03,41.16,2,"AMD,TSLA",Bull_MidVol
2020-02-28,49783.44,-119.13,50159.3,100061.87,2.01,40.15,2,"AMD,TSLA",Bull_MidVol
2020-03-02,57540.79,-125.4,50159.3,107825.49,1.87,30.83,2,"AMD,TSLA",Bull_MidVol
2020-03-03,56874.12,-131.67,50159.3,107165.08,1.88,31.63,2,"AMD,TSLA",Bull_MidVol
2020-03-04,60939.92,-137.94,50159.3,111237.15,1.83,26.74,2,"AMD,TSLA",Bull_MidVol
2020-03-05,56856.57,-144.21,50159.3,107160.08,1.88,31.65,2,"AMD,TSLA",Bull_MidVol
2020-03-06,55848.71,-150.48,50159.3,106158.49,1.9,32.86,2,"AMD,TSLA",Bull_MidVol
2020-03-09,42868.31,-156.75,50159.3,93184.35,2.17,48.47,2,"AMD,TSLA",Bull_MidVol
2020-03-10,47968.34,-163.02,50159.3,98290.66,2.05,42.33,2,"AMD,TSLA",Bull_MidVol
2020-03-11,47509.55,-169.29,50159.3,97838.14,2.06,42.89,2,"AMD,TSLA",Bull_MidVol
2020-03-12,40601.73,40601.73,0.0,0.0,0.0,51.19,0,CASH_BIL,Bull_MidVol
2020-03-13,40601.73,40601.73,0.0,0.0,0.0,51.19,0,CASH_BIL,Bull_MidVol
2020-03-16,40601.73,40601.73,0.0,0.0,0.0,51.19,0,CASH_BIL,Bull_MidVol
2020-03-17,40601.73,40601.73,0.0,0.0,0.0,51.19,0,CASH_BIL,Bull_MidVol
2020-03-18,40601.73,40601.73,0.0,0.0,0.0,51.19,0,CASH_BIL,Bull_MidVol
2020-03-19,40601.73,40601.73,0.0,0.0,0.0,51.19,0,CASH_BIL,Bull_MidVol
2020-03-20,40601.73,40601.73,0.0,0.0,0.0,51.19,0,CASH_BIL,Bull_MidVol
2020-03-23,40601.73,40601.73,0.0,0.0,0.0,51.19,0,CASH_BIL,Bull_MidVol
2020-03-24,40601.73,40601.73,0.0,0.0,0.0,51.19,0,CASH_BIL,Bull_MidVol
2020-03-25,40601.73,40601.73,0.0,0.0,0.0,51.19,0,CASH_BIL,Bull_MidVol
2020-03-26,40601.73,40601.73,0.0,0.0,0.0,51.19,0,CASH_BIL,Bull_MidVol
2020-03-27,40601.73,40601.73,0.0,0.0,0.0,51.19,0,CASH_BIL,Bull_MidVol
2020-03-30,40601.73,40601.73,0.0,0.0,0.0,51.19,0,CASH_BIL,Bull_MidVol
2020-03-31,41809.74,0.0,22.36,41832.1,1.0,49.74,2,"TSLA,MRNA",Bull_MidVol
2020-04-01,39001.0,-0.0,22.36,39023.36,1.0,53.11,2,"TSLA,MRNA",Bull_MidVol
2020-04-02,38209.5,-0.01,22.36,38231.87,1.0,54.07,2,"TSLA,MRNA",Bull_MidVol
2020-04-03,40297.08,-0.01,22.36,40319.44,1.0,51.56,2,"TSLA,MRNA",Bull_MidVol
2020-04-06,42576.29,-0.01,22.36,42598.66,1.0,48.82,2,"TSLA,MRNA",Bull_MidVol
2020-04-07,43750.01,-0.01,22.36,43772.38,1.0,47.41,2,"TSLA,MRNA",Bull_MidVol
2020-04-08,44076.32,-0.02,22.36,44098.69,1.0,47.01,2,"TSLA,MRNA",Bull_MidVol
2020-04-09,45481.02,-0.02,22.36,45503.4,1.0,45.32,2,"TSLA,MRNA",Bull_MidVol
2020-04-13,50781.8,-0.02,22.36,50804.18,1.0,38.95,2,"TSLA,MRNA",Bull_MidVol
2020-04-14,55052.73,-0.03,22.36,55075.12,1.0,33.82,2,"TSLA,MRNA",Bull_MidVol
2020-04-15,57036.17,-0.03,22.36,57058.55,1.0,31.43,2,"TSLA,MRNA",Bull_MidVol
2020-04-16,58931.13,-0.03,22.36,58953.52,1.0,29.15,2,"TSLA,MRNA",Bull_MidVol
2020-04-17,61177.62,-0.03,22.36,61200.02,1.0,26.45,2,"TSLA,MRNA",Bull_MidVol
2020-04-20,61999.49,-0.04,22.36,62021.88,1.0,25.47,2,"TSLA,MRNA",Bull_MidVol
2020-04-21,57502.57,-0.04,22.36,57524.97,1.0,30.87,2,"TSLA,MRNA",Bull_MidVol
2020-04-22,60949.48,-0.04,22.36,60971.89,1.0,26.73,2,"TSLA,MRNA",Bull_MidVol
2020-04-23,58228.97,-0.04,22.36,58251.37,1.0,30.0,2,"TSLA,MRNA",Bull_MidVol
2020-04-24,60312.25,-0.05,22.36,60334.66,1.0,27.49,2,"TSLA,MRNA",Bull_MidVol
2020-04-27,64390.59,-0.05,22.36,64413.0,1.0,22.59,2,"TSLA,MRNA",Bull_MidVol
2020-04-28,62436.51,-0.05,22.36,62458.93,1.0,24.94,2,"TSLA,MRNA",Bull_MidVol
2020-04-29,64050.33,-0.06,22.36,64072.74,1.0,23.0,2,"TSLA,MRNA",Bull_MidVol
2020-04-30,61746.28,0.0,17442.52,79188.8,1.28,25.77,2,"TSLA,MRNA",Bull_MidVol
2020-05-01,57772.41,-2.18,17442.52,75217.12,1.3,30.55,2,"TSLA,MRNA",Bull_MidVol
2020-05-04,63237.25,-4.36,17442.52,80684.13,1.28,23.98,2,"TSLA,MRNA",Bull_MidVol
2020-05-05,62959.84,-6.54,17442.52,80408.9,1.28,24.31,2,"TSLA,MRNA",Bull_MidVol
2020-05-06,63638.56,-8.72,17442.52,81089.8,1.27,23.5,2,"TSLA,MRNA",Bull_MidVol
2020-05-07,66131.28,-10.9,17442.52,83584.7,1.26,20.5,2,"TSLA,MRNA",Bull_MidVol
2020-05-08,72464.79,-13.08,17442.52,89920.4,1.24,12.89,2,"TSLA,MRNA",Bull_MidVol
2020-05-11,76735.59,-15.26,17442.52,94193.38,1.23,7.75,2,"TSLA,MRNA",Bull_MidVol
2020-05-12,73759.49,-17.44,17442.52,91219.45,1.24,11.33,2,"TSLA,MRNA",Bull_MidVol
2020-05-13,74343.54,-19.62,17442.52,91805.68,1.23,10.63,2,"TSLA,MRNA",Bull_MidVol
2020-05-14,74749.24,-21.8,17442.52,92213.57,1.23,10.14,2,"TSLA,MRNA",Bull_MidVol
2020-05-15,75814.67,-23.98,17442.52,93281.18,1.23,8.86,2,"TSLA,MRNA",Bull_MidVol
2020-05-18,85089.08,-26.16,17442.52,102557.77,1.21,0.0,2,"TSLA,MRNA",Bull_MidVol
2020-05-19,79502.06,-28.34,17442.52,96972.93,1.22,6.57,2,"TSLA,MRNA",Bull_MidVol
2020-05-20,81114.71,-30.52,17442.52,98587.75,1.22,4.67,2,"TSLA,MRNA",Bull_MidVol
2020-05-21,77862.56,-32.7,17442.52,95337.79,1.22,8.49,2,"TSLA,MRNA",Bull_MidVol
2020-05-22,78392.66,-34.89,17442.52,95870.07,1.22,7.87,2,"TSLA,MRNA",Bull_MidVol
2020-05-26,71439.81,-37.07,17442.52,88919.4,1.24,16.04,2,"TSLA,MRNA",Bull_MidVol
2020-05-27,68057.9,-39.25,17442.52,85539.67,1.26,20.02,2,"TSLA,MRNA",Bull_MidVol
2020-05-28,69233.8,-41.43,17442.52,86717.75,1.25,18.63,2,"TSLA,MRNA",Bull_MidVol
2020-05-29,73436.12,0.0,70000.38,143436.5,1.95,13.7,2,"TSLA,MRNA",Bull_MidVol
2020-06-01,81779.09,-8.75,70000.38,151788.22,1.86,3.89,2,"TSLA,MRNA",Bull_MidVol
2020-06-02,78244.55,-17.5,70000.38,148262.43,1.89,8.04,2,"TSLA,MRNA",Bull_MidVol
2020-06-03,78424.17,-26.25,70000.38,148450.8,1.89,7.83,2,"TSLA,MRNA",Bull_MidVol
2020-06-04,76520.68,-35.0,70000.38,146556.06,1.92,10.07,2,"TSLA,MRNA",Bull_MidVol
2020-06-05,77679.89,-43.75,70000.38,147724.02,1.9,8.71,2,"TSLA,MRNA",Bull_MidVol
2020-06-08,86312.77,-52.5,70000.38,156365.65,1.81,0.0,2,"TSLA,MRNA",Bull_MidVol
2020-06-09,84596.73,-61.25,70000.38,154658.36,1.83,1.99,2,"TSLA,MRNA",Bull_MidVol
2020-06-10,96339.8,-70.0,70000.38,166410.18,1.73,0.0,2,"TSLA,MRNA",Bull_LowVol
2020-06-11,89854.98,-78.75,70000.38,159934.11,1.78,6.73,2,"TSLA,MRNA",Bull_MidVol
2020-06-12,86257.29,-87.5,70000.38,156345.17,1.81,10.47,2,"TSLA,MRNA",Bull_MidVol
2020-06-15,96099.8,-96.25,70000.38,166196.43,1.73,0.25,2,"TSLA,MRNA",Bull_MidVol
2020-06-16,93591.33,-105.0,70000.38,163696.71,1.75,2.85,2,"TSLA,MRNA",Bull_MidVol
2020-06-17,94150.06,-113.75,70000.38,164264.19,1.74,2.27,2,"TSLA,MRNA",Bull_MidVol
2020-06-18,96698.14,-122.5,70000.38,166821.02,1.73,0.0,2,"TSLA,MRNA",Bull_MidVol
2020-06-19,97182.86,-131.25,70000.38,167314.49,1.72,0.0,2,"TSLA,MRNA",Bull_MidVol
2020-06-22,95344.47,-140.0,70000.38,165484.85,1.74,1.89,2,"TSLA,MRNA",Bull_MidVol
2020-06-23,95137.81,-148.75,70000.38,165286.94,1.74,2.1,2,"TSLA,MRNA",Bull_MidVol
2020-06-24,91179.55,-157.5,70000.38,161337.43,1.77,6.18,2,"TSLA,MRNA",Bull_MidVol
2020-06-25,92546.46,-166.25,70000.38,162713.09,1.76,4.77,2,"TSLA,MRNA",Bull_MidVol
2020-06-26,88790.52,-175.0,70000.38,158965.9,1.79,8.64,2,"TSLA,MRNA",Bull_MidVol
2020-06-29,95514.39,-183.75,70000.38,165698.52,1.73,1.72,2,"TSLA,MRNA",Bull_MidVol
2020-06-30,107335.73,0.0,148874.79,256210.52,2.39,0.0,2,"TSLA,MRNA",Bull_MidVol
2020-07-01,107398.15,-18.61,148874.79,256291.55,2.39,0.0,2,"TSLA,MRNA",Bull_MidVol
2020-07-02,112890.15,-37.22,148874.79,261802.15,2.32,0.0,2,"TSLA,MRNA",Bull_MidVol
2020-07-06,134423.54,-55.83,148874.79,283354.15,2.11,0.0,2,"TSLA,MRNA",Bull_MidVol
2020-07-07,140344.21,-74.44,148874.79,289293.44,2.06,0.0,2,"TSLA,MRNA",Bull_MidVol
2020-07-08,138233.95,-93.05,148874.79,287201.78,2.08,1.5,2,"TSLA,MRNA",Bull_MidVol
2020-07-09,148130.01,-111.66,148874.79,297116.45,2.01,0.0,2,"TSLA,MRNA",Bull_MidVol
2020-07-10,162584.57,-130.27,148874.79,311589.63,1.92,0.0,2,"TSLA,MRNA",Bull_MidVol
2020-07-13,173809.91,-148.87,148874.79,322833.58,1.86,0.0,2,"TSLA,MRNA",Bull_MidVol
2020-07-14,182392.94,-167.48,148874.79,331435.21,1.82,0.0,2,"TSLA,MRNA",Bull_MidVol
2020-07-15,195771.13,-186.09,148874.79,344832.01,1.76,0.0,2,"TSLA,MRNA",Bull_MidVol
2020-07-16,193040.06,-204.7,148874.79,342119.55,1.77,1.4,2,"TSLA,MRNA",Bull_MidVol
2020-07-17,217535.7,-223.31,148874.79,366633.8,1.69,0.0,2,"TSLA,MRNA",Bull_MidVol
2020-07-20,212517.13,-241.92,148874.79,361633.84,1.7,2.31,2,"TSLA,MRNA",Bull_MidVol
2020-07-21,199705.78,-260.53,148874.79,348841.1,1.75,8.2,2,"TSLA,MRNA",Bull_MidVol
2020-07-22,207139.27,-279.14,148874.79,356293.2,1.72,4.78,2,"TSLA,MRNA",Bull_MidVol
2020-07-23,182338.79,-297.75,148874.79,331511.33,1.82,16.18,2,"TSLA,MRNA",Bull_MidVol
2020-07-24,166272.43,-316.36,148874.79,315463.58,1.9,23.57,2,"TSLA,MRNA",Bull_MidVol
2020-07-27,194234.99,-334.97,148874.79,343444.75,1.77,10.71,2,"TSLA,MRNA",Bull_MidVol
2020-07-28,189257.0,-353.58,148874.79,338485.37,1.79,13.0,2,"TSLA,MRNA",Bull_MidVol
2020-07-29,188361.03,-372.19,148874.79,337608.0,1.79,13.41,2,"TSLA,MRNA",Bull_MidVol
2020-07-30,183352.3,-390.8,148874.79,332617.88,1.81,15.71,2,"TSLA,MRNA",Bull_MidVol
2020-07-31,169365.51,0.0,198033.24,367398.76,2.17,22.14,2,"TSLA,MRNA",Bull_MidVol
2020-08-03,185981.35,-24.75,198033.24,384039.35,2.06,14.51,2,"TSLA,MRNA",Bull_MidVol
2020-08-04,187423.62,-49.51,198033.24,385506.37,2.06,13.84,2,"TSLA,MRNA",Bull_MidVol
2020-08-05,180412.42,-74.26,198033.24,378519.92,2.1,17.07,2,"TSLA,MRNA",Bull_MidVol
2020-08-06,175793.08,-99.02,198033.24,373925.34,2.13,19.19,2,"TSLA,MRNA",Bull_MidVol
2020-08-07,171998.66,-123.77,198033.24,370155.68,2.15,20.93,2,"TSLA,MRNA",Bull_MidVol
2020-08-10,162391.96,-148.52,198033.24,360573.73,2.22,25.35,2,"TSLA,MRNA",Bull_MidVol
2020-08-11,149117.87,-173.28,198033.24,347324.4,2.33,31.45,2,"TSLA,MRNA",Bull_MidVol
2020-08-12,173140.73,-198.03,198033.24,371372.0,2.14,20.41,2,"TSLA,MRNA",Bull_MidVol
2020-08-13,177154.96,-222.79,198033.24,375410.99,2.12,18.56,2,"TSLA,MRNA",Bull_MidVol
2020-08-14,184205.34,-247.54,198033.24,382486.13,2.08,15.32,2,"TSLA,MRNA",Bull_MidVol
2020-08-17,208952.93,-272.3,198033.24,407258.47,1.95,3.95,2,"TSLA,MRNA",Bull_MidVol
2020-08-18,208475.2,-297.05,198033.24,406805.49,1.95,4.17,2,"TSLA,MRNA",Bull_MidVol
2020-08-19,209832.33,-321.8,198033.24,408187.37,1.95,3.54,2,"TSLA,MRNA",Bull_MidVol
2020-08-20,224812.78,-346.56,198033.24,423192.58,1.88,0.0,2,"TSLA,MRNA",Bull_MidVol
2020-08-21,227390.77,-371.31,198033.24,425795.32,1.87,0.0,2,"TSLA,MRNA",Bull_MidVol
2020-08-24,218895.24,-396.07,198033.24,417324.55,1.91,3.74,2,"TSLA,MRNA",Bull_MidVol
2020-08-25,223488.68,-420.82,198033.24,421942.74,1.89,1.72,2,"TSLA,MRNA",Bull_MidVol
2020-08-26,250535.83,-445.57,198033.24,449014.64,1.79,0.0,2,"TSLA,MRNA",Bull_MidVol
2020-08-27,255003.41,-470.33,198033.24,453506.99,1.78,0.0,2,"TSLA,MRNA",Bull_MidVol
2020-08-28,250426.87,-495.08,198033.24,448955.2,1.79,1.79,2,"TSLA,MRNA",Bull_MidVol
2020-08-31,280986.93,0.0,281524.98,562511.91,2.0,0.0,2,"TSLA,MRNA",Bull_MidVol
2020-09-01,260299.96,-35.19,281524.98,541860.13,2.08,7.36,2,"TSLA,MRNA",Bull_MidVol
2020-09-02,248266.13,-70.38,281524.98,529861.49,2.13,11.64,2,"TSLA,MRNA",Bull_MidVol
2020-09-03,223340.08,-105.57,281524.98,504970.64,2.26,20.52,2,"TSLA,MRNA",Bull_MidVol
2020-09-04,221798.82,-140.76,281524.98,503464.56,2.27,21.06,2,"TSLA,MRNA",Bull_MidVol
2020-09-08,134662.59,-175.95,281524.98,416363.52,3.09,52.08,2,"TSLA,MRNA",Bull_MidVol
2020-09-09,167125.12,-211.14,281524.98,448861.24,2.69,40.52,2,"TSLA,MRNA",Bull_MidVol
2020-09-10,172805.97,-246.33,281524.98,454577.28,2.63,38.5,2,"TSLA,MRNA",Bull_MidVol
2020-09-11,180483.29,-281.52,281524.98,462289.8,2.56,35.77,2,"TSLA,MRNA",Bull_MidVol
2020-09-14,226554.48,-316.72,281524.98,508396.18,2.24,19.37,2,"TSLA,MRNA",Bull_MidVol
2020-09-15,257792.86,-351.91,281524.98,539669.75,2.09,8.25,2,"TSLA,MRNA",Bull_MidVol
2020-09-16,260271.82,-387.1,281524.98,542183.89,2.08,7.37,2,"TSLA,MRNA",Bull_MidVol
2020-09-17,245071.7,-422.29,281524.98,527018.96,2.15,12.78,2,"TSLA,MRNA",Bull_MidVol
2020-09-18,264407.77,-457.48,281524.98,546390.23,2.07,5.9,2,"TSLA,MRNA",Bull_MidVol
2020-09-21,266573.23,-492.67,281524.98,548590.88,2.06,5.13,2,"TSLA,MRNA",Bull_MidVol
2020-09-22,248660.73,-527.86,281524.98,530713.57,2.13,11.5,2,"TSLA,MRNA",Bull_MidVol
2020-09-23,215075.43,-563.05,281524.98,497163.45,2.31,23.46,2,"TSLA,MRNA",Bull_MidVol
2020-09-24,212052.72,-598.24,281524.98,494175.94,2.33,24.53,2,"TSLA,MRNA",Bull_MidVol
2020-09-25,240832.73,-633.43,281524.98,522991.14,2.17,14.29,2,"TSLA,MRNA",Bull_MidVol
2020-09-28,253655.3,-668.62,281524.98,535848.9,2.11,9.73,2,"TSLA,MRNA",Bull_MidVol
2020-09-29,252167.08,-703.81,281524.98,534395.87,2.12,10.26,2,"TSLA,MRNA",Bull_MidVol
2020-09-30,254870.6,0.0,64980.09,319850.69,1.25,9.29,2,"TSLA,SHOP",Bull_MidVol
2020-10-01,268439.68,-8.12,64980.09,333427.89,1.24,4.47,2,"TSLA,SHOP",Bull_MidVol
2020-10-02,246409.39,-16.25,64980.09,311405.72,1.26,12.31,2,"TSLA,SHOP",Bull_MidVol
2020-10-05,254853.2,-24.37,64980.09,319857.66,1.26,9.3,2,"TSLA,SHOP",Bull_MidVol
2020-10-06,246300.49,-32.49,64980.09,311313.06,1.26,12.34,2,"TSLA,SHOP",Bull_MidVol
2020-10-07,254987.79,-40.61,64980.09,320008.49,1.25,9.25,2,"TSLA,SHOP",Bull_MidVol
2020-10-08,255160.98,-48.74,64980.09,320189.8,1.25,9.19,2,"TSLA,SHOP",Bull_MidVol
2020-10-09,261547.87,-56.86,64980.09,326584.81,1.25,6.92,2,"TSLA,SHOP",Bull_MidVol
2020-10-12,266456.34,-64.98,64980.09,331501.4,1.24,5.17,2,"TSLA,SHOP",Bull_MidVol
2020-10-13,269997.89,-73.1,64980.09,335051.08,1.24,3.91,2,"TSLA,SHOP",Bull_MidVol
2020-10-14,277983.6,-81.23,64980.09,343044.91,1.23,1.07,2,"TSLA,SHOP",Bull_MidVol
2020-10-15,269987.39,-89.35,64980.09,335056.82,1.24,3.91,2,"TSLA,SHOP",Bull_MidVol
2020-10-16,263648.67,-97.47,64980.09,328726.22,1.25,6.17,2,"TSLA,SHOP",Bull_MidVol
2020-10-19,258177.26,-105.59,64980.09,323262.94,1.25,8.12,2,"TSLA,SHOP",Bull_MidVol
2020-10-20,251969.48,-113.72,64980.09,317063.28,1.26,10.33,2,"TSLA,SHOP",Bull_MidVol
2020-10-21,250701.1,-121.84,64980.09,315803.02,1.26,10.78,2,"TSLA,SHOP",Bull_MidVol
2020-10-22,251934.61,-129.96,64980.09,317044.66,1.26,10.34,2,"TSLA,SHOP",Bull_MidVol
2020-10-23,249630.13,-138.08,64980.09,314748.3,1.26,11.16,2,"TSLA,SHOP",Bull_MidVol
2020-10-26,249985.42,-146.21,64980.09,315111.71,1.26,11.03,2,"TSLA,SHOP",Bull_MidVol
2020-10-27,254951.1,-154.33,64980.09,320085.51,1.26,9.27,2,"TSLA,SHOP",Bull_MidVol
2020-10-28,240454.82,-162.45,64980.09,305597.35,1.27,14.42,2,"TSLA,SHOP",Bull_MidVol
2020-10-29,241016.67,-170.57,64980.09,306167.33,1.27,14.22,2,"TSLA,SHOP",Bull_MidVol
2020-10-30,224188.82,0.0,63877.04,288065.87,1.28,20.21,2,"TSLA,DDOG",Bull_MidVol
2020-11-02,230828.61,-7.98,63877.04,294713.64,1.28,17.85,2,"TSLA,DDOG",Bull_MidVol
2020-11-03,246394.65,-15.97,63877.04,310287.67,1.26,12.31,2,"TSLA,DDOG",Bull_MidVol
2020-11-04,248210.61,-23.95,63877.04,312111.61,1.26,11.66,2,"TSLA,DDOG",Bull_MidVol
2020-11-05,261065.08,-31.94,63877.04,324974.07,1.24,7.09,2,"TSLA,DDOG",Bull_MidVol
2020-11-06,255162.78,-39.92,63877.04,319079.75,1.25,9.19,2,"TSLA,DDOG",Bull_MidVol
2020-11-09,247027.53,-47.91,63877.04,310952.49,1.26,12.09,2,"TSLA,DDOG",Bull_MidVol
2020-11-10,239054.54,-55.89,63877.04,302987.48,1.27,14.92,2,"TSLA,DDOG",Bull_MidVol
2020-11-11,240476.59,-63.88,63877.04,304417.51,1.27,14.42,2,"TSLA,DDOG",Bull_MidVol
2020-11-12,238651.25,-71.86,63877.04,302600.16,1.27,15.07,2,"TSLA,DDOG",Bull_MidVol
2020-11-13,234547.1,-79.85,63877.04,298503.99,1.27,16.53,2,"TSLA,DDOG",Bull_MidVol
2020-11-16,234545.68,-87.83,63877.04,298510.56,1.27,16.53,2,"TSLA,DDOG",Bull_MidVol
2020-11-17,256434.24,-95.82,63877.04,320407.1,1.25,8.74,2,"TSLA,DDOG",Bull_MidVol
2020-11-18,284318.78,-103.8,63877.04,348299.62,1.23,0.0,2,"TSLA,DDOG",Bull_MidVol
2020-11-19,293019.95,-111.78,63877.04,357008.78,1.22,0.0,2,"TSLA,DDOG",Bull_MidVol
2020-11-20,287043.28,-119.77,63877.04,351040.1,1.22,2.04,2,"TSLA,DDOG",Bull_MidVol
2020-11-23,308235.56,-127.75,63877.04,372240.35,1.21,0.0,2,"TSLA,DDOG",Bull_MidVol
2020-11-24,328374.87,-135.74,63877.04,392387.65,1.19,0.0,2,"TSLA,DDOG",Bull_MidVol
2020-11-25,342177.61,-143.72,63877.04,406198.38,1.19,0.0,2,"TSLA,DDOG",Bull_MidVol
2020-11-27,350977.89,-151.71,63877.04,415006.65,1.18,0.0,2,"TSLA,DDOG",Bull_MidVol
2020-11-30,338539.44,0.0,111087.63,449627.08,1.33,3.54,2,"TSLA,NET",Bull_MidVol
2020-12-01,345839.65,-13.89,111087.63,456941.17,1.32,1.46,2,"TSLA,NET",Bull_MidVol
2020-12-02,335331.47,-27.77,111087.63,446446.88,1.33,4.46,2,"TSLA,NET",Bull_MidVol
2020-12-03,353508.68,-41.66,111087.63,464637.97,1.31,0.0,2,"TSLA,NET",Bull_MidVol
2020-12-04,361045.28,-55.54,111087.63,472188.45,1.31,0.0,2,"TSLA,NET",Bull_MidVol
2020-12-07,393580.57,-69.43,111087.63,504737.64,1.28,0.0,2,"TSLA,NET",Bull_MidVol
2020-12-08,400639.24,-83.32,111087.63,511810.19,1.28,0.0,2,"TSLA,NET",Bull_LowVol
2020-12-09,364370.31,-97.2,111087.63,475555.14,1.31,9.05,2,"TSLA,NET",Bull_LowVol
2020-12-10,386907.29,-111.09,111087.63,498106.01,1.29,3.43,2,"TSLA,NET",Bull_LowVol
2020-12-11,374131.93,-124.97,111087.63,485344.54,1.3,6.62,2,"TSLA,NET",Bull_LowVol
2020-12-14,391641.39,-138.86,111087.63,502867.88,1.28,2.25,2,"TSLA,NET",Bull_LowVol
2020-12-15,387532.47,-152.75,111087.63,498772.85,1.29,3.27,2,"TSLA,NET",Bull_LowVol
2020-12-16,381371.5,-166.63,111087.63,492625.76,1.29,4.81,2,"TSLA,NET",Bull_LowVol
2020-12-17,402175.67,-180.52,111087.63,513443.82,1.28,0.0,2,"TSLA,NET",Bull_LowVol
2020-12-18,429186.18,-194.4,111087.63,540468.22,1.26,0.0,2,"TSLA,NET",Bull_LowVol
2020-12-21,403802.76,-208.29,111087.63,515098.68,1.28,5.91,2,"TSLA,NET",Bull_LowVol
2020-12-22,398244.68,-222.18,111087.63,509554.48,1.28,7.21,2,"TSLA,NET",Bull_LowVol
2020-12-23,395989.64,-236.06,111087.63,507313.33,1.28,7.73,2,"TSLA,NET",Bull_LowVol
2020-12-24,409714.16,-249.95,111087.63,521051.74,1.27,4.54,2,"TSLA,NET",Bull_LowVol
2020-12-28,401623.35,-263.83,111087.63,512974.81,1.28,6.42,2,"TSLA,NET",Bull_LowVol
2020-12-29,401688.78,-277.72,111087.63,513054.13,1.28,6.41,2,"TSLA,NET",Bull_LowVol
2020-12-30,421157.34,-291.61,111087.63,532536.58,1.26,1.87,2,"TSLA,NET",Bull_LowVol
2020-12-31,410476.14,0.0,691890.32,1102366.46,2.69,4.36,2,"TSLA,MRNA",Bull_LowVol
2021-01-04,471335.08,-86.49,691890.32,1163311.88,2.47,0.0,2,"TSLA,MRNA",Bull_LowVol
2021-01-05,458511.59,-172.97,691890.32,1150574.88,2.51,2.72,2,"TSLA,MRNA",Bull_LowVol
2021-01-06,516206.28,-259.46,691890.32,1208356.05,2.34,0.0,2,"TSLA,MRNA",Bull_LowVol
2021-01-07,546454.74,-345.95,691890.32,1238691.0,2.27,0.0,2,"TSLA,MRNA",Bull_MidVol
2021-01-08,571782.31,-432.43,691890.32,1264105.05,2.21,0.0,2,"TSLA,MRNA",Bull_LowVol
2021-01-11,556928.7,-518.92,691890.32,1249337.94,2.24,2.6,2,"TSLA,MRNA",Bull_LowVol
2021-01-12,626863.12,-605.4,691890.32,1319358.84,2.1,0.0,2,"TSLA,MRNA",Bull_LowVol
2021-01-13,626805.88,-691.89,691890.32,1319388.09,2.1,0.01,2,"TSLA,MRNA",Bull_LowVol
2021-01-14,656524.5,-778.38,691890.32,1349193.19,2.06,0.0,2,"TSLA,MRNA",Bull_LowVol
2021-01-15,644164.75,-864.86,691890.32,1336919.92,2.08,1.88,2,"TSLA,MRNA",Bull_LowVol
2021-01-19,626348.84,-951.35,691890.32,1319190.51,2.11,4.6,2,"TSLA,MRNA",Bull_LowVol
2021-01-20,630787.85,-1037.84,691890.32,1323716.0,2.1,3.92,2,"TSLA,MRNA",Bull_MidVol
2021-01-21,676742.85,-1124.32,691890.32,1369757.49,2.02,0.0,2,"TSLA,MRNA",Bull_MidVol
2021-01-22,665324.99,-1210.81,691890.32,1358426.12,2.04,1.69,2,"TSLA,MRNA",Bull_MidVol
2021-01-25,787524.8,-1297.29,691890.32,1480712.41,1.88,0.0,2,"TSLA,MRNA",Bull_MidVol
2021-01-26,819984.7,-1383.78,691890.32,1513258.79,1.85,0.0,2,"TSLA,MRNA",Bull_MidVol
2021-01-27,831988.19,-1470.27,691890.32,1525348.77,1.83,0.0,2,"TSLA,MRNA",Bull_MidVol
2021-01-28,837963.47,-1556.75,691890.32,1531410.54,1.83,0.0,2,"TSLA,MRNA",Bull_MidVol
2021-01-29,886229.85,0.0,1185890.34,2072120.19,2.34,1.25,2,"TSLA,MRNA",Bull_MidVol
2021-02-01,844265.71,-148.24,1185890.34,2030304.28,2.4,5.93,2,"TSLA,MRNA",Bull_MidVol
2021-02-02,891766.76,-296.47,1185890.34,2077953.57,2.33,0.63,2,"TSLA,MRNA",Bull_MidVol
2021-02-03,915213.92,-444.71,1185890.34,2101548.96,2.3,0.0,2,"TSLA,MRNA",Bull_MidVol
2021-02-04,956273.74,-592.95,1185890.34,2142757.02,2.24,0.0,2,"TSLA,MRNA",Bull_MidVol
2021-02-05,977378.79,-741.18,1185890.34,2164010.31,2.21,0.0,2,"TSLA,MRNA",Bull_MidVol
2021-02-08,1052502.12,-889.42,1185890.34,2239281.88,2.13,0.0,2,"TSLA,MRNA",Bull_MidVol
2021-02-09,994359.98,-1037.65,1185890.34,2181287.97,2.19,5.52,2,"TSLA,MRNA",Bull_MidVol
2021-02-10,937975.35,-1185.89,1185890.34,2125051.58,2.27,10.88,2,"TSLA,MRNA",Bull_MidVol
2021-02-11,972140.99,-1334.13,1185890.34,2159365.45,2.22,7.64,2,"TSLA,MRNA",Bull_MidVol
2021-02-12,979390.89,-1482.36,1185890.34,2166763.59,2.21,6.95,2,"TSLA,MRNA",Bull_MidVol
2021-02-16,921804.28,-1630.6,1185890.34,2109325.22,2.29,12.42,2,"TSLA,MRNA",Bull_MidVol
2021-02-17,912869.5,-1778.84,1185890.34,2100538.67,2.3,13.27,2,"TSLA,MRNA",Bull_MidVol
2021-02-18,854058.69,-1927.07,1185890.34,2041876.09,2.39,18.85,2,"TSLA,MRNA",Bull_MidVol
2021-02-19,879028.37,-2075.31,1185890.34,2066994.02,2.35,16.48,2,"TSLA,MRNA",Bull_MidVol
2021-02-22,699441.97,-2223.54,1185890.34,1887555.85,2.7,33.54,2,"TSLA,MRNA",Bull_MidVol
2021-02-23,621912.09,-2371.78,1185890.34,1810174.21,2.91,40.91,2,"TSLA,MRNA",Bull_MidVol
2021-02-24,641114.51,-2520.02,1185890.34,1829524.86,2.85,39.09,2,"TSLA,MRNA",Bull_MidVol
2021-02-25,589806.11,-2668.25,1185890.34,1778364.7,3.02,43.96,2,"TSLA,MRNA",Bull_MidVol
2021-02-26,621936.44,-2816.49,1185890.34,1810643.27,2.91,40.91,2,"TSLA,MRNA",Bull_MidVol
2021-03-01,691121.0,-2964.73,1185890.34,1879976.07,2.72,34.34,2,"TSLA,MRNA",Bull_MidVol
2021-03-02,584663.58,-3112.96,1185890.34,1773666.88,3.03,44.45,2,"TSLA,MRNA",Bull_MidVol
2021-03-03,445113.22,-3261.2,1185890.34,1634264.76,3.67,57.71,2,"TSLA,MRNA",Bull_MidVol
2021-03-04,412577.36,-3409.43,1185890.34,1601877.13,3.88,60.8,2,"TSLA,MRNA",Bull_MidVol
2021-03-05,382740.52,-3557.67,1185890.34,1572188.53,4.11,63.64,2,"TSLA,MRNA",Bull_MidVol
2021-03-08,284429.15,-3705.91,1185890.34,1474025.39,5.18,72.98,2,"TSLA,MRNA",Bull_MidVol
2021-03-09,467467.46,-3854.14,1185890.34,1657211.94,3.55,55.59,2,"TSLA,MRNA",Bull_MidVol
2021-03-10,453438.49,-4002.38,1185890.34,1643331.2,3.62,56.92,2,"TSLA,MRNA",Bull_MidVol
2021-03-11,559864.34,-4150.62,1185890.34,1749905.3,3.13,46.81,2,"TSLA,MRNA",Bull_MidVol
2021-03-12,530511.8,-4298.85,1185890.34,1720700.99,3.24,49.6,2,"TSLA,MRNA",Bull_MidVol
2021-03-15,589991.12,-4447.09,1185890.34,1780328.55,3.02,43.94,2,"TSLA,MRNA",Bull_MidVol
2021-03-16,629496.1,-4595.33,1185890.34,1819981.76,2.89,40.19,2,"TSLA,MRNA",Bull_MidVol
2021-03-17,606674.08,-4743.56,1185890.34,1797307.97,2.96,42.36,2,"TSLA,MRNA",Bull_MidVol
2021-03-18,508047.67,-4891.8,1185890.34,1698829.81,3.34,51.73,2,"TSLA,MRNA",Bull_MidVol
2021-03-19,524396.91,-5040.03,1185890.34,1715327.28,3.27,50.18,2,"TSLA,MRNA",Bull_MidVol
2021-03-22,554660.75,-5188.27,1185890.34,1745739.35,3.15,47.3,2,"TSLA,MRNA",Bull_MidVol
2021-03-23,487540.55,-5336.51,1185890.34,1678767.39,3.44,53.68,2,"TSLA,MRNA",Bull_MidVol
2021-03-24,417047.28,-5484.74,1185890.34,1608422.36,3.86,60.38,2,"TSLA,MRNA",Bull_MidVol
2021-03-25,440243.72,-5632.98,1185890.34,1631767.03,3.71,58.17,2,"TSLA,MRNA",Bull_MidVol
2021-03-26,413019.61,-5781.22,1185890.34,1604691.16,3.89,60.76,2,"TSLA,MRNA",Bull_MidVol
2021-03-29,341496.03,-5929.45,1185890.34,1533315.82,4.49,67.55,2,"TSLA,MRNA",Bull_MidVol
2021-03-30,340270.83,-6077.69,1185890.34,1532238.85,4.5,67.67,2,"TSLA,MRNA",Bull_MidVol
2021-03-31,458626.45,-6225.92,1185890.34,1650742.72,3.6,56.43,2,"TSLA,MRNA",Bull_MidVol
2021-04-01,460946.09,-6374.16,1185890.34,1653210.58,3.59,56.2,2,"TSLA,MRNA",Bull_MidVol
2021-04-05,480305.46,-6522.4,1185890.34,1672718.2,3.48,54.37,2,"TSLA,MRNA",Bull_MidVol
2021-04-06,503702.92,-6670.63,1185890.34,1696263.89,3.37,52.14,2,"TSLA,MRNA",Bull_MidVol
2021-04-07,465067.12,-6818.87,1185890.34,1657776.33,3.56,55.81,2,"TSLA,MRNA",Bull_MidVol
2021-04-08,495962.52,-6967.11,1185890.34,1688819.97,3.41,52.88,2,"TSLA,MRNA",Bull_MidVol
2021-04-09,531867.89,-7115.34,1185890.34,1724873.57,3.24,49.47,2,"TSLA,MRNA",Bull_MidVol
2021-04-12,552937.35,-7263.58,1185890.34,1746091.27,3.16,47.46,2,"TSLA,MRNA",Bull_MidVol
2021-04-13,692325.01,-7411.81,1185890.34,1885627.16,2.72,34.22,2,"TSLA,MRNA",Bull_MidVol
2021-04-14,720154.78,-7560.05,1185890.34,1913605.16,2.66,31.58,2,"TSLA,MRNA",Bull_MidVol
2021-04-15,727168.25,-7708.29,1185890.34,1920766.88,2.64,30.91,2,"TSLA,MRNA",Bull_MidVol
2021-04-16,797199.35,-7856.52,1185890.34,1990946.22,2.5,24.26,2,"TSLA,MRNA",Bull_MidVol
2021-04-19,709848.68,-8004.76,1185890.34,1903743.78,2.68,32.56,2,"TSLA,MRNA",Bull_MidVol
2021-04-20,682711.77,-8153.0,1185890.34,1876755.1,2.75,35.13,2,"TSLA,MRNA",Bull_MidVol
2021-04-21,793845.53,-8301.23,1185890.34,1988037.1,2.5,24.58,2,"TSLA,MRNA",Bull_MidVol
2021-04-22,754708.59,-8449.47,1185890.34,1949048.4,2.58,28.29,2,"TSLA,MRNA",Bull_LowVol
2021-04-23,801440.01,-8597.7,1185890.34,1995928.06,2.49,23.85,2,"TSLA,MRNA",Bull_MidVol
2021-04-26,837267.69,-8745.94,1185890.34,2031903.97,2.43,20.45,2,"TSLA,MRNA",Bull_LowVol
2021-04-27,832416.67,-8894.18,1185890.34,2027201.18,2.44,20.91,2,"TSLA,MRNA",Bull_LowVol
2021-04-28,789659.04,-9042.41,1185890.34,1984591.79,2.51,24.97,2,"TSLA,MRNA",Bull_LowVol
2021-04-29,749040.39,-9190.65,1185890.34,1944121.37,2.6,28.83,2,"TSLA,MRNA",Bull_LowVol
2021-04-30,833454.07,0.0,1371153.27,2204607.34,2.65,20.81,2,"TSLA,AMAT",Bull_LowVol
2021-05-03,804393.31,-171.39,1371153.27,2175717.97,2.7,23.57,2,"TSLA,AMAT",Bull_LowVol
2021-05-04,748917.84,-342.79,1371153.27,2120413.89,2.83,28.84,2,"TSLA,AMAT",Bull_LowVol
2021-05-05,761184.4,-514.18,1371153.27,2132851.85,2.8,27.68,2,"TSLA,AMAT",Bull_LowVol
2021-05-06,766298.32,-685.58,1371153.27,2138137.16,2.79,27.19,2,"TSLA,AMAT",Bull_LowVol
2021-05-07,789243.13,-856.97,1371153.27,2161253.37,2.74,25.01,2,"TSLA,AMAT",Bull_LowVol
2021-05-10,652874.66,-1028.36,1371153.27,2025056.3,3.1,37.97,2,"TSLA,AMAT",Bull_MidVol
2021-05-11,626673.3,-1199.76,1371153.27,1999026.33,3.19,40.46,2,"TSLA,AMAT",Bull_MidVol
2021-05-12,505972.95,-1371.15,1371153.27,1878497.37,3.71,51.93,2,"TSLA,AMAT",Bull_MidVol
2021-05-13,533805.94,-1542.55,1371153.27,1906501.76,3.57,49.28,2,"TSLA,AMAT",Bull_MidVol
2021-05-14,605081.77,-1713.94,1371153.27,1977948.98,3.27,42.51,2,"TSLA,AMAT",Bull_MidVol
2021-05-17,576357.71,-1885.34,1371153.27,1949396.31,3.38,45.24,2,"TSLA,AMAT",Bull_MidVol
2021-05-18,559846.04,-2056.73,1371153.27,1933056.04,3.45,46.81,2,"TSLA,AMAT",Bull_MidVol
2021-05-19,571829.1,-2228.12,1371153.27,1945210.49,3.4,45.67,2,"TSLA,AMAT",Bull_MidVol
2021-05-20,655617.6,-2399.52,1371153.27,2029170.39,3.1,37.71,2,"TSLA,AMAT",Bull_MidVol
2021-05-21,631641.2,-2570.91,1371153.27,2005365.38,3.17,39.99,2,"TSLA,AMAT",Bull_MidVol
2021-05-24,722300.58,-2742.31,1371153.27,2096196.16,2.9,31.37,2,"TSLA,AMAT",Bull_MidVol
2021-05-25,749208.94,-2913.7,1371153.27,2123275.9,2.83,28.82,2,"TSLA,AMAT",Bull_MidVol
2021-05-26,763249.81,-3085.09,1371153.27,2137488.18,2.8,27.48,2,"TSLA,AMAT",Bull_MidVol
2021-05-27,786774.16,-3256.49,1371153.27,2161183.92,2.75,25.25,2,"TSLA,AMAT",Bull_MidVol
2021-05-28,793998.25,0.0,704080.85,1498079.11,1.89,24.56,2,"TSLA,MRNA",Bull_MidVol
2021-06-01,790906.85,-88.01,704080.85,1495075.71,1.89,24.85,2,"TSLA,MRNA",Bull_MidVol
2021-06-02,794884.53,-176.02,704080.85,1499141.4,1.89,24.48,2,"TSLA,MRNA",Bull_MidVol
2021-06-03,769164.36,-264.03,704080.85,1473509.25,1.92,26.92,2,"TSLA,MRNA",Bull_MidVol
2021-06-04,844025.34,-352.04,704080.85,1548458.24,1.83,19.81,2,"TSLA,MRNA",Bull_MidVol
2021-06-07,904443.1,-440.05,704080.85,1608964.0,1.78,14.07,2,"TSLA,MRNA",Bull_MidVol
2021-06-08,876660.36,-528.06,704080.85,1581269.27,1.8,16.71,2,"TSLA,MRNA",Bull_MidVol
2021-06-09,888066.66,-616.07,704080.85,1592763.58,1.79,15.62,2,"TSLA,MRNA",Bull_MidVol
2021-06-10,900248.53,-704.08,704080.85,1605033.47,1.78,14.47,2,"TSLA,MRNA",Bull_LowVol
2021-06-11,907139.72,-792.09,704080.85,1612012.66,1.78,13.81,2,"TSLA,MRNA",Bull_LowVol
2021-06-14,871766.08,-880.1,704080.85,1576727.03,1.81,17.17,2,"TSLA,MRNA",Bull_LowVol
2021-06-15,826203.39,-968.11,704080.85,1531252.35,1.85,21.5,2,"TSLA,MRNA",Bull_LowVol
2021-06-16,818194.07,-1056.12,704080.85,1523331.04,1.86,22.26,2,"TSLA,MRNA",Bull_LowVol
2021-06-17,850762.2,-1144.13,704080.85,1555987.18,1.83,19.17,2,"TSLA,MRNA",Bull_LowVol
2021-06-18,846079.28,-1232.14,704080.85,1551392.28,1.83,19.61,2,"TSLA,MRNA",Bull_LowVol
2021-06-21,878460.4,-1320.15,704080.85,1583861.41,1.8,16.54,2,"TSLA,MRNA",Bull_LowVol
2021-06-22,933436.4,-1408.16,704080.85,1638925.41,1.76,11.31,2,"TSLA,MRNA",Bull_LowVol
2021-06-23,937318.25,-1496.17,704080.85,1642895.28,1.75,10.94,2,"TSLA,MRNA",Bull_LowVol
2021-06-24,997729.12,-1584.18,704080.85,1703394.15,1.71,5.2,2,"TSLA,MRNA",Bull_LowVol
2021-06-25,987042.93,-1672.19,704080.85,1692795.98,1.72,6.22,2,"TSLA,MRNA",Bull_LowVol
2021-06-28,1019531.45,-1760.2,704080.85,1725372.5,1.69,3.13,2,"TSLA,MRNA",Bull_LowVol
2021-06-29,1054845.67,-1848.21,704080.85,1760774.74,1.67,0.0,2,"TSLA,MRNA",Bull_LowVol
2021-06-30,1057393.03,0.0,1055345.61,2112738.64,2.0,0.0,2,"MRNA,AMAT",Bull_LowVol
2021-07-01,1044880.06,-131.92,1055345.61,2100357.59,2.01,1.18,2,"MRNA,AMAT",Bull_LowVol
2021-07-02,1039562.39,-263.84,1055345.61,2095171.84,2.02,1.69,2,"MRNA,AMAT",Bull_LowVol
2021-07-06,1028410.6,-395.75,1055345.61,2084151.96,2.03,2.74,2,"MRNA,AMAT",Bull_LowVol
2021-07-07,940447.8,-527.67,1055345.61,1996321.08,2.12,11.06,2,"MRNA,AMAT",Bull_LowVol
2021-07-08,1011483.04,-659.59,1055345.61,2067488.24,2.04,4.34,2,"MRNA,AMAT",Bull_LowVol
2021-07-09,1018585.69,-791.51,1055345.61,2074722.8,2.04,3.67,2,"MRNA,AMAT",Bull_LowVol
2021-07-12,1071010.71,-923.43,1055345.61,2127279.74,1.99,0.0,2,"MRNA,AMAT",Bull_LowVol
2021-07-13,1039277.13,-1055.35,1055345.61,2095678.08,2.02,2.96,2,"MRNA,AMAT",Bull_LowVol
2021-07-14,1119849.22,-1187.26,1055345.61,2176382.09,1.94,0.0,2,"MRNA,AMAT",Bull_LowVol
2021-07-15,1205808.52,-1319.18,1055345.61,2262473.31,1.88,0.0,2,"MRNA,AMAT",Bull_LowVol
2021-07-16,1382704.48,-1451.1,1055345.61,2439501.19,1.76,0.0,2,"MRNA,AMAT",Bull_LowVol
2021-07-19,1578843.65,-1583.02,1055345.61,2635772.28,1.67,0.0,2,"MRNA,AMAT",Bull_LowVol
2021-07-20,1543800.32,-1714.94,1055345.61,2600860.86,1.68,2.22,2,"MRNA,AMAT",Bull_LowVol
2021-07-21,1660622.65,-1846.85,1055345.61,2717815.11,1.64,0.0,2,"MRNA,AMAT",Bull_LowVol
2021-07-22,1675049.42,-1978.77,1055345.61,2732373.8,1.63,0.0,2,"MRNA,AMAT",Bull_LowVol
2021-07-23,1860619.5,-2110.69,1055345.61,2918075.8,1.57,0.0,2,"MRNA,AMAT",Bull_LowVol
2021-07-26,1767610.35,-2242.61,1055345.61,2825198.57,1.6,5.0,2,"MRNA,AMAT",Bull_LowVol
2021-07-27,1703865.5,-2374.53,1055345.61,2761585.64,1.62,8.42,2,"MRNA,AMAT",Bull_LowVol
2021-07-28,1860090.91,-2506.45,1055345.61,2917942.96,1.57,0.03,2,"MRNA,AMAT",Bull_LowVol
2021-07-29,1834411.66,-2638.36,1055345.61,2892395.63,1.58,1.41,2,"MRNA,AMAT",Bull_LowVol
2021-07-30,1894053.73,0.0,2417249.68,4311303.41,2.28,0.24,2,"MRNA,NET",Bull_LowVol
2021-08-02,1842979.31,-302.16,2417249.68,4260531.15,2.31,2.93,2,"MRNA,NET",Bull_LowVol
2021-08-03,2143727.64,-604.31,2417249.68,4561581.64,2.13,0.0,2,"MRNA,NET",Bull_LowVol
2021-08-04,2383424.66,-906.47,2417249.68,4801580.81,2.01,0.0,2,"MRNA,NET",Bull_LowVol
2021-08-05,2384918.65,-1208.62,2417249.68,4803376.96,2.01,0.0,2,"MRNA,NET",Bull_LowVol
2021-08-06,2326924.24,-1510.78,2417249.68,4745684.7,2.04,2.43,2,"MRNA,NET",Bull_LowVol
2021-08-09,2903371.26,-1812.94,2417249.68,5322433.88,1.83,0.0,2,"MRNA,NET",Bull_LowVol
2021-08-10,2734658.68,-2115.09,2417249.68,5154023.46,1.88,5.81,2,"MRNA,NET",Bull_LowVol
2021-08-11,2125074.21,-2417.25,2417249.68,4544741.15,2.14,26.81,2,"MRNA,NET",Bull_LowVol
2021-08-12,2216615.63,-2719.41,2417249.68,4636584.72,2.09,23.65,2,"MRNA,NET",Bull_LowVol
2021-08-13,2197366.84,-3021.56,2417249.68,4617638.08,2.1,24.32,2,"MRNA,NET",Bull_LowVol
2021-08-16,2062313.39,-3323.72,2417249.68,4482886.79,2.17,28.97,2,"MRNA,NET",Bull_LowVol
2021-08-17,2254923.84,-3625.87,2417249.68,4675799.4,2.07,22.33,2,"MRNA,NET",Bull_LowVol
2021-08-18,2189161.31,-3928.03,2417249.68,4610339.03,2.11,24.6,2,"MRNA,NET",Bull_LowVol
2021-08-19,2040062.54,-4230.19,2417249.68,4461542.4,2.19,29.73,2,"MRNA,NET",Bull_LowVol
2021-08-20,2120290.6,-4532.34,2417249.68,4542072.63,2.14,26.97,2,"MRNA,NET",Bull_LowVol
2021-08-23,2390580.81,-4834.5,2417249.68,4812664.99,2.01,17.66,2,"MRNA,NET",Bull_LowVol
2021-08-24,2266219.89,-5136.66,2417249.68,4688606.23,2.07,21.95,2,"MRNA,NET",Bull_LowVol
2021-08-25,2275290.58,-5438.81,2417249.68,4697979.07,2.06,21.63,2,"MRNA,NET",Bull_LowVol
2021-08-26,2257454.99,-5740.97,2417249.68,4680445.64,2.07,22.25,2,"MRNA,NET",Bull_LowVol
2021-08-27,2167283.15,-6043.12,2417249.68,4590575.95,2.12,25.35,2,"MRNA,NET",Bull_LowVol
2021-08-30,2081976.59,-6345.28,2417249.68,4505571.55,2.16,28.29,2,"MRNA,NET",Bull_LowVol
2021-08-31,2081586.76,0.0,3004837.28,5086424.05,2.44,28.3,2,"MRNA,NET",Bull_LowVol
2021-09-01,2288120.84,-375.6,3004837.28,5293333.73,2.31,21.19,2,"MRNA,NET",Bull_LowVol
2021-09-02,2381159.14,-751.21,3004837.28,5386747.63,2.26,17.99,2,"MRNA,NET",Bull_LowVol
2021-09-03,2574013.12,-1126.81,3004837.28,5579977.22,2.17,11.34,2,"MRNA,NET",Bull_LowVol
2021-09-07,2757732.25,-1502.42,3004837.28,5764071.95,2.09,5.02,2,"MRNA,NET",Bull_LowVol
2021-09-08,2593495.79,-1878.02,3004837.28,5600211.1,2.16,10.67,2,"MRNA,NET",Bull_LowVol
2021-09-09,2877950.74,-2253.63,3004837.28,5885041.66,2.04,0.88,2,"MRNA,NET",Bull_LowVol
2021-09-10,2812975.7,-2629.23,3004837.28,5820442.21,2.07,3.11,2,"MRNA,NET",Bull_LowVol
2021-09-13,2512649.38,-3004.84,3004837.28,5520491.51,2.2,13.46,2,"MRNA,NET",Bull_LowVol
2021-09-14,2612673.47,-3380.44,3004837.28,5620891.2,2.15,10.01,2,"MRNA,NET",Bull_LowVol
2021-09-15,2697859.01,-3756.05,3004837.28,5706452.34,2.12,7.08,2,"MRNA,NET",Bull_LowVol
2021-09-16,2825248.92,-4131.65,3004837.28,5834217.86,2.07,2.69,2,"MRNA,NET",Bull_LowVol
2021-09-17,2701436.28,-4507.26,3004837.28,5710780.82,2.11,6.96,2,"MRNA,NET",Bull_LowVol
2021-09-20,2579439.66,-4882.86,3004837.28,5589159.81,2.17,11.16,2,"MRNA,NET",Bull_LowVol
2021-09-21,2720349.51,-5258.47,3004837.28,5730445.26,2.11,6.3,2,"MRNA,NET",Bull_LowVol
2021-09-22,2876371.9,-5634.07,3004837.28,5886843.26,2.05,0.93,2,"MRNA,NET",Bull_LowVol
2021-09-23,2977487.76,-6009.67,3004837.28,5988334.72,2.01,0.0,2,"MRNA,NET",Bull_LowVol
2021-09-24,2684648.17,-6385.28,3004837.28,5695870.74,2.12,9.84,2,"MRNA,NET",Bull_LowVol
2021-09-27,2385856.91,-6760.88,3004837.28,5397455.08,2.26,19.87,2,"MRNA,NET",Bull_LowVol
2021-09-28,2025470.46,-7136.49,3004837.28,5037444.23,2.49,31.97,2,"MRNA,NET",Bull_LowVol
2021-09-29,1967773.29,-7512.09,3004837.28,4980122.67,2.53,33.91,2,"MRNA,NET",Bull_LowVol
2021-09-30,2023954.78,-7887.7,3004837.28,5036679.77,2.49,32.02,2,"MRNA,NET",Bull_LowVol
2021-10-01,1677081.57,-8263.3,3004837.28,4690182.16,2.8,43.67,2,"MRNA,NET",Bull_LowVol
2021-10-04,1555058.22,-8638.91,3004837.28,4568534.41,2.94,47.77,2,"MRNA,NET",Bull_MidVol
2021-10-05,1756684.07,-9014.51,3004837.28,4770535.87,2.72,41.0,2,"MRNA,NET",Bull_MidVol
2021-10-06,1614983.47,-9390.12,3004837.28,4629210.87,2.87,45.76,2,"MRNA,NET",Bull_MidVol
2021-10-07,1727084.4,-9765.72,3004837.28,4741687.41,2.75,42.0,2,"MRNA,NET",Bull_MidVol
2021-10-08,1728895.42,-10141.33,3004837.28,4743874.03,2.74,41.93,2,"MRNA,NET",Bull_MidVol
2021-10-11,1799080.79,-10516.93,3004837.28,4814435.01,2.68,39.58,2,"MRNA,NET",Bull_MidVol
2021-10-12,1950935.0,-10892.54,3004837.28,4966664.82,2.55,34.48,2,"MRNA,NET",Bull_MidVol
2021-10-13,2167802.68,-11268.14,3004837.28,5183908.1,2.39,27.19,2,"MRNA,NET",Bull_MidVol
2021-10-14,2345297.72,-11643.74,3004837.28,5361778.74,2.29,21.23,2,"MRNA,NET",Bull_MidVol
2021-10-15,2314123.28,-12019.35,3004837.28,5330979.91,2.3,22.28,2,"MRNA,NET",Bull_MidVol
2021-10-18,2601863.06,-12394.95,3004837.28,5619095.3,2.16,12.62,2,"MRNA,NET",Bull_MidVol
2021-10-19,2472989.17,-12770.56,3004837.28,5490597.01,2.22,16.94,2,"MRNA,NET",Bull_MidVol
2021-10-20,2505650.86,-13146.16,3004837.28,5523634.31,2.2,15.85,2,"MRNA,NET",Bull_MidVol
2021-10-21,2660328.85,-13521.77,3004837.28,5678687.9,2.13,10.65,2,"MRNA,NET",Bull_MidVol
2021-10-22,2536720.44,-13897.37,3004837.28,5555455.1,2.19,14.8,2,"MRNA,NET",Bull_MidVol
2021-10-25,2857367.76,-14272.98,3004837.28,5876478.02,2.06,4.03,2,"MRNA,NET",Bull_MidVol
2021-10-26,2763176.86,-14648.58,3004837.28,5782662.72,2.09,7.2,2,"MRNA,NET",Bull_LowVol
2021-10-27,2620166.59,-15024.19,3004837.28,5640028.06,2.15,12.0,2,"MRNA,NET",Bull_LowVol
2021-10-28,2761837.48,-15399.79,3004837.28,5782074.55,2.09,7.24,2,"MRNA,NET",Bull_LowVol
2021-10-29,2961301.95,0.0,2970730.32,5932032.27,2.0,0.54,2,"MRNA,MDB",Bull_LowVol
2021-11-01,2798632.24,-371.34,2970730.32,5769733.9,2.06,6.01,2,"MRNA,MDB",Bull_LowVol
2021-11-02,3001505.13,-742.68,2970730.32,5972978.13,1.99,0.0,2,"MRNA,MDB",Bull_LowVol
2021-11-03,2969810.03,-1114.02,2970730.32,5941654.37,2.0,1.06,2,"MRNA,MDB",Bull_LowVol
2021-11-04,2143975.38,-1485.37,2970730.32,5116191.07,2.39,28.57,2,"MRNA,MDB",Bull_LowVol
2021-11-05,1538527.78,-1856.71,2970730.32,4511114.8,2.93,48.74,2,"MRNA,MDB",Bull_LowVol
2021-11-08,1679414.64,-2228.05,2970730.32,4652373.01,2.77,44.05,2,"MRNA,MDB",Bull_LowVol
2021-11-09,1582869.1,-2599.39,2970730.32,4556198.81,2.88,47.26,2,"MRNA,MDB",Bull_LowVol
2021-11-10,1405427.79,173971.5,0.0,1231456.29,0.88,53.18,1,MDB,Bull_LowVol
2021-11-11,1391492.41,173971.5,0.0,1217520.9,0.87,53.64,1,MDB,Bull_LowVol
2021-11-12,1431767.31,173971.5,0.0,1257795.81,0.88,52.3,1,MDB,Bull_LowVol
2021-11-15,1420805.45,173971.5,0.0,1246833.94,0.88,52.66,1,MDB,Bull_LowVol
2021-11-16,1472153.14,173971.5,0.0,1298181.64,0.88,50.95,1,MDB,Bull_LowVol
2021-11-17,1438801.5,173971.5,0.0,1264830.0,0.88,52.06,1,MDB,Bull_LowVol
2021-11-18,1433897.47,173971.5,0.0,1259925.96,0.88,52.23,1,MDB,Bull_LowVol
2021-11-19,1438291.18,173971.5,0.0,1264319.67,0.88,52.08,1,MDB,Bull_LowVol
2021-11-22,1318687.02,173971.5,0.0,1144715.52,0.87,56.07,1,MDB,Bull_LowVol
2021-11-23,1280941.81,173971.5,0.0,1106970.31,0.86,57.32,1,MDB,Bull_LowVol
2021-11-24,1299403.91,173971.5,0.0,1125432.4,0.87,56.71,1,MDB,Bull_LowVol
2021-11-26,1324767.06,173971.5,0.0,1150795.56,0.87,55.86,1,MDB,Bull_LowVol
2021-11-29,1341121.08,173971.5,0.0,1167149.58,0.87,55.32,1,MDB,Bull_LowVol
2021-11-30,1258847.19,0.0,1030711.12,2289558.3,1.82,58.06,2,"NET,TEAM",Bull_MidVol
2021-12-01,1001360.07,-128.84,1030711.12,2032200.03,2.03,66.64,2,"NET,TEAM",Bull_MidVol
2021-12-02,1036449.24,-257.68,1030711.12,2067418.04,1.99,65.47,2,"NET,TEAM",Bull_MidVol
2021-12-03,886268.0,464421.5,0.0,421846.5,0.48,70.47,1,TEAM,Bull_MidVol
2021-12-06,891023.58,464421.5,0.0,426602.08,0.48,70.31,1,TEAM,Bull_MidVol
2021-12-07,926690.41,464421.5,0.0,462268.92,0.5,69.13,1,TEAM,Bull_MidVol
2021-12-08,932025.37,464421.5,0.0,467603.87,0.5,68.95,1,TEAM,Bull_MidVol
2021-12-09,917577.58,464421.5,0.0,453156.08,0.49,69.43,1,TEAM,Bull_MidVol
2021-12-10,914173.83,464421.5,0.0,449752.33,0.49,69.54,1,TEAM,Bull_MidVol
2021-12-13,910927.0,464421.5,0.0,446505.5,0.49,69.65,1,TEAM,Bull_MidVol
2021-12-14,888971.66,464421.5,0.0,424550.17,0.48,70.38,1,TEAM,Bull_MidVol
2021-12-15,904288.5,464421.5,0.0,439867.0,0.49,69.87,1,TEAM,Bull_MidVol
2021-12-16,881367.58,464421.5,0.0,416946.08,0.47,70.64,1,TEAM,Bull_MidVol
2021-12-17,888030.21,464421.5,0.0,423608.71,0.48,70.41,1,TEAM,Bull_MidVol
2021-12-20,878820.79,464421.5,0.0,414399.29,0.47,70.72,1,TEAM,Bull_MidVol
2021-12-21,923841.91,464421.5,0.0,459420.42,0.5,69.22,1,TEAM,Bull_MidVol
2021-12-22,932797.83,464421.5,0.0,468376.34,0.5,68.92,1,TEAM,Bull_MidVol
2021-12-23,932640.95,464421.5,0.0,468219.46,0.5,68.93,1,TEAM,Bull_MidVol
2021-12-27,940498.5,464421.5,0.0,476077.0,0.51,68.67,1,TEAM,Bull_MidVol
2021-12-28,933473.75,464421.5,0.0,469052.25,0.5,68.9,1,TEAM,Bull_MidVol
2021-12-29,926436.95,464421.5,0.0,462015.46,0.5,69.13,1,TEAM,Bull_MidVol
2021-12-30,929551.0,464421.5,0.0,465129.5,0.5,69.03,1,TEAM,Bull_MidVol
2021-12-31,748927.66,0.0,303057.88,1051985.53,1.4,75.05,2,"NVDA,NET",Bull_MidVol
2022-01-03,745114.76,-37.88,303057.88,1048210.52,1.41,75.18,2,"NVDA,NET",Bull_MidVol
2022-01-04,689711.35,-75.76,303057.88,992845.0,1.44,77.02,2,"NVDA,NET",Bull_MidVol
2022-01-05,615791.01,51278.23,0.0,564512.79,0.92,79.48,1,NVDA,Bull_MidVol
2022-01-06,627529.44,51278.23,0.0,576251.21,0.92,79.09,1,NVDA,Bull_MidVol
2022-01-07,608490.08,51278.23,0.0,557211.85,0.92,79.73,1,NVDA,Bull_MidVol
2022-01-10,611618.97,51278.23,0.0,560340.75,0.92,79.62,1,NVDA,Bull_MidVol
2022-01-11,620146.88,51278.23,0.0,568868.65,0.92,79.34,1,NVDA,Bull_MidVol
2022-01-12,623868.74,51278.23,0.0,572590.51,0.92,79.21,1,NVDA,Bull_MidVol
2022-01-13,594747.45,51278.23,0.0,543469.23,0.91,80.19,1,NVDA,Bull_MidVol
2022-01-14,602252.76,51278.23,0.0,550974.53,0.91,79.93,1,NVDA,Bull_MidVol
2022-01-18,581004.83,51278.23,0.0,529726.6,0.91,80.64,1,NVDA,Bull_MidVol
2022-01-19,568456.48,568456.48,0.0,0.0,0.0,81.06,0,CASH_BIL,Bull_MidVol
2022-01-20,568456.48,568456.48,0.0,0.0,0.0,81.06,0,CASH_BIL,Bull_MidVol
2022-01-21,568456.48,568456.48,0.0,0.0,0.0,81.06,0,CASH_BIL,Bull_MidVol
2022-01-24,568456.48,568456.48,0.0,0.0,0.0,81.06,0,CASH_BIL,Bull_MidVol
2022-01-25,568456.48,568456.48,0.0,0.0,0.0,81.06,0,CASH_BIL,Bull_MidVol
2022-01-26,568456.48,568456.48,0.0,0.0,0.0,81.06,0,CASH_BIL,Bull_MidVol
2022-01-27,568456.48,568456.48,0.0,0.0,0.0,81.06,0,CASH_BIL,Bull_MidVol
2022-01-28,568456.48,568456.48,0.0,0.0,0.0,81.06,0,CASH_BIL,Bull_MidVol
2022-01-31,560010.27,0.0,259.69,560269.96,1.0,81.34,2,"ON,NVDA",Bull_MidVol
2022-02-01,564962.62,-0.03,259.69,565222.34,1.0,81.18,2,"ON,NVDA",Bull_MidVol
2022-02-02,578651.04,-0.06,259.69,578910.8,1.0,80.72,2,"ON,NVDA",Bull_MidVol
2022-02-03,539939.0,-0.1,259.69,540198.79,1.0,82.01,2,"ON,NVDA",Bull_MidVol
2022-02-04,550070.11,-0.13,259.69,550329.93,1.0,81.67,2,"ON,NVDA",Bull_MidVol
2022-02-07,579456.53,-0.16,259.69,579716.38,1.0,80.69,2,"ON,NVDA",Bull_MidVol
2022-02-08,602670.93,-0.19,259.69,602930.81,1.0,79.92,2,"ON,NVDA",Bull_MidVol
2022-02-09,624985.42,-0.23,259.69,625245.34,1.0,79.18,2,"ON,NVDA",Bull_MidVol
2022-02-10,596839.73,-0.26,259.69,597099.68,1.0,80.12,2,"ON,NVDA",Bull_MidVol
2022-02-11,554290.13,-0.29,259.69,554550.11,1.0,81.53,2,"ON,NVDA",Bull_MidVol
2022-02-14,555974.22,-0.32,259.69,556234.23,1.0,81.48,2,"ON,NVDA",Bull_MidVol
2022-02-15,597660.78,-0.36,259.69,597920.82,1.0,80.09,2,"ON,NVDA",Bull_MidVol
2022-02-16,602347.02,-0.39,259.69,602607.09,1.0,79.93,2,"ON,NVDA",Bull_MidVol
2022-02-17,566410.72,-0.42,259.69,566670.83,1.0,81.13,2,"ON,NVDA",Bull_MidVol
2022-02-18,557500.12,-0.45,259.69,557760.27,1.0,81.43,2,"ON,NVDA",Bull_MidVol
2022-02-22,545744.09,-0.49,259.69,546004.27,1.0,81.82,2,"ON,NVDA",Bull_MidVol
2022-02-23,531766.47,-0.52,259.69,532026.68,1.0,82.28,2,"ON,NVDA",Bull_MidVol
2022-02-24,563170.82,-0.55,259.69,563431.06,1.0,81.24,2,"ON,NVDA",Bull_MidVol
2022-02-25,579982.86,-0.58,259.69,580243.13,1.0,80.68,2,"ON,NVDA",Bull_MidVol
2022-02-28,572155.95,0.0,272.5,572428.45,1.0,80.94,2,"XOM,MPC",Bull_MidVol
2022-03-01,568591.7,-0.03,272.5,568864.24,1.0,81.06,2,"XOM,MPC",Bull_MidVol
2022-03-02,576287.7,576287.7,0.0,0.0,0.0,80.8,0,CASH_BIL,Bear
2022-03-03,576287.7,576287.7,0.0,0.0,0.0,80.8,0,CASH_BIL,Bear
2022-03-04,576287.7,576287.7,0.0,0.0,0.0,80.8,0,CASH_BIL,Bear
2022-03-07,576287.7,576287.7,0.0,0.0,0.0,80.8,0,CASH_BIL,Bear
2022-03-08,576287.7,576287.7,0.0,0.0,0.0,80.8,0,CASH_BIL,Bear
2022-03-09,576287.7,576287.7,0.0,0.0,0.0,80.8,0,CASH_BIL,Bear
2022-03-10,576224.48,576224.48,0.0,0.0,0.0,80.8,0,CASH_BIL,Bear
2022-03-11,576287.7,576287.7,0.0,0.0,0.0,80.8,0,CASH_BIL,Bear
2022-03-14,576161.44,576161.44,0.0,0.0,0.0,80.8,0,CASH_BIL,Bear
2022-03-15,576287.7,576287.7,0.0,0.0,0.0,80.8,0,CASH_BIL,Bear
2022-03-16,576287.7,576287.7,0.0,0.0,0.0,80.8,0,CASH_BIL,Bear
2022-03-17,576224.48,576224.48,0.0,0.0,0.0,80.8,0,CASH_BIL,Bear
2022-03-18,576224.48,576224.48,0.0,0.0,0.0,80.8,0,CASH_BIL,Bear
2022-03-21,576224.48,576224.48,0.0,0.0,0.0,80.8,0,CASH_BIL,Bear
2022-03-22,576224.48,576224.48,0.0,0.0,0.0,80.8,0,CASH_BIL,Bull_MidVol
2022-03-23,576224.48,576224.48,0.0,0.0,0.0,80.8,0,CASH_BIL,Bear
2022-03-24,576224.48,576224.48,0.0,0.0,0.0,80.8,0,CASH_BIL,Bull_MidVol
2022-03-25,576224.48,576224.48,0.0,0.0,0.0,80.8,0,CASH_BIL,Bull_MidVol
2022-03-28,576224.48,576224.48,0.0,0.0,0.0,80.8,0,CASH_BIL,Bull_MidVol
2022-03-29,576224.48,576224.48,0.0,0.0,0.0,80.8,0,CASH_BIL,Bull_MidVol
2022-03-30,576224.48,576224.48,0.0,0.0,0.0,80.8,0,CASH_BIL,Bull_MidVol
2022-03-31,579027.32,0.0,237.71,579265.03,1.0,80.71,2,"XOM,MPC",Bull_MidVol
2022-04-01,579430.3,-0.03,237.71,579668.03,1.0,80.7,2,"XOM,MPC",Bull_MidVol
2022-04-04,580295.72,-0.06,237.71,580533.48,1.0,80.67,2,"XOM,MPC",Bull_MidVol
2022-04-05,577507.64,-0.09,237.71,577745.44,1.0,80.76,2,"XOM,MPC",Bull_MidVol
2022-04-06,585192.7,585192.7,0.0,0.0,0.0,80.5,0,CASH_BIL,Bear
2022-04-07,585128.5,585128.5,0.0,0.0,0.0,80.51,0,CASH_BIL,Bear
2022-04-08,585192.7,585192.7,0.0,0.0,0.0,80.5,0,CASH_BIL,Bear
2022-04-11,585192.7,585192.7,0.0,0.0,0.0,80.5,0,CASH_BIL,Bear
2022-04-12,585192.7,585192.7,0.0,0.0,0.0,80.5,0,CASH_BIL,Bear
2022-04-13,585128.5,585128.5,0.0,0.0,0.0,80.51,0,CASH_BIL,Bear
2022-04-14,585192.7,585192.7,0.0,0.0,0.0,80.5,0,CASH_BIL,Bear
2022-04-18,585128.5,585128.5,0.0,0.0,0.0,80.51,0,CASH_BIL,Bear
2022-04-19,585256.6,585256.6,0.0,0.0,0.0,80.5,0,CASH_BIL,Bear
2022-04-20,585256.6,585256.6,0.0,0.0,0.0,80.5,0,CASH_BIL,Bear
2022-04-21,585192.7,585192.7,0.0,0.0,0.0,80.5,0,CASH_BIL,Bear
2022-04-22,585256.6,585256.6,0.0,0.0,0.0,80.5,0,CASH_BIL,Bear
2022-04-25,585192.7,585192.7,0.0,0.0,0.0,80.5,0,CASH_BIL,Bear
2022-04-26,585192.7,585192.7,0.0,0.0,0.0,80.5,0,CASH_BIL,Bear
2022-04-27,585320.26,585320.26,0.0,0.0,0.0,80.5,0,CASH_BIL,Bear
2022-04-28,585192.7,585192.7,0.0,0.0,0.0,80.5,0,CASH_BIL,Bear
2022-04-29,585256.6,585256.6,0.0,0.0,0.0,80.5,0,CASH_BIL,Bear
2022-05-02,585192.7,585192.7,0.0,0.0,0.0,80.5,0,CASH_BIL,Bear
2022-05-03,585320.26,585320.26,0.0,0.0,0.0,80.5,0,CASH_BIL,Bear
2022-05-04,585320.26,585320.26,0.0,0.0,0.0,80.5,0,CASH_BIL,Bear
2022-05-05,585320.26,585320.26,0.0,0.0,0.0,80.5,0,CASH_BIL,Bear
2022-05-06,585256.6,585256.6,0.0,0.0,0.0,80.5,0,CASH_BIL,Bear
2022-05-09,585256.6,585256.6,0.0,0.0,0.0,80.5,0,CASH_BIL,Bear
2022-05-10,585256.6,585256.6,0.0,0.0,0.0,80.5,0,CASH_BIL,Bear
2022-05-11,585320.26,585320.26,0.0,0.0,0.0,80.5,0,CASH_BIL,Bear
2022-05-12,585384.69,585384.69,0.0,0.0,0.0,80.5,0,CASH_BIL,Bear
2022-05-13,585320.26,585320.26,0.0,0.0,0.0,80.5,0,CASH_BIL,Bear
2022-05-16,585320.26,585320.26,0.0,0.0,0.0,80.5,0,CASH_BIL,Bear
2022-05-17,585320.26,585320.26,0.0,0.0,0.0,80.5,0,CASH_BIL,Bear
2022-05-18,585448.42,585448.42,0.0,0.0,0.0,80.49,0,CASH_BIL,Bear
2022-05-19,585448.42,585448.42,0.0,0.0,0.0,80.49,0,CASH_BIL,Bear
2022-05-20,585448.42,585448.42,0.0,0.0,0.0,80.49,0,CASH_BIL,Bear
2022-05-23,585384.69,585384.69,0.0,0.0,0.0,80.5,0,CASH_BIL,Bear
2022-05-24,585448.42,585448.42,0.0,0.0,0.0,80.49,0,CASH_BIL,Bear
2022-05-25,585576.8,585576.8,0.0,0.0,0.0,80.49,0,CASH_BIL,Bear
2022-05-26,585448.42,585448.42,0.0,0.0,0.0,80.49,0,CASH_BIL,Bear
2022-05-27,585384.69,585384.69,0.0,0.0,0.0,80.5,0,CASH_BIL,Bear
2022-05-31,585390.99,585390.99,0.0,0.0,0.0,80.5,0,CASH_BIL,Bear
2022-06-01,585518.96,585518.96,0.0,0.0,0.0,80.49,0,CASH_BIL,Bear
2022-06-02,585390.99,585390.99,0.0,0.0,0.0,80.5,0,CASH_BIL,Bear
2022-06-03,585455.06,585455.06,0.0,0.0,0.0,80.49,0,CASH_BIL,Bear
2022-06-06,585390.99,585390.99,0.0,0.0,0.0,80.5,0,CASH_BIL,Bear
2022-06-07,585455.06,585455.06,0.0,0.0,0.0,80.49,0,CASH_BIL,Bear
2022-06-08,585518.96,585518.96,0.0,0.0,0.0,80.49,0,CASH_BIL,Bear
2022-06-09,585390.99,585390.99,0.0,0.0,0.0,80.5,0,CASH_BIL,Bear
2022-06-10,585455.06,585455.06,0.0,0.0,0.0,80.49,0,CASH_BIL,Bear
2022-06-13,585390.99,585390.99,0.0,0.0,0.0,80.5,0,CASH_BIL,Bear
2022-06-14,585455.06,585455.06,0.0,0.0,0.0,80.49,0,CASH_BIL,Bear
2022-06-15,585582.98,585582.98,0.0,0.0,0.0,80.49,0,CASH_BIL,Bear
2022-06-16,585518.96,585518.96,0.0,0.0,0.0,80.49,0,CASH_BIL,Bear
2022-06-17,585647.0,585647.0,0.0,0.0,0.0,80.49,0,CASH_BIL,Bear
2022-06-21,585711.13,585711.13,0.0,0.0,0.0,80.49,0,CASH_BIL,Bear
2022-06-22,585711.13,585711.13,0.0,0.0,0.0,80.49,0,CASH_BIL,Bear
2022-06-23,585582.98,585582.98,0.0,0.0,0.0,80.49,0,CASH_BIL,Bear
2022-06-24,585582.98,585582.98,0.0,0.0,0.0,80.49,0,CASH_BIL,Bear
2022-06-27,585711.13,585711.13,0.0,0.0,0.0,80.49,0,CASH_BIL,Bear
2022-06-28,585775.44,585775.44,0.0,0.0,0.0,80.48,0,CASH_BIL,Bear
2022-06-29,585839.28,585839.28,0.0,0.0,0.0,80.48,0,CASH_BIL,Bear
2022-06-30,585794.39,585794.39,0.0,0.0,0.0,80.48,0,CASH_BIL,Bear
2022-07-01,585794.39,585794.39,0.0,0.0,0.0,80.48,0,CASH_BIL,Bear
2022-07-05,585794.39,585794.39,0.0,0.0,0.0,80.48,0,CASH_BIL,Bear
2022-07-06,585794.39,585794.39,0.0,0.0,0.0,80.48,0,CASH_BIL,Bear
2022-07-07,585730.31,585730.31,0.0,0.0,0.0,80.49,0,CASH_BIL,Bear
2022-07-08,585794.39,585794.39,0.0,0.0,0.0,80.48,0,CASH_BIL,Bear
2022-07-11,585730.31,585730.31,0.0,0.0,0.0,80.49,0,CASH_BIL,Bear
2022-07-12,585730.31,585730.31,0.0,0.0,0.0,80.49,0,CASH_BIL,Bear
2022-07-13,585794.39,585794.39,0.0,0.0,0.0,80.48,0,CASH_BIL,Bear
2022-07-14,585730.31,585730.31,0.0,0.0,0.0,80.49,0,CASH_BIL,Bear
2022-07-15,585730.31,585730.31,0.0,0.0,0.0,80.49,0,CASH_BIL,Bear
2022-07-18,585730.31,585730.31,0.0,0.0,0.0,80.49,0,CASH_BIL,Bear
2022-07-19,585730.31,585730.31,0.0,0.0,0.0,80.49,0,CASH_BIL,Bear
2022-07-20,585922.42,585922.42,0.0,0.0,0.0,80.48,0,CASH_BIL,Bear
2022-07-21,585986.44,585986.44,0.0,0.0,0.0,80.48,0,CASH_BIL,Bear
2022-07-22,585922.42,585922.42,0.0,0.0,0.0,80.48,0,CASH_BIL,Bear
2022-07-25,585922.42,585922.42,0.0,0.0,0.0,80.48,0,CASH_BIL,Bear
2022-07-26,585922.42,585922.42,0.0,0.0,0.0,80.48,0,CASH_BIL,Bear
2022-07-27,585986.44,585986.44,0.0,0.0,0.0,80.48,0,CASH_BIL,Bear
2022-07-28,586050.63,586050.63,0.0,0.0,0.0,80.47,0,CASH_BIL,Bear
2022-07-29,586095.41,586095.41,0.0,0.0,0.0,80.47,0,CASH_BIL,Bear
2022-08-01,586159.66,586159.66,0.0,0.0,0.0,80.47,0,CASH_BIL,Bear
2022-08-02,586095.41,586095.41,0.0,0.0,0.0,80.47,0,CASH_BIL,Bear
2022-08-03,586223.5,586223.5,0.0,0.0,0.0,80.47,0,CASH_BIL,Bear
2022-08-04,586352.29,586352.29,0.0,0.0,0.0,80.46,0,CASH_BIL,Bear
2022-08-05,586416.14,586416.14,0.0,0.0,0.0,80.46,0,CASH_BIL,Bear
2022-08-08,586352.29,586352.29,0.0,0.0,0.0,80.46,0,CASH_BIL,Bear
2022-08-09,586416.14,586416.14,0.0,0.0,0.0,80.46,0,CASH_BIL,Bear
2022-08-10,586416.14,586416.14,0.0,0.0,0.0,80.46,0,CASH_BIL,Bear
2022-08-11,586544.58,586544.58,0.0,0.0,0.0,80.46,0,CASH_BIL,Bear
2022-08-12,586480.21,586480.21,0.0,0.0,0.0,80.46,0,CASH_BIL,Bear
2022-08-15,586480.21,586480.21,0.0,0.0,0.0,80.46,0,CASH_BIL,Bull_MidVol
2022-08-16,586480.21,586480.21,0.0,0.0,0.0,80.46,0,CASH_BIL,Bull_MidVol
2022-08-17,586736.6,586736.6,0.0,0.0,0.0,80.45,0,CASH_BIL,Bear
2022-08-18,586736.6,586736.6,0.0,0.0,0.0,80.45,0,CASH_BIL,Bear
2022-08-19,586800.73,586800.73,0.0,0.0,0.0,80.45,0,CASH_BIL,Bear
2022-08-22,586672.47,586672.47,0.0,0.0,0.0,80.45,0,CASH_BIL,Bear
2022-08-23,586864.74,586864.74,0.0,0.0,0.0,80.45,0,CASH_BIL,Bear
2022-08-24,586928.86,586928.86,0.0,0.0,0.0,80.45,0,CASH_BIL,Bear
2022-08-25,586928.86,586928.86,0.0,0.0,0.0,80.45,0,CASH_BIL,Bear
2022-08-26,586928.86,586928.86,0.0,0.0,0.0,80.45,0,CASH_BIL,Bear
2022-08-29,586993.34,586993.34,0.0,0.0,0.0,80.44,0,CASH_BIL,Bear
2022-08-30,587121.54,587121.54,0.0,0.0,0.0,80.44,0,CASH_BIL,Bear
2022-08-31,587243.55,587243.55,0.0,0.0,0.0,80.44,0,CASH_BIL,Bear
2022-09-01,587307.68,587307.68,0.0,0.0,0.0,80.43,0,CASH_BIL,Bear
2022-09-02,587307.68,587307.68,0.0,0.0,0.0,80.43,0,CASH_BIL,Bear
2022-09-06,587371.92,587371.92,0.0,0.0,0.0,80.43,0,CASH_BIL,Bear
2022-09-07,587500.41,587500.41,0.0,0.0,0.0,80.43,0,CASH_BIL,Bear
2022-09-08,587500.41,587500.41,0.0,0.0,0.0,80.43,0,CASH_BIL,Bear
2022-09-09,587435.99,587435.99,0.0,0.0,0.0,80.43,0,CASH_BIL,Bear
2022-09-12,587564.59,587564.59,0.0,0.0,0.0,80.42,0,CASH_BIL,Bear
2022-09-13,587564.59,587564.59,0.0,0.0,0.0,80.42,0,CASH_BIL,Bear
2022-09-14,587757.27,587757.27,0.0,0.0,0.0,80.42,0,CASH_BIL,Bear
2022-09-15,587757.27,587757.27,0.0,0.0,0.0,80.42,0,CASH_BIL,Bear
2022-09-16,587757.27,587757.27,0.0,0.0,0.0,80.42,0,CASH_BIL,Bear
2022-09-19,587693.08,587693.08,0.0,0.0,0.0,80.42,0,CASH_BIL,Bear
2022-09-20,587821.39,587821.39,0.0,0.0,0.0,80.42,0,CASH_BIL,Bear
2022-09-21,588078.54,588078.54,0.0,0.0,0.0,80.41,0,CASH_BIL,Bear
2022-09-22,588078.54,588078.54,0.0,0.0,0.0,80.41,0,CASH_BIL,Bear
2022-09-23,587950.05,587950.05,0.0,0.0,0.0,80.41,0,CASH_BIL,Bear
2022-09-26,588142.67,588142.67,0.0,0.0,0.0,80.41,0,CASH_BIL,Bear
2022-09-27,588206.85,588206.85,0.0,0.0,0.0,80.4,0,CASH_BIL,Bear
2022-09-28,588335.45,588335.45,0.0,0.0,0.0,80.4,0,CASH_BIL,Bear
2022-09-29,588335.45,588335.45,0.0,0.0,0.0,80.4,0,CASH_BIL,Bear
2022-09-30,588174.61,588174.61,0.0,0.0,0.0,80.4,0,CASH_BIL,Bear
2022-10-03,588367.4,588367.4,0.0,0.0,0.0,80.4,0,CASH_BIL,Bear
2022-10-04,588367.4,588367.4,0.0,0.0,0.0,80.4,0,CASH_BIL,Bear
2022-10-05,588496.35,588496.35,0.0,0.0,0.0,80.39,0,CASH_BIL,Bear
2022-10-06,588496.35,588496.35,0.0,0.0,0.0,80.39,0,CASH_BIL,Bear
2022-10-07,588560.54,588560.54,0.0,0.0,0.0,80.39,0,CASH_BIL,Bear
2022-10-10,588560.54,588560.54,0.0,0.0,0.0,80.39,0,CASH_BIL,Bear
2022-10-11,588560.54,588560.54,0.0,0.0,0.0,80.39,0,CASH_BIL,Bear
2022-10-12,588753.62,588753.62,0.0,0.0,0.0,80.38,0,CASH_BIL,Bear
2022-10-13,588753.62,588753.62,0.0,0.0,0.0,80.38,0,CASH_BIL,Bear
2022-10-14,588753.62,588753.62,0.0,0.0,0.0,80.38,0,CASH_BIL,Bear
2022-10-17,588753.62,588753.62,0.0,0.0,0.0,80.38,0,CASH_BIL,Bear
2022-10-18,588753.62,588753.62,0.0,0.0,0.0,80.38,0,CASH_BIL,Bear
2022-10-19,589010.88,589010.88,0.0,0.0,0.0,80.38,0,CASH_BIL,Bear
2022-10-20,589075.07,589075.07,0.0,0.0,0.0,80.37,0,CASH_BIL,Bear
2022-10-21,589010.88,589010.88,0.0,0.0,0.0,80.38,0,CASH_BIL,Bear
2022-10-24,589010.88,589010.88,0.0,0.0,0.0,80.38,0,CASH_BIL,Bear
2022-10-25,589139.55,589139.55,0.0,0.0,0.0,80.37,0,CASH_BIL,Bear
2022-10-26,589332.45,589332.45,0.0,0.0,0.0,80.37,0,CASH_BIL,Bear
2022-10-27,589268.32,589268.32,0.0,0.0,0.0,80.37,0,CASH_BIL,Bear
2022-10-28,589268.32,589268.32,0.0,0.0,0.0,80.37,0,CASH_BIL,Bear
2022-10-31,589319.92,589319.92,0.0,0.0,0.0,80.37,0,CASH_BIL,Bear
2022-11-01,589513.17,589513.17,0.0,0.0,0.0,80.36,0,CASH_BIL,Bear
2022-11-02,589706.78,589706.78,0.0,0.0,0.0,80.35,0,CASH_BIL,Bear
2022-11-03,589835.73,589835.73,0.0,0.0,0.0,80.35,0,CASH_BIL,Bear
2022-11-04,589771.37,589771.37,0.0,0.0,0.0,80.35,0,CASH_BIL,Bear
2022-11-07,589835.73,589835.73,0.0,0.0,0.0,80.35,0,CASH_BIL,Bear
2022-11-08,590157.94,590157.94,0.0,0.0,0.0,80.34,0,CASH_BIL,Bear
2022-11-09,590222.65,590222.65,0.0,0.0,0.0,80.34,0,CASH_BIL,Bear
2022-11-10,590157.94,590157.94,0.0,0.0,0.0,80.34,0,CASH_BIL,Bear
2022-11-11,590157.94,590157.94,0.0,0.0,0.0,80.34,0,CASH_BIL,Bear
2022-11-14,590287.12,590287.12,0.0,0.0,0.0,80.33,0,CASH_BIL,Bear
2022-11-15,590351.6,590351.6,0.0,0.0,0.0,80.33,0,CASH_BIL,Bear
2022-11-16,590545.03,590545.03,0.0,0.0,0.0,80.33,0,CASH_BIL,Bear
2022-11-17,590545.03,590545.03,0.0,0.0,0.0,80.33,0,CASH_BIL,Bear
2022-11-18,590609.45,590609.45,0.0,0.0,0.0,80.32,0,CASH_BIL,Bear
2022-11-21,590738.57,590738.57,0.0,0.0,0.0,80.32,0,CASH_BIL,Bear
2022-11-22,590867.59,590867.59,0.0,0.0,0.0,80.31,0,CASH_BIL,Bear
2022-11-23,590867.59,590867.59,0.0,0.0,0.0,80.31,0,CASH_BIL,Bear
2022-11-25,590931.94,590931.94,0.0,0.0,0.0,80.31,0,CASH_BIL,Bear
2022-11-28,591125.43,591125.43,0.0,0.0,0.0,80.31,0,CASH_BIL,Bear
2022-11-29,591125.43,591125.43,0.0,0.0,0.0,80.31,0,CASH_BIL,Bear
2022-11-30,591254.62,591254.62,0.0,0.0,0.0,80.3,0,CASH_BIL,Bear
2022-12-01,591319.39,591319.39,0.0,0.0,0.0,80.3,0,CASH_BIL,Bear
2022-12-02,591384.15,591384.15,0.0,0.0,0.0,80.3,0,CASH_BIL,Bear
2022-12-05,591578.17,591578.17,0.0,0.0,0.0,80.29,0,CASH_BIL,Bear
2022-12-06,591578.17,591578.17,0.0,0.0,0.0,80.29,0,CASH_BIL,Bear
2022-12-07,591966.19,591966.19,0.0,0.0,0.0,80.28,0,CASH_BIL,Bear
2022-12-08,591901.48,591901.48,0.0,0.0,0.0,80.28,0,CASH_BIL,Bear
2022-12-09,591966.19,591966.19,0.0,0.0,0.0,80.28,0,CASH_BIL,Bear
2022-12-12,591966.19,591966.19,0.0,0.0,0.0,80.28,0,CASH_BIL,Bear
2022-12-13,592160.03,592160.03,0.0,0.0,0.0,80.27,0,CASH_BIL,Bear
2022-12-14,592289.57,592289.57,0.0,0.0,0.0,80.27,0,CASH_BIL,Bear
2022-12-15,592289.57,592289.57,0.0,0.0,0.0,80.27,0,CASH_BIL,Bear
2022-12-16,592360.75,592360.75,0.0,0.0,0.0,80.26,0,CASH_BIL,Bear
2022-12-19,592425.75,592425.75,0.0,0.0,0.0,80.26,0,CASH_BIL,Bear
2022-12-20,592490.46,592490.46,0.0,0.0,0.0,80.26,0,CASH_BIL,Bear
2022-12-21,592879.59,592879.59,0.0,0.0,0.0,80.25,0,CASH_BIL,Bear
2022-12-22,592879.59,592879.59,0.0,0.0,0.0,80.25,0,CASH_BIL,Bear
2022-12-23,592879.59,592879.59,0.0,0.0,0.0,80.25,0,CASH_BIL,Bear
2022-12-27,593074.36,593074.36,0.0,0.0,0.0,80.24,0,CASH_BIL,Bear
2022-12-28,593333.72,593333.72,0.0,0.0,0.0,80.23,0,CASH_BIL,Bear
2022-12-29,593268.66,593268.66,0.0,0.0,0.0,80.23,0,CASH_BIL,Bear
2022-12-30,593333.72,593333.72,0.0,0.0,0.0,80.23,0,CASH_BIL,Bear
2023-01-03,593268.66,593268.66,0.0,0.0,0.0,80.23,0,CASH_BIL,Bear
2023-01-04,593463.43,593463.43,0.0,0.0,0.0,80.23,0,CASH_BIL,Bear
2023-01-05,593398.37,593398.37,0.0,0.0,0.0,80.23,0,CASH_BIL,Bear
2023-01-06,593528.14,593528.14,0.0,0.0,0.0,80.23,0,CASH_BIL,Bear
2023-01-09,593463.43,593463.43,0.0,0.0,0.0,80.23,0,CASH_BIL,Bear
2023-01-10,593463.43,593463.43,0.0,0.0,0.0,80.23,0,CASH_BIL,Bear
2023-01-11,593917.39,593917.39,0.0,0.0,0.0,80.21,0,CASH_BIL,Bear
2023-01-12,593982.22,593982.22,0.0,0.0,0.0,80.21,0,CASH_BIL,Bear
2023-01-13,593982.22,593982.22,0.0,0.0,0.0,80.21,0,CASH_BIL,Bear
2023-01-17,594047.22,594047.22,0.0,0.0,0.0,80.21,0,CASH_BIL,Bear
2023-01-18,594306.58,594306.58,0.0,0.0,0.0,80.2,0,CASH_BIL,Bear
2023-01-19,594371.35,594371.35,0.0,0.0,0.0,80.2,0,CASH_BIL,Bear
2023-01-20,594371.35,594371.35,0.0,0.0,0.0,80.2,0,CASH_BIL,Bear
2023-01-23,594371.35,594371.35,0.0,0.0,0.0,80.2,0,CASH_BIL,Bull_MidVol
2023-01-24,594371.35,594371.35,0.0,0.0,0.0,80.2,0,CASH_BIL,Bull_MidVol
2023-01-25,594371.35,594371.35,0.0,0.0,0.0,80.2,0,CASH_BIL,Bull_MidVol
2023-01-26,594371.35,594371.35,0.0,0.0,0.0,80.2,0,CASH_BIL,Bull_MidVol
2023-01-27,594371.35,594371.35,0.0,0.0,0.0,80.2,0,CASH_BIL,Bull_MidVol
2023-01-30,594371.35,594371.35,0.0,0.0,0.0,80.2,0,CASH_BIL,Bull_MidVol
2023-01-31,596823.73,0.0,238163.63,834987.37,1.4,80.12,2,"SMCI,GILD",Bull_MidVol
2023-02-01,665423.47,-29.77,238163.63,903616.87,1.36,77.83,2,"SMCI,GILD",Bull_MidVol
2023-02-02,680010.27,-59.54,238163.63,918233.45,1.35,77.34,2,"SMCI,GILD",Bull_MidVol
2023-02-03,708884.39,-89.31,238163.63,947137.33,1.34,76.38,2,"SMCI,GILD",Bull_MidVol
2023-02-06,702090.78,-119.08,238163.63,940373.5,1.34,76.61,2,"SMCI,GILD",Bull_MidVol
2023-02-07,690074.84,-148.85,238163.63,928387.33,1.35,77.01,2,"SMCI,GILD",Bull_MidVol
2023-02-08,719248.58,-178.62,238163.63,957590.83,1.33,76.04,2,"SMCI,GILD",Bull_MidVol
2023-02-09,735398.79,-208.39,238163.63,973770.82,1.32,75.5,2,"SMCI,GILD",Bull_MidVol
2023-02-10,765608.3,-238.16,238163.63,1004010.1,1.31,74.49,2,"SMCI,GILD",Bull_MidVol
2023-02-13,771858.52,-267.93,238163.63,1010290.08,1.31,74.28,2,"SMCI,GILD",Bull_MidVol
2023-02-14,789971.31,-297.7,238163.63,1028432.64,1.3,73.68,2,"SMCI,GILD",Bull_MidVol
2023-02-15,789803.34,-327.47,238163.63,1028294.44,1.3,73.69,2,"SMCI,GILD",Bull_MidVol
2023-02-16,813113.5,-357.25,238163.63,1051634.38,1.29,72.91,2,"SMCI,GILD",Bull_MidVol
2023-02-17,779738.82,-387.02,238163.63,1018289.47,1.31,74.02,2,"SMCI,GILD",Bull_MidVol
2023-02-21,743228.2,-416.79,238163.63,981808.62,1.32,75.24,2,"SMCI,GILD",Bull_MidVol
2023-02-22,728458.9,-446.56,238163.63,967069.09,1.33,75.73,2,"SMCI,GILD",Bull_MidVol
2023-02-23,796425.34,-476.33,238163.63,1035065.3,1.3,73.47,2,"SMCI,GILD",Bull_MidVol
2023-02-24,828637.95,-506.1,238163.63,1067307.68,1.29,72.39,2,"SMCI,GILD",Bull_MidVol
2023-02-27,856523.42,-535.87,238163.63,1095222.92,1.28,71.46,2,"SMCI,GILD",Bull_MidVol
2023-02-28,838390.96,0.0,335177.34,1173568.3,1.4,72.07,2,"NFLX,URI",Bull_MidVol
2023-03-01,821853.06,-41.9,335177.34,1157072.3,1.41,72.62,2,"NFLX,URI",Bull_MidVol
2023-03-02,822479.23,-83.79,335177.34,1157740.36,1.41,72.6,2,"NFLX,URI",Bull_MidVol
2023-03-03,839744.03,-125.69,335177.34,1175047.06,1.4,72.02,2,"NFLX,URI",Bull_MidVol
2023-03-06,828266.23,-167.59,335177.34,1163611.15,1.4,72.4,2,"NFLX,URI",Bull_MidVol
2023-03-07,822753.7,-209.49,335177.34,1158140.53,1.41,72.59,2,"NFLX,URI",Bull_MidVol
2023-03-08,830715.45,-251.38,335177.34,1166144.17,1.4,72.32,2,"NFLX,URI",Bull_MidVol
2023-03-09,775460.67,-293.28,335177.34,1110931.29,1.43,74.16,2,"NFLX,URI",Bull_MidVol
2023-03-10,735450.88,-335.18,335177.34,1070963.4,1.46,75.5,2,"NFLX,URI",Bull_MidVol
2023-03-13,709983.95,-377.07,335177.34,1045538.36,1.47,76.35,2,"NFLX,URI",Bull_MidVol
2023-03-14,722577.37,-418.97,335177.34,1058173.68,1.46,75.93,2,"NFLX,URI",Bull_MidVol
2023-03-15,701969.65,155117.28,0.0,546852.37,0.78,76.61,1,NFLX,Bull_MidVol
2023-03-16,713256.29,155117.28,0.0,558139.02,0.78,76.24,1,NFLX,Bull_MidVol
2023-03-17,701447.63,155117.28,0.0,546330.36,0.78,76.63,1,NFLX,Bull_MidVol
2023-03-20,704381.8,155117.28,0.0,549264.52,0.78,76.53,1,NFLX,Bull_MidVol
2023-03-21,705569.87,155117.28,0.0,550452.59,0.78,76.49,1,NFLX,Bull_MidVol
2023-03-22,684166.66,155117.28,0.0,529049.38,0.77,77.21,1,NFLX,Bull_MidVol
2023-03-23,731815.29,155117.28,0.0,576698.01,0.79,75.62,1,NFLX,Bull_MidVol
2023-03-24,746252.13,155117.28,0.0,591134.85,0.79,75.14,1,NFLX,Bull_MidVol
2023-03-27,744938.02,155117.28,0.0,589820.75,0.79,75.18,1,NFLX,Bull_MidVol
2023-03-28,737485.65,155117.28,0.0,582368.37,0.79,75.43,1,NFLX,Bull_MidVol
2023-03-29,752804.46,155117.28,0.0,597687.19,0.79,74.92,1,NFLX,Bull_MidVol
2023-03-30,764325.09,155117.28,0.0,609207.82,0.8,74.54,1,NFLX,Bull_MidVol
2023-03-31,771851.21,0.0,616793.92,1388645.13,1.8,74.28,2,"SMCI,NVDA",Bull_MidVol
2023-04-03,837871.89,-77.1,616793.92,1454742.91,1.74,72.08,2,"SMCI,NVDA",Bull_MidVol
2023-04-04,798712.55,-154.2,616793.92,1415660.67,1.77,73.39,2,"SMCI,NVDA",Bull_MidVol
2023-04-05,777991.14,-231.3,616793.92,1395016.36,1.79,74.08,2,"SMCI,NVDA",Bull_MidVol
2023-04-06,703108.22,-308.4,616793.92,1320210.54,1.88,76.57,2,"SMCI,NVDA",Bull_MidVol
2023-04-10,769470.41,-385.5,616793.92,1386649.83,1.8,74.36,2,"SMCI,NVDA",Bull_MidVol
2023-04-11,745802.98,-462.6,616793.92,1363059.5,1.83,75.15,2,"SMCI,NVDA",Bull_MidVol
2023-04-12,774625.27,-539.69,616793.92,1391958.89,1.8,74.19,2,"SMCI,NVDA",Bull_MidVol
2023-04-13,775578.5,-616.79,616793.92,1392989.22,1.8,74.16,2,"SMCI,NVDA",Bull_MidVol
2023-04-14,787943.34,-693.89,616793.92,1405431.15,1.78,73.75,2,"SMCI,NVDA",Bull_MidVol
2023-04-17,803644.44,-770.99,616793.92,1421209.36,1.77,73.23,2,"SMCI,NVDA",Bull_LowVol
2023-04-18,866979.84,-848.09,616793.92,1484621.86,1.71,71.12,2,"SMCI,NVDA",Bull_LowVol
2023-04-19,806504.63,-925.19,616793.92,1424223.74,1.77,73.13,2,"SMCI,NVDA",Bull_LowVol
2023-04-20,779259.2,-1002.29,616793.92,1397055.41,1.79,74.04,2,"SMCI,NVDA",Bull_LowVol
2023-04-21,772153.37,-1079.39,616793.92,1390026.69,1.8,74.27,2,"SMCI,NVDA",Bull_LowVol
2023-04-24,680458.57,-1156.49,616793.92,1298408.99,1.91,77.33,2,"SMCI,NVDA",Bull_LowVol
2023-04-25,617055.22,-1233.59,616793.92,1235082.73,2.0,79.44,2,"SMCI,NVDA",Bull_LowVol
2023-04-26,640936.6,-1310.69,616793.92,1259041.21,1.96,78.65,2,"SMCI,NVDA",Bull_LowVol
2023-04-27,681977.4,-1387.79,616793.92,1300159.11,1.91,77.28,2,"SMCI,NVDA",Bull_MidVol
2023-04-28,758151.14,0.0,1079161.56,1837312.71,2.42,74.74,2,"SMCI,NVDA",Bull_MidVol
2023-05-01,785657.51,-134.9,1079161.56,1864953.97,2.37,73.82,2,"SMCI,NVDA",Bull_LowVol
2023-05-02,759773.28,-269.79,1079161.56,1839204.63,2.42,74.69,2,"SMCI,NVDA",Bull_MidVol
2023-05-03,1055930.87,-404.69,1079161.56,2135497.12,2.02,64.82,2,"SMCI,NVDA",Bull_MidVol
2023-05-04,1074887.55,-539.58,1079161.56,2154588.69,2.0,64.19,2,"SMCI,NVDA",Bull_LowVol
2023-05-05,1113213.43,-674.48,1079161.56,2193049.47,1.97,62.91,2,"SMCI,NVDA",Bull_MidVol
2023-05-08,1119399.79,-809.37,1079161.56,2199370.73,1.96,62.71,2,"SMCI,NVDA",Bull_MidVol
2023-05-09,1058215.74,-944.27,1079161.56,2138321.57,2.02,64.74,2,"SMCI,NVDA",Bull_MidVol
2023-05-10,1087580.66,-1079.16,1079161.56,2167821.38,1.99,63.77,2,"SMCI,NVDA",Bull_MidVol
2023-05-11,1101628.26,-1214.06,1079161.56,2182003.88,1.98,63.3,2,"SMCI,NVDA",Bull_MidVol
2023-05-12,1075061.53,-1348.95,1079161.56,2155572.05,2.01,64.18,2,"SMCI,NVDA",Bull_MidVol
2023-05-15,1126034.21,-1483.85,1079161.56,2206679.62,1.96,62.48,2,"SMCI,NVDA",Bull_MidVol
2023-05-16,1216080.68,-1618.74,1079161.56,2296860.98,1.89,59.48,2,"SMCI,NVDA",Bull_MidVol
2023-05-17,1329824.67,-1753.64,1079161.56,2410739.87,1.81,55.69,2,"SMCI,NVDA",Bull_MidVol
2023-05-18,1476362.63,-1888.53,1079161.56,2557412.72,1.73,50.81,2,"SMCI,NVDA",Bull_MidVol
2023-05-19,1461333.72,-2023.43,1079161.56,2542518.71,1.74,51.31,2,"SMCI,NVDA",Bull_MidVol
2023-05-22,1465302.97,-2158.32,1079161.56,2546622.86,1.74,51.18,2,"SMCI,NVDA",Bull_MidVol
2023-05-23,1421973.31,-2293.22,1079161.56,2503428.09,1.76,52.62,2,"SMCI,NVDA",Bull_MidVol
2023-05-24,1477253.45,-2428.11,1079161.56,2558843.12,1.73,50.78,2,"SMCI,NVDA",Bull_MidVol
2023-05-25,2083963.31,-2563.01,1079161.56,3165687.88,1.52,30.57,2,"SMCI,NVDA",Bull_MidVol
2023-05-26,2237795.59,-2697.9,1079161.56,3319655.06,1.48,25.44,2,"SMCI,NVDA",Bull_MidVol
2023-05-30,2423991.71,-2832.8,1079161.56,3505986.07,1.45,19.24,2,"SMCI,NVDA",Bull_MidVol
2023-05-31,2267846.98,0.0,2015844.66,4283691.64,1.89,24.44,2,"NVDA,META",Bull_MidVol
2023-06-01,2416834.61,-251.98,2015844.66,4432931.25,1.83,19.48,2,"NVDA,META",Bull_MidVol
2023-06-02,2404764.84,-503.96,2015844.66,4421113.46,1.84,19.88,2,"NVDA,META",Bull_MidVol
2023-06-05,2385260.5,-755.94,2015844.66,4401861.1,1.85,20.53,2,"NVDA,META",Bull_MidVol
2023-06-06,2367877.77,-1007.92,2015844.66,4384730.35,1.85,21.11,2,"NVDA,META",Bull_MidVol
2023-06-07,2243259.87,-1259.9,2015844.66,4260364.43,1.9,25.26,2,"NVDA,META",Bull_MidVol
2023-06-08,2282742.69,-1511.88,2015844.66,4300099.23,1.88,23.95,2,"NVDA,META",Bull_MidVol
2023-06-09,2294003.98,-1763.86,2015844.66,4311612.5,1.88,23.57,2,"NVDA,META",Bull_MidVol
2023-06-12,2388200.41,-2015.84,2015844.66,4406060.91,1.84,20.43,2,"NVDA,META",Bull_MidVol
2023-06-13,2432373.92,-2267.83,2015844.66,4450486.4,1.83,18.96,2,"NVDA,META",Bull_MidVol
2023-06-14,2509923.19,-2519.81,2015844.66,4528287.65,1.8,16.38,2,"NVDA,META",Bull_MidVol
2023-06-15,2605385.31,-2771.79,2015844.66,4624001.75,1.77,13.2,2,"NVDA,META",Bull_MidVol
2023-06-16,2595907.31,-3023.77,2015844.66,4614775.73,1.78,13.51,2,"NVDA,META",Bull_MidVol
2023-06-20,2666619.89,-3275.75,2015844.66,4685740.29,1.76,11.16,2,"NVDA,META",Bull_MidVol
2023-06-21,2612737.95,-3527.73,2015844.66,4632110.34,1.77,12.95,2,"NVDA,META",Bull_MidVol
2023-06-22,2652029.28,-3779.71,2015844.66,4671653.64,1.76,11.64,2,"NVDA,META",Bull_MidVol
2023-06-23,2677629.25,-4031.69,2015844.66,4697505.6,1.75,10.79,2,"NVDA,META",Bull_MidVol
2023-06-26,2508394.47,-4283.67,2015844.66,4528522.8,1.81,16.43,2,"NVDA,META",Bull_MidVol
2023-06-27,2647459.51,-4535.65,2015844.66,4667839.82,1.76,11.8,2,"NVDA,META",Bull_MidVol
2023-06-28,2605189.27,-4787.63,2015844.66,4625821.56,1.78,13.2,2,"NVDA,META",Bull_MidVol
2023-06-29,2550557.91,-5039.61,2015844.66,4571442.18,1.79,15.02,2,"NVDA,META",Bull_MidVol
2023-06-30,2565417.82,0.0,2297297.27,4862715.09,1.9,14.53,2,"NVDA,SMCI",Bull_MidVol
2023-07-03,2567342.73,-287.16,2297297.27,4864927.16,1.89,14.46,2,"NVDA,SMCI",Bull_MidVol
2023-07-05,2651387.17,-574.32,2297297.27,4949258.76,1.87,11.66,2,"NVDA,SMCI",Bull_MidVol
2023-07-06,2578423.39,-861.49,2297297.27,4876582.14,1.89,14.1,2,"NVDA,SMCI",Bull_MidVol
2023-07-07,2730832.48,-1148.65,2297297.27,5029278.39,1.84,9.02,2,"NVDA,SMCI",Bull_LowVol
2023-07-10,2870544.44,-1435.81,2297297.27,5169277.52,1.8,4.36,2,"NVDA,SMCI",Bull_LowVol
2023-07-11,2891541.01,-1722.97,2297297.27,5190561.25,1.8,3.66,2,"NVDA,SMCI",Bull_LowVol
2023-07-12,3016437.27,-2010.14,2297297.27,5315744.67,1.76,0.0,2,"NVDA,SMCI",Bull_LowVol
2023-07-13,3332337.15,-2297.3,2297297.27,5631931.71,1.69,0.0,2,"NVDA,SMCI",Bull_LowVol
2023-07-14,3338422.58,-2584.46,2297297.27,5638304.3,1.69,0.0,2,"NVDA,SMCI",Bull_LowVol
2023-07-17,3464527.36,-2871.62,2297297.27,5764696.25,1.66,0.0,2,"NVDA,SMCI",Bull_LowVol
2023-07-18,3736747.27,-3158.78,2297297.27,6037203.32,1.62,0.0,2,"NVDA,SMCI",Bull_LowVol
2023-07-19,3504657.47,-3445.95,2297297.27,5805400.68,1.66,6.21,2,"NVDA,SMCI",Bull_LowVol
2023-07-20,3452044.27,-3733.11,2297297.27,5753074.65,1.67,7.62,2,"NVDA,SMCI",Bull_MidVol
2023-07-21,3422445.19,-4020.27,2297297.27,5723762.73,1.67,8.41,2,"NVDA,SMCI",Bull_MidVol
2023-07-24,3523426.75,-4307.43,2297297.27,5825031.45,1.65,5.71,2,"NVDA,SMCI",Bull_LowVol
2023-07-25,3731084.1,-4594.59,2297297.27,6032975.96,1.62,0.15,2,"NVDA,SMCI",Bull_LowVol
2023-07-26,3664964.88,-4881.76,2297297.27,5967143.9,1.63,1.92,2,"NVDA,SMCI",Bull_LowVol
2023-07-27,3826145.54,-5168.92,2297297.27,6128611.72,1.6,0.0,2,"NVDA,SMCI",Bull_LowVol
2023-07-28,3955803.11,-5456.08,2297297.27,6258556.46,1.58,0.0,2,"NVDA,SMCI",Bull_LowVol
2023-07-31,3931919.89,0.0,4010443.53,7942363.42,2.02,0.6,2,"NVDA,SMCI",Bull_LowVol
2023-08-01,4064733.06,-501.31,4010443.53,8075677.9,1.99,0.0,2,"NVDA,SMCI",Bull_LowVol
2023-08-02,3642677.07,-1002.61,4010443.53,7654123.21,2.1,10.38,2,"NVDA,SMCI",Bull_MidVol
2023-08-03,3681309.3,-1503.92,4010443.53,7693256.75,2.09,9.43,2,"NVDA,SMCI",Bull_MidVol
2023-08-04,4012248.56,-2005.22,4010443.53,8024697.3,2.0,1.29,2,"NVDA,SMCI",Bull_MidVol
2023-08-07,4329916.04,-2506.53,4010443.53,8342866.09,1.93,0.0,2,"NVDA,SMCI",Bull_MidVol
2023-08-08,4190464.59,-3007.83,4010443.53,8203915.95,1.96,3.22,2,"NVDA,SMCI",Bull_MidVol
2023-08-09,2550139.55,-3509.14,4010443.53,6564092.21,2.57,41.1,2,"NVDA,SMCI",Bull_MidVol
2023-08-10,2756266.7,-4010.44,4010443.53,6770720.67,2.46,36.34,2,"NVDA,SMCI",Bull_LowVol
2023-08-11,2266313.04,-4511.75,4010443.53,6281268.32,2.77,47.66,2,"NVDA,SMCI",Bull_LowVol
2023-08-14,2653101.71,-5013.05,4010443.53,6668558.29,2.51,38.73,2,"NVDA,SMCI",Bull_LowVol
2023-08-15,2557694.09,-5514.36,4010443.53,6573651.98,2.57,40.93,2,"NVDA,SMCI",Bull_LowVol
2023-08-16,2339444.71,-6015.67,4010443.53,6355903.91,2.72,45.97,2,"NVDA,SMCI",Bull_LowVol
2023-08-17,2147481.44,-6516.97,4010443.53,6164441.93,2.87,50.4,2,"NVDA,SMCI",Bull_LowVol
2023-08-18,2135625.37,-7018.28,4010443.53,6153087.17,2.88,50.68,2,"NVDA,SMCI",Bull_LowVol
2023-08-21,2433525.49,-7519.58,4010443.53,6451488.6,2.65,43.8,2,"NVDA,SMCI",Bull_LowVol
2023-08-22,2494728.1,-8020.89,4010443.53,6513192.51,2.61,42.38,2,"NVDA,SMCI",Bull_LowVol
2023-08-23,2919626.12,-8522.19,4010443.53,6938591.84,2.38,32.57,2,"NVDA,SMCI",Bull_MidVol
2023-08-24,2628961.79,-9023.5,4010443.53,6648428.81,2.53,39.28,2,"NVDA,SMCI",Bull_MidVol
2023-08-25,2425210.43,-9524.8,4010443.53,6445178.76,2.66,43.99,2,"NVDA,SMCI",Bull_MidVol
2023-08-28,2475251.87,-10026.11,4010443.53,6495721.5,2.62,42.83,2,"NVDA,SMCI",Bull_MidVol
2023-08-29,2664971.16,-10527.41,4010443.53,6685942.11,2.51,38.45,2,"NVDA,SMCI",Bull_MidVol
2023-08-30,2801996.94,-11028.72,4010443.53,6823469.19,2.44,35.29,2,"NVDA,SMCI",Bull_MidVol
2023-08-31,2953858.66,0.0,3408617.15,6362475.8,2.15,31.78,2,"SMCI,PLTR",Bull_MidVol
2023-09-01,3104167.08,-426.08,3408617.15,6513210.3,2.1,28.31,2,"SMCI,PLTR",Bull_MidVol
2023-09-05,3069548.23,-852.15,3408617.15,6479017.54,2.11,29.11,2,"SMCI,PLTR",Bull_MidVol
2023-09-06,2954766.14,-1278.23,3408617.15,6364661.52,2.15,31.76,2,"SMCI,PLTR",Bull_MidVol
2023-09-07,2821558.67,-1704.31,3408617.15,6231880.12,2.21,34.84,2,"SMCI,PLTR",Bull_MidVol
2023-09-08,3069992.28,-2130.39,3408617.15,6480739.81,2.11,29.1,2,"SMCI,PLTR",Bull_MidVol
2023-09-11,3051399.66,-2556.46,3408617.15,6462573.27,2.12,29.53,2,"SMCI,PLTR",Bull_MidVol
2023-09-12,2850811.59,-2982.54,3408617.15,6262411.28,2.2,34.16,2,"SMCI,PLTR",Bull_MidVol
2023-09-13,2914416.49,-3408.62,3408617.15,6326442.25,2.17,32.69,2,"SMCI,PLTR",Bull_MidVol
2023-09-14,2926463.83,-3834.69,3408617.15,6338915.67,2.17,32.41,2,"SMCI,PLTR",Bull_MidVol
2023-09-15,2475639.96,-4260.77,3408617.15,5888517.88,2.38,42.82,2,"SMCI,PLTR",Bull_MidVol
2023-09-18,2388571.93,-4686.85,3408617.15,5801875.92,2.43,44.84,2,"SMCI,PLTR",Bull_MidVol
2023-09-19,2432807.21,-5112.93,3408617.15,5846537.28,2.4,43.81,2,"SMCI,PLTR",Bull_MidVol
2023-09-20,2313439.43,-5539.0,3408617.15,5727595.58,2.48,46.57,2,"SMCI,PLTR",Bull_MidVol
2023-09-21,2038461.35,-5965.08,3408617.15,5453043.57,2.68,52.92,2,"SMCI,PLTR",Bull_MidVol
2023-09-22,2128444.34,-6391.16,3408617.15,5543452.65,2.6,50.84,2,"SMCI,PLTR",Bull_MidVol
2023-09-25,2387457.17,-6817.23,3408617.15,5802891.55,2.43,44.86,2,"SMCI,PLTR",Bull_LowVol
2023-09-26,2375541.13,-7243.31,3408617.15,5791401.59,2.44,45.14,2,"SMCI,PLTR",Bull_MidVol
2023-09-27,2598410.29,-7669.39,3408617.15,6014696.82,2.31,39.99,2,"SMCI,PLTR",Bull_LowVol
2023-09-28,2891154.56,-8095.47,3408617.15,6307867.18,2.18,33.23,2,"SMCI,PLTR",Bull_LowVol
2023-09-29,3002760.38,0.0,2884859.78,5887620.16,1.96,30.65,2,"SMCI,NVDA",Bull_LowVol
2023-10-02,3302556.03,-360.61,2884859.78,6187776.42,1.87,23.73,2,"SMCI,NVDA",Bull_LowVol
2023-10-03,2920226.97,-721.21,2884859.78,5805807.97,1.99,32.56,2,"SMCI,NVDA",Bull_LowVol
2023-10-04,3128389.49,-1081.82,2884859.78,6014331.1,1.92,27.75,2,"SMCI,NVDA",Bull_MidVol
2023-10-05,3275864.97,-1442.43,2884859.78,6162167.18,1.88,24.34,2,"SMCI,NVDA",Bull_MidVol
2023-10-06,3330114.42,-1803.04,2884859.78,6216777.24,1.87,23.09,2,"SMCI,NVDA",Bull_MidVol
2023-10-09,3329458.13,-2163.64,2884859.78,6216481.56,1.87,23.11,2,"SMCI,NVDA",Bull_MidVol
2023-10-10,3728393.09,-2524.25,2884859.78,6615777.12,1.77,13.89,2,"SMCI,NVDA",Bull_MidVol
2023-10-11,3713780.01,-2884.86,2884859.78,6601524.65,1.78,14.23,2,"SMCI,NVDA",Bull_MidVol
2023-10-12,3413150.6,-3245.47,2884859.78,6301255.85,1.85,21.17,2,"SMCI,NVDA",Bull_MidVol
2023-10-13,3237902.64,-3606.07,2884859.78,6126368.5,1.89,25.22,2,"SMCI,NVDA",Bull_MidVol
2023-10-16,3371492.77,-3966.68,2884859.78,6260319.23,1.86,22.13,2,"SMCI,NVDA",Bull_MidVol
2023-10-17,3473979.35,-4327.29,2884859.78,6363166.42,1.83,19.77,2,"SMCI,NVDA",Bull_MidVol
2023-10-18,3189021.56,-4687.9,2884859.78,6078569.24,1.91,26.35,2,"SMCI,NVDA",Bull_MidVol
2023-10-19,2801599.73,-5048.5,2884859.78,5691508.01,2.03,35.3,2,"SMCI,NVDA",Bull_LowVol
2023-10-20,2473508.06,-5409.11,2884859.78,5363776.95,2.17,42.87,2,"SMCI,NVDA",Bull_MidVol
2023-10-23,2616630.01,-5769.72,2884859.78,5507259.52,2.1,39.57,2,"SMCI,NVDA",Bull_MidVol
2023-10-24,2774897.59,-6130.33,2884859.78,5665887.71,2.04,35.91,2,"SMCI,NVDA",Bull_LowVol
2023-10-25,2582225.01,-6490.93,2884859.78,5473575.73,2.12,40.36,2,"SMCI,NVDA",Bull_MidVol
2023-10-26,2281513.86,-6851.54,2884859.78,5173225.19,2.27,47.31,2,"SMCI,NVDA",Bull_MidVol
2023-10-27,2320982.45,-7212.15,2884859.78,5213054.38,2.25,46.4,2,"SMCI,NVDA",Bull_MidVol
2023-10-30,2237344.18,-7572.76,2884859.78,5129776.72,2.29,48.33,2,"SMCI,NVDA",Bull_MidVol
2023-10-31,2286815.43,-7933.36,2884859.78,5179608.58,2.26,47.19,2,"SMCI,NVDA",Bull_MidVol
2023-11-01,2554657.25,-8293.97,2884859.78,5447811.0,2.13,41.0,2,"SMCI,NVDA",Bull_MidVol
2023-11-02,2447409.89,-8654.58,2884859.78,5340924.25,2.18,43.48,2,"SMCI,NVDA",Bull_MidVol
2023-11-03,2643186.51,-9015.19,2884859.78,5537061.49,2.09,38.96,2,"SMCI,NVDA",Bull_MidVol
2023-11-06,2606466.16,-9375.79,2884859.78,5500701.74,2.11,39.8,2,"SMCI,NVDA",Bull_MidVol
2023-11-07,2643447.52,-9736.4,2884859.78,5538043.71,2.1,38.95,2,"SMCI,NVDA",Bull_MidVol
2023-11-08,2765248.56,-10097.01,2884859.78,5660205.35,2.05,36.14,2,"SMCI,NVDA",Bull_MidVol
2023-11-09,2859022.69,-10457.62,2884859.78,5754340.09,2.01,33.97,2,"SMCI,NVDA",Bull_MidVol
2023-11-10,2899749.58,-10818.22,2884859.78,5795427.59,2.0,33.03,2,"SMCI,NVDA",Bull_MidVol
2023-11-13,2705757.83,-11178.83,2884859.78,5601796.45,2.07,37.51,2,"SMCI,NVDA",Bull_MidVol
2023-11-14,3454562.94,-11539.44,2884859.78,6350962.17,1.84,20.22,2,"SMCI,NVDA",Bull_MidVol
2023-11-15,3326147.73,-11900.05,2884859.78,6222907.56,1.87,23.18,2,"SMCI,NVDA",Bull_MidVol
2023-11-16,3254504.88,-12260.65,2884859.78,6151625.32,1.89,24.84,2,"SMCI,NVDA",Bull_MidVol
2023-11-17,3346655.89,-12621.26,2884859.78,6244136.93,1.87,22.71,2,"SMCI,NVDA",Bull_MidVol
2023-11-20,3670557.89,-12981.87,2884859.78,6568399.54,1.79,15.23,2,"SMCI,NVDA",Bull_MidVol
2023-11-21,3379070.35,-13342.48,2884859.78,6277272.61,1.86,21.96,2,"SMCI,NVDA",Bull_MidVol
2023-11-22,3300375.28,-13703.08,2884859.78,6198938.15,1.88,23.78,2,"SMCI,NVDA",Bull_MidVol
2023-11-24,3268083.5,-14063.69,2884859.78,6167006.98,1.89,24.52,2,"SMCI,NVDA",Bull_LowVol
2023-11-27,3364822.42,-14424.3,2884859.78,6264106.51,1.86,22.29,2,"SMCI,NVDA",Bull_LowVol
2023-11-28,3266817.58,-14784.91,2884859.78,6166462.27,1.89,24.55,2,"SMCI,NVDA",Bull_LowVol
2023-11-29,3309807.62,-15145.51,2884859.78,6209812.92,1.88,23.56,2,"SMCI,NVDA",Bull_LowVol
2023-11-30,2789469.74,0.0,2796855.31,5586325.05,2.0,35.58,2,"META,MDB",Bull_LowVol
2023-12-01,2856963.22,-349.61,2796855.31,5654168.14,1.98,34.02,2,"META,MDB",Bull_LowVol
2023-12-04,2745357.81,-699.21,2796855.31,5542912.34,2.02,36.6,2,"META,MDB",Bull_LowVol
2023-12-05,2777063.28,-1048.82,2796855.31,5574967.41,2.01,35.86,2,"META,MDB",Bull_LowVol
2023-12-06,2545765.5,-1398.43,2796855.31,5344019.24,2.1,41.21,2,"META,MDB",Bull_LowVol
2023-12-07,2630560.03,-1748.03,2796855.31,5429163.38,2.06,39.25,2,"META,MDB",Bull_LowVol
2023-12-08,2686123.95,-2097.64,2796855.31,5485076.9,2.04,37.96,2,"META,MDB",Bull_LowVol
2023-12-11,2668925.73,-2447.25,2796855.31,5468228.28,2.05,38.36,2,"META,MDB",Bull_LowVol
2023-12-12,2755742.48,-2796.86,2796855.31,5555394.64,2.02,36.36,2,"META,MDB",Bull_LowVol
2023-12-13,2847827.41,-3146.46,2796855.31,5647829.18,1.98,34.23,2,"META,MDB",Bull_LowVol
2023-12-14,2868873.91,-3496.07,2796855.31,5669225.29,1.98,33.74,2,"META,MDB",Bull_LowVol
2023-12-15,2892203.77,-3845.68,2796855.31,5692904.75,1.97,33.2,2,"META,MDB",Bull_LowVol
2023-12-18,2962775.14,-4195.28,2796855.31,5763825.74,1.95,31.57,2,"META,MDB",Bull_LowVol
2023-12-19,3011280.56,-4544.89,2796855.31,5812680.76,1.93,30.45,2,"META,MDB",Bull_LowVol
2023-12-20,2960189.58,-4894.5,2796855.31,5761939.39,1.95,31.63,2,"META,MDB",Bull_LowVol
2023-12-21,3051741.56,-5244.1,2796855.31,5853840.97,1.92,29.52,2,"META,MDB",Bull_LowVol
2023-12-22,3032485.84,-5593.71,2796855.31,5834934.86,1.92,29.96,2,"META,MDB",Bull_LowVol
2023-12-26,3093111.21,-5943.32,2796855.31,5895909.84,1.91,28.56,2,"META,MDB",Bull_LowVol
2023-12-27,3132329.25,-6292.92,2796855.31,5935477.49,1.89,27.66,2,"META,MDB",Bull_LowVol
2023-12-28,3131608.54,-6642.53,2796855.31,5935106.38,1.9,27.68,2,"META,MDB",Bull_LowVol
2023-12-29,2621441.34,0.0,2553187.66,5174629.0,1.97,39.46,2,"CRWD,PLTR",Bull_LowVol
2024-01-02,2447517.3,-319.15,2553187.66,5001024.11,2.04,43.47,2,"CRWD,PLTR",Bull_LowVol
2024-01-03,2357801.16,-638.3,2553187.66,4911627.13,2.08,45.55,2,"CRWD,PLTR",Bull_LowVol
2024-01-04,2392356.44,-957.45,2553187.66,4946501.55,2.07,44.75,2,"CRWD,PLTR",Bull_LowVol
2024-01-05,2382035.82,-1276.59,2553187.66,4936500.08,2.07,44.99,2,"CRWD,PLTR",Bull_LowVol
2024-01-08,2633280.39,-1595.74,2553187.66,5188063.79,1.97,39.18,2,"CRWD,PLTR",Bull_LowVol
2024-01-09,2752624.36,-1914.89,2553187.66,5307726.92,1.93,36.43,2,"CRWD,PLTR",Bull_LowVol
2024-01-10,2901305.81,-2234.04,2553187.66,5456727.51,1.88,32.99,2,"CRWD,PLTR",Bull_LowVol
2024-01-11,2918262.75,-2553.19,2553187.66,5474003.6,1.88,32.6,2,"CRWD,PLTR",Bull_LowVol
2024-01-12,2913142.78,-2872.34,2553187.66,5469202.78,1.88,32.72,2,"CRWD,PLTR",Bull_LowVol
2024-01-16,2921434.66,-3191.48,2553187.66,5477813.81,1.88,32.53,2,"CRWD,PLTR",Bull_LowVol
2024-01-17,2781659.87,-3510.63,2553187.66,5338358.17,1.92,35.76,2,"CRWD,PLTR",Bull_LowVol
2024-01-18,2866339.6,-3829.78,2553187.66,5423357.05,1.89,33.8,2,"CRWD,PLTR",Bull_LowVol
2024-01-19,3002345.34,-4148.93,2553187.66,5559681.94,1.85,30.66,2,"CRWD,PLTR",Bull_LowVol
2024-01-22,3199244.0,-4468.08,2553187.66,5756899.74,1.8,26.11,2,"CRWD,PLTR",Bull_LowVol
2024-01-23,3149715.04,-4787.23,2553187.66,5707689.93,1.81,27.26,2,"CRWD,PLTR",Bull_LowVol
2024-01-24,3117151.65,-5106.38,2553187.66,5675445.69,1.82,28.01,2,"CRWD,PLTR",Bull_LowVol
2024-01-25,2998708.05,-5425.52,2553187.66,5557321.24,1.85,30.74,2,"CRWD,PLTR",Bull_LowVol
2024-01-26,2946683.95,-5744.67,2553187.66,5505616.29,1.87,31.95,2,"CRWD,PLTR",Bull_LowVol
2024-01-29,3161494.07,-6063.82,2553187.66,5720745.56,1.81,26.98,2,"CRWD,PLTR",Bull_LowVol
2024-01-30,3127793.49,-6382.97,2553187.66,5687364.12,1.82,27.76,2,"CRWD,PLTR",Bull_LowVol
2024-01-31,2931637.09,0.0,2904607.23,5836244.31,1.99,32.29,2,"CRWD,UBER",Bull_LowVol
2024-02-01,3067045.95,-363.08,2904607.23,5972016.25,1.95,29.17,2,"CRWD,UBER",Bull_LowVol
2024-02-02,3157685.35,-726.15,2904607.23,6063018.73,1.92,27.07,2,"CRWD,UBER",Bull_LowVol
2024-02-05,3156525.58,-1089.23,2904607.23,6062222.04,1.92,27.1,2,"CRWD,UBER",Bull_LowVol
2024-02-06,3176551.07,-1452.3,2904607.23,6082610.61,1.91,26.64,2,"CRWD,UBER",Bull_LowVol
2024-02-07,3429565.51,-1815.38,2904607.23,6335988.12,1.85,20.79,2,"CRWD,UBER",Bull_LowVol
2024-02-08,3530334.53,-2178.46,2904607.23,6437120.22,1.82,18.47,2,"CRWD,UBER",Bull_LowVol
2024-02-09,3618033.59,-2541.53,2904607.23,6525182.35,1.8,16.44,2,"CRWD,UBER",Bull_LowVol
2024-02-12,3457162.23,-2904.61,2904607.23,6364674.07,1.84,20.16,2,"CRWD,UBER",Bull_LowVol
2024-02-13,3472834.11,-3267.68,2904607.23,6380709.02,1.84,19.79,2,"CRWD,UBER",Bull_MidVol
2024-02-14,3847407.93,-3630.76,2904607.23,6755645.92,1.76,11.14,2,"CRWD,UBER",Bull_MidVol
2024-02-15,3836478.42,-3993.83,2904607.23,6745079.48,1.76,11.4,2,"CRWD,UBER",Bull_LowVol
2024-02-16,3748684.19,-4356.91,2904607.23,6657648.33,1.78,13.42,2,"CRWD,UBER",Bull_LowVol
2024-02-20,3627684.99,-4719.99,2904607.23,6537012.2,1.8,16.22,2,"CRWD,UBER",Bull_LowVol
2024-02-21,3123982.65,-5083.06,2904607.23,6033672.94,1.93,27.85,2,"CRWD,UBER",Bull_LowVol
2024-02-22,3448177.89,-5446.14,2904607.23,6358231.25,1.84,20.36,2,"CRWD,UBER",Bull_MidVol
2024-02-23,3460112.58,-5809.21,2904607.23,6370529.02,1.84,20.09,2,"CRWD,UBER",Bull_MidVol
2024-02-26,3614908.65,-6172.29,2904607.23,6525688.17,1.81,16.51,2,"CRWD,UBER",Bull_MidVol
2024-02-27,3624390.26,-6535.37,2904607.23,6535532.86,1.8,16.29,2,"CRWD,UBER",Bull_MidVol
2024-02-28,3601484.57,-6898.44,2904607.23,6512990.24,1.81,16.82,2,"CRWD,UBER",Bull_MidVol
2024-02-29,3593033.87,0.0,6790796.54,10383830.41,2.89,17.02,2,"CRWD,SMCI",Bull_MidVol
2024-03-01,3676445.36,-848.85,6790796.54,10468090.75,2.85,15.09,2,"CRWD,SMCI",Bull_MidVol
2024-03-04,4678542.53,-1697.7,6790796.54,11471036.77,2.45,0.0,2,"CRWD,SMCI",Bull_LowVol
2024-03-05,4517448.9,-2546.55,6790796.54,11310791.99,2.5,3.44,2,"CRWD,SMCI",Bull_MidVol
2024-03-06,5231316.86,-3395.4,6790796.54,12025508.8,2.3,0.0,2,"CRWD,SMCI",Bull_MidVol
2024-03-07,5443081.5,-4244.25,6790796.54,12238122.29,2.25,0.0,2,"CRWD,SMCI",Bull_MidVol
2024-03-08,5214416.68,-5093.1,6790796.54,12010306.32,2.3,4.2,2,"CRWD,SMCI",Bull_MidVol
2024-03-11,4766494.77,-5941.95,6790796.54,11563233.26,2.43,12.43,2,"CRWD,SMCI",Bull_MidVol
2024-03-12,5453475.87,-6790.8,6790796.54,12251063.21,2.25,0.0,2,"CRWD,SMCI",Bull_MidVol
2024-03-13,5649699.49,-7639.65,6790796.54,12448135.68,2.2,0.0,2,"CRWD,SMCI",Bull_MidVol
2024-03-14,5243115.47,-8488.5,6790796.54,12042400.51,2.3,7.2,2,"CRWD,SMCI",Bull_MidVol
2024-03-15,4667139.11,-9337.35,6790796.54,11467273.0,2.46,17.39,2,"CRWD,SMCI",Bull_MidVol
2024-03-18,4342789.03,-10186.19,6790796.54,11143771.77,2.57,23.13,2,"CRWD,SMCI",Bull_MidVol
2024-03-19,3799213.22,-11035.04,6790796.54,10601044.8,2.79,32.75,2,"CRWD,SMCI",Bull_MidVol
2024-03-20,3807103.95,-11883.89,6790796.54,10609784.38,2.79,32.61,2,"CRWD,SMCI",Bull_MidVol
2024-03-21,4299509.43,-12732.74,6790796.54,11103038.72,2.58,23.9,2,"CRWD,SMCI",Bull_LowVol
2024-03-22,4275443.7,-13581.59,6790796.54,11079821.83,2.59,24.32,2,"CRWD,SMCI",Bull_LowVol
2024-03-25,4650870.58,-14430.44,6790796.54,11456097.56,2.46,17.68,2,"CRWD,SMCI",Bull_LowVol
2024-03-26,4627202.12,-15279.29,6790796.54,11433277.95,2.47,18.1,2,"CRWD,SMCI",Bull_LowVol
2024-03-27,4491825.74,-16128.14,6790796.54,11298750.42,2.52,20.49,2,"CRWD,SMCI",Bull_LowVol
2024-03-28,4405723.27,0.0,3425261.81,7830985.08,1.78,22.02,2,"SMCI,NVDA",Bull_LowVol
2024-04-01,4568536.19,-428.16,3425261.81,7994226.16,1.75,19.14,2,"SMCI,NVDA",Bull_LowVol
2024-04-02,4386571.92,-856.32,3425261.81,7812690.05,1.78,22.36,2,"SMCI,NVDA",Bull_LowVol
2024-04-03,4410698.08,-1284.47,3425261.81,7837244.37,1.78,21.93,2,"SMCI,NVDA",Bull_LowVol
2024-04-04,4004507.2,-1712.63,3425261.81,7431481.64,1.86,29.12,2,"SMCI,NVDA",Bull_LowVol
2024-04-05,3984998.75,-2140.79,3425261.81,7412401.35,1.86,29.47,2,"SMCI,NVDA",Bull_LowVol
2024-04-08,3850163.59,-2568.95,3425261.81,7277994.35,1.89,31.85,2,"SMCI,NVDA",Bull_LowVol
2024-04-09,3669007.48,-2997.1,3425261.81,7097266.39,1.93,35.06,2,"SMCI,NVDA",Bull_LowVol
2024-04-10,3727436.34,-3425.26,3425261.81,7156123.41,1.92,34.02,2,"SMCI,NVDA",Bull_LowVol
2024-04-11,3969390.97,-3853.42,3425261.81,7398506.2,1.86,29.74,2,"SMCI,NVDA",Bull_LowVol
2024-04-12,3688434.44,-4281.58,3425261.81,7117977.83,1.93,34.71,2,"SMCI,NVDA",Bull_LowVol
2024-04-15,3550868.01,-4709.73,3425261.81,6980839.55,1.97,37.15,2,"SMCI,NVDA",Bull_LowVol
2024-04-16,4140555.46,-5137.89,3425261.81,7570955.17,1.83,26.71,2,"SMCI,NVDA",Bull_LowVol
2024-04-17,3976872.16,-5566.05,3425261.81,7407700.02,1.86,29.61,2,"SMCI,NVDA",Bull_LowVol
2024-04-18,3798758.53,-5994.21,3425261.81,7230014.55,1.9,32.76,2,"SMCI,NVDA",Bull_LowVol
2024-04-19,2485340.83,2485340.83,0.0,0.0,0.0,56.01,0,CASH_BIL,Bull_LowVol
2024-04-22,2485340.83,2485340.83,0.0,0.0,0.0,56.01,0,CASH_BIL,Bull_LowVol
2024-04-23,2485340.83,2485340.83,0.0,0.0,0.0,56.01,0,CASH_BIL,Bull_MidVol
2024-04-24,2485340.83,2485340.83,0.0,0.0,0.0,56.01,0,CASH_BIL,Bull_MidVol
2024-04-25,2485340.83,2485340.83,0.0,0.0,0.0,56.01,0,CASH_BIL,Bull_MidVol
2024-04-26,2485340.83,2485340.83,0.0,0.0,0.0,56.01,0,CASH_BIL,Bull_MidVol
2024-04-29,2485340.83,2485340.83,0.0,0.0,0.0,56.01,0,CASH_BIL,Bull_MidVol
2024-04-30,2700093.75,0.0,1209.97,2701303.72,1.0,52.21,2,"SMCI,NVDA",Bull_MidVol
2024-05-01,2372256.22,-0.15,1209.97,2373466.34,1.0,58.01,2,"SMCI,NVDA",Bull_MidVol
2024-05-02,2450420.66,-0.3,1209.97,2451630.93,1.0,56.63,2,"SMCI,NVDA",Bull_MidVol
2024-05-03,2519396.89,-0.45,1209.97,2520607.31,1.0,55.41,2,"SMCI,NVDA",Bull_MidVol
2024-05-06,2660847.52,-0.6,1209.97,2662058.09,1.0,52.9,2,"SMCI,NVDA",Bull_MidVol
2024-05-07,2623293.9,-0.76,1209.97,2624504.62,1.0,53.57,2,"SMCI,NVDA",Bull_MidVol
2024-05-08,2631032.47,-0.91,1209.97,2632243.35,1.0,53.43,2,"SMCI,NVDA",Bull_MidVol
2024-05-09,2562632.01,-1.06,1209.97,2563843.03,1.0,54.64,2,"SMCI,NVDA",Bull_MidVol
2024-05-10,2566169.62,-1.21,1209.97,2567380.8,1.0,54.58,2,"SMCI,NVDA",Bull_MidVol
2024-05-13,2528955.07,-1.36,1209.97,2530166.4,1.0,55.24,2,"SMCI,NVDA",Bull_MidVol
2024-05-14,2635856.01,-1.51,1209.97,2637067.49,1.0,53.35,2,"SMCI,NVDA",Bull_MidVol
2024-05-15,2987457.67,-1.66,1209.97,2988669.31,1.0,47.12,2,"SMCI,NVDA",Bull_MidVol
2024-05-16,2863207.19,-1.81,1209.97,2864418.97,1.0,49.32,2,"SMCI,NVDA",Bull_MidVol
2024-05-17,2809996.53,-1.97,1209.97,2811208.46,1.0,50.26,2,"SMCI,NVDA",Bull_LowVol
2024-05-20,2864489.65,-2.12,1209.97,2865701.73,1.0,49.3,2,"SMCI,NVDA",Bull_LowVol
2024-05-21,2855266.68,-2.27,1209.97,2856478.92,1.0,49.46,2,"SMCI,NVDA",Bull_LowVol
2024-05-22,2787037.85,-2.42,1209.97,2788250.23,1.0,50.67,2,"SMCI,NVDA",Bull_LowVol
2024-05-23,2772513.68,-2.57,1209.97,2773726.22,1.0,50.93,2,"SMCI,NVDA",Bull_LowVol
2024-05-24,2881467.4,-2.72,1209.97,2882680.09,1.0,49.0,2,"SMCI,NVDA",Bull_LowVol
2024-05-28,2901455.67,-2.87,1209.97,2902668.51,1.0,48.64,2,"SMCI,NVDA",Bull_LowVol
2024-05-29,2817334.0,-3.02,1209.97,2818546.99,1.0,50.13,2,"SMCI,NVDA",Bull_LowVol
2024-05-30,2761937.89,-3.18,1209.97,2763151.03,1.0,51.11,2,"SMCI,NVDA",Bull_LowVol
2024-05-31,2583033.36,0.0,2578954.48,5161987.83,2.0,54.28,2,"SMCI,NVDA",Bull_LowVol
2024-06-03,2559224.74,-322.37,2578954.48,5138501.58,2.01,54.7,2,"SMCI,NVDA",Bull_LowVol
2024-06-04,2577670.47,-644.74,2578954.48,5157269.68,2.0,54.38,2,"SMCI,NVDA",Bull_LowVol
2024-06-05,2796411.44,-967.11,2578954.48,5376333.02,1.92,50.5,2,"SMCI,NVDA",Bull_LowVol
2024-06-06,2652812.34,-1289.48,2578954.48,5233056.3,1.97,53.05,2,"SMCI,NVDA",Bull_LowVol
2024-06-07,2604963.8,-1611.85,2578954.48,5185530.12,1.99,53.89,2,"SMCI,NVDA",Bull_LowVol
2024-06-10,2706732.07,-1934.22,2578954.48,5287620.77,1.95,52.09,2,"SMCI,NVDA",Bull_LowVol
2024-06-11,2596698.86,-2256.59,2578954.48,5177909.92,1.99,54.04,2,"SMCI,NVDA",Bull_LowVol
2024-06-12,2673970.5,-2578.95,2578954.48,5255503.93,1.97,52.67,2,"SMCI,NVDA",Bull_LowVol
2024-06-13,3223342.98,-2901.32,2578954.48,5805198.78,1.8,42.95,2,"SMCI,NVDA",Bull_LowVol
2024-06-14,3103973.17,-3223.69,2578954.48,5686151.35,1.83,45.06,2,"SMCI,NVDA",Bull_LowVol
2024-06-17,3321548.13,-3546.06,2578954.48,5904048.67,1.78,41.21,2,"SMCI,NVDA",Bull_LowVol
2024-06-18,3536145.89,-3868.43,2578954.48,6118968.8,1.73,37.41,2,"SMCI,NVDA",Bull_LowVol
2024-06-20,3478603.55,-4190.8,2578954.48,6061748.83,1.74,38.43,2,"SMCI,NVDA",Bull_LowVol
2024-06-21,3373721.23,-4513.17,2578954.48,5957188.87,1.77,40.28,2,"SMCI,NVDA",Bull_LowVol
2024-06-24,2881411.42,-4835.54,2578954.48,5465201.44,1.9,49.0,2,"SMCI,NVDA",Bull_LowVol
2024-06-25,3040611.52,-5157.91,2578954.48,5624723.9,1.85,46.18,2,"SMCI,NVDA",Bull_LowVol
2024-06-26,2980048.3,-5480.28,2578954.48,5564483.06,1.87,47.25,2,"SMCI,NVDA",Bull_LowVol
2024-06-27,3269753.35,-5802.65,2578954.48,5854510.48,1.79,42.13,2,"SMCI,NVDA",Bull_LowVol
2024-06-28,2890427.04,-6125.02,2578954.48,5475506.53,1.89,48.84,2,"SMCI,NVDA",Bull_LowVol
2024-07-01,2860077.54,-6447.39,2578954.48,5445479.41,1.9,49.38,2,"SMCI,NVDA",Bull_LowVol
2024-07-02,2975738.14,-6769.76,2578954.48,5561462.38,1.87,47.33,2,"SMCI,NVDA",Bull_LowVol
2024-07-03,3079556.54,-7092.12,2578954.48,5665603.14,1.84,45.49,2,"SMCI,NVDA",Bull_LowVol
2024-07-05,3054196.12,-7414.49,2578954.48,5640565.09,1.85,45.94,2,"SMCI,NVDA",Bull_LowVol
2024-07-08,3354432.52,-7736.86,2578954.48,5941123.86,1.77,40.63,2,"SMCI,NVDA",Bull_LowVol
2024-07-09,3364042.82,-8059.23,2578954.48,5951056.53,1.77,40.46,2,"SMCI,NVDA",Bull_LowVol
2024-07-10,3419667.63,-8381.6,2578954.48,6007003.71,1.76,39.47,2,"SMCI,NVDA",Bull_LowVol
2024-07-11,3292597.39,-8703.97,2578954.48,5880255.84,1.79,41.72,2,"SMCI,NVDA",Bull_LowVol
2024-07-12,3418886.28,-9026.34,2578954.48,6006867.1,1.76,39.49,2,"SMCI,NVDA",Bull_LowVol
2024-07-15,3346294.37,-9348.71,2578954.48,5934597.56,1.77,40.77,2,"SMCI,NVDA",Bull_LowVol
2024-07-16,3217231.24,-9671.08,2578954.48,5805856.8,1.8,43.05,2,"SMCI,NVDA",Bull_LowVol
2024-07-17,2818816.21,-9993.45,2578954.48,5407764.13,1.92,50.11,2,"SMCI,NVDA",Bull_MidVol
2024-07-18,2769778.46,-10315.82,2578954.48,5359048.76,1.93,50.97,2,"SMCI,NVDA",Bull_MidVol
2024-07-19,2714527.67,-10638.19,2578954.48,5304120.33,1.95,51.95,2,"SMCI,NVDA",Bull_MidVol
2024-07-22,2711038.16,-10960.56,2578954.48,5300953.19,1.96,52.01,2,"SMCI,NVDA",Bull_MidVol
2024-07-23,2685715.26,-11282.93,2578954.48,5275952.66,1.96,52.46,2,"SMCI,NVDA",Bull_MidVol
2024-07-24,2229465.92,-11605.3,2578954.48,4820025.7,2.16,60.54,2,"SMCI,NVDA",Bull_MidVol
2024-07-25,2126604.6,-11927.66,2578954.48,4717486.74,2.22,62.36,2,"SMCI,NVDA",Bull_MidVol
2024-07-26,2221062.06,-12250.03,2578954.48,4812266.57,2.17,60.69,2,"SMCI,NVDA",Bull_MidVol
2024-07-29,2130722.97,-12572.4,2578954.48,4722249.85,2.22,62.29,2,"SMCI,NVDA",Bull_MidVol
2024-07-30,2119943.84,1153735.47,0.0,966208.37,0.46,62.48,1,NVDA,Bull_MidVol
2024-07-31,2238225.38,4235.28,0.0,2233990.1,1.0,60.38,2,"NVDA,SMCI",Bull_MidVol
2024-08-01,2100221.26,4235.28,0.0,2095985.98,1.0,62.83,2,"NVDA,SMCI",Bull_MidVol
2024-08-02,2040283.88,4235.28,0.0,2036048.59,1.0,63.89,2,"NVDA,SMCI",Bull_MidVol
2024-08-05,1926054.25,4235.28,0.0,1921818.97,1.0,65.91,2,"NVDA,SMCI",Bull_MidVol
2024-08-06,1989252.46,4235.28,0.0,1985017.18,1.0,64.79,2,"NVDA,SMCI",Bull_MidVol
2024-08-07,1831120.96,320584.46,0.0,1510536.5,0.82,67.59,1,NVDA,Bull_MidVol
2024-08-08,1923668.09,320584.46,0.0,1603083.63,0.83,65.95,1,NVDA,Bull_MidVol
2024-08-09,1920308.57,320584.46,0.0,1599724.11,0.83,66.01,1,NVDA,Bull_MidVol
2024-08-12,1985519.34,320584.46,0.0,1664934.88,0.84,64.86,1,NVDA,Bull_MidVol
2024-08-13,2094254.64,320584.46,0.0,1773670.18,0.85,62.93,1,NVDA,Bull_MidVol
2024-08-14,2123881.96,320584.46,0.0,1803297.5,0.85,62.41,1,NVDA,Bull_MidVol
2024-08-15,2196881.39,320584.46,0.0,1876296.93,0.85,61.12,1,NVDA,Bull_MidVol
2024-08-16,2223148.83,320584.46,0.0,1902564.38,0.86,60.65,1,NVDA,Bull_MidVol
2024-08-19,2305921.77,320584.46,0.0,1985337.31,0.86,59.19,1,NVDA,Bull_MidVol
2024-08-20,2263924.69,320584.46,0.0,1943340.23,0.86,59.93,1,NVDA,Bull_MidVol
2024-08-21,2283014.55,320584.46,0.0,1962430.09,0.86,59.59,1,NVDA,Bull_MidVol
2024-08-22,2210320.42,320584.46,0.0,1889735.96,0.85,60.88,1,NVDA,Bull_MidVol
2024-08-23,2296301.15,320584.46,0.0,1975716.69,0.86,59.36,1,NVDA,Bull_MidVol
2024-08-26,2251860.12,320584.46,0.0,1931275.66,0.86,60.14,1,NVDA,Bull_MidVol
2024-08-27,2279960.56,320584.46,0.0,1959376.1,0.86,59.64,1,NVDA,Bull_MidVol
2024-08-28,2238878.82,320584.46,0.0,1918294.36,0.86,60.37,1,NVDA,Bull_MidVol
2024-08-29,2116398.71,320584.46,0.0,1795814.25,0.85,62.54,1,NVDA,Bull_MidVol
2024-08-30,2174359.1,0.0,909206.42,3083565.52,1.42,61.51,2,"NVDA,TSM",Bull_MidVol
2024-09-03,1898912.22,-113.65,909206.42,2808232.29,1.48,66.39,2,"NVDA,TSM",Bull_MidVol
2024-09-04,1863113.81,-227.3,909206.42,2772547.53,1.49,67.02,2,"NVDA,TSM",Bull_MidVol
2024-09-05,1893803.31,-340.95,909206.42,2803350.69,1.48,66.48,2,"NVDA,TSM",Bull_MidVol
2024-09-06,1778474.13,-454.6,909206.42,2688135.15,1.51,68.52,2,"NVDA,TSM",Bull_MidVol
2024-09-09,1874976.14,-568.25,909206.42,2784750.81,1.49,66.81,2,"NVDA,TSM",Bull_MidVol
2024-09-10,1907343.23,-681.9,909206.42,2817231.56,1.48,66.24,2,"NVDA,TSM",Bull_MidVol
2024-09-11,2117405.65,-795.56,909206.42,3027407.62,1.43,62.52,2,"NVDA,TSM",Bull_MidVol
2024-09-12,2170197.14,-909.21,909206.42,3080312.77,1.42,61.59,2,"NVDA,TSM",Bull_MidVol
2024-09-13,2173091.55,-1022.86,909206.42,3083320.83,1.42,61.54,2,"NVDA,TSM",Bull_MidVol
2024-09-16,2112702.55,-1136.51,909206.42,3023045.48,1.43,62.61,2,"NVDA,TSM",Bull_MidVol
2024-09-17,2081758.33,-1250.16,909206.42,2992214.91,1.44,63.15,2,"NVDA,TSM",Bull_MidVol
2024-09-18,2035449.53,-1363.81,909206.42,2946019.76,1.45,63.97,2,"NVDA,TSM",Bull_MidVol
2024-09-19,2160519.12,-1477.46,909206.42,3071203.01,1.42,61.76,2,"NVDA,TSM",Bull_MidVol
2024-09-20,2114031.79,-1591.11,909206.42,3024829.33,1.43,62.58,2,"NVDA,TSM",Bull_MidVol
2024-09-23,2121737.03,-1704.76,909206.42,3032648.21,1.43,62.45,2,"NVDA,TSM",Bull_MidVol
2024-09-24,2242880.66,-1818.41,909206.42,3153905.5,1.41,60.3,2,"NVDA,TSM",Bull_MidVol
2024-09-25,2298765.85,-1932.06,909206.42,3209904.33,1.4,59.31,2,"NVDA,TSM",Bull_MidVol
2024-09-26,2325683.08,-2045.71,909206.42,3236935.22,1.39,58.84,2,"NVDA,TSM",Bull_MidVol
2024-09-27,2239167.0,-2159.37,909206.42,3150532.78,1.41,60.37,2,"NVDA,TSM",Bull_MidVol
2024-09-30,2230728.93,0.0,2249242.1,4479971.03,2.01,60.52,2,"NVDA,PLTR",Bull_MidVol
2024-10-01,2099436.27,-281.16,2249242.1,4348959.52,2.07,62.84,2,"NVDA,PLTR",Bull_MidVol
2024-10-02,2191896.44,-562.31,2249242.1,4441700.85,2.03,61.2,2,"NVDA,PLTR",Bull_MidVol
2024-10-03,2366916.92,-843.47,2249242.1,4617002.49,1.95,58.11,2,"NVDA,PLTR",Bull_MidVol
2024-10-04,2450184.01,-1124.62,2249242.1,4700550.73,1.92,56.63,2,"NVDA,PLTR",Bull_LowVol
2024-10-07,2448638.44,-1405.78,2249242.1,4699286.32,1.92,56.66,2,"NVDA,PLTR",Bull_LowVol
2024-10-08,2690696.16,-1686.93,2249242.1,4941625.19,1.84,52.37,2,"NVDA,PLTR",Bull_LowVol
2024-10-09,2774266.02,-1968.09,2249242.1,5025476.21,1.81,50.9,2,"NVDA,PLTR",Bull_LowVol
2024-10-10,2839305.69,-2249.24,2249242.1,5090797.04,1.79,49.74,2,"NVDA,PLTR",Bull_LowVol
2024-10-11,2838289.53,-2530.4,2249242.1,5090062.03,1.79,49.76,2,"NVDA,PLTR",Bull_LowVol
2024-10-14,2899867.76,-2811.55,2249242.1,5151921.41,1.78,48.67,2,"NVDA,PLTR",Bull_LowVol
2024-10-15,2714404.09,-3092.71,2249242.1,4966738.9,1.83,51.95,2,"NVDA,PLTR",Bull_LowVol
2024-10-16,2772954.72,-3373.86,2249242.1,5025570.68,1.81,50.92,2,"NVDA,PLTR",Bull_LowVol
2024-10-17,2801416.11,-3655.02,2249242.1,5054313.23,1.8,50.41,2,"NVDA,PLTR",Bull_LowVol
2024-10-18,2874561.3,-3936.17,2249242.1,5127739.57,1.78,49.12,2,"NVDA,PLTR",Bull_LowVol
2024-10-21,2978178.07,-4217.33,2249242.1,5231637.5,1.76,47.29,2,"NVDA,PLTR",Bull_LowVol
2024-10-22,2988101.34,-4498.48,2249242.1,5241841.92,1.75,47.11,2,"NVDA,PLTR",Bull_LowVol
2024-10-23,2885913.59,-4779.64,2249242.1,5139935.33,1.78,48.92,2,"NVDA,PLTR",Bull_LowVol
2024-10-24,2954505.55,-5060.79,2249242.1,5208808.45,1.76,47.71,2,"NVDA,PLTR",Bull_LowVol
2024-10-25,3046338.5,-5341.95,2249242.1,5300922.54,1.74,46.08,2,"NVDA,PLTR",Bull_LowVol
2024-10-28,3030762.78,-5623.11,2249242.1,5285627.99,1.74,46.36,2,"NVDA,PLTR",Bull_LowVol
2024-10-29,3043475.44,-5904.26,2249242.1,5298621.8,1.74,46.13,2,"NVDA,PLTR",Bull_LowVol
2024-10-30,2938108.68,-6185.42,2249242.1,5193536.19,1.77,48.0,2,"NVDA,PLTR",Bull_LowVol
2024-10-31,2691656.87,0.0,2163953.7,4855610.57,1.8,52.36,2,"PLTR,ARM",Bull_MidVol
2024-11-01,2726335.73,-270.49,2163953.7,4890559.92,1.79,51.74,2,"PLTR,ARM",Bull_LowVol
2024-11-04,2651386.69,-540.99,2163953.7,4815881.38,1.82,53.07,2,"PLTR,ARM",Bull_LowVol
2024-11-05,3582907.04,-811.48,2163953.7,5747672.22,1.6,36.58,2,"PLTR,ARM",Bull_LowVol
2024-11-06,4022263.45,-1081.98,2163953.7,6187299.13,1.54,28.81,2,"PLTR,ARM",Bull_MidVol
2024-11-07,4095441.8,-1352.47,2163953.7,6260747.97,1.53,27.51,2,"PLTR,ARM",Bull_MidVol
2024-11-08,4308709.56,-1622.97,2163953.7,6474286.22,1.5,23.74,2,"PLTR,ARM",Bull_MidVol
2024-11-11,4444179.07,-1893.46,2163953.7,6610026.23,1.49,21.34,2,"PLTR,ARM",Bull_MidVol
2024-11-12,4393445.76,-2163.95,2163953.7,6559563.41,1.49,22.24,2,"PLTR,ARM",Bull_MidVol
2024-11-13,4439903.79,-2434.45,2163953.7,6606291.94,1.49,21.41,2,"PLTR,ARM",Bull_MidVol
2024-11-14,4305826.14,-2704.94,2163953.7,6472484.78,1.5,23.79,2,"PLTR,ARM",Bull_MidVol
2024-11-15,4870986.84,-2975.44,2163953.7,7037915.98,1.44,13.78,2,"PLTR,ARM",Bull_MidVol
2024-11-18,4447756.52,-3245.93,2163953.7,6614956.15,1.49,21.27,2,"PLTR,ARM",Bull_MidVol
2024-11-19,4638578.94,-3516.42,2163953.7,6806049.06,1.47,17.9,2,"PLTR,ARM",Bull_MidVol
2024-11-20,4562105.2,-3786.92,2163953.7,6729845.82,1.48,19.25,2,"PLTR,ARM",Bull_MidVol
2024-11-21,4486826.2,-4057.41,2163953.7,6654837.31,1.48,20.58,2,"PLTR,ARM",Bull_MidVol
2024-11-22,4786061.13,-4327.91,2163953.7,6954342.73,1.45,15.29,2,"PLTR,ARM",Bull_MidVol
2024-11-25,4839026.52,-4598.4,2163953.7,7007578.62,1.45,14.35,2,"PLTR,ARM",Bull_MidVol
2024-11-26,4920703.11,-4868.9,2163953.7,7089525.71,1.44,12.9,2,"PLTR,ARM",Bull_MidVol
2024-11-27,4926656.08,-5139.39,2163953.7,7095749.17,1.44,12.8,2,"PLTR,ARM",Bull_MidVol
2024-11-29,5024941.43,0.0,3061364.02,8086305.44,1.61,11.06,2,"PLTR,NVDA",Bull_MidVol
2024-12-02,4964875.73,-382.67,3061364.02,8026622.42,1.62,12.12,2,"PLTR,NVDA",Bull_MidVol
2024-12-03,5413848.25,-765.34,3061364.02,8475977.61,1.57,4.17,2,"PLTR,NVDA",Bull_MidVol
2024-12-04,5373107.53,-1148.01,3061364.02,8435619.56,1.57,4.9,2,"PLTR,NVDA",Bull_MidVol
2024-12-05,5561040.44,-1530.68,3061364.02,8623935.14,1.55,1.57,2,"PLTR,NVDA",Bull_LowVol
2024-12-06,5945232.27,-1913.35,3061364.02,9008509.64,1.52,0.0,2,"PLTR,NVDA",Bull_LowVol
2024-12-09,5534053.03,-2296.02,3061364.02,8597713.07,1.55,6.92,2,"PLTR,NVDA",Bull_LowVol
2024-12-10,5337833.63,-2678.69,3061364.02,8401876.34,1.57,10.22,2,"PLTR,NVDA",Bull_LowVol
2024-12-11,5544491.06,-3061.36,3061364.02,8608916.44,1.55,6.74,2,"PLTR,NVDA",Bull_LowVol
2024-12-12,5583059.21,-3444.03,3061364.02,8647867.26,1.55,6.09,2,"PLTR,NVDA",Bull_LowVol
2024-12-13,5811240.99,-3826.71,3061364.02,8876431.71,1.53,2.25,2,"PLTR,NVDA",Bull_LowVol
2024-12-16,5751544.64,-4209.38,3061364.02,8817118.04,1.53,3.26,2,"PLTR,NVDA",Bull_LowVol
2024-12-17,5602769.29,-4592.05,3061364.02,8668725.35,1.55,5.76,2,"PLTR,NVDA",Bull_LowVol
2024-12-18,5313300.02,-4974.72,3061364.02,8379638.76,1.58,10.63,2,"PLTR,NVDA",Bull_MidVol
2024-12-19,5588923.21,-5357.39,3061364.02,8655644.62,1.55,5.99,2,"PLTR,NVDA",Bull_MidVol
2024-12-20,6234868.01,-5740.06,3061364.02,9301972.08,1.49,0.0,2,"PLTR,NVDA",Bull_MidVol
2024-12-23,6312401.5,-6122.73,3061364.02,9379888.24,1.49,0.0,2,"PLTR,NVDA",Bull_MidVol
2024-12-24,6477503.85,-6505.4,3061364.02,9545373.27,1.47,0.0,2,"PLTR,NVDA",Bull_MidVol
2024-12-26,6450857.55,-6888.07,3061364.02,9519109.63,1.48,0.41,2,"PLTR,NVDA",Bull_MidVol
2024-12-27,6125750.94,-7270.74,3061364.02,9194385.69,1.5,5.43,2,"PLTR,NVDA",Bull_MidVol
2024-12-30,5953640.44,-7653.41,3061364.02,9022657.87,1.52,8.09,2,"PLTR,NVDA",Bull_MidVol
2024-12-31,5771996.59,0.0,3371024.5,9143021.1,1.58,10.89,2,"PLTR,SHOP",Bull_MidVol
2025-01-02,5753586.16,-421.38,3371024.5,9125032.05,1.59,11.18,2,"PLTR,SHOP",Bull_MidVol
2025-01-03,6226740.46,-842.76,3371024.5,9598607.72,1.54,3.87,2,"PLTR,SHOP",Bull_MidVol
2025-01-06,5951012.67,-1264.13,3371024.5,9323301.31,1.57,8.13,2,"PLTR,SHOP",Bull_MidVol
2025-01-07,5250683.45,-1685.51,3371024.5,8623393.47,1.64,18.94,2,"PLTR,SHOP",Bull_MidVol
2025-01-08,5102038.1,-2106.89,3371024.5,8475169.49,1.66,21.23,2,"PLTR,SHOP",Bull_MidVol
2025-01-10,4934676.9,-2528.27,3371024.5,8308229.67,1.68,23.82,2,"PLTR,SHOP",Bull_MidVol
2025-01-13,4682925.98,-2949.65,3371024.5,8056900.14,1.72,27.7,2,"PLTR,SHOP",Bull_MidVol
2025-01-14,4766720.67,-3371.02,3371024.5,8141116.19,1.71,26.41,2,"PLTR,SHOP",Bull_MidVol
2025-01-15,5026107.45,-3792.4,3371024.5,8400924.36,1.67,22.41,2,"PLTR,SHOP",Bull_MidVol
2025-01-16,5114406.49,-4213.78,3371024.5,8489644.78,1.66,21.04,2,"PLTR,SHOP",Bull_MidVol
2025-01-17,5348084.23,-4635.16,3371024.5,8723743.9,1.63,17.44,2,"PLTR,SHOP",Bull_MidVol
2025-01-21,5526159.26,-5056.54,3371024.5,8902240.3,1.61,14.69,2,"PLTR,SHOP",Bull_MidVol
2025-01-22,5883452.97,-5477.91,3371024.5,9259955.39,1.57,9.17,2,"PLTR,SHOP",Bull_MidVol
2025-01-23,6075463.65,-5899.29,3371024.5,9452387.44,1.56,6.21,2,"PLTR,SHOP",Bull_MidVol
2025-01-24,6105626.36,-6320.67,3371024.5,9482971.54,1.55,5.74,2,"PLTR,SHOP",Bull_MidVol
2025-01-27,5767781.16,-6742.05,3371024.5,9145547.72,1.59,10.96,2,"PLTR,SHOP",Bull_MidVol
2025-01-28,6410997.68,-7163.43,3371024.5,9789185.62,1.53,1.03,2,"PLTR,SHOP",Bull_MidVol
2025-01-29,6349900.97,-7584.81,3371024.5,9728510.28,1.53,1.97,2,"PLTR,SHOP",Bull_MidVol
2025-01-30,6536382.63,-8006.18,3371024.5,9915413.32,1.52,0.0,2,"PLTR,SHOP",Bull_MidVol
2025-01-31,6682416.11,0.0,5424651.01,12107067.12,1.81,0.0,2,"PLTR,TSLA",Bull_MidVol
2025-02-03,6701217.15,-678.08,5424651.01,12126546.25,1.81,0.0,2,"PLTR,TSLA",Bull_MidVol
2025-02-04,9103521.72,-1356.16,5424651.01,14529528.89,1.6,0.0,2,"PLTR,TSLA",Bull_MidVol
2025-02-05,8728651.76,-2034.24,5424651.01,14155337.01,1.62,4.12,2,"PLTR,TSLA",Bull_MidVol
2025-02-06,9865641.76,-2712.33,5424651.01,15293005.1,1.55,0.0,2,"PLTR,TSLA",Bull_MidVol
2025-02-07,9737650.26,-3390.41,5424651.01,15165691.68,1.56,1.3,2,"PLTR,TSLA",Bull_MidVol
2025-02-10,10349772.06,-4068.49,5424651.01,15778491.56,1.52,0.0,2,"PLTR,TSLA",Bull_MidVol
2025-02-11,9750327.32,-4746.57,3425633.37,13180707.26,1.35,5.79,1,PLTR,Bull_MidVol
2025-02-12,10308165.21,-5174.77,3425633.37,13738973.36,1.33,0.4,1,PLTR,Bull_MidVol
2025-02-13,10368596.75,-5602.98,3425633.37,13799833.1,1.33,0.0,1,PLTR,Bull_MidVol
2025-02-14,10514464.79,-6031.18,3425633.37,13946129.35,1.33,0.0,1,PLTR,Bull_MidVol
2025-02-18,11153058.5,-6459.39,3425633.37,14585151.26,1.31,0.0,1,PLTR,Bull_MidVol
2025-02-19,9682644.97,-6887.59,3425633.37,13115165.93,1.35,13.18,1,PLTR,Bull_MidVol
2025-02-20,9004572.43,-7315.79,3425633.37,12437521.6,1.38,19.26,1,PLTR,Bull_MidVol
2025-02-21,8428322.4,-7744.0,3425633.37,11861699.77,1.41,24.43,1,PLTR,Bull_MidVol
2025-02-24,7179109.62,-8172.2,3425633.37,10612915.2,1.48,35.63,1,PLTR,Bull_MidVol
2025-02-25,6846295.87,-8600.41,3425633.37,10280529.65,1.5,38.62,1,PLTR,Bull_LowVol
2025-02-26,7017912.2,-9028.61,3425633.37,10452574.18,1.49,37.08,1,PLTR,Bull_LowVol
2025-02-27,6486135.91,-9456.82,3425633.37,9921226.1,1.53,41.84,1,PLTR,Bull_MidVol
2025-02-28,6480607.48,0.0,4726777.79,11207385.27,1.73,41.89,2,"PLTR,TSLA",Bull_MidVol
2025-03-03,6268392.16,-590.85,4726777.79,10995760.8,1.75,43.8,2,"PLTR,TSLA",Bull_MidVol
2025-03-04,6327896.73,-1181.69,4726777.79,11055856.22,1.75,43.26,2,"PLTR,TSLA",Bull_MidVol
2025-03-05,7028497.18,-1772.54,4726777.79,11757047.51,1.67,36.98,2,"PLTR,TSLA",Bull_MidVol
2025-03-06,5828394.28,-2363.39,4726777.79,10557535.47,1.81,47.74,2,"PLTR,TSLA",Bull_MidVol
2025-03-07,6345241.23,-2954.24,4726777.79,11074973.26,1.75,43.11,2,"PLTR,TSLA",Bull_MidVol
2025-03-10,5184017.51,-3545.08,3751723.14,8939285.74,1.72,53.52,1,PLTR,Bull_MidVol
2025-03-11,5379001.02,-4014.05,3751723.14,9134738.21,1.7,51.77,1,PLTR,Bull_MidVol
2025-03-12,6033939.07,-4483.01,3751723.14,9790145.23,1.62,45.9,1,PLTR,Bull_MidVol
2025-03-13,5561811.14,-4951.98,3751723.14,9318486.26,1.68,50.13,1,PLTR,Bull_MidVol
2025-03-14,6336126.54,-5420.94,3751723.14,10093270.63,1.59,43.19,1,PLTR,Bull_MidVol
2025-03-17,6465568.72,-5889.91,3751723.14,10223181.77,1.58,42.03,1,PLTR,Bull_MidVol
2025-03-18,6060151.84,-6358.88,3751723.14,9818233.86,1.62,45.66,1,PLTR,Bull_MidVol
2025-03-19,6318334.54,-6827.84,3751723.14,10076885.52,1.59,43.35,1,PLTR,Bull_MidVol
2025-03-20,6468843.41,-7296.81,3751723.14,10227863.36,1.58,42.0,1,PLTR,Bull_MidVol
2025-03-21,6886196.5,-7765.77,3751723.14,10645685.41,1.55,38.26,1,PLTR,Bull_MidVol
2025-03-24,7563371.87,-8234.74,3751723.14,11323329.75,1.5,32.19,1,PLTR,Bull_MidVol
2025-03-25,7533643.66,-8703.7,3751723.14,11294070.5,1.5,32.45,1,PLTR,Bull_MidVol
2025-03-26,7039278.41,-9172.67,3751723.14,10800174.22,1.53,36.88,1,PLTR,Bull_MidVol
2025-03-27,6782498.13,-9641.63,3751723.14,10543862.9,1.55,39.19,1,PLTR,Bull_MidVol
2025-03-28,6285792.53,-10110.6,3751723.14,10047626.27,1.6,43.64,1,PLTR,Bull_MidVol
2025-03-31,6109764.65,0.0,4975406.32,11085170.97,1.81,45.22,2,"PLTR,NET",Bull_MidVol
2025-04-01,6173730.57,-621.93,4975406.32,11149758.81,1.81,44.65,2,"PLTR,NET",Bull_MidVol
2025-04-02,6538974.3,-1243.85,4975406.32,11515624.48,1.76,41.37,2,"PLTR,NET",Bull_MidVol
2025-04-03,5957489.99,-1865.78,4975406.32,10934762.08,1.84,46.58,2,"PLTR,NET",Bull_MidVol
2025-04-04,4658091.57,-2487.7,4001329.34,8661908.62,1.86,58.23,1,PLTR,Bull_MidVol
2025-04-07,5105842.44,-2987.87,4001329.34,9110159.65,1.78,54.22,1,PLTR,Bull_MidVol
2025-04-08,5044483.43,-3488.04,4001329.34,9049300.8,1.79,54.77,1,PLTR,Bull_MidVol
2025-04-09,6763257.08,-3988.2,4001329.34,10768574.62,1.59,39.36,1,PLTR,Bull_MidVol
2025-04-10,6362489.69,-4488.37,4001329.34,10368307.4,1.63,42.95,1,PLTR,Bull_MidVol
2025-04-11,6357308.83,-4988.53,4001329.34,10363626.71,1.63,43.0,1,PLTR,Bull_MidVol
2025-04-14,6935359.94,6935359.94,0.0,0.0,0.0,37.82,0,CASH_BIL,Bear
2025-04-15,6936116.4,6936116.4,0.0,0.0,0.0,37.81,0,CASH_BIL,Bear
2025-04-16,6939145.29,6939145.29,0.0,0.0,0.0,37.78,0,CASH_BIL,Bear
2025-04-17,6939902.36,6939902.36,0.0,0.0,0.0,37.78,0,CASH_BIL,Bear
2025-04-21,6939902.36,6939902.36,0.0,0.0,0.0,37.78,0,CASH_BIL,Bear
2025-04-22,6941417.12,6941417.12,0.0,0.0,0.0,37.76,0,CASH_BIL,Bear
2025-04-23,6941417.12,6941417.12,0.0,0.0,0.0,37.76,0,CASH_BIL,Bear
2025-04-24,6944446.62,6944446.62,0.0,0.0,0.0,37.74,0,CASH_BIL,Bear
2025-04-25,6945204.3,6945204.3,0.0,0.0,0.0,37.73,0,CASH_BIL,Bear
2025-04-28,6945204.3,6945204.3,0.0,0.0,0.0,37.73,0,CASH_BIL,Bear
2025-04-29,6945204.3,6945204.3,0.0,0.0,0.0,37.73,0,CASH_BIL,Bull_MidVol
2025-04-30,6881191.01,0.0,3313.95,6884504.96,1.0,38.3,2,"PLTR,GILD",Bull_MidVol
2025-05-01,6734201.78,-0.41,3313.95,6737516.14,1.0,39.62,2,"PLTR,GILD",Bull_MidVol
2025-05-02,7113844.86,-0.83,3313.95,7117159.64,1.0,36.22,2,"PLTR,GILD",Bull_MidVol
2025-05-05,7078786.17,-1.24,3313.95,7082101.36,1.0,36.53,2,"PLTR,GILD",Bull_MidVol
2025-05-06,6323777.35,-1.66,3313.95,6327092.96,1.0,43.3,2,"PLTR,GILD",Bull_MidVol
2025-05-07,6412186.27,-2.07,3313.95,6415502.29,1.0,42.51,2,"PLTR,GILD",Bull_MidVol
2025-05-08,6803735.16,-2.49,3313.95,6807051.6,1.0,39.0,2,"PLTR,GILD",Bull_MidVol
2025-05-09,6701652.41,-2.9,3313.95,6704969.26,1.0,39.91,2,"PLTR,GILD",Bull_MidVol
2025-05-12,6846306.66,-3.31,3313.95,6849623.93,1.0,38.61,2,"PLTR,GILD",Bull_MidVol
2025-05-13,7261031.64,-3.73,3313.95,7264349.32,1.0,34.9,2,"PLTR,GILD",Bull_MidVol
2025-05-14,7317152.7,-4.14,3313.95,7320470.79,1.0,34.39,2,"PLTR,GILD",Bull_MidVol
2025-05-15,7247607.01,-4.56,3313.95,7250925.52,1.0,35.02,2,"PLTR,GILD",Bull_MidVol
2025-05-16,7340840.71,-4.97,3313.95,7344159.63,1.0,34.18,2,"PLTR,GILD",Bull_MidVol
2025-05-19,7241371.81,-5.39,3313.95,7244691.15,1.0,35.07,2,"PLTR,GILD",Bull_MidVol
2025-05-20,7245954.57,-5.8,3313.95,7249274.32,1.0,35.03,2,"PLTR,GILD",Bull_MidVol
2025-05-21,6995768.33,-6.21,3313.95,6999088.5,1.0,37.27,2,"PLTR,GILD",Bull_MidVol
2025-05-22,7062014.32,-6.63,3313.95,7065334.89,1.0,36.68,2,"PLTR,GILD",Bull_MidVol
2025-05-23,7117517.93,-7.04,3313.95,7120838.92,1.0,36.18,2,"PLTR,GILD",Bull_MidVol
2025-05-27,7143862.66,-7.46,3313.95,7147184.06,1.0,35.95,2,"PLTR,GILD",Bull_MidVol
2025-05-28,7152431.25,-7.87,3313.95,7155753.07,1.0,35.87,2,"PLTR,GILD",Bull_MidVol
2025-05-29,7120928.5,-8.28,3313.95,7124250.74,1.0,36.15,2,"PLTR,GILD",Bull_MidVol
2025-05-30,7555721.83,0.0,6046303.53,13602025.36,1.8,32.25,2,"PLTR,NFLX",Bull_MidVol
2025-06-02,7602952.73,-755.79,6046303.53,13650012.05,1.8,31.83,2,"PLTR,NFLX",Bull_MidVol
2025-06-03,7693113.8,-1511.58,6046303.53,13740928.91,1.79,31.02,2,"PLTR,NFLX",Bull_MidVol
2025-06-04,7480584.46,-2267.36,6046303.53,13529155.36,1.81,32.93,2,"PLTR,NFLX",Bull_MidVol
2025-06-05,6670744.52,-3023.15,6046303.53,12720071.2,1.91,40.19,2,"PLTR,NFLX",Bull_MidVol
2025-06-06,7294154.72,-3778.94,6046303.53,13344237.19,1.83,34.6,2,"PLTR,NFLX",Bull_MidVol
2025-06-09,7613196.96,-4534.73,6046303.53,13664035.22,1.79,31.74,2,"PLTR,NFLX",Bull_MidVol
2025-06-10,7627291.96,-5290.52,6046303.53,13678886.01,1.79,31.61,2,"PLTR,NFLX",Bull_LowVol
2025-06-11,7958721.82,-6046.3,6046303.53,14011071.65,1.76,28.64,2,"PLTR,NFLX",Bull_LowVol
2025-06-12,7847974.42,-6802.09,6046303.53,13901080.05,1.77,29.63,2,"PLTR,NFLX",Bull_LowVol
2025-06-13,8023118.06,-7557.88,6046303.53,14076979.47,1.75,28.06,2,"PLTR,NFLX",Bull_LowVol
2025-06-16,8383130.23,-8313.67,6046303.53,14437747.43,1.72,24.84,2,"PLTR,NFLX",Bull_LowVol
2025-06-17,8106870.45,-9069.46,6046303.53,14162243.44,1.75,27.31,2,"PLTR,NFLX",Bull_LowVol
2025-06-18,8255034.43,-9825.24,6046303.53,14311163.2,1.73,25.98,2,"PLTR,NFLX",Bull_LowVol
2025-06-20,8055325.52,-10581.03,6046303.53,14112210.08,1.75,27.77,2,"PLTR,NFLX",Bull_LowVol
2025-06-23,8320773.87,-11336.82,6046303.53,14378414.22,1.73,25.39,2,"PLTR,NFLX",Bull_LowVol
2025-06-24,8650938.27,-12092.61,6046303.53,14709334.41,1.7,22.43,2,"PLTR,NFLX",Bull_LowVol
2025-06-25,8614231.03,-12848.4,6046303.53,14673382.96,1.7,22.76,2,"PLTR,NFLX",Bull_LowVol
2025-06-26,8795835.06,-13604.18,6046303.53,14855742.78,1.69,21.14,2,"PLTR,NFLX",Bull_LowVol
2025-06-27,7717170.79,-14359.97,6046303.53,13777834.3,1.79,30.81,2,"PLTR,NFLX",Bull_LowVol
2025-06-30,8246106.35,0.0,8283660.97,16529767.32,2.0,26.06,2,"PLTR,NET",Bull_LowVol
2025-07-01,7514472.15,-1035.46,8283660.97,15799168.58,2.1,32.62,2,"PLTR,NET",Bull_LowVol
2025-07-02,7664866.95,-2070.92,8283660.97,15950598.84,2.08,31.28,2,"PLTR,NET",Bull_LowVol
2025-07-03,7976005.64,-3106.37,8283660.97,16262772.99,2.04,28.49,2,"PLTR,NET",Bull_LowVol
2025-07-07,8463746.08,-4141.83,8283660.97,16751548.89,1.98,24.11,2,"PLTR,NET",Bull_LowVol
2025-07-08,8519329.82,-5177.29,8283660.97,16808168.08,1.97,23.61,2,"PLTR,NET",Bull_LowVol
2025-07-09,8861820.1,-6212.75,8283660.97,17151693.82,1.94,20.54,2,"PLTR,NET",Bull_LowVol
2025-07-10,8605071.17,-7248.2,8283660.97,16895980.35,1.96,22.85,2,"PLTR,NET",Bull_LowVol
2025-07-11,8556283.71,-8283.66,8283660.97,16848228.34,1.97,23.28,2,"PLTR,NET",Bull_LowVol
2025-07-14,9265212.26,-9319.12,8283660.97,17558192.35,1.9,16.93,2,"PLTR,NET",Bull_LowVol
2025-07-15,9277261.97,-10354.58,8283660.97,17571277.52,1.89,16.82,2,"PLTR,NET",Bull_LowVol
2025-07-16,9550228.38,-11390.03,8283660.97,17845279.38,1.87,14.37,2,"PLTR,NET",Bull_LowVol
2025-07-17,9872482.54,-12425.49,8283660.97,18168569.0,1.84,11.48,2,"PLTR,NET",Bull_LowVol
2025-07-18,9928374.05,-13460.95,8283660.97,18225495.98,1.84,10.98,2,"PLTR,NET",Bull_LowVol
2025-07-21,9766242.88,-14496.41,8283660.97,18064400.27,1.85,12.43,2,"PLTR,NET",Bull_LowVol
2025-07-22,9379859.83,-15531.86,8283660.97,17679052.67,1.88,15.9,2,"PLTR,NET",Bull_LowVol
2025-07-23,9895177.07,-16567.32,8283660.97,18195405.36,1.84,11.28,2,"PLTR,NET",Bull_LowVol
2025-07-24,9957333.04,-17602.78,8283660.97,18258596.79,1.83,10.72,2,"PLTR,NET",Bull_LowVol
2025-07-25,10453891.33,-18638.24,8283660.97,18756190.55,1.79,6.27,2,"PLTR,NET",Bull_LowVol
2025-07-28,10380167.25,-19673.69,8283660.97,18683501.92,1.8,6.93,2,"PLTR,NET",Bull_LowVol
2025-07-29,10220219.02,-20709.15,8283660.97,18524589.15,1.81,8.36,2,"PLTR,NET",Bull_LowVol
2025-07-30,10473193.31,-21744.61,8283660.97,18778598.89,1.79,6.1,2,"PLTR,NET",Bull_LowVol
2025-07-31,10624214.92,0.0,9168360.77,19792575.69,1.86,4.74,2,"PLTR,NET",Bull_LowVol
2025-08-01,10065912.57,-1146.05,9168360.77,19235419.39,1.91,9.75,2,"PLTR,NET",Bull_LowVol
2025-08-04,10870047.54,-2292.09,9168360.77,20040700.4,1.84,2.54,2,"PLTR,NET",Bull_LowVol
2025-08-05,12072317.92,-3438.14,9168360.77,21244116.82,1.76,0.0,2,"PLTR,NET",Bull_LowVol
2025-08-06,12844172.44,-4584.18,9168360.77,22017117.39,1.71,0.0,2,"PLTR,NET",Bull_LowVol
2025-08-07,12993081.96,-5730.23,9168360.77,22167172.96,1.71,0.0,2,"PLTR,NET",Bull_LowVol
2025-08-08,13329959.62,-6876.27,9168360.77,22505196.66,1.69,0.0,2,"PLTR,NET",Bull_LowVol
2025-08-11,12840272.26,-8022.32,9168360.77,22016655.34,1.71,3.67,2,"PLTR,NET",Bull_LowVol
2025-08-12,13280366.39,-9168.36,9168360.77,22457895.52,1.69,0.37,2,"PLTR,NET",Bull_LowVol
2025-08-13,12963169.48,-10314.41,9168360.77,22141844.66,1.71,2.75,2,"PLTR,NET",Bull_LowVol
2025-08-14,12552520.06,-11460.45,9168360.77,21732341.28,1.73,5.83,2,"PLTR,NET",Bull_LowVol
2025-08-15,12295122.3,-12606.5,9168360.77,21476089.56,1.75,7.76,2,"PLTR,NET",Bull_LowVol
2025-08-18,12020119.61,-13752.54,9168360.77,21202232.92,1.76,9.83,2,"PLTR,NET",Bull_LowVol
2025-08-19,10313523.93,-14898.59,9168360.77,19496783.28,1.89,22.63,2,"PLTR,NET",Bull_LowVol
2025-08-20,10073031.03,-16044.63,9168360.77,19257436.43,1.91,24.43,2,"PLTR,NET",Bull_LowVol
2025-08-21,10079248.52,-17190.68,9168360.77,19264799.97,1.91,24.39,2,"PLTR,NET",Bull_LowVol
2025-08-22,10398988.27,-18336.72,9168360.77,19585685.76,1.88,21.99,2,"PLTR,NET",Bull_LowVol
2025-08-25,10239223.1,-19482.77,9168360.77,19427066.64,1.9,23.19,2,"PLTR,NET",Bull_LowVol
2025-08-26,10654135.37,-20628.81,9168360.77,19843124.95,1.86,20.07,2,"PLTR,NET",Bull_LowVol
2025-08-27,10392275.37,-21774.86,9168360.77,19582411.0,1.88,22.04,2,"PLTR,NET",Bull_LowVol
2025-08-28,10701020.48,-22920.9,9168360.77,19892302.15,1.86,19.72,2,"PLTR,NET",Bull_LowVol
2025-08-29,10462802.36,-24066.95,9168360.77,19655230.07,1.88,21.51,2,"PLTR,NET",Bull_LowVol
2025-09-02,10484519.47,-25212.99,9168360.77,19678093.23,1.88,21.35,2,"PLTR,NET",Bull_LowVol
2025-09-03,10220957.59,-26359.04,9168360.77,19415677.4,1.9,23.32,2,"PLTR,NET",Bull_LowVol
2025-09-04,10431021.12,-27505.08,9168360.77,19626886.97,1.88,21.75,2,"PLTR,NET",Bull_LowVol
2025-09-05,10230282.29,-28651.13,9168360.77,19427294.18,1.9,23.25,2,"PLTR,NET",Bull_LowVol
2025-09-08,10593689.71,-29797.17,9168360.77,19791847.65,1.87,20.53,2,"PLTR,NET",Bull_LowVol
2025-09-09,11214017.5,-30943.22,9168360.77,20413321.49,1.82,15.87,2,"PLTR,NET",Bull_LowVol
2025-09-10,11731961.8,-32089.26,9168360.77,20932411.83,1.78,11.99,2,"PLTR,NET",Bull_LowVol
2025-09-11,11535222.65,-33235.31,9168360.77,20736818.73,1.8,13.46,2,"PLTR,NET",Bull_LowVol
2025-09-12,12149994.41,-34381.35,9168360.77,21352736.53,1.76,8.85,2,"PLTR,NET",Bull_LowVol
2025-09-15,12227219.65,-35527.4,9168360.77,21431107.82,1.75,8.27,2,"PLTR,NET",Bull_LowVol
2025-09-16,11989860.75,-36673.44,9168360.77,21194894.96,1.77,10.05,2,"PLTR,NET",Bull_LowVol
2025-09-17,11687326.21,-37819.49,9168360.77,20893506.47,1.79,12.32,2,"PLTR,NET",Bull_LowVol
2025-09-18,12731207.93,-38965.53,9168360.77,21938534.23,1.72,4.49,2,"PLTR,NET",Bull_LowVol
2025-09-19,13306757.92,-40111.58,9168360.77,22515230.26,1.69,0.17,2,"PLTR,NET",Bull_LowVol
2025-09-22,13058236.95,-41257.62,9168360.77,22267855.34,1.71,2.04,2,"PLTR,NET",Bull_LowVol
2025-09-23,13263012.29,-42403.67,9168360.77,22473776.73,1.69,0.5,2,"PLTR,NET",Bull_LowVol
2025-09-24,12850530.17,-43549.71,9168360.77,22062440.65,1.72,3.6,2,"PLTR,NET",Bull_LowVol
2025-09-25,12820055.29,-44695.76,9168360.77,22033111.82,1.72,3.83,2,"PLTR,NET",Bull_LowVol
2025-09-26,12628847.87,-45841.8,9168360.77,21843050.44,1.73,5.26,2,"PLTR,NET",Bull_LowVol
2025-09-29,12800597.76,-46987.85,9168360.77,22015946.38,1.72,3.97,2,"PLTR,NET",Bull_LowVol
2025-09-30,13126714.88,0.0,12459716.51,25586431.38,1.95,1.52,2,"PLTR,NET",Bull_LowVol
2025-10-01,13469254.23,-1557.46,12459716.51,25930528.2,1.93,0.0,2,"PLTR,NET",Bull_LowVol
2025-10-02,13869201.56,-3114.93,12459716.51,26332033.0,1.9,0.0,2,"PLTR,NET",Bull_LowVol
2025-10-03,12088724.68,-4672.39,12459716.51,24553113.58,2.03,12.84,2,"PLTR,NET",Bull_LowVol
2025-10-06,12924370.8,-6229.86,12459716.51,25390317.16,1.96,6.81,2,"PLTR,NET",Bull_LowVol
2025-10-07,13149658.12,-7787.32,12459716.51,25617161.95,1.95,5.19,2,"PLTR,NET",Bull_LowVol
2025-10-08,13363794.19,-9344.79,12459716.51,25832855.48,1.93,3.64,2,"PLTR,NET",Bull_LowVol
2025-10-09,13602558.69,-10902.25,12459716.51,26073177.45,1.92,1.92,2,"PLTR,NET",Bull_LowVol
2025-10-10,12293464.75,-12459.72,12459716.51,24765640.98,2.01,11.36,2,"PLTR,NET",Bull_LowVol
2025-10-13,12681749.09,-14017.18,12459716.51,25155482.78,1.98,8.56,2,"PLTR,NET",Bull_MidVol
2025-10-14,12865226.34,-15574.65,12459716.51,25340517.49,1.97,7.24,2,"PLTR,NET",Bull_MidVol
2025-10-15,12846223.14,-17132.11,12459716.51,25323071.76,1.97,7.38,2,"PLTR,NET",Bull_MidVol
2025-10-16,12544631.75,-18689.57,12459716.51,25023037.83,1.99,9.55,2,"PLTR,NET",Bull_MidVol
2025-10-17,12516973.18,-20247.04,12459716.51,24996936.73,2.0,9.75,2,"PLTR,NET",Bull_MidVol
2025-10-20,12976295.17,-21804.5,12459716.51,25457816.18,1.96,6.44,2,"PLTR,NET",Bull_MidVol
2025-10-21,12964241.96,-23361.97,12459716.51,25447320.44,1.96,6.52,2,"PLTR,NET",Bull_MidVol
2025-10-22,12221058.59,-24919.43,12459716.51,24705694.53,2.02,11.88,2,"PLTR,NET",Bull_MidVol
2025-10-23,12931311.66,-26476.9,12459716.51,25417505.07,1.97,6.76,2,"PLTR,NET",Bull_MidVol
2025-10-24,13422699.05,-28034.36,12459716.51,25910449.92,1.93,3.22,2,"PLTR,NET",Bull_MidVol
2025-10-27,14099893.27,-29591.83,12459716.51,26589201.6,1.89,0.0,2,"PLTR,NET",Bull_MidVol
2025-10-28,14122923.97,-31149.29,12459716.51,26613789.77,1.88,0.0,2,"PLTR,NET",Bull_MidVol
2025-10-29,15254869.52,-32706.76,12459716.51,27747292.78,1.82,0.0,2,"PLTR,NET",Bull_MidVol
2025-10-30,14658591.43,-34264.22,12459716.51,27152572.15,1.85,3.91,2,"PLTR,NET",Bull_MidVol
2025-10-31,15437084.27,0.0,21326609.1,36763693.37,2.38,3.48,2,"PLTR,MU",Bull_MidVol
2025-11-03,16874954.5,-2665.83,21326609.1,38204229.42,2.26,0.0,2,"PLTR,MU",Bull_MidVol
2025-11-04,13960003.87,-5331.65,21326609.1,35291944.63,2.53,17.27,2,"PLTR,MU",Bull_MidVol
2025-11-05,14818609.26,-7997.48,21326609.1,36153215.84,2.44,12.19,2,"PLTR,MU",Bull_MidVol
2025-11-06,13385702.06,-10663.3,21326609.1,34722974.47,2.59,20.68,2,"PLTR,MU",Bull_MidVol
2025-11-07,13689913.15,-13329.13,21326609.1,35029851.38,2.56,18.87,2,"PLTR,MU",Bull_MidVol
2025-11-10,16433197.68,-15994.96,21326609.1,37775801.73,2.3,2.62,2,"PLTR,MU",Bull_MidVol
2025-11-11,15380976.57,-18660.78,21326609.1,36726246.46,2.39,8.85,2,"PLTR,MU",Bull_MidVol
2025-11-12,14827155.11,-21326.61,21326609.1,36175090.82,2.44,12.14,2,"PLTR,MU",Bull_MidVol
2025-11-13,12952762.12,-23992.44,21326609.1,34303363.66,2.65,23.24,2,"PLTR,MU",Bull_MidVol
2025-11-14,13768743.12,-26658.26,21326609.1,35122010.48,2.55,18.41,2,"PLTR,MU",Bull_MidVol
2025-11-17,13150093.23,-29324.09,21326609.1,34506026.42,2.62,22.07,2,"PLTR,MU",Bull_MidVol
2025-11-18,11874590.58,-31989.91,21326609.1,33233189.6,2.8,29.63,2,"PLTR,MU",Bull_MidVol
2025-11-19,11494304.73,-34655.74,21326609.1,32855569.57,2.86,31.89,2,"PLTR,MU",Bull_MidVol
2025-11-20,8877946.75,-37321.57,21326609.1,30241877.42,3.41,47.39,2,"PLTR,MU",Bull_MidVol
2025-11-21,9138414.98,-39987.39,21326609.1,30505011.47,3.34,45.85,2,"PLTR,MU",Bull_MidVol
2025-11-24,10999495.71,-42653.22,21326609.1,32368758.03,2.94,34.82,2,"PLTR,MU",Bull_MidVol
2025-11-25,11183277.65,-45319.04,21326609.1,32555205.79,2.91,33.73,2,"PLTR,MU",Bull_MidVol
2025-11-26,11786253.01,-47984.87,21326609.1,33160846.98,2.81,30.16,2,"PLTR,MU",Bull_MidVol
2025-11-28,12243027.17,0.0,9860203.38,22103230.55,1.81,27.45,2,"MU,AMD",Bull_MidVol
2025-12-01,12584736.09,-1232.53,9860203.38,22446172.0,1.78,25.42,2,"MU,AMD",Bull_MidVol
2025-12-02,12419175.26,-2465.05,9860203.38,22281843.69,1.79,26.4,2,"MU,AMD",Bull_MidVol
2025-12-03,12067240.98,-3697.58,9860203.38,21931141.94,1.82,28.49,2,"MU,AMD",Bull_MidVol
2025-12-04,11471447.62,-4930.1,9860203.38,21336581.1,1.86,32.02,2,"MU,AMD",Bull_MidVol
2025-12-05,12301141.55,-6162.63,9860203.38,22167507.56,1.8,27.1,2,"MU,AMD",Bull_MidVol
2025-12-08,13089122.8,-7395.15,9860203.38,22956721.33,1.75,22.43,2,"MU,AMD",Bull_MidVol
2025-12-09,13509583.99,-8627.68,9860203.38,23378415.05,1.73,19.94,2,"MU,AMD",Bull_MidVol
2025-12-10,14348654.78,-9860.2,9860203.38,24218718.36,1.69,14.97,2,"MU,AMD",Bull_MidVol
2025-12-11,13954985.8,-11092.73,9860203.38,23826281.9,1.71,17.3,2,"MU,AMD",Bull_MidVol
2025-12-12,12442152.06,-12325.25,9860203.38,22314680.7,1.79,26.27,2,"MU,AMD",Bull_MidVol
2025-12-15,12103708.92,-13557.78,9860203.38,21977470.08,1.82,28.27,2,"MU,AMD",Bull_MidVol
2025-12-16,11761566.61,-14790.31,9860203.38,21636560.29,1.84,30.3,2,"MU,AMD",Bull_MidVol
2025-12-17,11012975.73,-16022.83,9860203.38,20889201.94,1.9,34.74,2,"MU,AMD",Bull_MidVol
2025-12-18,12794032.72,-17255.36,9860203.38,22671491.45,1.77,24.18,2,"MU,AMD",Bull_MidVol
2025-12-19,14343068.79,-18487.88,9860203.38,24221760.05,1.69,15.0,2,"MU,AMD",Bull_MidVol
2025-12-22,15170696.39,-19720.41,9860203.38,25050620.18,1.65,10.1,2,"MU,AMD",Bull_MidVol
2025-12-23,15144514.97,-20952.93,9860203.38,25025671.28,1.65,10.25,2,"MU,AMD",Bull_LowVol
2025-12-24,15924680.47,-22185.46,9860203.38,25807069.31,1.62,5.63,2,"MU,AMD",Bull_LowVol
2025-12-26,15781084.26,-23417.98,9860203.38,25664705.63,1.63,6.48,2,"MU,AMD",Bull_LowVol
2025-12-29,16517808.63,-24650.51,9860203.38,26402662.52,1.6,2.12,2,"MU,AMD",Bull_LowVol
2025-12-30,16380907.36,-25883.03,9860203.38,26266993.77,1.6,2.93,2,"MU,AMD",Bull_LowVol
2025-12-31,15870498.05,0.0,8223249.34,24093747.39,1.52,5.95,2,"MU,INTC",Bull_LowVol
2026-01-02,18298920.83,-1027.91,8223249.34,26523198.07,1.45,0.0,2,"MU,INTC",Bull_LowVol
2026-01-05,18052489.48,-2055.81,8223249.34,26277794.62,1.46,1.35,2,"MU,INTC",Bull_LowVol
2026-01-06,20441543.5,-3083.72,8223249.34,28667876.56,1.4,0.0,2,"MU,INTC",Bull_LowVol
2026-01-07,20342514.29,-4111.62,8223249.34,28569875.25,1.4,0.48,2,"MU,INTC",Bull_LowVol
2026-01-08,19291150.07,-5139.53,8223249.34,27519538.93,1.43,5.63,2,"MU,INTC",Bull_LowVol
2026-01-09,20971749.98,-6167.44,8223249.34,29201166.75,1.39,0.0,2,"MU,INTC",Bull_LowVol
2026-01-12,20918457.47,-7195.34,8223249.34,29148902.15,1.39,0.25,2,"MU,INTC",Bull_LowVol
2026-01-13,20578141.0,-8223.25,8223249.34,28809613.58,1.4,1.88,2,"MU,INTC",Bull_LowVol
2026-01-14,20325648.81,-9251.16,8223249.34,28558149.3,1.41,3.08,2,"MU,INTC",Bull_LowVol
2026-01-15,20540330.7,-10279.06,8223249.34,28773859.09,1.4,2.06,2,"MU,INTC",Bull_LowVol
2026-01-16,22392600.59,-11306.97,8223249.34,30627156.9,1.37,0.0,2,"MU,INTC",Bull_LowVol
2026-01-20,22678708.4,-12334.87,8223249.34,30914292.61,1.36,0.0,2,"MU,INTC",Bull_LowVol
2026-01-21,24904021.24,-13362.78,8223249.34,33140633.36,1.33,0.0,2,"MU,INTC",Bull_LowVol
2026-01-22,25541908.44,-14390.69,8223249.34,33779548.46,1.32,0.0,2,"MU,INTC",Bull_LowVol
2026-01-23,25008990.07,-15418.59,8223249.34,33247658.0,1.33,2.09,2,"MU,INTC",Bull_LowVol
2026-01-26,24026320.03,-16446.5,8223249.34,32266015.87,1.34,5.93,2,"MU,INTC",Bull_LowVol
2026-01-27,25714628.68,-17474.4,8223249.34,33955352.42,1.32,0.0,2,"MU,INTC",Bull_LowVol
2026-01-28,27947160.26,-18502.31,8223249.34,36188911.91,1.29,0.0,2,"MU,INTC",Bull_LowVol
2026-01-29,27975380.54,-19530.22,8223249.34,36218160.09,1.29,0.0,2,"MU,INTC",Bull_LowVol
2026-01-30,26271096.81,0.0,26374905.99,52646002.8,2.0,6.09,2,"MU,LRCX",Bull_LowVol
2026-02-02,28778649.8,-3296.86,26374905.99,55156852.66,1.92,0.0,2,"MU,LRCX",Bull_LowVol
2026-02-03,26577149.38,-6593.73,26374905.99,52958649.1,1.99,7.65,2,"MU,LRCX",Bull_LowVol
2026-02-04,21592245.13,-9890.59,26374905.99,47977041.71,2.22,24.97,2,"MU,LRCX",Bull_LowVol
2026-02-05,22102110.53,-13187.45,26374905.99,48490203.98,2.19,23.2,2,"MU,LRCX",Bull_MidVol
2026-02-06,24092599.31,-16484.32,26374905.99,50483989.62,2.1,16.28,2,"MU,LRCX",Bull_MidVol
2026-02-09,22874337.88,-19781.18,26374905.99,49269025.05,2.15,20.52,2,"MU,LRCX",Bull_MidVol
2026-02-10,21709418.47,-23078.04,26374905.99,48107402.5,2.22,24.56,2,"MU,LRCX",Bull_MidVol
2026-02-11,25857801.93,-26374.91,26374905.99,52259082.83,2.02,10.15,2,"MU,LRCX",Bull_MidVol
2026-02-12,26051535.68,-29671.77,26374905.99,52456113.44,2.01,9.48,2,"MU,LRCX",Bull_MidVol
2026-02-13,26003774.45,-32968.63,26374905.99,52411649.08,2.02,9.64,2,"MU,LRCX",Bull_MidVol
2026-02-17,24795274.04,-36265.5,26374905.99,51206445.53,2.07,13.84,2,"MU,LRCX",Bull_MidVol
2026-02-18,27146063.61,-39562.36,26374905.99,53560531.96,1.97,5.67,2,"MU,LRCX",Bull_MidVol
2026-02-19,26655681.75,-42859.22,26374905.99,53073446.96,1.99,7.38,2,"MU,LRCX",Bull_MidVol
2026-02-20,28090079.65,-46156.09,26374905.99,54511141.73,1.94,2.39,2,"MU,LRCX",Bull_MidVol
2026-02-23,27236053.19,-49452.95,26374905.99,53660412.13,1.97,5.36,2,"MU,LRCX",Bull_MidVol
2026-02-24,27020787.37,-52749.81,26374905.99,53448443.18,1.98,6.11,2,"MU,LRCX",Bull_MidVol
2026-02-25,28369226.56,-56046.68,26374905.99,54800179.23,1.93,1.42,2,"MU,LRCX",Bull_MidVol
2026-02-26,26532675.56,-59343.54,26374905.99,52966925.1,2.0,7.8,2,"MU,LRCX",Bull_MidVol
2026-02-27,25972650.08,-62640.4,26374905.99,52410196.47,2.02,9.75,2,"MU,LRCX",Bull_MidVol
2026-03-02,25870128.24,-65937.26,26374905.99,52310971.5,2.02,10.11,2,"MU,LRCX",Bull_MidVol
2026-03-03,21897554.04,-69234.13,26374905.99,48341694.17,2.21,23.91,2,"MU,LRCX",Bull_MidVol
2026-03-04,24306509.96,-72530.99,26374905.99,50753946.94,2.09,15.54,2,"MU,LRCX",Bull_MidVol
2026-03-05,23551681.15,-75827.85,26374905.99,50002415.0,2.12,18.16,2,"MU,LRCX",Bull_MidVol
2026-03-06,20139785.48,-79124.72,26374905.99,46593816.19,2.31,30.02,2,"MU,LRCX",Bull_MidVol
2026-03-09,22600801.34,-82421.58,26374905.99,49058128.91,2.17,21.47,2,"MU,LRCX",Bull_MidVol
2026-03-10,24182425.24,-85718.44,26374905.99,50643049.68,2.09,15.97,2,"MU,LRCX",Bull_MidVol
2026-03-11,25926208.03,-89015.31,26374905.99,52390129.33,2.02,9.91,2,"MU,LRCX",Bull_MidVol
2026-03-12,24145545.72,-92312.17,26374905.99,50612763.89,2.1,16.1,2,"MU,LRCX",Bull_MidVol
2026-03-13,26376045.72,-95609.03,26374905.99,52846560.75,2.0,8.35,2,"MU,LRCX",Bull_LowVol
2026-03-16,28288957.91,-98905.9,26374905.99,54762769.8,1.94,1.7,2,"MU,LRCX",Bull_MidVol
2026-03-17,30624936.98,-102202.76,26374905.99,57102045.73,1.86,0.0,2,"MU,LRCX",Bull_MidVol
2026-03-18,30546612.55,-105499.62,26374905.99,57027018.17,1.87,0.26,2,"MU,LRCX",Bull_MidVol
2026-03-19,29185773.82,-108796.49,26374905.99,55669476.3,1.91,4.7,2,"MU,LRCX",Bull_MidVol
2026-03-20,26757494.37,-112093.35,26374905.99,53244493.71,1.99,12.63,2,"MU,LRCX",Bull_MidVol
2026-03-23,25091286.37,-115390.21,26374905.99,51581582.58,2.06,18.07,2,"MU,LRCX",Bull_MidVol
2026-03-24,24440068.63,-118687.08,26374905.99,50933661.7,2.08,20.2,2,"MU,LRCX",Bull_MidVol
2026-03-25,22828552.42,-121983.94,26374905.99,49325442.35,2.16,25.46,2,"MU,LRCX",Bull_MidVol
2026-03-26,19137646.05,-125280.8,26374905.99,45637832.85,2.38,37.51,2,"MU,LRCX",Bull_MidVol
2026-03-27,19303791.2,-128577.67,26374905.99,45807274.86,2.37,36.97,2,"MU,LRCX",Bull_MidVol
2026-03-30,15198358.23,-131874.53,26374905.99,41705138.76,2.74,50.37,2,"MU,LRCX",Bull_MidVol
2026-03-31,17443019.03,-135171.39,26374905.99,43953096.42,2.52,43.04,2,"MU,LRCX",Bull_MidVol
2026-04-01,20866361.63,-138468.26,26374905.99,47379735.88,2.27,31.86,2,"MU,LRCX",Bull_MidVol
2026-04-02,20538926.14,-141765.12,26374905.99,47055597.26,2.29,32.93,2,"MU,LRCX",Bull_MidVol
2026-04-06,21806293.2,-145061.98,26374905.99,48326261.17,2.22,28.8,2,"MU,LRCX",Bull_MidVol
2026-04-07,21950967.89,-148358.85,26374905.99,48474232.73,2.21,28.32,2,"MU,LRCX",Bull_MidVol
2026-04-08,25906583.84,-151655.71,26374905.99,52433145.55,2.02,15.41,2,"MU,LRCX",Bull_MidVol
2026-04-09,27957514.58,-154952.57,26374905.99,54487373.15,1.95,8.71,2,"MU,LRCX",Bull_MidVol
2026-04-10,28080875.01,-158249.44,26374905.99,54614030.44,1.94,8.31,2,"MU,LRCX",Bull_MidVol
2026-04-13,28849083.06,-161546.3,26374905.99,55385535.36,1.92,5.8,2,"MU,LRCX",Bull_MidVol
2026-04-14,33050190.22,-164843.16,26374905.99,59589939.37,1.8,0.0,2,"MU,LRCX",Bull_MidVol
2026-04-15,31762246.92,-168140.03,26374905.99,58305292.94,1.84,3.9,2,"MU,LRCX",Bull_MidVol
2026-04-16,31671883.92,-171436.89,26374905.99,58218226.8,1.84,4.17,2,"MU,LRCX",Bull_MidVol
2026-04-17,31747356.37,-174733.75,26374905.99,58296996.12,1.84,3.94,2,"MU,LRCX",Bull_MidVol
2026-04-20,30868360.8,-178030.62,26374905.99,57421297.41,1.86,6.6,2,"MU,LRCX",Bull_MidVol
2026-04-21,30747417.34,-181327.48,26374905.99,57303650.82,1.86,6.97,2,"MU,LRCX",Bull_MidVol
2026-04-22,34940769.74,-184624.34,26374905.99,61500300.07,1.76,0.0,2,"MU,LRCX",Bull_MidVol
2026-04-23,34037672.79,-187921.21,26374905.99,60600499.99,1.78,2.58,2,"MU,LRCX",Bull_MidVol
2026-04-24,35973905.41,-191218.07,26374905.99,62540029.47,1.74,0.0,2,"MU,LRCX",Bull_MidVol
2026-04-27,38427913.99,-194514.93,26374905.99,64997334.91,1.69,0.0,2,"MU,LRCX",Bull_MidVol
2026-04-28,35993279.72,-197811.79,26374905.99,62565997.51,1.74,6.34,2,"MU,LRCX",Bull_MidVol
2026-04-29,37319332.36,-201108.66,26374905.99,63895347.02,1.71,2.88,2,"MU,LRCX",Bull_LowVol
2026-04-30,37438481.85,0.0,29908648.73,67347130.59,1.8,2.57,2,"MU,MRNA",Bull_LowVol
2026-05-01,39798649.83,-3738.58,29908648.73,69711037.14,1.75,0.0,2,"MU,MRNA",Bull_LowVol
2026-05-04,43896611.13,-7477.16,29908648.73,73812737.03,1.68,0.0,2,"MU,MRNA",Bull_LowVol
2026-05-05,50185335.29,-11215.74,29908648.73,80105199.76,1.6,0.0,2,"MU,MRNA",Bull_LowVol
2026-05-06,53533319.86,-14954.32,29908648.73,83456922.91,1.56,0.0,2,"MU,MRNA",Bull_LowVol
2026-05-07,51419720.69,-18692.91,29908648.73,81347062.33,1.58,3.95,2,"MU,MRNA",Bull_LowVol
2026-05-08,63469235.58,-22431.49,29908648.73,93400315.79,1.47,0.0,2,"MU,MRNA",Bull_LowVol
2026-05-11,67926605.34,-26170.07,29908648.73,97861424.14,1.44,0.0,2,"MU,MRNA",Bull_LowVol
2026-05-12,65124913.37,-29908.65,29908648.73,95063470.75,1.46,4.12,2,"MU,MRNA",Bull_MidVol
2026-05-13,67972553.0,-33647.23,29908648.73,97914848.96,1.44,0.0,2,"MU,MRNA",Bull_LowVol
2026-05-14,65035108.76,-37385.81,29908648.73,94981143.3,1.46,4.32,2,"MU,MRNA",Bull_LowVol
2026-05-15,59491997.05,-41124.39,29908648.73,89441770.18,1.5,12.48,2,"MU,MRNA",Bull_MidVol
2026-05-18,54804995.25,-44862.97,29908648.73,84758506.95,1.55,19.37,2,"MU,MRNA",Bull_MidVol
2026-05-19,55782128.27,-48601.55,29908648.73,85739378.55,1.54,17.93,2,"MU,MRNA",Bull_MidVol
2026-05-20,59930456.71,-52340.14,29908648.73,89891445.58,1.5,11.83,2,"MU,MRNA",Bull_MidVol
2026-05-21,62711923.61,-56078.72,29908648.73,92676651.06,1.48,7.74,2,"MU,MRNA",Bull_MidVol
2026-05-22,61457436.21,-59817.3,29908648.73,91425902.24,1.49,9.58,2,"MU,MRNA",Bull_MidVol
2026-05-26,76233205.34,-63555.88,29908648.73,106205409.95,1.39,0.0,2,"MU,MRNA",Bull_MidVol
2026-05-27,79723474.18,-67294.46,29908648.73,109699417.37,1.38,0.0,2,"MU,MRNA",Bull_MidVol
2026-05-28,79209672.12,-71033.04,29908648.73,109189353.89,1.38,0.64,2,"MU,MRNA",Bull_MidVol
2026-05-29,89673183.45,0.0,135616836.79,225290020.25,2.51,0.0,2,"MU,INTC",Bull_MidVol
2026-06-01,90310364.55,-16952.1,135616836.79,225944153.45,2.5,0.0,2,"MU,INTC",Bull_MidVol
2026-06-02,91656404.17,-33904.21,135616836.79,227307145.17,2.48,0.0,2,"MU,INTC",Bull_LowVol
2026-06-03,98487579.38,-50856.31,135616836.79,234155272.49,2.38,0.0,2,"MU,INTC",Bull_LowVol
2026-06-04,88946955.01,-67808.42,135616836.79,224631600.22,2.53,9.69,2,"MU,INTC",Bull_LowVol
2026-06-05,61593108.82,-84760.52,135616836.79,197294706.14,3.2,37.46,2,"MU,INTC",Bull_MidVol
2026-06-08,82496170.87,-101712.63,135616836.79,218214720.29,2.65,16.24,2,"MU,INTC",Bull_MidVol
2026-06-09,78524304.5,-118664.73,135616836.79,214259806.02,2.73,20.27,2,"MU,INTC",Bull_MidVol
2026-06-10,73061289.89,-135616.84,135616836.79,208813743.52,2.86,25.82,2,"MU,INTC",Bull_MidVol
2026-06-11,94565554.64,-152568.94,135616836.79,230334960.37,2.44,3.98,2,"MU,INTC",Bull_MidVol
2026-06-12,101496952.04,-169521.05,135616836.79,237283309.88,2.34,0.0,2,"MU,INTC",Bull_MidVol
2026-06-15,115927447.09,-186473.15,135616836.79,251730757.04,2.17,0.0,2,"MU,INTC",Bull_MidVol
2026-06-16,97144824.53,-203425.26,135616836.79,232965086.58,2.4,16.2,2,"MU,INTC",Bull_MidVol
2026-06-17,103878059.04,-220377.36,135616836.79,239715273.19,2.31,10.39,2,"MU,INTC",Bull_MidVol
2026-06-18,127318834.47,-237329.46,135616836.79,263173000.73,2.07,0.0,2,"MU,INTC",Bull_MidVol
2026-06-22,142840782.04,-254281.57,135616836.79,278711900.4,1.95,0.0,2,"MU,INTC",Bull_MidVol
2026-06-23,117037720.21,-271233.67,135616836.79,252925790.68,2.16,18.06,2,"MU,INTC",Bull_MidVol
2026-06-24,115994025.87,-288185.78,135616836.79,251899048.44,2.17,18.79,2,"MU,INTC",Bull_MidVol
2026-06-25,134105633.87,-305137.88,135616836.79,270027608.55,2.01,6.12,2,"MU,INTC",Bull_MidVol
2026-06-26,120807957.74,-322089.99,135616836.79,256746884.52,2.13,15.42,2,"MU,INTC",Bull_MidVol
2026-06-29,125859941.36,-339042.09,135616836.79,261815820.25,2.08,11.89,2,"MU,INTC",Bull_MidVol
2026-06-30,135488502.86,-355994.2,135616836.79,271461333.85,2.0,5.15,2,"MU,INTC",Bull_MidVol
2026-07-01,109149413.4,-372946.3,135616836.79,245139196.49,2.25,23.59,2,"MU,INTC",Bull_MidVol
2026-07-02,96004275.79,-389898.41,135616836.79,232011010.98,2.42,32.79,2,"MU,INTC",Bull_MidVol
2026-07-06,98978791.98,-406850.51,135616836.79,235002479.28,2.37,30.71,2,"MU,INTC",Bull_MidVol
2026-07-07,81212883.44,-423802.61,135616836.79,217253522.85,2.68,43.14,2,"MU,INTC",Bull_MidVol
2026-07-08,82090051.77,-440754.72,135616836.79,218147643.28,2.66,42.53,2,"MU,INTC",Bull_MidVol
2026-07-09,88967969.66,-457706.82,135616836.79,225042513.28,2.53,37.72,2,"MU,INTC",Bull_MidVol
2026-07-10,84716408.57,-474658.93,135616836.79,220807904.3,2.61,40.69,2,"MU,INTC",Bull_MidVol
2026-07-13,72981661.64,-491611.03,135616836.79,209090109.47,2.86,48.91,2,"MU,INTC",Bull_MidVol
2026-07-14,82775525.45,-508563.14,135616836.79,218900925.38,2.64,42.05,2,"MU,INTC",Bull_MidVol
2026-07-15,69476828.32,-525515.24,135616836.79,205619180.35,2.96,51.36,2,"MU,INTC",Bull_MidVol
2026-07-16,57632742.07,-542467.35,135616836.79,193792046.21,3.36,59.65,2,"MU,INTC",Bull_MidVol
2026-07-17,55042624.74,-559419.45,135616836.79,191218880.98,3.47,61.47,2,"MU,INTC",Bull_MidVol
2026-07-20,58933900.11,-576371.56,135616836.79,195127108.46,3.31,58.74,2,"MU,INTC",Bull_MidVol
2026-07-21,78890625.97,-593323.66,135616836.79,215100786.43,2.73,44.77,2,"MU,INTC",Bull_MidVol
2026-07-22,74597305.03,-610275.77,135616836.79,210824417.58,2.83,47.78,2,"MU,INTC",Bull_MidVol
2026-07-23,75067872.24,-627227.87,135616836.79,211311936.9,2.81,47.45,2,"MU,INTC",Bull_MidVol
2026-07-24,59378761.96,-644179.97,33633069.56,93656011.49,1.58,58.43,1,MU,Bull_MidVol
2026-07-27,57264386.58,-648384.11,33633069.56,91545840.24,1.6,59.91,1,MU,Bull_MidVol
2026-07-28,49158143.53,-652588.24,33633069.56,83443801.33,1.7,65.59,1,MU,Bull_MidVol
2026-07-29,40862743.07,-656792.38,33633069.56,75152605.0,1.84,71.39,1,MU,Bull_MidVol
2026-07-30,54654479.9,-660996.51,33633069.56,88948545.97,1.63,61.74,1,MU,Bull_MidVol
2026-07-31,50261181.99,0.0,43517969.3,93779151.29,1.87,64.81,2,"MU,INTC",Bull_MidVol
2026-08-03,51003117.46,-5439.75,43517969.3,94526526.5,1.85,64.29,2,"MU,INTC",Bull_MidVol
2026-08-04,58523742.23,-10879.49,43517969.3,102052591.02,1.74,59.03,2,"MU,INTC",Bull_MidVol
2026-08-05,58593538.33,-16319.24,43517969.3,102127826.87,1.74,58.98,2,"MU,INTC",Bull_MidVol
2026-08-06,57256524.96,-21758.98,43517969.3,100796253.24,1.76,59.92,2,"MU,INTC",Bull_MidVol
2026-08-07,57060124.64,-27198.73,43517969.3,100605292.67,1.76,60.05,2,"MU,INTC",Bull_MidVol
2026-08-10,54908012.13,-32638.48,43517969.3,98458619.9,1.79,61.56,2,"MU,INTC",Bull_MidVol
2026-08-11,55688556.2,-38078.22,43517969.3,99244603.72,1.78,61.01,2,"MU,INTC",Bull_MidVol
2026-08-12,60394722.51,-43517.97,43517969.3,103956209.77,1.72,57.72,2,"MU,INTC",Bull_MidVol
2026-08-13,64712080.14,-48957.72,43517969.3,108279007.16,1.67,54.7,2,"MU,INTC",Bull_MidVol
2026-08-14,66696404.21,-54397.46,43517969.3,110268770.97,1.65,53.31,2,"MU,INTC",Bull_MidVol
2026-08-17,70878565.87,-59837.21,43517969.3,114456372.37,1.61,50.38,2,"MU,INTC",Bull_MidVol
2026-08-18,62893804.38,-65276.95,43517969.3,106477050.63,1.69,55.97,2,"MU,INTC",Bull_MidVol
2026-08-19,62082413.5,-70716.7,43517969.3,105671099.5,1.7,56.54,2,"MU,INTC",Bull_MidVol
2026-08-20,65787182.36,-76156.45,43517969.3,109381308.1,1.66,53.94,2,"MU,INTC",Bull_MidVol
2026-08-21,64783713.04,-81596.19,43517969.3,108383278.53,1.67,54.65,2,"MU,INTC",Bull_MidVol
2026-08-24,58733699.75,-87035.94,43517969.3,102338704.98,1.74,58.88,2,"MU,INTC",Bull_MidVol
2026-08-25,61045051.28,-92475.68,43517969.3,104655496.27,1.71,57.26,2,"MU,INTC",Bull_MidVol
2026-08-26,61676760.88,-97915.43,43517969.3,105292645.6,1.71,56.82,2,"MU,INTC",Bull_MidVol
2026-08-27,61795509.42,-103355.18,43517969.3,105416833.89,1.71,56.74,2,"MU,INTC",Bull_MidVol
2026-08-28,61239957.21,-108794.92,43517969.3,104866721.43,1.71,57.13,2,"MU,INTC",Bull_MidVol
2026-08-31,64206917.69,0.0,56712742.78,120919660.46,1.88,55.05,2,"MU,AMD",Bull_MidVol
2026-09-01,61075163.22,-7089.09,56712742.78,117794995.09,1.93,57.24,2,"MU,AMD",Bull_LowVol
2026-09-02,63243570.67,-14178.19,56712742.78,119970491.64,1.9,55.72,2,"MU,AMD",Bull_LowVol
2026-09-03,63403221.72,-21267.28,56712742.78,120137231.77,1.89,55.61,2,"MU,AMD",Bull_LowVol
