date,equity,cash,borrowed,holdings_val,leverage,drawdown,num_positions,active_holdings,regime
2010-04-01,700.0,700.0,0.0,0.0,0.0,0.0,0,CASH_BIL,Bull_LowVol
2010-04-05,700.0,700.0,0.0,0.0,0.0,0.0,0,CASH_BIL,Bull_LowVol
2010-04-06,700.0,700.0,0.0,0.0,0.0,0.0,0,CASH_BIL,Bull_LowVol
2010-04-07,700.0,700.0,0.0,0.0,0.0,0.0,0,CASH_BIL,Bull_LowVol
2010-04-08,700.0,700.0,0.0,0.0,0.0,0.0,0,CASH_BIL,Bull_LowVol
2010-04-09,700.0,700.0,0.0,0.0,0.0,0.0,0,CASH_BIL,Bull_LowVol
2010-04-12,700.0,700.0,0.0,0.0,0.0,0.0,0,CASH_BIL,Bull_LowVol
2010-04-13,700.0,700.0,0.0,0.0,0.0,0.0,0,CASH_BIL,Bull_LowVol
2010-04-14,700.0,700.0,0.0,0.0,0.0,0.0,0,CASH_BIL,Bull_LowVol
2010-04-15,700.0,700.0,0.0,0.0,0.0,0.0,0,CASH_BIL,Bull_LowVol
2010-04-16,700.0,700.0,0.0,0.0,0.0,0.0,0,CASH_BIL,Bull_LowVol
2010-04-19,700.0,700.0,0.0,0.0,0.0,0.0,0,CASH_BIL,Bull_LowVol
2010-04-20,700.0,700.0,0.0,0.0,0.0,0.0,0,CASH_BIL,Bull_LowVol
2010-04-21,700.0,700.0,0.0,0.0,0.0,0.0,0,CASH_BIL,Bull_LowVol
2010-04-22,700.0,700.0,0.0,0.0,0.0,0.0,0,CASH_BIL,Bull_LowVol
2010-04-23,700.0,700.0,0.0,0.0,0.0,0.0,0,CASH_BIL,Bull_LowVol
2010-04-26,700.0,700.0,0.0,0.0,0.0,0.0,0,CASH_BIL,Bull_LowVol
2010-04-27,700.0,700.0,0.0,0.0,0.0,0.0,0,CASH_BIL,Bull_LowVol
2010-04-28,700.0,700.0,0.0,0.0,0.0,0.0,0,CASH_BIL,Bull_LowVol
2010-04-29,700.0,700.0,0.0,0.0,0.0,0.0,0,CASH_BIL,Bull_LowVol
2010-04-30,691.14,0.0,1.27,692.41,1.0,1.27,2,"AMD,BKNG",Bull_LowVol
2010-05-03,708.72,0.0,1.27,709.99,1.0,0.0,2,"AMD,BKNG",Bull_LowVol
2010-05-04,670.18,0.0,1.27,671.45,1.0,5.44,2,"AMD,BKNG",Bull_MidVol
2010-05-05,652.67,0.0,1.27,653.95,1.0,7.91,2,"AMD,BKNG",Bull_MidVol
2010-05-06,623.29,0.0,1.27,624.56,1.0,12.05,2,"AMD,BKNG",Bull_MidVol
2010-05-07,619.04,0.0,1.27,620.31,1.0,12.65,2,"AMD,BKNG",Bull_MidVol
2010-05-10,673.43,0.0,1.27,674.7,1.0,4.98,2,"AMD,BKNG",Bull_MidVol
2010-05-11,643.85,255.79,0.0,388.06,0.6,9.15,1,AMD,Bull_MidVol
2010-05-12,661.82,255.79,0.0,406.03,0.61,6.62,1,AMD,Bull_MidVol
2010-05-13,658.83,255.79,0.0,403.04,0.61,7.04,1,AMD,Bull_MidVol
2010-05-14,632.3,255.79,0.0,376.51,0.6,10.78,1,AMD,Bull_MidVol
2010-05-17,634.44,255.79,0.0,378.65,0.6,10.48,1,AMD,Bull_MidVol
2010-05-18,616.04,255.79,0.0,360.25,0.58,13.08,1,AMD,Bull_MidVol
2010-05-19,618.18,255.79,0.0,362.39,0.59,12.77,1,AMD,Bull_MidVol
2010-05-20,601.92,255.79,0.0,346.13,0.58,15.07,1,AMD,Bull_MidVol
2010-05-21,615.19,255.79,0.0,359.4,0.58,13.2,1,AMD,Bull_MidVol
2010-05-24,601.92,255.79,0.0,346.13,0.58,15.07,1,AMD,Bull_MidVol
2010-05-25,604.49,255.79,0.0,348.7,0.58,14.71,1,AMD,Bull_MidVol
2010-05-26,607.49,255.79,0.0,351.69,0.58,14.28,1,AMD,Bull_MidVol
2010-05-27,632.3,255.79,0.0,376.51,0.6,10.78,1,AMD,Bull_MidVol
2010-05-28,624.08,0.0,1.12,625.2,1.0,11.94,2,"URI,CRM",Bull_MidVol
2010-06-01,624.14,0.0,1.12,625.27,1.0,11.93,2,"URI,CRM",Bull_MidVol
2010-06-02,646.16,0.0,1.12,647.28,1.0,8.83,2,"URI,CRM",Bull_MidVol
2010-06-03,653.16,0.0,1.12,654.28,1.0,7.84,2,"URI,CRM",Bull_MidVol
2010-06-04,608.09,0.0,1.12,609.21,1.0,14.2,2,"URI,CRM",Bull_MidVol
2010-06-07,585.85,0.0,1.12,586.97,1.0,17.34,2,"URI,CRM",Bull_MidVol
2010-06-08,572.03,0.0,1.12,573.16,1.0,19.29,2,"URI,CRM",Bull_MidVol
2010-06-09,579.27,0.0,1.12,580.39,1.0,18.26,2,"URI,CRM",Bull_MidVol
2010-06-10,601.89,0.0,1.12,603.01,1.0,15.07,2,"URI,CRM",Bull_MidVol
2010-06-11,620.37,0.0,1.12,621.49,1.0,12.47,2,"URI,CRM",Bull_MidVol
2010-06-14,621.12,0.0,1.12,622.24,1.0,12.36,2,"URI,CRM",Bull_MidVol
2010-06-15,655.35,0.0,1.12,656.47,1.0,7.53,2,"URI,CRM",Bull_MidVol
2010-06-16,655.19,0.0,1.12,656.31,1.0,7.55,2,"URI,CRM",Bull_MidVol
2010-06-17,654.71,0.0,1.12,655.83,1.0,7.62,2,"URI,CRM",Bull_MidVol
2010-06-18,651.05,0.0,1.12,652.17,1.0,8.14,2,"URI,CRM",Bull_MidVol
2010-06-21,640.33,0.0,1.12,641.45,1.0,9.65,2,"URI,CRM",Bull_MidVol
2010-06-22,606.06,0.0,1.12,607.18,1.0,14.49,2,"URI,CRM",Bull_MidVol
2010-06-23,585.41,0.0,1.12,586.53,1.0,17.4,2,"URI,CRM",Bull_MidVol
2010-06-24,561.29,0.0,1.12,562.41,1.0,20.8,2,"URI,CRM",Bull_MidVol
2010-06-25,571.16,0.0,1.12,572.29,1.0,19.41,2,"URI,CRM",Bull_MidVol
2010-06-28,564.51,0.0,1.12,565.63,1.0,20.35,2,"URI,CRM",Bull_MidVol
2010-06-29,514.15,389.39,0.0,124.77,0.24,27.45,1,CRM,Bull_MidVol
2010-06-30,511.44,0.0,0.94,512.38,1.0,27.84,2,"CRM,AAPL",Bull_MidVol
2010-07-01,512.0,0.0,0.94,512.95,1.0,27.76,2,"CRM,AAPL",Bull_MidVol
2010-07-02,510.54,0.0,0.94,511.48,1.0,27.96,2,"CRM,AAPL",Bull_MidVol
2010-07-06,515.24,0.0,0.94,516.18,1.0,27.3,2,"CRM,AAPL",Bull_MidVol
2010-07-07,535.23,0.0,0.94,536.17,1.0,24.48,2,"CRM,AAPL",Bull_MidVol
2010-07-08,535.2,0.0,0.94,536.14,1.0,24.48,2,"CRM,AAPL",Bull_MidVol
2010-07-09,537.39,0.0,0.94,538.33,1.0,24.17,2,"CRM,AAPL",Bull_MidVol
2010-07-12,535.2,0.0,0.94,536.15,1.0,24.48,2,"CRM,AAPL",Bull_MidVol
2010-07-13,534.89,0.0,0.94,535.84,1.0,24.53,2,"CRM,AAPL",Bull_MidVol
2010-07-14,542.0,0.0,0.94,542.95,1.0,23.52,2,"CRM,AAPL",Bull_MidVol
2010-07-15,541.46,0.0,0.94,542.4,1.0,23.6,2,"CRM,AAPL",Bull_MidVol
2010-07-16,528.2,0.0,0.94,529.15,1.0,25.47,2,"CRM,AAPL",Bull_MidVol
2010-07-19,525.48,0.0,0.94,526.43,1.0,25.85,2,"CRM,AAPL",Bull_MidVol
2010-07-20,533.42,0.0,0.94,534.36,1.0,24.73,2,"CRM,AAPL",Bull_MidVol
2010-07-21,532.99,0.0,0.94,533.93,1.0,24.8,2,"CRM,AAPL",Bull_MidVol
2010-07-22,549.06,0.0,0.94,550.0,1.0,22.53,2,"CRM,AAPL",Bull_MidVol
2010-07-23,561.37,0.0,0.94,562.31,1.0,20.79,2,"CRM,AAPL",Bull_MidVol
2010-07-26,561.58,0.0,0.94,562.52,1.0,20.76,2,"CRM,AAPL",Bull_MidVol
2010-07-27,562.75,0.0,0.94,563.69,1.0,20.6,2,"CRM,AAPL",Bull_MidVol
2010-07-28,557.5,0.0,0.94,558.45,1.0,21.34,2,"CRM,AAPL",Bull_MidVol
2010-07-29,553.63,0.0,0.94,554.57,1.0,21.88,2,"CRM,AAPL",Bull_MidVol
2010-07-30,550.82,0.0,1.89,552.71,1.0,22.28,2,"CRM,MELI",Bull_MidVol
2010-08-02,558.9,0.0,1.89,560.79,1.0,21.14,2,"CRM,MELI",Bull_MidVol
2010-08-03,564.48,0.0,1.89,566.37,1.0,20.35,2,"CRM,MELI",Bull_MidVol
2010-08-04,573.83,0.0,1.89,575.72,1.0,19.03,2,"CRM,MELI",Bull_MidVol
2010-08-05,576.8,0.0,1.89,578.69,1.0,18.61,2,"CRM,MELI",Bull_MidVol
2010-08-06,583.72,0.0,1.89,585.61,1.0,17.64,2,"CRM,MELI",Bull_MidVol
2010-08-09,597.47,0.0,1.89,599.36,1.0,15.7,2,"CRM,MELI",Bull_MidVol
2010-08-10,590.21,0.0,1.89,592.1,1.0,16.72,2,"CRM,MELI",Bull_MidVol
2010-08-11,569.73,0.0,1.89,571.62,1.0,19.61,2,"CRM,MELI",Bull_MidVol
2010-08-12,570.33,0.0,1.89,572.22,1.0,19.53,2,"CRM,MELI",Bull_MidVol
2010-08-13,567.36,0.0,1.89,569.25,1.0,19.95,2,"CRM,MELI",Bull_MidVol
2010-08-16,571.87,0.0,1.89,573.76,1.0,19.31,2,"CRM,MELI",Bull_MidVol
2010-08-17,589.44,0.0,1.89,591.33,1.0,16.83,2,"CRM,MELI",Bull_MidVol
2010-08-18,592.27,0.0,1.89,594.16,1.0,16.43,2,"CRM,MELI",Bull_MidVol
2010-08-19,574.22,0.0,1.89,576.11,1.0,18.98,2,"CRM,MELI",Bull_MidVol
2010-08-20,631.01,0.0,1.89,632.9,1.0,10.96,2,"CRM,MELI",Bull_MidVol
2010-08-23,622.88,0.0,1.89,624.77,1.0,12.11,2,"CRM,MELI",Bull_MidVol
2010-08-24,607.25,607.25,0.0,0.0,0.0,14.32,0,CASH_BIL,Bear
2010-08-25,607.12,607.12,0.0,0.0,0.0,14.34,0,CASH_BIL,Bear
2010-08-26,607.12,607.12,0.0,0.0,0.0,14.34,0,CASH_BIL,Bear
2010-08-27,607.25,607.25,0.0,0.0,0.0,14.32,0,CASH_BIL,Bear
2010-08-30,607.12,607.12,0.0,0.0,0.0,14.34,0,CASH_BIL,Bear
2010-08-31,607.12,607.12,0.0,0.0,0.0,14.34,0,CASH_BIL,Bear
2010-09-01,607.12,607.12,0.0,0.0,0.0,14.34,0,CASH_BIL,Bull_MidVol
2010-09-02,607.12,607.12,0.0,0.0,0.0,14.34,0,CASH_BIL,Bull_MidVol
2010-09-03,607.12,607.12,0.0,0.0,0.0,14.34,0,CASH_BIL,Bull_MidVol
2010-09-07,607.12,607.12,0.0,0.0,0.0,14.34,0,CASH_BIL,Bull_MidVol
2010-09-08,607.12,607.12,0.0,0.0,0.0,14.34,0,CASH_BIL,Bull_MidVol
2010-09-09,607.12,607.12,0.0,0.0,0.0,14.34,0,CASH_BIL,Bull_MidVol
2010-09-10,607.12,607.12,0.0,0.0,0.0,14.34,0,CASH_BIL,Bull_MidVol
2010-09-13,607.12,607.12,0.0,0.0,0.0,14.34,0,CASH_BIL,Bull_MidVol
2010-09-14,607.12,607.12,0.0,0.0,0.0,14.34,0,CASH_BIL,Bull_MidVol
2010-09-15,607.12,607.12,0.0,0.0,0.0,14.34,0,CASH_BIL,Bull_MidVol
2010-09-16,607.12,607.12,0.0,0.0,0.0,14.34,0,CASH_BIL,Bull_MidVol
2010-09-17,607.12,607.12,0.0,0.0,0.0,14.34,0,CASH_BIL,Bull_MidVol
2010-09-20,607.12,607.12,0.0,0.0,0.0,14.34,0,CASH_BIL,Bull_MidVol
2010-09-21,607.12,607.12,0.0,0.0,0.0,14.34,0,CASH_BIL,Bull_MidVol
2010-09-22,607.12,607.12,0.0,0.0,0.0,14.34,0,CASH_BIL,Bull_MidVol
2010-09-23,607.12,607.12,0.0,0.0,0.0,14.34,0,CASH_BIL,Bull_MidVol
2010-09-24,607.12,607.12,0.0,0.0,0.0,14.34,0,CASH_BIL,Bull_LowVol
2010-09-27,607.12,607.12,0.0,0.0,0.0,14.34,0,CASH_BIL,Bull_MidVol
2010-09-28,607.12,607.12,0.0,0.0,0.0,14.34,0,CASH_BIL,Bull_LowVol
2010-09-29,607.12,607.12,0.0,0.0,0.0,14.34,0,CASH_BIL,Bull_LowVol
2010-09-30,599.6,0.0,1.1,600.71,1.0,15.4,2,"CRM,BKNG",Bull_LowVol
2010-10-01,593.03,0.0,1.1,594.14,1.0,16.32,2,"CRM,BKNG",Bull_LowVol
2010-10-04,589.05,0.0,1.1,590.16,1.0,16.88,2,"CRM,BKNG",Bull_LowVol
2010-10-05,604.1,0.0,1.1,605.2,1.0,14.76,2,"CRM,BKNG",Bull_LowVol
2010-10-06,566.7,0.0,1.1,567.8,1.0,20.04,2,"CRM,BKNG",Bull_LowVol
2010-10-07,565.35,0.0,1.1,566.45,1.0,20.23,2,"CRM,BKNG",Bull_LowVol
2010-10-08,575.31,0.0,1.1,576.41,1.0,18.82,2,"CRM,BKNG",Bull_LowVol
2010-10-11,550.16,0.0,1.1,551.26,1.0,22.37,2,"CRM,BKNG",Bull_LowVol
2010-10-12,570.78,0.0,1.1,571.88,1.0,19.46,2,"CRM,BKNG",Bull_LowVol
2010-10-13,580.06,0.0,1.1,581.17,1.0,18.15,2,"CRM,BKNG",Bull_LowVol
2010-10-14,585.73,0.0,1.1,586.83,1.0,17.35,2,"CRM,BKNG",Bull_LowVol
2010-10-15,592.83,0.0,1.1,593.93,1.0,16.35,2,"CRM,BKNG",Bull_MidVol
2010-10-18,583.35,0.0,1.1,584.46,1.0,17.69,2,"CRM,BKNG",Bull_LowVol
2010-10-19,571.22,0.0,1.1,572.32,1.0,19.4,2,"CRM,BKNG",Bull_LowVol
2010-10-20,575.22,0.0,1.1,576.33,1.0,18.84,2,"CRM,BKNG",Bull_LowVol
2010-10-21,575.38,0.0,1.1,576.49,1.0,18.81,2,"CRM,BKNG",Bull_LowVol
2010-10-22,597.51,0.0,1.1,598.61,1.0,15.69,2,"CRM,BKNG",Bull_LowVol
2010-10-25,618.21,0.0,1.1,619.31,1.0,12.77,2,"CRM,BKNG",Bull_LowVol
2010-10-26,617.69,0.0,1.1,618.8,1.0,12.84,2,"CRM,BKNG",Bull_LowVol
2010-10-27,626.72,0.0,1.1,627.83,1.0,11.57,2,"CRM,BKNG",Bull_LowVol
2010-10-28,623.15,0.0,1.1,624.26,1.0,12.07,2,"CRM,BKNG",Bull_LowVol
2010-10-29,630.77,2.27,0.0,628.5,1.0,11.0,2,"BKNG,MELI",Bull_LowVol
2010-11-01,620.96,2.27,0.0,618.7,1.0,12.38,2,"BKNG,MELI",Bull_LowVol
2010-11-02,624.04,2.27,0.0,621.77,1.0,11.95,2,"BKNG,MELI",Bull_LowVol
2010-11-03,627.78,2.27,0.0,625.51,1.0,11.42,2,"BKNG,MELI",Bull_LowVol
2010-11-04,615.78,2.27,0.0,613.51,1.0,13.11,2,"BKNG,MELI",Bull_LowVol
2010-11-05,622.33,2.27,0.0,620.07,1.0,12.19,2,"BKNG,MELI",Bull_LowVol
2010-11-08,637.84,2.27,0.0,635.58,1.0,10.0,2,"BKNG,MELI",Bull_LowVol
2010-11-09,652.4,2.27,0.0,650.13,1.0,7.95,2,"BKNG,MELI",Bull_LowVol
2010-11-10,640.64,2.27,0.0,638.37,1.0,9.61,2,"BKNG,MELI",Bull_LowVol
2010-11-11,638.43,2.27,0.0,636.16,1.0,9.92,2,"BKNG,MELI",Bull_LowVol
2010-11-12,635.35,2.27,0.0,633.08,1.0,10.35,2,"BKNG,MELI",Bull_LowVol
2010-11-15,634.38,2.27,0.0,632.11,1.0,10.49,2,"BKNG,MELI",Bull_LowVol
2010-11-16,629.23,2.27,0.0,626.96,1.0,11.22,2,"BKNG,MELI",Bull_LowVol
2010-11-17,637.13,2.27,0.0,634.86,1.0,10.1,2,"BKNG,MELI",Bull_LowVol
2010-11-18,646.68,2.27,0.0,644.42,1.0,8.75,2,"BKNG,MELI",Bull_LowVol
2010-11-19,649.34,2.27,0.0,647.07,1.0,8.38,2,"BKNG,MELI",Bull_LowVol
2010-11-22,667.19,2.27,0.0,664.93,1.0,5.86,2,"BKNG,MELI",Bull_LowVol
2010-11-23,651.5,2.27,0.0,649.24,1.0,8.07,2,"BKNG,MELI",Bull_LowVol
2010-11-24,658.11,2.27,0.0,655.85,1.0,7.14,2,"BKNG,MELI",Bull_LowVol
2010-11-26,662.64,2.27,0.0,660.38,1.0,6.5,2,"BKNG,MELI",Bull_MidVol
2010-11-29,655.5,2.27,0.0,653.23,1.0,7.51,2,"BKNG,MELI",Bull_MidVol
2010-11-30,633.3,0.0,21.87,655.17,1.03,10.64,2,"BKNG,URI",Bull_MidVol
2010-12-01,650.48,0.0,21.87,672.34,1.03,8.22,2,"BKNG,URI",Bull_MidVol
2010-12-02,658.63,0.0,21.87,680.5,1.03,7.07,2,"BKNG,URI",Bull_MidVol
2010-12-03,677.92,0.0,21.87,699.79,1.03,4.35,2,"BKNG,URI",Bull_MidVol
2010-12-06,683.96,0.0,21.87,705.83,1.03,3.49,2,"BKNG,URI",Bull_MidVol
2010-12-07,679.64,0.0,21.87,701.51,1.03,4.1,2,"BKNG,URI",Bull_MidVol
2010-12-08,697.55,0.0,21.87,719.42,1.03,1.58,2,"BKNG,URI",Bull_MidVol
2010-12-09,702.69,0.0,21.87,724.56,1.03,0.85,2,"BKNG,URI",Bull_MidVol
2010-12-10,713.41,0.0,21.87,735.28,1.03,0.0,2,"BKNG,URI",Bull_MidVol
2010-12-13,693.7,0.0,21.87,715.57,1.03,2.76,2,"BKNG,URI",Bull_MidVol
2010-12-14,679.64,0.0,21.87,701.51,1.03,4.73,2,"BKNG,URI",Bull_MidVol
2010-12-15,671.08,0.0,21.87,692.95,1.03,5.93,2,"BKNG,URI",Bull_LowVol
2010-12-16,680.25,0.0,21.87,702.12,1.03,4.65,2,"BKNG,URI",Bull_LowVol
2010-12-17,675.75,0.0,21.87,697.62,1.03,5.28,2,"BKNG,URI",Bull_LowVol
2010-12-20,681.65,0.0,21.87,703.52,1.03,4.45,2,"BKNG,URI",Bull_LowVol
2010-12-21,691.36,0.0,21.87,713.22,1.03,3.09,2,"BKNG,URI",Bull_LowVol
2010-12-22,697.54,0.0,21.87,719.41,1.03,2.22,2,"BKNG,URI",Bull_LowVol
2010-12-23,696.12,0.0,21.87,717.99,1.03,2.42,2,"BKNG,URI",Bull_LowVol
2010-12-27,690.97,0.0,21.87,712.84,1.03,3.14,2,"BKNG,URI",Bull_LowVol
2010-12-28,687.55,0.0,21.87,709.42,1.03,3.62,2,"BKNG,URI",Bull_LowVol
2010-12-29,688.55,0.0,21.87,710.42,1.03,3.48,2,"BKNG,URI",Bull_LowVol
2010-12-30,687.61,0.0,21.87,709.48,1.03,3.62,2,"BKNG,URI",Bull_LowVol
2010-12-31,683.11,0.0,21.87,704.98,1.03,4.25,2,"BKNG,URI",Bull_LowVol
2011-01-03,700.5,0.0,21.87,722.37,1.03,1.81,2,"BKNG,URI",Bull_LowVol
2011-01-04,705.87,0.0,21.87,727.74,1.03,1.06,2,"BKNG,URI",Bull_LowVol
2011-01-05,740.22,0.0,21.87,762.09,1.03,0.0,2,"BKNG,URI",Bull_LowVol
2011-01-06,743.48,0.0,21.87,765.35,1.03,0.0,2,"BKNG,URI",Bull_LowVol
2011-01-07,757.85,0.0,21.87,779.72,1.03,0.0,2,"BKNG,URI",Bull_LowVol
2011-01-10,756.82,0.0,21.87,778.69,1.03,0.14,2,"BKNG,URI",Bull_LowVol
2011-01-11,746.91,0.0,21.87,768.78,1.03,1.44,2,"BKNG,URI",Bull_LowVol
2011-01-12,749.8,0.0,21.87,771.67,1.03,1.06,2,"BKNG,URI",Bull_LowVol
2011-01-13,761.09,0.0,21.87,782.96,1.03,0.0,2,"BKNG,URI",Bull_LowVol
2011-01-14,773.02,0.0,21.87,794.89,1.03,0.0,2,"BKNG,URI",Bull_LowVol
2011-01-18,775.1,0.0,21.87,796.96,1.03,0.0,2,"BKNG,URI",Bull_LowVol
2011-01-19,752.53,0.0,21.87,774.4,1.03,2.91,2,"BKNG,URI",Bull_LowVol
2011-01-20,737.11,0.0,21.87,758.98,1.03,4.9,2,"BKNG,URI",Bull_LowVol
2011-01-21,744.26,0.0,21.87,766.13,1.03,3.98,2,"BKNG,URI",Bull_LowVol
2011-01-24,754.22,0.0,21.87,776.09,1.03,2.69,2,"BKNG,URI",Bull_LowVol
2011-01-25,759.76,0.0,21.87,781.63,1.03,1.98,2,"BKNG,URI",Bull_LowVol
2011-01-26,770.97,0.0,21.87,792.84,1.03,0.53,2,"BKNG,URI",Bull_LowVol
2011-01-27,789.58,0.0,21.87,811.45,1.03,0.0,2,"BKNG,URI",Bull_LowVol
2011-01-28,760.93,0.0,21.87,782.8,1.03,3.63,2,"BKNG,URI",Bull_LowVol
2011-01-31,766.27,0.0,21.87,788.14,1.03,2.95,2,"BKNG,URI",Bull_LowVol
2011-02-01,787.77,0.0,21.87,809.64,1.03,0.23,2,"BKNG,URI",Bull_LowVol
2011-02-02,803.72,0.0,21.87,825.59,1.03,0.0,2,"BKNG,URI",Bull_LowVol
2011-02-03,817.81,0.0,21.87,839.68,1.03,0.0,2,"BKNG,URI",Bull_LowVol
2011-02-04,825.76,0.0,21.87,847.63,1.03,0.0,2,"BKNG,URI",Bull_LowVol
2011-02-07,838.47,0.0,21.87,860.34,1.03,0.0,2,"BKNG,URI",Bull_LowVol
2011-02-08,840.35,0.0,21.87,862.22,1.03,0.0,2,"BKNG,URI",Bull_LowVol
2011-02-09,851.74,0.0,21.87,873.61,1.03,0.0,2,"BKNG,URI",Bull_LowVol
2011-02-10,862.12,0.0,21.87,883.99,1.03,0.0,2,"BKNG,URI",Bull_LowVol
2011-02-11,857.39,0.0,21.87,879.26,1.03,0.55,2,"BKNG,URI",Bull_LowVol
2011-02-14,883.42,0.0,21.87,905.29,1.02,0.0,2,"BKNG,URI",Bull_LowVol
2011-02-15,872.21,0.0,21.87,894.08,1.03,1.27,2,"BKNG,URI",Bull_LowVol
2011-02-16,877.28,0.0,21.87,899.15,1.02,0.69,2,"BKNG,URI",Bull_LowVol
2011-02-17,884.75,0.0,21.87,906.62,1.02,0.0,2,"BKNG,URI",Bull_LowVol
2011-02-18,871.16,0.0,21.87,893.03,1.03,1.54,2,"BKNG,URI",Bull_LowVol
2011-02-22,837.35,0.0,21.87,859.21,1.03,5.36,2,"BKNG,URI",Bull_MidVol
2011-02-23,817.53,0.0,21.87,839.4,1.03,7.6,2,"BKNG,URI",Bull_MidVol
2011-02-24,846.65,0.0,21.87,868.51,1.03,4.31,2,"BKNG,URI",Bull_MidVol
2011-02-25,875.2,0.0,21.87,897.06,1.02,1.08,2,"BKNG,URI",Bull_MidVol
2011-02-28,844.68,1.4,0.0,843.28,1.0,4.53,2,"URI,ON",Bull_LowVol
2011-03-01,825.69,1.4,0.0,824.29,1.0,6.68,2,"URI,ON",Bull_MidVol
2011-03-02,845.73,1.4,0.0,844.33,1.0,4.41,2,"URI,ON",Bull_LowVol
2011-03-03,867.15,1.4,0.0,865.75,1.0,1.99,2,"URI,ON",Bull_MidVol
2011-03-04,861.89,1.4,0.0,860.49,1.0,2.58,2,"URI,ON",Bull_MidVol
2011-03-07,840.65,1.4,0.0,839.25,1.0,4.99,2,"URI,ON",Bull_MidVol
2011-03-08,849.59,1.4,0.0,848.19,1.0,3.97,2,"URI,ON",Bull_MidVol
2011-03-09,835.91,1.4,0.0,834.51,1.0,5.52,2,"URI,ON",Bull_MidVol
2011-03-10,809.7,1.4,0.0,808.3,1.0,8.48,2,"URI,ON",Bull_MidVol
2011-03-11,818.9,1.4,0.0,817.5,1.0,7.44,2,"URI,ON",Bull_MidVol
2011-03-14,815.68,1.4,0.0,814.28,1.0,7.81,2,"URI,ON",Bull_MidVol
2011-03-15,810.84,1.4,0.0,809.44,1.0,8.35,2,"URI,ON",Bull_MidVol
2011-03-16,805.93,1.4,0.0,804.53,1.0,8.91,2,"URI,ON",Bull_MidVol
2011-03-17,820.61,1.4,0.0,819.21,1.0,7.25,2,"URI,ON",Bull_MidVol
2011-03-18,812.15,1.4,0.0,810.75,1.0,8.21,2,"URI,ON",Bull_MidVol
2011-03-21,844.16,1.4,0.0,842.76,1.0,4.59,2,"URI,ON",Bull_MidVol
2011-03-22,827.16,1.4,0.0,825.76,1.0,6.51,2,"URI,ON",Bull_MidVol
2011-03-23,833.47,1.4,0.0,832.07,1.0,5.8,2,"URI,ON",Bull_MidVol
2011-03-24,846.59,1.4,0.0,845.19,1.0,4.31,2,"URI,ON",Bull_MidVol
2011-03-25,861.34,1.4,0.0,859.94,1.0,2.65,2,"URI,ON",Bull_MidVol
2011-03-28,857.06,1.4,0.0,855.66,1.0,3.13,2,"URI,ON",Bull_MidVol
2011-03-29,857.18,1.4,0.0,855.78,1.0,3.12,2,"URI,ON",Bull_MidVol
2011-03-30,863.24,1.4,0.0,861.84,1.0,2.43,2,"URI,ON",Bull_MidVol
2011-03-31,875.14,0.0,24.14,899.28,1.03,1.09,2,"URI,MU",Bull_MidVol
2011-04-01,883.44,0.0,24.14,907.58,1.03,0.15,2,"URI,MU",Bull_MidVol
2011-04-04,880.68,0.0,24.14,904.82,1.03,0.46,2,"URI,MU",Bull_MidVol
2011-04-05,885.94,0.0,24.14,910.08,1.03,0.0,2,"URI,MU",Bull_MidVol
2011-04-06,883.19,0.0,24.14,907.33,1.03,0.31,2,"URI,MU",Bull_MidVol
2011-04-07,864.02,0.0,24.14,888.16,1.03,2.47,2,"URI,MU",Bull_LowVol
2011-04-08,847.27,0.0,24.14,871.41,1.03,4.36,2,"URI,MU",Bull_LowVol
2011-04-11,833.54,0.0,24.14,857.69,1.03,5.91,2,"URI,MU",Bull_LowVol
2011-04-12,820.55,0.0,24.14,844.69,1.03,7.38,2,"URI,MU",Bull_LowVol
2011-04-13,828.24,0.0,24.14,852.38,1.03,6.51,2,"URI,MU",Bull_LowVol
2011-04-14,825.21,0.0,24.14,849.35,1.03,6.86,2,"URI,MU",Bull_LowVol
2011-04-15,836.96,0.0,24.14,861.1,1.03,5.53,2,"URI,MU",Bull_LowVol
2011-04-18,801.89,0.0,24.14,826.03,1.03,9.49,2,"URI,MU",Bull_LowVol
2011-04-19,821.92,0.0,24.14,846.06,1.03,7.23,2,"URI,MU",Bull_LowVol
2011-04-20,766.97,0.0,24.14,791.11,1.03,13.43,2,"URI,MU",Bull_LowVol
2011-04-21,798.35,0.0,24.14,822.49,1.03,9.89,2,"URI,MU",Bull_LowVol
2011-04-25,783.05,0.0,24.14,807.19,1.03,11.61,2,"URI,MU",Bull_LowVol
2011-04-26,791.88,0.0,24.14,816.02,1.03,10.62,2,"URI,MU",Bull_LowVol
2011-04-27,797.82,0.0,24.14,821.96,1.03,9.95,2,"URI,MU",Bull_LowVol
2011-04-28,781.41,0.0,24.14,805.55,1.03,11.8,2,"URI,MU",Bull_LowVol
2011-04-29,788.33,0.0,113.3,901.63,1.14,11.02,2,"URI,REGN",Bull_LowVol
2011-05-02,798.27,0.0,113.3,911.57,1.14,9.9,2,"URI,REGN",Bull_LowVol
2011-05-03,764.73,0.0,113.3,878.03,1.15,13.68,2,"URI,REGN",Bull_LowVol
2011-05-04,727.93,0.0,113.3,841.23,1.16,17.84,2,"URI,REGN",Bull_LowVol
2011-05-05,722.42,0.0,113.3,835.72,1.16,18.46,2,"URI,REGN",Bull_LowVol
2011-05-06,745.52,0.0,113.3,858.83,1.15,15.85,2,"URI,REGN",Bull_LowVol
2011-05-09,746.61,0.0,113.3,859.91,1.15,15.73,2,"URI,REGN",Bull_LowVol
2011-05-10,765.55,0.0,113.3,878.86,1.15,13.59,2,"URI,REGN",Bull_LowVol
2011-05-11,743.97,0.0,113.3,857.27,1.15,16.03,2,"URI,REGN",Bull_LowVol
2011-05-12,736.81,0.0,113.3,850.11,1.15,16.83,2,"URI,REGN",Bull_LowVol
2011-05-13,725.53,0.0,113.3,838.83,1.16,18.11,2,"URI,REGN",Bull_LowVol
2011-05-16,723.78,0.0,113.3,837.09,1.16,18.3,2,"URI,REGN",Bull_LowVol
2011-05-17,706.03,0.0,113.3,819.34,1.16,20.31,2,"URI,REGN",Bull_LowVol
2011-05-18,728.84,0.0,113.3,842.15,1.16,17.73,2,"URI,REGN",Bull_LowVol
2011-05-19,723.45,0.0,113.3,836.75,1.16,18.34,2,"URI,REGN",Bull_LowVol
2011-05-20,725.75,0.0,113.3,839.05,1.16,18.08,2,"URI,REGN",Bull_LowVol
2011-05-23,701.7,0.0,113.3,815.0,1.16,20.8,2,"URI,REGN",Bull_LowVol
2011-05-24,706.11,0.0,113.3,819.41,1.16,20.3,2,"URI,REGN",Bull_LowVol
2011-05-25,733.29,0.0,113.3,846.59,1.15,17.23,2,"URI,REGN",Bull_LowVol
2011-05-26,740.52,0.0,113.3,853.83,1.15,16.41,2,"URI,REGN",Bull_LowVol
2011-05-27,744.03,0.0,113.3,857.33,1.15,16.02,2,"URI,REGN",Bull_LowVol
2011-05-31,785.92,0.0,38.86,824.78,1.05,11.29,2,"REGN,BKNG",Bull_LowVol
2011-06-01,767.17,0.0,38.86,806.03,1.05,13.41,2,"REGN,BKNG",Bull_LowVol
2011-06-02,778.59,0.0,38.86,817.45,1.05,12.12,2,"REGN,BKNG",Bull_LowVol
2011-06-03,768.37,0.0,38.86,807.23,1.05,13.27,2,"REGN,BKNG",Bull_MidVol
2011-06-06,754.78,0.0,38.86,793.64,1.05,14.8,2,"REGN,BKNG",Bull_MidVol
2011-06-07,768.06,0.0,38.86,806.92,1.05,13.31,2,"REGN,BKNG",Bull_MidVol
2011-06-08,754.67,0.0,38.86,793.53,1.05,14.82,2,"REGN,BKNG",Bull_LowVol
2011-06-09,752.12,0.0,38.86,790.97,1.05,15.11,2,"REGN,BKNG",Bull_LowVol
2011-06-10,735.99,0.0,38.86,774.85,1.05,16.93,2,"REGN,BKNG",Bull_MidVol
2011-06-13,721.56,0.0,38.86,760.41,1.05,18.55,2,"REGN,BKNG",Bull_LowVol
2011-06-14,725.76,0.0,38.86,764.62,1.05,18.08,2,"REGN,BKNG",Bull_LowVol
2011-06-15,730.41,0.0,38.86,769.27,1.05,17.56,2,"REGN,BKNG",Bull_MidVol
2011-06-16,715.28,0.0,38.86,754.14,1.05,19.26,2,"REGN,BKNG",Bull_MidVol
2011-06-17,702.13,0.0,38.86,740.98,1.06,20.75,2,"REGN,BKNG",Bull_MidVol
2011-06-20,694.4,0.0,38.86,733.25,1.06,21.62,2,"REGN,BKNG",Bull_MidVol
2011-06-21,722.32,0.0,38.86,761.17,1.05,18.47,2,"REGN,BKNG",Bull_MidVol
2011-06-22,714.41,0.0,38.86,753.26,1.05,19.36,2,"REGN,BKNG",Bull_MidVol
2011-06-23,726.0,0.0,38.86,764.85,1.05,18.05,2,"REGN,BKNG",Bull_MidVol
2011-06-24,717.09,0.0,38.86,755.94,1.05,19.06,2,"REGN,BKNG",Bull_MidVol
2011-06-27,722.11,0.0,38.86,760.97,1.05,18.49,2,"REGN,BKNG",Bull_MidVol
2011-06-28,740.88,0.0,38.86,779.74,1.05,16.37,2,"REGN,BKNG",Bull_MidVol
2011-06-29,752.12,0.0,38.86,790.97,1.05,15.11,2,"REGN,BKNG",Bull_MidVol
2011-06-30,768.08,0.0,2.15,770.23,1.0,13.3,2,"REGN,FTNT",Bull_MidVol
2011-07-01,779.06,0.0,2.15,781.2,1.0,12.06,2,"REGN,FTNT",Bull_MidVol
2011-07-05,796.6,0.0,2.15,798.74,1.0,10.08,2,"REGN,FTNT",Bull_MidVol
2011-07-06,799.56,0.0,2.15,801.7,1.0,9.75,2,"REGN,FTNT",Bull_MidVol
2011-07-07,798.07,0.0,2.15,800.22,1.0,9.92,2,"REGN,FTNT",Bull_MidVol
2011-07-08,798.14,0.0,2.15,800.29,1.0,9.91,2,"REGN,FTNT",Bull_MidVol
2011-07-11,774.4,0.0,2.15,776.55,1.0,12.59,2,"REGN,FTNT",Bull_MidVol
2011-07-12,764.45,0.0,2.15,766.59,1.0,13.71,2,"REGN,FTNT",Bull_MidVol
2011-07-13,770.17,0.0,2.15,772.31,1.0,13.07,2,"REGN,FTNT",Bull_MidVol
2011-07-14,759.81,0.0,2.15,761.95,1.0,14.24,2,"REGN,FTNT",Bull_MidVol
2011-07-15,754.35,0.0,2.15,756.5,1.0,14.85,2,"REGN,FTNT",Bull_MidVol
2011-07-18,750.9,0.0,2.15,753.05,1.0,15.24,2,"REGN,FTNT",Bull_MidVol
2011-07-19,776.06,0.0,2.15,778.21,1.0,12.4,2,"REGN,FTNT",Bull_MidVol
2011-07-20,693.22,320.96,0.0,372.26,0.54,21.75,1,REGN,Bull_MidVol
2011-07-21,686.91,320.96,0.0,365.95,0.53,22.47,1,REGN,Bull_MidVol
2011-07-22,687.23,320.96,0.0,366.27,0.53,22.43,1,REGN,Bull_MidVol
2011-07-25,675.63,320.96,0.0,354.67,0.52,23.74,1,REGN,Bull_MidVol
2011-07-26,662.06,320.96,0.0,341.1,0.52,25.27,1,REGN,Bull_MidVol
2011-07-27,656.51,320.96,0.0,335.55,0.51,25.9,1,REGN,Bull_MidVol
2011-07-28,656.38,320.96,0.0,335.43,0.51,25.91,1,REGN,Bull_MidVol
2011-07-29,653.06,5.42,0.0,647.64,0.99,26.29,2,"REGN,BKNG",Bull_MidVol
2011-08-01,649.44,5.42,0.0,644.02,0.99,26.69,2,"REGN,BKNG",Bull_MidVol
2011-08-02,640.98,5.42,0.0,635.56,0.99,27.65,2,"REGN,BKNG",Bull_MidVol
2011-08-03,638.54,5.42,0.0,633.12,0.99,27.93,2,"REGN,BKNG",Bull_MidVol
2011-08-04,587.83,5.42,0.0,582.41,0.99,33.65,2,"REGN,BKNG",Bull_MidVol
2011-08-05,589.66,5.42,0.0,584.24,0.99,33.44,2,"REGN,BKNG",Bull_MidVol
2011-08-08,571.72,450.06,0.0,121.65,0.21,35.47,1,BKNG,Bull_MidVol
2011-08-09,574.71,450.06,0.0,124.64,0.22,35.13,1,BKNG,Bull_MidVol
2011-08-10,570.22,450.06,0.0,120.16,0.21,35.64,1,BKNG,Bull_MidVol
2011-08-11,570.55,450.06,0.0,120.49,0.21,35.6,1,BKNG,Bull_MidVol
2011-08-12,571.26,450.06,0.0,121.2,0.21,35.52,1,BKNG,Bull_MidVol
2011-08-15,573.97,450.06,0.0,123.9,0.22,35.21,1,BKNG,Bull_MidVol
2011-08-16,569.87,450.06,0.0,119.8,0.21,35.68,1,BKNG,Bull_MidVol
2011-08-17,568.55,450.06,0.0,118.48,0.21,35.83,1,BKNG,Bull_MidVol
2011-08-18,558.75,558.75,0.0,0.0,0.0,36.93,0,CASH_BIL,Bull_MidVol
2011-08-19,558.5,558.5,0.0,0.0,0.0,36.96,0,CASH_BIL,Bear
2011-08-22,558.75,558.75,0.0,0.0,0.0,36.93,0,CASH_BIL,Bear
2011-08-23,558.75,558.75,0.0,0.0,0.0,36.93,0,CASH_BIL,Bear
2011-08-24,558.5,558.5,0.0,0.0,0.0,36.96,0,CASH_BIL,Bear
2011-08-25,558.75,558.75,0.0,0.0,0.0,36.93,0,CASH_BIL,Bear
2011-08-26,558.75,558.75,0.0,0.0,0.0,36.93,0,CASH_BIL,Bear
2011-08-29,558.75,558.75,0.0,0.0,0.0,36.93,0,CASH_BIL,Bull_MidVol
2011-08-30,558.75,558.75,0.0,0.0,0.0,36.93,0,CASH_BIL,Bull_MidVol
2011-08-31,555.18,0.0,1.02,556.2,1.0,37.33,2,"REGN,AMZN",Bull_MidVol
2011-09-01,555.36,0.0,1.02,556.38,1.0,37.31,2,"REGN,AMZN",Bull_MidVol
2011-09-02,568.78,568.78,0.0,0.0,0.0,35.8,0,CASH_BIL,Bear
2011-09-06,568.66,568.66,0.0,0.0,0.0,35.81,0,CASH_BIL,Bear
2011-09-07,568.66,568.66,0.0,0.0,0.0,35.81,0,CASH_BIL,Bull_MidVol
2011-09-08,568.66,568.66,0.0,0.0,0.0,35.81,0,CASH_BIL,Bull_MidVol
2011-09-09,568.66,568.66,0.0,0.0,0.0,35.81,0,CASH_BIL,Bear
2011-09-12,568.53,568.53,0.0,0.0,0.0,35.83,0,CASH_BIL,Bear
2011-09-13,568.53,568.53,0.0,0.0,0.0,35.83,0,CASH_BIL,Bull_MidVol
2011-09-14,568.53,568.53,0.0,0.0,0.0,35.83,0,CASH_BIL,Bull_MidVol
2011-09-15,568.53,568.53,0.0,0.0,0.0,35.83,0,CASH_BIL,Bull_MidVol
2011-09-16,568.53,568.53,0.0,0.0,0.0,35.83,0,CASH_BIL,Bull_MidVol
2011-09-19,568.53,568.53,0.0,0.0,0.0,35.83,0,CASH_BIL,Bull_MidVol
2011-09-20,568.53,568.53,0.0,0.0,0.0,35.83,0,CASH_BIL,Bull_MidVol
2011-09-21,568.53,568.53,0.0,0.0,0.0,35.83,0,CASH_BIL,Bull_MidVol
2011-09-22,568.66,568.66,0.0,0.0,0.0,35.81,0,CASH_BIL,Bear
2011-09-23,568.66,568.66,0.0,0.0,0.0,35.81,0,CASH_BIL,Bear
2011-09-26,568.66,568.66,0.0,0.0,0.0,35.81,0,CASH_BIL,Bull_MidVol
2011-09-27,568.66,568.66,0.0,0.0,0.0,35.81,0,CASH_BIL,Bull_MidVol
2011-09-28,568.66,568.66,0.0,0.0,0.0,35.81,0,CASH_BIL,Bull_MidVol
2011-09-29,568.66,568.66,0.0,0.0,0.0,35.81,0,CASH_BIL,Bear
2011-09-30,568.66,568.66,0.0,0.0,0.0,35.81,0,CASH_BIL,Bear
2011-10-03,568.66,568.66,0.0,0.0,0.0,35.81,0,CASH_BIL,Bear
2011-10-04,568.66,568.66,0.0,0.0,0.0,35.81,0,CASH_BIL,Bear
2011-10-05,568.53,568.53,0.0,0.0,0.0,35.83,0,CASH_BIL,Bear
2011-10-06,568.53,568.53,0.0,0.0,0.0,35.83,0,CASH_BIL,Bull_MidVol
2011-10-07,568.41,568.41,0.0,0.0,0.0,35.84,0,CASH_BIL,Bear
2011-10-10,568.41,568.41,0.0,0.0,0.0,35.84,0,CASH_BIL,Bull_MidVol
2011-10-11,568.41,568.41,0.0,0.0,0.0,35.84,0,CASH_BIL,Bull_MidVol
2011-10-12,568.41,568.41,0.0,0.0,0.0,35.84,0,CASH_BIL,Bull_MidVol
2011-10-13,568.41,568.41,0.0,0.0,0.0,35.84,0,CASH_BIL,Bull_MidVol
2011-10-14,568.41,568.41,0.0,0.0,0.0,35.84,0,CASH_BIL,Bull_MidVol
2011-10-17,568.41,568.41,0.0,0.0,0.0,35.84,0,CASH_BIL,Bull_MidVol
2011-10-18,568.41,568.41,0.0,0.0,0.0,35.84,0,CASH_BIL,Bull_MidVol
2011-10-19,568.41,568.41,0.0,0.0,0.0,35.84,0,CASH_BIL,Bull_MidVol
2011-10-20,568.41,568.41,0.0,0.0,0.0,35.84,0,CASH_BIL,Bull_MidVol
2011-10-21,568.41,568.41,0.0,0.0,0.0,35.84,0,CASH_BIL,Bull_MidVol
2011-10-24,568.41,568.41,0.0,0.0,0.0,35.84,0,CASH_BIL,Bull_MidVol
2011-10-25,568.41,568.41,0.0,0.0,0.0,35.84,0,CASH_BIL,Bull_MidVol
2011-10-26,568.41,568.41,0.0,0.0,0.0,35.84,0,CASH_BIL,Bull_MidVol
2011-10-27,568.41,568.41,0.0,0.0,0.0,35.84,0,CASH_BIL,Bull_MidVol
2011-10-28,568.41,568.41,0.0,0.0,0.0,35.84,0,CASH_BIL,Bull_MidVol
2011-10-31,579.46,0.0,1.03,580.5,1.0,34.59,2,"REGN,MA",Bull_MidVol
2011-11-01,572.25,0.0,1.03,573.28,1.0,35.41,2,"REGN,MA",Bull_MidVol
2011-11-02,586.42,0.0,1.03,587.45,1.0,33.81,2,"REGN,MA",Bull_MidVol
2011-11-03,582.48,0.0,1.03,583.51,1.0,34.25,2,"REGN,MA",Bull_MidVol
2011-11-04,593.18,0.0,1.03,594.22,1.0,33.04,2,"REGN,MA",Bull_MidVol
2011-11-07,579.82,0.0,1.03,580.85,1.0,34.55,2,"REGN,MA",Bull_MidVol
2011-11-08,582.56,0.0,1.03,583.59,1.0,34.24,2,"REGN,MA",Bull_MidVol
2011-11-09,572.52,0.0,1.03,573.55,1.0,35.38,2,"REGN,MA",Bull_MidVol
2011-11-10,568.39,0.0,1.03,569.43,1.0,35.84,2,"REGN,MA",Bull_MidVol
2011-11-11,567.34,0.0,1.03,568.38,1.0,35.96,2,"REGN,MA",Bull_MidVol
2011-11-14,575.25,0.0,1.03,576.29,1.0,35.07,2,"REGN,MA",Bull_MidVol
2011-11-15,567.83,0.0,1.03,568.86,1.0,35.91,2,"REGN,MA",Bull_MidVol
2011-11-16,545.91,0.0,1.03,546.94,1.0,38.38,2,"REGN,MA",Bull_MidVol
2011-11-17,548.63,0.0,1.03,549.67,1.0,38.07,2,"REGN,MA",Bull_MidVol
2011-11-18,537.92,0.0,1.03,538.96,1.0,39.28,2,"REGN,MA",Bull_MidVol
2011-11-21,577.38,577.38,0.0,0.0,0.0,34.83,0,CASH_BIL,Bear
2011-11-22,577.5,577.5,0.0,0.0,0.0,34.81,0,CASH_BIL,Bear
2011-11-23,577.5,577.5,0.0,0.0,0.0,34.81,0,CASH_BIL,Bear
2011-11-25,577.5,577.5,0.0,0.0,0.0,34.81,0,CASH_BIL,Bear
2011-11-28,577.5,577.5,0.0,0.0,0.0,34.81,0,CASH_BIL,Bull_MidVol
2011-11-29,577.63,577.63,0.0,0.0,0.0,34.8,0,CASH_BIL,Bear
2011-11-30,583.42,0.0,1.05,584.47,1.0,34.15,2,"ISRG,FAST",Bull_MidVol
2011-12-01,585.21,0.0,1.05,586.26,1.0,33.94,2,"ISRG,FAST",Bull_MidVol
2011-12-02,582.85,0.0,1.05,583.9,1.0,34.21,2,"ISRG,FAST",Bull_MidVol
2011-12-05,590.28,0.0,1.05,591.33,1.0,33.37,2,"ISRG,FAST",Bull_MidVol
2011-12-06,593.0,0.0,1.05,594.05,1.0,33.07,2,"ISRG,FAST",Bull_MidVol
2011-12-07,587.71,0.0,1.05,588.76,1.0,33.66,2,"ISRG,FAST",Bull_MidVol
2011-12-08,576.93,0.0,1.05,577.98,1.0,34.88,2,"ISRG,FAST",Bull_MidVol
2011-12-09,590.66,0.0,1.05,591.72,1.0,33.33,2,"ISRG,FAST",Bull_MidVol
2011-12-12,579.53,0.0,1.05,580.58,1.0,34.59,2,"ISRG,FAST",Bull_MidVol
2011-12-13,576.36,0.0,1.05,577.41,1.0,34.94,2,"ISRG,FAST",Bull_MidVol
2011-12-14,567.15,0.0,1.05,568.2,1.0,35.98,2,"ISRG,FAST",Bull_MidVol
2011-12-15,573.69,0.0,1.05,574.74,1.0,35.25,2,"ISRG,FAST",Bull_MidVol
2011-12-16,580.44,0.0,1.05,581.49,1.0,34.48,2,"ISRG,FAST",Bull_MidVol
2011-12-19,580.95,0.0,1.05,582.0,1.0,34.43,2,"ISRG,FAST",Bull_MidVol
2011-12-20,599.87,0.0,1.05,600.92,1.0,32.29,2,"ISRG,FAST",Bull_MidVol
2011-12-21,596.95,0.0,1.05,598.0,1.0,32.62,2,"ISRG,FAST",Bull_MidVol
2011-12-22,601.24,0.0,1.05,602.29,1.0,32.14,2,"ISRG,FAST",Bull_MidVol
2011-12-23,613.81,0.0,1.05,614.86,1.0,30.72,2,"ISRG,FAST",Bull_MidVol
2011-12-27,619.56,0.0,1.05,620.61,1.0,30.07,2,"ISRG,FAST",Bull_MidVol
2011-12-28,614.18,0.0,1.05,615.23,1.0,30.67,2,"ISRG,FAST",Bull_MidVol
2011-12-29,624.1,0.0,1.05,625.15,1.0,29.55,2,"ISRG,FAST",Bull_MidVol
2011-12-30,614.88,0.0,1.14,616.03,1.0,30.6,2,"MELI,MA",Bull_MidVol
2012-01-03,617.43,0.0,1.14,618.57,1.0,30.31,2,"MELI,MA",Bull_MidVol
2012-01-04,601.27,0.0,1.14,602.42,1.0,32.13,2,"MELI,MA",Bull_MidVol
2012-01-05,601.73,0.0,1.14,602.88,1.0,32.08,2,"MELI,MA",Bull_MidVol
2012-01-06,588.56,0.0,1.14,589.7,1.0,33.57,2,"MELI,MA",Bull_MidVol
2012-01-09,590.36,0.0,1.14,591.51,1.0,33.36,2,"MELI,MA",Bull_MidVol
2012-01-10,604.0,0.0,1.14,605.14,1.0,31.82,2,"MELI,MA",Bull_MidVol
2012-01-11,596.86,0.0,1.14,598.0,1.0,32.63,2,"MELI,MA",Bull_MidVol
2012-01-12,607.16,0.0,1.14,608.3,1.0,31.47,2,"MELI,MA",Bull_MidVol
2012-01-13,603.61,0.0,1.14,604.75,1.0,31.87,2,"MELI,MA",Bull_MidVol
2012-01-17,610.86,0.0,1.14,612.01,1.0,31.05,2,"MELI,MA",Bull_LowVol
2012-01-18,617.55,0.0,1.14,618.69,1.0,30.29,2,"MELI,MA",Bull_MidVol
2012-01-19,620.93,0.0,1.14,622.08,1.0,29.91,2,"MELI,MA",Bull_LowVol
2012-01-20,607.28,0.0,1.14,608.42,1.0,31.45,2,"MELI,MA",Bull_LowVol
2012-01-23,605.84,0.0,1.14,606.98,1.0,31.62,2,"MELI,MA",Bull_LowVol
2012-01-24,612.8,0.0,1.14,613.95,1.0,30.83,2,"MELI,MA",Bull_LowVol
2012-01-25,618.58,0.0,1.14,619.73,1.0,30.18,2,"MELI,MA",Bull_LowVol
2012-01-26,616.35,0.0,1.14,617.5,1.0,30.43,2,"MELI,MA",Bull_LowVol
2012-01-27,623.07,0.0,1.14,624.22,1.0,29.67,2,"MELI,MA",Bull_LowVol
2012-01-30,620.16,0.0,1.14,621.31,1.0,30.0,2,"MELI,MA",Bull_LowVol
2012-01-31,618.59,0.0,103.99,722.58,1.17,30.18,2,"MA,FAST",Bull_LowVol
2012-02-01,623.71,0.0,103.99,727.7,1.17,29.6,2,"MA,FAST",Bull_LowVol
2012-02-02,646.75,0.0,103.99,750.74,1.16,27.0,2,"MA,FAST",Bull_LowVol
2012-02-03,665.97,0.0,103.99,769.95,1.16,24.83,2,"MA,FAST",Bull_LowVol
2012-02-06,665.06,0.0,103.99,769.04,1.16,24.93,2,"MA,FAST",Bull_LowVol
2012-02-07,666.81,0.0,103.99,770.79,1.16,24.73,2,"MA,FAST",Bull_LowVol
2012-02-08,674.72,0.0,103.99,778.71,1.15,23.84,2,"MA,FAST",Bull_LowVol
2012-02-09,671.31,0.0,103.99,775.29,1.15,24.23,2,"MA,FAST",Bull_LowVol
2012-02-10,672.71,0.0,103.99,776.69,1.15,24.07,2,"MA,FAST",Bull_LowVol
2012-02-13,690.28,0.0,103.99,794.26,1.15,22.09,2,"MA,FAST",Bull_LowVol
2012-02-14,694.4,0.0,103.99,798.38,1.15,21.62,2,"MA,FAST",Bull_LowVol
2012-02-15,687.0,0.0,103.99,790.99,1.15,22.46,2,"MA,FAST",Bull_LowVol
2012-02-16,688.69,0.0,103.99,792.68,1.15,22.26,2,"MA,FAST",Bull_LowVol
2012-02-17,690.82,0.0,103.99,794.8,1.15,22.02,2,"MA,FAST",Bull_LowVol
2012-02-21,695.3,0.0,103.99,799.28,1.15,21.52,2,"MA,FAST",Bull_LowVol
2012-02-22,706.02,0.0,103.99,810.0,1.15,20.31,2,"MA,FAST",Bull_LowVol
2012-02-23,710.35,0.0,103.99,814.33,1.15,19.82,2,"MA,FAST",Bull_LowVol
2012-02-24,720.12,0.0,103.99,824.11,1.14,18.72,2,"MA,FAST",Bull_LowVol
2012-02-27,729.52,0.0,103.99,833.51,1.14,17.66,2,"MA,FAST",Bull_LowVol
2012-02-28,731.37,0.0,103.99,835.35,1.14,17.45,2,"MA,FAST",Bull_LowVol
2012-02-29,728.92,0.0,1.33,730.25,1.0,17.72,2,"URI,REGN",Bull_LowVol
2012-03-01,745.46,0.0,1.33,746.8,1.0,15.86,2,"URI,REGN",Bull_LowVol
2012-03-02,757.12,0.0,1.33,758.45,1.0,14.54,2,"URI,REGN",Bull_LowVol
2012-03-05,747.82,0.0,1.33,749.15,1.0,15.59,2,"URI,REGN",Bull_LowVol
2012-03-06,723.97,0.0,1.33,725.31,1.0,18.28,2,"URI,REGN",Bull_LowVol
2012-03-07,737.19,0.0,1.33,738.53,1.0,16.79,2,"URI,REGN",Bull_LowVol
2012-03-08,749.1,0.0,1.33,750.43,1.0,15.45,2,"URI,REGN",Bull_LowVol
2012-03-09,748.2,0.0,1.33,749.53,1.0,15.55,2,"URI,REGN",Bull_LowVol
2012-03-12,750.61,0.0,1.33,751.95,1.0,15.28,2,"URI,REGN",Bull_LowVol
2012-03-13,765.07,0.0,1.33,766.41,1.0,13.64,2,"URI,REGN",Bull_LowVol
2012-03-14,758.1,0.0,1.33,759.43,1.0,14.43,2,"URI,REGN",Bull_LowVol
2012-03-15,777.07,0.0,1.33,778.4,1.0,12.29,2,"URI,REGN",Bull_LowVol
2012-03-16,768.93,0.0,1.33,770.27,1.0,13.21,2,"URI,REGN",Bull_LowVol
2012-03-19,763.81,0.0,1.33,765.15,1.0,13.78,2,"URI,REGN",Bull_LowVol
2012-03-20,756.91,0.0,1.33,758.24,1.0,14.56,2,"URI,REGN",Bull_LowVol
2012-03-21,772.45,0.0,1.33,773.78,1.0,12.81,2,"URI,REGN",Bull_LowVol
2012-03-22,766.8,0.0,1.33,768.14,1.0,13.45,2,"URI,REGN",Bull_LowVol
2012-03-23,768.13,0.0,1.33,769.46,1.0,13.3,2,"URI,REGN",Bull_LowVol
2012-03-26,777.52,0.0,1.33,778.85,1.0,12.24,2,"URI,REGN",Bull_LowVol
2012-03-27,767.09,0.0,1.33,768.42,1.0,13.42,2,"URI,REGN",Bull_LowVol
2012-03-28,769.25,0.0,1.33,770.58,1.0,13.17,2,"URI,REGN",Bull_LowVol
2012-03-29,769.35,0.0,1.33,770.68,1.0,13.16,2,"URI,REGN",Bull_LowVol
2012-03-30,775.86,0.0,1.33,777.2,1.0,12.43,2,"URI,REGN",Bull_LowVol
2012-04-02,800.16,0.0,1.33,801.49,1.0,9.68,2,"URI,REGN",Bull_LowVol
2012-04-03,819.23,0.0,1.33,820.56,1.0,7.53,2,"URI,REGN",Bull_LowVol
2012-04-04,796.85,0.0,1.33,798.18,1.0,10.06,2,"URI,REGN",Bull_LowVol
2012-04-05,795.43,0.0,1.33,796.77,1.0,10.22,2,"URI,REGN",Bull_LowVol
2012-04-09,774.96,0.0,1.33,776.29,1.0,12.53,2,"URI,REGN",Bull_LowVol
2012-04-10,733.57,0.0,1.33,734.9,1.0,17.2,2,"URI,REGN",Bull_LowVol
2012-04-11,751.2,0.0,1.33,752.53,1.0,15.21,2,"URI,REGN",Bull_LowVol
2012-04-12,771.8,0.0,1.33,773.13,1.0,12.88,2,"URI,REGN",Bull_LowVol
2012-04-13,767.07,0.0,1.33,768.41,1.0,13.42,2,"URI,REGN",Bull_LowVol
2012-04-16,766.9,0.0,1.33,768.23,1.0,13.44,2,"URI,REGN",Bull_LowVol
2012-04-17,775.76,0.0,1.33,777.09,1.0,12.44,2,"URI,REGN",Bull_LowVol
2012-04-18,826.79,0.0,1.33,828.12,1.0,6.68,2,"URI,REGN",Bull_LowVol
2012-04-19,826.26,0.0,1.33,827.59,1.0,6.74,2,"URI,REGN",Bull_MidVol
2012-04-20,827.5,0.0,1.33,828.84,1.0,6.6,2,"URI,REGN",Bull_MidVol
2012-04-23,819.25,0.0,1.33,820.58,1.0,7.53,2,"URI,REGN",Bull_MidVol
2012-04-24,811.28,0.0,1.33,812.61,1.0,8.43,2,"URI,REGN",Bull_LowVol
2012-04-25,838.07,0.0,1.33,839.41,1.0,5.4,2,"URI,REGN",Bull_MidVol
2012-04-26,861.17,0.0,1.33,862.5,1.0,2.8,2,"URI,REGN",Bull_MidVol
2012-04-27,884.29,0.0,1.33,885.62,1.0,0.19,2,"URI,REGN",Bull_MidVol
2012-04-30,849.61,0.0,1.77,851.38,1.0,4.1,2,"REGN,AAPL",Bull_MidVol
2012-05-01,844.64,0.0,1.77,846.4,1.0,4.66,2,"REGN,AAPL",Bull_MidVol
2012-05-02,860.52,0.0,1.77,862.29,1.0,2.87,2,"REGN,AAPL",Bull_MidVol
2012-05-03,842.23,0.0,1.77,844.0,1.0,4.93,2,"REGN,AAPL",Bull_MidVol
2012-05-04,824.72,0.0,1.77,826.48,1.0,6.91,2,"REGN,AAPL",Bull_MidVol
2012-05-07,820.35,0.0,1.77,822.12,1.0,7.4,2,"REGN,AAPL",Bull_MidVol
2012-05-08,823.2,0.0,1.77,824.96,1.0,7.08,2,"REGN,AAPL",Bull_MidVol
2012-05-09,815.78,0.0,1.77,817.54,1.0,7.92,2,"REGN,AAPL",Bull_MidVol
2012-05-10,824.94,0.0,1.77,826.7,1.0,6.89,2,"REGN,AAPL",Bull_MidVol
2012-05-11,838.7,0.0,1.77,840.46,1.0,5.33,2,"REGN,AAPL",Bull_MidVol
2012-05-14,823.73,0.0,1.77,825.5,1.0,7.02,2,"REGN,AAPL",Bull_MidVol
2012-05-15,819.69,0.0,1.77,821.46,1.0,7.48,2,"REGN,AAPL",Bull_LowVol
2012-05-16,817.73,0.0,1.77,819.5,1.0,7.7,2,"REGN,AAPL",Bull_LowVol
2012-05-17,785.98,0.0,1.77,787.75,1.0,11.28,2,"REGN,AAPL",Bull_MidVol
2012-05-18,758.29,0.0,1.77,760.05,1.0,14.41,2,"REGN,AAPL",Bull_MidVol
2012-05-21,797.2,0.0,1.77,798.97,1.0,10.02,2,"REGN,AAPL",Bull_MidVol
2012-05-22,795.45,0.0,1.77,797.21,1.0,10.21,2,"REGN,AAPL",Bull_MidVol
2012-05-23,806.86,0.0,1.77,808.62,1.0,8.93,2,"REGN,AAPL",Bull_MidVol
2012-05-24,816.22,0.0,1.77,817.98,1.0,7.87,2,"REGN,AAPL",Bull_MidVol
2012-05-25,827.74,0.0,1.77,829.5,1.0,6.57,2,"REGN,AAPL",Bull_MidVol
2012-05-29,849.94,0.0,1.77,851.7,1.0,4.06,2,"REGN,AAPL",Bull_MidVol
2012-05-30,850.68,0.0,1.77,852.45,1.0,3.98,2,"REGN,AAPL",Bull_MidVol
2012-05-31,855.69,0.0,6.34,862.03,1.01,3.41,2,"REGN,URI",Bull_MidVol
2012-06-01,778.86,0.0,6.34,785.21,1.01,12.09,2,"REGN,URI",Bull_MidVol
2012-06-04,784.09,0.0,6.34,790.43,1.01,11.5,2,"REGN,URI",Bull_MidVol
2012-06-05,808.8,0.0,6.34,815.14,1.01,8.71,2,"REGN,URI",Bull_MidVol
2012-06-06,832.37,0.0,6.34,838.71,1.01,6.05,2,"REGN,URI",Bull_MidVol
2012-06-07,816.4,0.0,6.34,822.74,1.01,7.85,2,"REGN,URI",Bull_MidVol
2012-06-08,814.97,0.0,6.34,821.32,1.01,8.01,2,"REGN,URI",Bull_MidVol
2012-06-11,788.93,0.0,6.34,795.27,1.01,10.95,2,"REGN,URI",Bull_MidVol
2012-06-12,804.76,0.0,6.34,811.11,1.01,9.16,2,"REGN,URI",Bull_MidVol
2012-06-13,721.03,0.0,6.34,727.37,1.01,18.61,2,"REGN,URI",Bull_MidVol
2012-06-14,723.22,0.0,6.34,729.56,1.01,18.37,2,"REGN,URI",Bull_MidVol
2012-06-15,747.17,0.0,6.34,753.52,1.01,15.66,2,"REGN,URI",Bull_MidVol
2012-06-18,762.59,0.0,6.34,768.93,1.01,13.92,2,"REGN,URI",Bull_MidVol
2012-06-19,768.91,0.0,6.34,775.25,1.01,13.21,2,"REGN,URI",Bull_MidVol
2012-06-20,756.76,0.0,6.34,763.11,1.01,14.58,2,"REGN,URI",Bull_MidVol
2012-06-21,747.74,0.0,6.34,754.09,1.01,15.6,2,"REGN,URI",Bull_MidVol
2012-06-22,750.38,0.0,6.34,756.72,1.01,15.3,2,"REGN,URI",Bull_MidVol
2012-06-25,730.95,0.0,6.34,737.29,1.01,17.49,2,"REGN,URI",Bull_MidVol
2012-06-26,742.61,0.0,6.34,748.95,1.01,16.18,2,"REGN,URI",Bull_MidVol
2012-06-27,728.91,0.0,6.34,735.25,1.01,17.72,2,"REGN,URI",Bull_MidVol
2012-06-28,717.31,0.0,6.34,723.65,1.01,19.03,2,"REGN,URI",Bull_MidVol
2012-06-29,745.02,20.73,0.0,724.28,0.97,15.91,2,"REGN,VRTX",Bull_MidVol
2012-07-02,777.02,20.73,0.0,756.28,0.97,12.29,2,"REGN,VRTX",Bull_MidVol
2012-07-03,784.51,20.73,0.0,763.78,0.97,11.45,2,"REGN,VRTX",Bull_MidVol
2012-07-05,776.99,20.73,0.0,756.25,0.97,12.3,2,"REGN,VRTX",Bull_MidVol
2012-07-06,768.48,20.73,0.0,747.74,0.97,13.26,2,"REGN,VRTX",Bull_MidVol
2012-07-09,754.29,20.73,0.0,733.56,0.97,14.86,2,"REGN,VRTX",Bull_MidVol
2012-07-10,748.7,20.73,0.0,727.97,0.97,15.49,2,"REGN,VRTX",Bull_MidVol
2012-07-11,729.31,20.73,0.0,708.57,0.97,17.68,2,"REGN,VRTX",Bull_MidVol
2012-07-12,751.2,20.73,0.0,730.47,0.97,15.21,2,"REGN,VRTX",Bull_MidVol
2012-07-13,755.95,20.73,0.0,735.22,0.97,14.67,2,"REGN,VRTX",Bull_MidVol
2012-07-16,758.34,20.73,0.0,737.6,0.97,14.4,2,"REGN,VRTX",Bull_MidVol
2012-07-17,775.79,20.73,0.0,755.06,0.97,12.43,2,"REGN,VRTX",Bull_MidVol
2012-07-18,787.81,20.73,0.0,767.07,0.97,11.08,2,"REGN,VRTX",Bull_MidVol
2012-07-19,767.06,20.73,0.0,746.33,0.97,13.42,2,"REGN,VRTX",Bull_MidVol
2012-07-20,770.1,20.73,0.0,749.36,0.97,13.08,2,"REGN,VRTX",Bull_MidVol
2012-07-23,770.39,20.73,0.0,749.66,0.97,13.04,2,"REGN,VRTX",Bull_MidVol
2012-07-24,761.33,20.73,0.0,740.59,0.97,14.07,2,"REGN,VRTX",Bull_MidVol
2012-07-25,800.51,20.73,0.0,779.77,0.97,9.64,2,"REGN,VRTX",Bull_MidVol
2012-07-26,834.78,20.73,0.0,814.04,0.98,5.78,2,"REGN,VRTX",Bull_MidVol
2012-07-27,841.76,20.73,0.0,821.03,0.98,4.99,2,"REGN,VRTX",Bull_MidVol
2012-07-30,836.26,20.73,0.0,815.52,0.98,5.61,2,"REGN,VRTX",Bull_MidVol
2012-07-31,827.22,0.0,224.78,1052.0,1.27,6.63,2,"REGN,VRTX",Bull_MidVol
2012-08-01,829.0,0.0,224.78,1053.78,1.27,6.43,2,"REGN,VRTX",Bull_MidVol
2012-08-02,844.94,0.0,224.78,1069.72,1.27,4.63,2,"REGN,VRTX",Bull_MidVol
2012-08-03,845.25,0.0,224.78,1070.03,1.27,4.59,2,"REGN,VRTX",Bull_MidVol
2012-08-06,867.74,0.0,224.78,1092.52,1.26,2.05,2,"REGN,VRTX",Bull_MidVol
2012-08-07,874.66,0.0,224.78,1099.44,1.26,1.27,2,"REGN,VRTX",Bull_MidVol
2012-08-08,870.02,0.0,224.78,1094.81,1.26,1.8,2,"REGN,VRTX",Bull_MidVol
2012-08-09,866.24,0.0,224.78,1091.02,1.26,2.22,2,"REGN,VRTX",Bull_MidVol
2012-08-10,862.51,0.0,224.78,1087.29,1.26,2.64,2,"REGN,VRTX",Bull_LowVol
2012-08-13,853.2,0.0,224.78,1077.98,1.26,3.7,2,"REGN,VRTX",Bull_LowVol
2012-08-14,872.37,0.0,224.78,1097.15,1.26,1.53,2,"REGN,VRTX",Bull_LowVol
2012-08-15,887.48,0.0,224.78,1112.27,1.25,0.0,2,"REGN,VRTX",Bull_LowVol
2012-08-16,887.44,0.0,224.78,1112.22,1.25,0.0,2,"REGN,VRTX",Bull_LowVol
2012-08-17,892.67,0.0,224.78,1117.46,1.25,0.0,2,"REGN,VRTX",Bull_LowVol
2012-08-20,885.23,0.0,224.78,1110.01,1.25,0.83,2,"REGN,VRTX",Bull_LowVol
2012-08-21,874.18,0.0,224.78,1098.97,1.26,2.07,2,"REGN,VRTX",Bull_LowVol
2012-08-22,895.05,0.0,224.78,1119.83,1.25,0.0,2,"REGN,VRTX",Bull_LowVol
2012-08-23,909.45,0.0,224.78,1134.24,1.25,0.0,2,"REGN,VRTX",Bull_LowVol
2012-08-24,918.71,0.0,224.78,1143.49,1.24,0.0,2,"REGN,VRTX",Bull_LowVol
2012-08-27,920.34,0.0,224.78,1145.12,1.24,0.0,2,"REGN,VRTX",Bull_LowVol
2012-08-28,931.26,0.0,224.78,1156.04,1.24,0.0,2,"REGN,VRTX",Bull_LowVol
2012-08-29,918.83,0.0,224.78,1143.61,1.24,1.33,2,"REGN,VRTX",Bull_LowVol
2012-08-30,918.67,0.0,224.78,1143.45,1.24,1.35,2,"REGN,VRTX",Bull_LowVol
2012-08-31,929.98,0.0,225.2,1155.17,1.24,0.2,2,"REGN,ASML",Bull_LowVol
2012-09-04,936.0,0.0,225.2,1161.19,1.24,0.0,2,"REGN,ASML",Bull_LowVol
2012-09-05,932.04,0.0,225.2,1157.23,1.24,0.42,2,"REGN,ASML",Bull_LowVol
2012-09-06,960.08,0.0,225.2,1185.27,1.23,0.0,2,"REGN,ASML",Bull_LowVol
2012-09-07,953.01,0.0,225.2,1178.21,1.24,0.74,2,"REGN,ASML",Bull_LowVol
2012-09-10,931.54,0.0,225.2,1156.73,1.24,2.97,2,"REGN,ASML",Bull_LowVol
2012-09-11,924.84,0.0,225.2,1150.03,1.24,3.67,2,"REGN,ASML",Bull_LowVol
2012-09-12,909.49,0.0,225.2,1134.69,1.25,5.27,2,"REGN,ASML",Bull_LowVol
2012-09-13,919.73,0.0,225.2,1144.93,1.24,4.2,2,"REGN,ASML",Bull_LowVol
2012-09-14,940.78,0.0,225.2,1165.98,1.24,2.01,2,"REGN,ASML",Bull_LowVol
2012-09-17,942.45,0.0,225.2,1167.64,1.24,1.84,2,"REGN,ASML",Bull_LowVol
2012-09-18,922.37,0.0,225.2,1147.57,1.24,3.93,2,"REGN,ASML",Bull_LowVol
2012-09-19,903.27,0.0,225.2,1128.46,1.25,5.92,2,"REGN,ASML",Bull_LowVol
2012-09-20,904.68,0.0,225.2,1129.88,1.25,5.77,2,"REGN,ASML",Bull_LowVol
2012-09-21,894.67,0.0,225.2,1119.86,1.25,6.81,2,"REGN,ASML",Bull_LowVol
2012-09-24,878.81,0.0,225.2,1104.01,1.26,8.46,2,"REGN,ASML",Bull_LowVol
2012-09-25,895.43,0.0,225.2,1120.63,1.25,6.73,2,"REGN,ASML",Bull_LowVol
2012-09-26,874.76,0.0,225.2,1099.96,1.26,8.89,2,"REGN,ASML",Bull_LowVol
2012-09-27,927.55,0.0,225.2,1152.74,1.24,3.39,2,"REGN,ASML",Bull_LowVol
2012-09-28,927.73,0.0,176.58,1104.31,1.19,3.37,2,"REGN,VLO",Bull_LowVol
2012-10-01,941.36,0.0,176.58,1117.94,1.19,1.95,2,"REGN,VLO",Bull_LowVol
2012-10-02,954.56,0.0,176.58,1131.14,1.18,0.57,2,"REGN,VLO",Bull_LowVol
2012-10-03,954.04,0.0,176.58,1130.62,1.19,0.63,2,"REGN,VLO",Bull_LowVol
2012-10-04,981.1,0.0,176.58,1157.68,1.18,0.0,2,"REGN,VLO",Bull_LowVol
2012-10-05,961.9,0.0,176.58,1138.48,1.18,1.96,2,"REGN,VLO",Bull_LowVol
2012-10-08,941.25,0.0,176.58,1117.83,1.19,4.06,2,"REGN,VLO",Bull_LowVol
2012-10-09,923.86,0.0,176.58,1100.44,1.19,5.83,2,"REGN,VLO",Bull_LowVol
2012-10-10,904.97,0.0,176.58,1081.54,1.2,7.76,2,"REGN,VLO",Bull_LowVol
2012-10-11,906.11,0.0,176.58,1082.69,1.19,7.64,2,"REGN,VLO",Bull_LowVol
2012-10-12,889.77,0.0,176.58,1066.35,1.2,9.31,2,"REGN,VLO",Bull_LowVol
2012-10-15,906.6,0.0,176.58,1083.18,1.19,7.59,2,"REGN,VLO",Bull_LowVol
2012-10-16,931.35,0.0,176.58,1107.92,1.19,5.07,2,"REGN,VLO",Bull_LowVol
2012-10-17,968.59,0.0,176.58,1145.17,1.18,1.28,2,"REGN,VLO",Bull_LowVol
2012-10-18,946.78,0.0,176.58,1123.35,1.19,3.5,2,"REGN,VLO",Bull_LowVol
2012-10-19,933.12,0.0,176.58,1109.69,1.19,4.89,2,"REGN,VLO",Bull_LowVol
2012-10-22,956.22,0.0,176.58,1132.8,1.18,2.54,2,"REGN,VLO",Bull_LowVol
2012-10-23,894.29,0.0,176.58,1070.86,1.2,8.85,2,"REGN,VLO",Bull_LowVol
2012-10-24,943.7,0.0,176.58,1120.28,1.19,3.81,2,"REGN,VLO",Bull_LowVol
2012-10-25,906.95,0.0,176.58,1083.53,1.19,7.56,2,"REGN,VLO",Bull_LowVol
2012-10-26,882.52,0.0,176.58,1059.1,1.2,10.05,2,"REGN,VLO",Bull_LowVol
2012-10-31,840.15,0.0,232.34,1072.49,1.28,14.37,2,"REGN,GILD",Bull_LowVol
2012-11-01,862.35,0.0,232.34,1094.7,1.27,12.1,2,"REGN,GILD",Bull_LowVol
2012-11-02,845.3,0.0,232.34,1077.64,1.27,13.84,2,"REGN,GILD",Bull_LowVol
2012-11-05,852.26,0.0,232.34,1084.6,1.27,13.13,2,"REGN,GILD",Bull_LowVol
2012-11-06,852.22,0.0,232.34,1084.56,1.27,13.14,2,"REGN,GILD",Bull_LowVol
2012-11-07,810.49,0.0,232.34,1042.83,1.29,17.39,2,"REGN,GILD",Bull_MidVol
2012-11-08,804.44,0.0,232.34,1036.78,1.29,18.01,2,"REGN,GILD",Bull_MidVol
2012-11-09,820.81,0.0,232.34,1053.15,1.28,16.34,2,"REGN,GILD",Bull_MidVol
2012-11-12,888.96,0.0,232.34,1121.3,1.26,9.39,2,"REGN,GILD",Bull_MidVol
2012-11-13,898.42,0.0,232.34,1130.77,1.26,8.43,2,"REGN,GILD",Bull_MidVol
2012-11-14,893.64,0.0,232.34,1125.98,1.26,8.92,2,"REGN,GILD",Bull_MidVol
2012-11-15,871.21,0.0,232.34,1103.55,1.27,11.2,2,"REGN,GILD",Bull_LowVol
2012-11-16,955.9,0.0,232.34,1188.24,1.24,2.57,2,"REGN,GILD",Bull_LowVol
2012-11-19,971.98,0.0,232.34,1204.32,1.24,0.93,2,"REGN,GILD",Bull_MidVol
2012-11-20,1039.86,0.0,232.34,1272.2,1.22,0.0,2,"REGN,GILD",Bull_MidVol
2012-11-21,1046.95,0.0,232.34,1279.29,1.22,0.0,2,"REGN,GILD",Bull_MidVol
2012-11-23,1057.67,0.0,232.34,1290.02,1.22,0.0,2,"REGN,GILD",Bull_MidVol
2012-11-26,1045.72,0.0,232.34,1278.06,1.22,1.13,2,"REGN,GILD",Bull_MidVol
2012-11-27,1042.94,0.0,232.34,1275.29,1.22,1.39,2,"REGN,GILD",Bull_MidVol
2012-11-28,1045.22,0.0,232.34,1277.56,1.22,1.18,2,"REGN,GILD",Bull_MidVol
2012-11-29,1112.1,0.0,232.34,1344.44,1.21,0.0,2,"REGN,GILD",Bull_MidVol
2012-11-30,1066.63,32.4,0.0,1034.23,0.97,4.09,2,"GILD,MPC",Bull_MidVol
2012-12-03,1064.68,32.4,0.0,1032.27,0.97,4.26,2,"GILD,MPC",Bull_MidVol
2012-12-04,1058.12,32.4,0.0,1025.72,0.97,4.85,2,"GILD,MPC",Bull_MidVol
2012-12-05,1048.89,32.4,0.0,1016.49,0.97,5.68,2,"GILD,MPC",Bull_MidVol
2012-12-06,1058.84,32.4,0.0,1026.44,0.97,4.79,2,"GILD,MPC",Bull_LowVol
2012-12-07,1073.34,32.4,0.0,1040.94,0.97,3.49,2,"GILD,MPC",Bull_LowVol
2012-12-10,1089.11,32.4,0.0,1056.71,0.97,2.07,2,"GILD,MPC",Bull_LowVol
2012-12-11,1093.85,32.4,0.0,1061.45,0.97,1.64,2,"GILD,MPC",Bull_LowVol
2012-12-12,1094.34,32.4,0.0,1061.94,0.97,1.6,2,"GILD,MPC",Bull_LowVol
2012-12-13,1089.29,32.4,0.0,1056.89,0.97,2.05,2,"GILD,MPC",Bull_LowVol
2012-12-14,1097.84,32.4,0.0,1065.44,0.97,1.28,2,"GILD,MPC",Bull_LowVol
2012-12-17,1105.68,32.4,0.0,1073.28,0.97,0.58,2,"GILD,MPC",Bull_LowVol
2012-12-18,1108.17,32.4,0.0,1075.77,0.97,0.35,2,"GILD,MPC",Bull_LowVol
2012-12-19,1094.0,32.4,0.0,1061.6,0.97,1.63,2,"GILD,MPC",Bull_LowVol
2012-12-20,1088.67,32.4,0.0,1056.27,0.97,2.11,2,"GILD,MPC",Bull_LowVol
2012-12-21,1082.73,32.4,0.0,1050.33,0.97,2.64,2,"GILD,MPC",Bull_LowVol
2012-12-24,1084.55,32.4,0.0,1052.15,0.97,2.48,2,"GILD,MPC",Bull_LowVol
2012-12-26,1076.0,32.4,0.0,1043.6,0.97,3.25,2,"GILD,MPC",Bull_LowVol
2012-12-27,1080.49,32.4,0.0,1048.09,0.97,2.84,2,"GILD,MPC",Bull_LowVol
2012-12-28,1069.58,32.4,0.0,1037.18,0.97,3.82,2,"GILD,MPC",Bull_LowVol
2012-12-31,988.01,0.0,187.2,1175.21,1.19,11.16,2,"GILD,REGN",Bull_LowVol
2013-01-02,1043.11,0.0,187.2,1230.31,1.18,6.2,2,"GILD,REGN",Bull_MidVol
2013-01-03,1040.27,0.0,187.2,1227.48,1.18,6.46,2,"GILD,REGN",Bull_MidVol
2013-01-04,1046.0,0.0,187.2,1233.2,1.18,5.94,2,"GILD,REGN",Bull_MidVol
2013-01-07,1058.85,0.0,187.2,1246.05,1.18,4.79,2,"GILD,REGN",Bull_MidVol
2013-01-08,1034.47,0.0,187.2,1221.67,1.18,6.98,2,"GILD,REGN",Bull_MidVol
2013-01-09,1068.09,0.0,187.2,1255.29,1.18,3.96,2,"GILD,REGN",Bull_MidVol
2013-01-10,1070.16,0.0,187.2,1257.36,1.17,3.77,2,"GILD,REGN",Bull_MidVol
2013-01-11,1051.08,0.0,187.2,1238.29,1.18,5.49,2,"GILD,REGN",Bull_MidVol
2013-01-14,1049.17,0.0,187.2,1236.37,1.18,5.66,2,"GILD,REGN",Bull_MidVol
2013-01-15,1026.03,0.0,187.2,1213.23,1.18,7.74,2,"GILD,REGN",Bull_MidVol
2013-01-16,1002.9,0.0,187.2,1190.11,1.19,9.82,2,"GILD,REGN",Bull_MidVol
2013-01-17,1002.78,0.0,187.2,1189.99,1.19,9.83,2,"GILD,REGN",Bull_LowVol
2013-01-18,999.3,0.0,187.2,1186.51,1.19,10.14,2,"GILD,REGN",Bull_LowVol
2013-01-22,1029.99,0.0,187.2,1217.2,1.18,7.38,2,"GILD,REGN",Bull_LowVol
2013-01-23,1029.35,0.0,187.2,1216.55,1.18,7.44,2,"GILD,REGN",Bull_LowVol
2013-01-24,1023.71,0.0,187.2,1210.92,1.18,7.95,2,"GILD,REGN",Bull_MidVol
2013-01-25,1034.95,0.0,187.2,1222.16,1.18,6.94,2,"GILD,REGN",Bull_LowVol
2013-01-28,1015.95,0.0,187.2,1203.15,1.18,8.65,2,"GILD,REGN",Bull_LowVol
2013-01-29,1039.49,0.0,187.2,1226.69,1.18,6.53,2,"GILD,REGN",Bull_LowVol
2013-01-30,1038.04,0.0,187.2,1225.24,1.18,6.66,2,"GILD,REGN",Bull_LowVol
2013-01-31,1032.57,0.0,335.09,1367.66,1.32,7.15,2,"REGN,URI",Bull_LowVol
2013-02-01,1046.09,0.0,335.09,1381.18,1.32,5.93,2,"REGN,URI",Bull_LowVol
2013-02-04,1019.04,0.0,335.09,1354.13,1.33,8.37,2,"REGN,URI",Bull_LowVol
2013-02-05,1029.1,0.0,335.09,1364.18,1.33,7.46,2,"REGN,URI",Bull_LowVol
2013-02-06,1025.2,0.0,335.09,1360.29,1.33,7.81,2,"REGN,URI",Bull_LowVol
2013-02-07,1007.34,0.0,335.09,1342.43,1.33,9.42,2,"REGN,URI",Bull_LowVol
2013-02-08,1023.21,0.0,335.09,1358.3,1.33,7.99,2,"REGN,URI",Bull_LowVol
2013-02-11,1046.35,0.0,335.09,1381.44,1.32,5.91,2,"REGN,URI",Bull_LowVol
2013-02-12,1047.36,0.0,335.09,1382.45,1.32,5.82,2,"REGN,URI",Bull_LowVol
2013-02-13,1070.6,0.0,335.09,1405.68,1.31,3.73,2,"REGN,URI",Bull_LowVol
2013-02-14,1070.18,0.0,335.09,1405.27,1.31,3.77,2,"REGN,URI",Bull_LowVol
2013-02-15,1038.81,0.0,335.09,1373.9,1.32,6.59,2,"REGN,URI",Bull_LowVol
2013-02-19,1026.71,0.0,335.09,1361.8,1.33,7.68,2,"REGN,URI",Bull_LowVol
2013-02-20,988.91,0.0,335.09,1324.0,1.34,11.08,2,"REGN,URI",Bull_LowVol
2013-02-21,968.89,0.0,335.09,1303.97,1.35,12.88,2,"REGN,URI",Bull_LowVol
2013-02-22,993.66,0.0,335.09,1328.75,1.34,10.65,2,"REGN,URI",Bull_LowVol
2013-02-25,963.89,0.0,335.09,1298.98,1.35,13.33,2,"REGN,URI",Bull_LowVol
2013-02-26,981.35,0.0,335.09,1316.44,1.34,11.76,2,"REGN,URI",Bull_LowVol
2013-02-27,1012.08,0.0,335.09,1347.16,1.33,8.99,2,"REGN,URI",Bull_LowVol
2013-02-28,1023.15,0.0,1.85,1025.01,1.0,8.0,2,"VLO,MPC",Bull_LowVol
2013-03-01,1047.98,0.0,1.85,1049.83,1.0,5.77,2,"VLO,MPC",Bull_LowVol
2013-03-04,1098.44,0.0,1.85,1100.29,1.0,1.23,2,"VLO,MPC",Bull_LowVol
2013-03-05,1089.07,0.0,1.85,1090.92,1.0,2.07,2,"VLO,MPC",Bull_LowVol
2013-03-06,1080.64,0.0,1.85,1082.5,1.0,2.83,2,"VLO,MPC",Bull_LowVol
2013-03-07,1066.26,0.0,1.85,1068.12,1.0,4.12,2,"VLO,MPC",Bull_LowVol
2013-03-08,1059.05,0.0,1.85,1060.91,1.0,4.77,2,"VLO,MPC",Bull_LowVol
2013-03-11,1031.7,0.0,1.85,1033.56,1.0,7.23,2,"VLO,MPC",Bull_LowVol
2013-03-12,1059.45,0.0,1.85,1061.3,1.0,4.73,2,"VLO,MPC",Bull_LowVol
2013-03-13,1021.86,0.0,1.85,1023.72,1.0,8.11,2,"VLO,MPC",Bull_LowVol
2013-03-14,1031.94,0.0,1.85,1033.8,1.0,7.21,2,"VLO,MPC",Bull_LowVol
2013-03-15,1037.25,0.0,1.85,1039.11,1.0,6.73,2,"VLO,MPC",Bull_LowVol
2013-03-18,1044.55,0.0,1.85,1046.41,1.0,6.07,2,"VLO,MPC",Bull_LowVol
2013-03-19,1040.0,0.0,1.85,1041.86,1.0,6.48,2,"VLO,MPC",Bull_LowVol
2013-03-20,1062.16,0.0,1.85,1064.02,1.0,4.49,2,"VLO,MPC",Bull_LowVol
2013-03-21,1042.2,0.0,1.85,1044.06,1.0,6.28,2,"VLO,MPC",Bull_LowVol
2013-03-22,1055.87,0.0,1.85,1057.73,1.0,5.06,2,"VLO,MPC",Bull_LowVol
2013-03-25,1052.0,0.0,1.85,1053.86,1.0,5.4,2,"VLO,MPC",Bull_LowVol
2013-03-26,1064.19,0.0,1.85,1066.05,1.0,4.31,2,"VLO,MPC",Bull_LowVol
2013-03-27,1056.61,0.0,1.85,1058.47,1.0,4.99,2,"VLO,MPC",Bull_LowVol
2013-03-28,1062.43,0.0,1.85,1064.28,1.0,4.47,2,"VLO,MPC",Bull_LowVol
2013-04-01,1057.81,0.0,1.85,1059.66,1.0,4.88,2,"VLO,MPC",Bull_LowVol
2013-04-02,1002.08,0.0,1.85,1003.93,1.0,9.89,2,"VLO,MPC",Bull_LowVol
2013-04-03,956.57,0.0,1.85,958.43,1.0,13.98,2,"VLO,MPC",Bull_LowVol
2013-04-04,973.67,0.0,1.85,975.53,1.0,12.45,2,"VLO,MPC",Bull_LowVol
2013-04-05,978.4,0.0,1.85,980.26,1.0,12.02,2,"VLO,MPC",Bull_LowVol
2013-04-08,985.98,0.0,1.85,987.83,1.0,11.34,2,"VLO,MPC",Bull_LowVol
2013-04-09,1000.87,0.0,1.85,1002.73,1.0,10.0,2,"VLO,MPC",Bull_LowVol
2013-04-10,1001.69,0.0,1.85,1003.54,1.0,9.93,2,"VLO,MPC",Bull_LowVol
2013-04-11,968.28,0.0,1.85,970.14,1.0,12.93,2,"VLO,MPC",Bull_LowVol
2013-04-12,953.53,0.0,1.85,955.39,1.0,14.26,2,"VLO,MPC",Bull_LowVol
2013-04-15,912.51,0.0,1.85,914.36,1.0,17.95,2,"VLO,MPC",Bull_LowVol
2013-04-16,930.33,0.0,1.85,932.18,1.0,16.34,2,"VLO,MPC",Bull_LowVol
2013-04-17,900.44,439.55,0.0,460.89,0.51,19.03,1,MPC,Bull_MidVol
2013-04-18,902.73,439.55,0.0,463.17,0.51,18.83,1,MPC,Bull_MidVol
2013-04-19,913.31,439.55,0.0,473.76,0.52,17.87,1,MPC,Bull_MidVol
2013-04-22,920.77,439.55,0.0,481.22,0.52,17.2,1,MPC,Bull_MidVol
2013-04-23,930.16,439.55,0.0,490.61,0.53,16.36,1,MPC,Bull_MidVol
2013-04-24,936.6,439.55,0.0,497.04,0.53,15.78,1,MPC,Bull_MidVol
2013-04-25,930.58,439.55,0.0,491.03,0.53,16.32,1,MPC,Bull_MidVol
2013-04-26,928.96,439.55,0.0,489.4,0.53,16.47,1,MPC,Bull_MidVol
2013-04-29,935.33,439.55,0.0,495.78,0.53,15.89,1,MPC,Bull_MidVol
2013-04-30,910.3,73.08,0.0,837.22,0.92,18.15,2,"MPC,MU",Bull_MidVol
2013-05-01,872.34,73.08,0.0,799.26,0.92,21.56,2,"MPC,MU",Bull_MidVol
2013-05-02,891.02,73.08,0.0,817.94,0.92,19.88,2,"MPC,MU",Bull_MidVol
2013-05-03,916.89,73.08,0.0,843.82,0.92,17.55,2,"MPC,MU",Bull_MidVol
2013-05-06,935.42,73.08,0.0,862.34,0.92,15.89,2,"MPC,MU",Bull_MidVol
2013-05-07,950.19,73.08,0.0,877.11,0.92,14.56,2,"MPC,MU",Bull_MidVol
2013-05-08,943.65,73.08,0.0,870.57,0.92,15.15,2,"MPC,MU",Bull_MidVol
2013-05-09,961.06,73.08,0.0,887.98,0.92,13.58,2,"MPC,MU",Bull_MidVol
2013-05-10,958.77,73.08,0.0,885.7,0.92,13.79,2,"MPC,MU",Bull_MidVol
2013-05-13,946.96,73.08,0.0,873.89,0.92,14.85,2,"MPC,MU",Bull_LowVol
2013-05-14,957.15,73.08,0.0,884.08,0.92,13.93,2,"MPC,MU",Bull_LowVol
2013-05-15,974.94,73.08,0.0,901.87,0.93,12.33,2,"MPC,MU",Bull_LowVol
2013-05-16,977.12,73.08,0.0,904.05,0.93,12.14,2,"MPC,MU",Bull_LowVol
2013-05-17,1011.97,73.08,0.0,938.9,0.93,9.0,2,"MPC,MU",Bull_LowVol
2013-05-20,1019.69,73.08,0.0,946.62,0.93,8.31,2,"MPC,MU",Bull_LowVol
2013-05-21,1010.08,73.08,0.0,937.0,0.93,9.17,2,"MPC,MU",Bull_LowVol
2013-05-22,995.44,73.08,0.0,922.36,0.93,10.49,2,"MPC,MU",Bull_LowVol
2013-05-23,1013.15,73.08,0.0,940.07,0.93,8.9,2,"MPC,MU",Bull_LowVol
2013-05-24,1019.1,73.08,0.0,946.02,0.93,8.36,2,"MPC,MU",Bull_LowVol
2013-05-28,1036.69,73.08,0.0,963.61,0.93,6.78,2,"MPC,MU",Bull_LowVol
2013-05-29,1038.39,73.08,0.0,965.31,0.93,6.63,2,"MPC,MU",Bull_LowVol
2013-05-30,1039.69,73.08,0.0,966.62,0.93,6.51,2,"MPC,MU",Bull_LowVol
2013-05-31,1022.01,0.0,1.87,1023.88,1.0,8.1,2,"VRTX,TSLA",Bull_LowVol
2013-06-03,989.32,0.0,1.87,991.19,1.0,11.04,2,"VRTX,TSLA",Bull_LowVol
2013-06-04,994.26,0.0,1.87,996.13,1.0,10.6,2,"VRTX,TSLA",Bull_LowVol
2013-06-05,987.62,0.0,1.87,989.49,1.0,11.19,2,"VRTX,TSLA",Bull_LowVol
2013-06-06,1004.68,0.0,1.87,1006.54,1.0,9.66,2,"VRTX,TSLA",Bull_LowVol
2013-06-07,1059.98,0.0,1.87,1061.85,1.0,4.69,2,"VRTX,TSLA",Bull_LowVol
2013-06-10,1052.13,0.0,1.87,1053.99,1.0,5.39,2,"VRTX,TSLA",Bull_LowVol
2013-06-11,1012.48,0.0,1.87,1014.35,1.0,8.96,2,"VRTX,TSLA",Bull_LowVol
2013-06-12,1021.2,0.0,1.87,1023.06,1.0,8.17,2,"VRTX,TSLA",Bull_LowVol
2013-06-13,1039.52,0.0,1.87,1041.39,1.0,6.53,2,"VRTX,TSLA",Bull_LowVol
2013-06-14,1034.69,0.0,1.87,1036.56,1.0,6.96,2,"VRTX,TSLA",Bull_LowVol
2013-06-17,1033.96,0.0,1.87,1035.83,1.0,7.03,2,"VRTX,TSLA",Bull_LowVol
2013-06-18,1040.3,0.0,1.87,1042.16,1.0,6.46,2,"VRTX,TSLA",Bull_LowVol
2013-06-19,1040.66,0.0,1.87,1042.53,1.0,6.42,2,"VRTX,TSLA",Bull_LowVol
2013-06-20,1009.03,0.0,1.87,1010.9,1.0,9.27,2,"VRTX,TSLA",Bull_LowVol
2013-06-21,1002.29,0.0,1.87,1004.16,1.0,9.87,2,"VRTX,TSLA",Bull_LowVol
2013-06-24,1016.64,0.0,1.87,1018.51,1.0,8.58,2,"VRTX,TSLA",Bull_LowVol
2013-06-25,1030.68,0.0,1.87,1032.55,1.0,7.32,2,"VRTX,TSLA",Bull_LowVol
2013-06-26,1062.09,0.0,1.87,1063.96,1.0,4.5,2,"VRTX,TSLA",Bull_MidVol
2013-06-27,1081.28,0.0,1.87,1083.15,1.0,2.77,2,"VRTX,TSLA",Bull_MidVol
2013-06-28,1068.06,9.13,0.0,1058.93,0.99,3.96,2,"TSLA,MU",Bull_MidVol
2013-07-01,1144.52,9.13,0.0,1135.39,0.99,0.0,2,"TSLA,MU",Bull_MidVol
2013-07-02,1150.16,9.13,0.0,1141.03,0.99,0.0,2,"TSLA,MU",Bull_MidVol
2013-07-03,1127.31,9.13,0.0,1118.17,0.99,1.99,2,"TSLA,MU",Bull_LowVol
2013-07-05,1168.04,9.13,0.0,1158.91,0.99,0.0,2,"TSLA,MU",Bull_LowVol
2013-07-08,1175.84,9.13,0.0,1166.71,0.99,0.0,2,"TSLA,MU",Bull_LowVol
2013-07-09,1177.09,9.13,0.0,1167.96,0.99,0.0,2,"TSLA,MU",Bull_LowVol
2013-07-10,1159.02,9.13,0.0,1149.88,0.99,1.54,2,"TSLA,MU",Bull_LowVol
2013-07-11,1187.56,9.13,0.0,1178.43,0.99,0.0,2,"TSLA,MU",Bull_LowVol
2013-07-12,1221.2,9.13,0.0,1212.07,0.99,0.0,2,"TSLA,MU",Bull_LowVol
2013-07-15,1206.06,9.13,0.0,1196.93,0.99,1.24,2,"TSLA,MU",Bull_LowVol
2013-07-16,1067.24,9.13,0.0,1058.1,0.99,12.61,2,"TSLA,MU",Bull_LowVol
2013-07-17,1158.58,9.13,0.0,1149.45,0.99,5.13,2,"TSLA,MU",Bull_LowVol
2013-07-18,1150.46,9.13,0.0,1141.33,0.99,5.79,2,"TSLA,MU",Bull_LowVol
2013-07-19,1156.18,9.13,0.0,1147.04,0.99,5.32,2,"TSLA,MU",Bull_LowVol
2013-07-22,1179.33,9.13,0.0,1170.19,0.99,3.43,2,"TSLA,MU",Bull_LowVol
2013-07-23,1178.94,9.13,0.0,1169.81,0.99,3.46,2,"TSLA,MU",Bull_LowVol
2013-07-24,1162.86,9.13,0.0,1153.73,0.99,4.78,2,"TSLA,MU",Bull_LowVol
2013-07-25,1184.21,9.13,0.0,1175.08,0.99,3.03,2,"TSLA,MU",Bull_LowVol
2013-07-26,1215.69,9.13,0.0,1206.56,0.99,0.45,2,"TSLA,MU",Bull_LowVol
2013-07-29,1255.1,9.13,0.0,1245.97,0.99,0.0,2,"TSLA,MU",Bull_LowVol
2013-07-30,1234.35,9.13,0.0,1225.22,0.99,1.65,2,"TSLA,MU",Bull_LowVol
2013-07-31,1263.23,0.0,44.61,1307.84,1.04,0.05,2,"TSLA,MU",Bull_LowVol
2013-08-01,1279.47,0.0,44.61,1324.08,1.03,0.0,2,"TSLA,MU",Bull_LowVol
2013-08-02,1297.44,0.0,44.61,1342.05,1.03,0.0,2,"TSLA,MU",Bull_LowVol
2013-08-05,1362.72,0.0,44.61,1407.33,1.03,0.0,2,"TSLA,MU",Bull_LowVol
2013-08-06,1342.22,0.0,44.61,1386.83,1.03,1.5,2,"TSLA,MU",Bull_LowVol
2013-08-07,1273.6,0.0,44.61,1318.21,1.04,6.54,2,"TSLA,MU",Bull_LowVol
2013-08-08,1427.88,0.0,44.61,1472.49,1.03,0.0,2,"TSLA,MU",Bull_LowVol
2013-08-09,1424.85,0.0,44.61,1469.46,1.03,0.21,2,"TSLA,MU",Bull_LowVol
2013-08-12,1377.56,0.0,44.61,1422.17,1.03,3.52,2,"TSLA,MU",Bull_LowVol
2013-08-13,1383.74,0.0,44.61,1428.35,1.03,3.09,2,"TSLA,MU",Bull_LowVol
2013-08-14,1333.09,0.0,44.61,1377.7,1.03,6.64,2,"TSLA,MU",Bull_LowVol
2013-08-15,1322.5,0.0,44.61,1367.11,1.03,7.38,2,"TSLA,MU",Bull_LowVol
2013-08-16,1338.58,0.0,44.61,1383.2,1.03,6.25,2,"TSLA,MU",Bull_LowVol
2013-08-19,1357.46,0.0,44.61,1402.07,1.03,4.93,2,"TSLA,MU",Bull_LowVol
2013-08-20,1394.32,0.0,44.61,1438.93,1.03,2.35,2,"TSLA,MU",Bull_LowVol
2013-08-21,1377.56,0.0,44.61,1422.17,1.03,3.52,2,"TSLA,MU",Bull_LowVol
2013-08-22,1454.69,0.0,44.61,1499.3,1.03,0.0,2,"TSLA,MU",Bull_LowVol
2013-08-23,1492.03,0.0,44.61,1536.64,1.03,0.0,2,"TSLA,MU",Bull_LowVol
2013-08-26,1509.26,0.0,44.61,1553.87,1.03,0.0,2,"TSLA,MU",Bull_LowVol
2013-08-27,1519.9,0.0,44.61,1564.52,1.03,0.0,2,"TSLA,MU",Bull_LowVol
2013-08-28,1516.63,0.0,44.61,1561.24,1.03,0.22,2,"TSLA,MU",Bull_LowVol
2013-08-29,1519.79,0.0,44.61,1564.4,1.03,0.01,2,"TSLA,MU",Bull_LowVol
2013-08-30,1542.12,0.0,92.95,1635.08,1.06,0.05,2,"TSLA,MU",Bull_LowVol
2013-09-03,1551.5,0.0,92.95,1644.46,1.06,0.0,2,"TSLA,MU",Bull_LowVol
2013-09-04,1581.31,0.0,92.95,1674.26,1.06,0.0,2,"TSLA,MU",Bull_LowVol
2013-09-05,1585.28,0.0,92.95,1678.23,1.06,0.0,2,"TSLA,MU",Bull_LowVol
2013-09-06,1563.98,0.0,92.95,1656.93,1.06,1.34,2,"TSLA,MU",Bull_LowVol
2013-09-09,1522.65,0.0,92.95,1615.61,1.06,3.95,2,"TSLA,MU",Bull_LowVol
2013-09-10,1581.65,0.0,92.95,1674.6,1.06,0.23,2,"TSLA,MU",Bull_LowVol
2013-09-11,1564.35,0.0,92.95,1657.3,1.06,1.32,2,"TSLA,MU",Bull_LowVol
2013-09-12,1568.96,0.0,92.95,1661.92,1.06,1.03,2,"TSLA,MU",Bull_LowVol
2013-09-13,1573.77,0.0,92.95,1666.72,1.06,0.73,2,"TSLA,MU",Bull_LowVol
2013-09-16,1587.33,0.0,92.95,1680.29,1.06,0.0,2,"TSLA,MU",Bull_LowVol
2013-09-17,1593.53,0.0,92.95,1686.49,1.06,0.0,2,"TSLA,MU",Bull_LowVol
2013-09-18,1603.08,0.0,92.95,1696.04,1.06,0.0,2,"TSLA,MU",Bull_LowVol
2013-09-19,1692.78,0.0,92.95,1785.73,1.05,0.0,2,"TSLA,MU",Bull_LowVol
2013-09-20,1737.43,0.0,92.95,1830.39,1.05,0.0,2,"TSLA,MU",Bull_LowVol
2013-09-23,1715.44,0.0,92.95,1808.4,1.05,1.27,2,"TSLA,MU",Bull_LowVol
2013-09-24,1724.83,0.0,92.95,1817.78,1.05,0.73,2,"TSLA,MU",Bull_LowVol
2013-09-25,1746.18,0.0,92.95,1839.14,1.05,0.0,2,"TSLA,MU",Bull_LowVol
2013-09-26,1784.16,0.0,92.95,1877.12,1.05,0.0,2,"TSLA,MU",Bull_LowVol
2013-09-27,1805.32,0.0,92.95,1898.28,1.05,0.0,2,"TSLA,MU",Bull_LowVol
2013-09-30,1823.49,0.0,66.01,1889.5,1.04,0.0,2,"TSLA,META",Bull_LowVol
2013-10-01,1821.96,0.0,66.01,1887.97,1.04,0.08,2,"TSLA,META",Bull_LowVol
2013-10-02,1726.02,0.0,66.01,1792.03,1.04,5.35,2,"TSLA,META",Bull_LowVol
2013-10-03,1657.82,0.0,66.01,1723.83,1.04,9.09,2,"TSLA,META",Bull_LowVol
2013-10-04,1731.8,0.0,66.01,1797.81,1.04,5.03,2,"TSLA,META",Bull_LowVol
2013-10-07,1744.47,0.0,66.01,1810.48,1.04,4.33,2,"TSLA,META",Bull_LowVol
2013-10-08,1654.13,0.0,66.01,1720.14,1.04,9.29,2,"TSLA,META",Bull_LowVol
2013-10-09,1604.56,0.0,66.01,1670.57,1.04,12.01,2,"TSLA,META",Bull_LowVol
2013-10-10,1653.88,0.0,66.01,1719.89,1.04,9.3,2,"TSLA,META",Bull_LowVol
2013-10-11,1699.77,0.0,66.01,1765.78,1.04,6.78,2,"TSLA,META",Bull_LowVol
2013-10-14,1710.72,0.0,66.01,1776.73,1.04,6.18,2,"TSLA,META",Bull_LowVol
2013-10-15,1743.89,0.0,66.01,1809.9,1.04,4.37,2,"TSLA,META",Bull_LowVol
2013-10-16,1752.86,0.0,66.01,1818.86,1.04,3.87,2,"TSLA,META",Bull_LowVol
2013-10-17,1754.67,0.0,66.01,1820.68,1.04,3.77,2,"TSLA,META",Bull_LowVol
2013-10-18,1774.06,0.0,66.01,1840.07,1.04,2.71,2,"TSLA,META",Bull_LowVol
2013-10-21,1686.29,0.0,66.01,1752.3,1.04,7.52,2,"TSLA,META",Bull_LowVol
2013-10-22,1669.41,0.0,66.01,1735.42,1.04,8.45,2,"TSLA,META",Bull_LowVol
2013-10-23,1608.27,0.0,66.01,1674.27,1.04,11.8,2,"TSLA,META",Bull_LowVol
2013-10-24,1680.41,0.0,66.01,1746.42,1.04,7.85,2,"TSLA,META",Bull_LowVol
2013-10-25,1649.27,0.0,66.01,1715.28,1.04,9.55,2,"TSLA,META",Bull_LowVol
2013-10-28,1583.17,0.0,66.01,1649.18,1.04,13.18,2,"TSLA,META",Bull_LowVol
2013-10-29,1589.8,0.0,66.01,1655.8,1.04,12.82,2,"TSLA,META",Bull_LowVol
2013-10-30,1545.6,0.0,66.01,1611.61,1.04,15.24,2,"TSLA,META",Bull_LowVol
2013-10-31,1562.2,0.0,9.19,1571.39,1.01,14.33,2,"TSLA,MU",Bull_LowVol
2013-11-01,1578.0,0.0,9.19,1587.2,1.01,13.46,2,"TSLA,MU",Bull_LowVol
2013-11-04,1686.1,0.0,9.19,1695.3,1.01,7.53,2,"TSLA,MU",Bull_LowVol
2013-11-05,1694.91,0.0,9.19,1704.1,1.01,7.05,2,"TSLA,MU",Bull_LowVol
2013-11-06,1489.87,0.0,9.19,1499.06,1.01,18.3,2,"TSLA,MU",Bull_LowVol
2013-11-07,1404.03,0.0,9.19,1413.22,1.01,23.0,2,"TSLA,MU",Bull_LowVol
2013-11-08,1396.56,0.0,9.19,1405.76,1.01,23.41,2,"TSLA,MU",Bull_LowVol
2013-11-11,1452.55,0.0,9.19,1461.75,1.01,20.34,2,"TSLA,MU",Bull_LowVol
2013-11-12,1404.55,0.0,9.19,1413.74,1.01,22.97,2,"TSLA,MU",Bull_LowVol
2013-11-13,1416.75,0.0,9.19,1425.94,1.01,22.31,2,"TSLA,MU",Bull_LowVol
2013-11-14,1412.84,0.0,9.19,1422.03,1.01,22.52,2,"TSLA,MU",Bull_LowVol
2013-11-15,1400.66,0.0,9.19,1409.86,1.01,23.19,2,"TSLA,MU",Bull_LowVol
2013-11-18,1288.41,0.0,9.19,1297.61,1.01,29.34,2,"TSLA,MU",Bull_LowVol
2013-11-19,1319.89,0.0,9.19,1329.08,1.01,27.62,2,"TSLA,MU",Bull_LowVol
2013-11-20,1276.08,0.0,9.19,1285.27,1.01,30.02,2,"TSLA,MU",Bull_LowVol
2013-11-21,1304.85,0.0,9.19,1314.04,1.01,28.44,2,"TSLA,MU",Bull_LowVol
2013-11-22,1302.7,0.0,9.19,1311.89,1.01,28.56,2,"TSLA,MU",Bull_LowVol
2013-11-25,1292.63,0.0,9.19,1301.83,1.01,29.11,2,"TSLA,MU",Bull_LowVol
2013-11-26,1297.88,0.0,9.19,1307.08,1.01,28.82,2,"TSLA,MU",Bull_LowVol
2013-11-27,1363.77,0.0,9.19,1372.96,1.01,25.21,2,"TSLA,MU",Bull_LowVol
2013-11-29,1364.71,88.55,0.0,1276.16,0.94,25.16,2,"TSLA,NFLX",Bull_LowVol
2013-12-02,1338.81,88.55,0.0,1250.26,0.93,26.58,2,"TSLA,NFLX",Bull_LowVol
2013-12-03,1499.79,88.55,0.0,1411.24,0.94,17.75,2,"TSLA,NFLX",Bull_LowVol
2013-12-04,1449.51,88.55,0.0,1360.96,0.94,20.51,2,"TSLA,NFLX",Bull_LowVol
2013-12-05,1462.9,88.55,0.0,1374.35,0.94,19.77,2,"TSLA,NFLX",Bull_LowVol
2013-12-06,1435.61,88.55,0.0,1347.06,0.94,21.27,2,"TSLA,NFLX",Bull_LowVol
2013-12-09,1469.93,88.55,0.0,1381.38,0.94,19.39,2,"TSLA,NFLX",Bull_LowVol
2013-12-10,1480.14,88.55,0.0,1391.59,0.94,18.83,2,"TSLA,NFLX",Bull_LowVol
2013-12-11,1460.79,88.55,0.0,1372.24,0.94,19.89,2,"TSLA,NFLX",Bull_LowVol
2013-12-12,1529.38,88.55,0.0,1440.83,0.94,16.13,2,"TSLA,NFLX",Bull_LowVol
2013-12-13,1527.53,88.55,0.0,1438.98,0.94,16.23,2,"TSLA,NFLX",Bull_LowVol
2013-12-16,1527.83,88.55,0.0,1439.28,0.94,16.21,2,"TSLA,NFLX",Bull_LowVol
2013-12-17,1569.83,88.55,0.0,1481.28,0.94,13.91,2,"TSLA,NFLX",Bull_LowVol
2013-12-18,1535.57,88.55,0.0,1447.02,0.94,15.79,2,"TSLA,NFLX",Bull_LowVol
2013-12-19,1478.76,88.55,0.0,1390.21,0.94,18.91,2,"TSLA,NFLX",Bull_LowVol
2013-12-20,1497.81,88.55,0.0,1409.26,0.94,17.86,2,"TSLA,NFLX",Bull_LowVol
2013-12-23,1503.92,88.55,0.0,1415.37,0.94,17.53,2,"TSLA,NFLX",Bull_LowVol
2013-12-24,1564.2,88.55,0.0,1475.65,0.94,14.22,2,"TSLA,NFLX",Bull_LowVol
2013-12-26,1595.32,88.55,0.0,1506.77,0.94,12.51,2,"TSLA,NFLX",Bull_LowVol
2013-12-27,1553.77,88.55,0.0,1465.22,0.94,14.79,2,"TSLA,NFLX",Bull_LowVol
2013-12-30,1563.78,88.55,0.0,1475.23,0.94,14.24,2,"TSLA,NFLX",Bull_LowVol
2013-12-31,1497.87,0.0,3.24,1501.11,1.0,17.86,2,"NFLX,MU",Bull_LowVol
2014-01-02,1482.88,0.0,3.24,1486.12,1.0,18.68,2,"NFLX,MU",Bull_LowVol
2014-01-03,1462.7,0.0,3.24,1465.94,1.0,19.79,2,"NFLX,MU",Bull_LowVol
2014-01-06,1445.55,0.0,3.24,1448.79,1.0,20.73,2,"NFLX,MU",Bull_LowVol
2014-01-07,1431.48,0.0,3.24,1434.72,1.0,21.5,2,"NFLX,MU",Bull_LowVol
2014-01-08,1499.47,0.0,3.24,1502.71,1.0,17.77,2,"NFLX,MU",Bull_LowVol
2014-01-09,1471.42,0.0,3.24,1474.66,1.0,19.31,2,"NFLX,MU",Bull_LowVol
2014-01-10,1474.34,0.0,3.24,1477.58,1.0,19.15,2,"NFLX,MU",Bull_LowVol
2014-01-13,1473.59,0.0,3.24,1476.83,1.0,19.19,2,"NFLX,MU",Bull_LowVol
2014-01-14,1486.48,0.0,3.24,1489.72,1.0,18.48,2,"NFLX,MU",Bull_LowVol
2014-01-15,1458.83,0.0,3.24,1462.07,1.0,20.0,2,"NFLX,MU",Bull_LowVol
2014-01-16,1455.78,0.0,3.24,1459.02,1.0,20.17,2,"NFLX,MU",Bull_LowVol
2014-01-17,1429.39,0.0,3.24,1432.63,1.0,21.61,2,"NFLX,MU",Bull_LowVol
2014-01-21,1448.66,0.0,3.24,1451.9,1.0,20.56,2,"NFLX,MU",Bull_LowVol
2014-01-22,1476.17,0.0,3.24,1479.41,1.0,19.05,2,"NFLX,MU",Bull_LowVol
2014-01-23,1602.05,0.0,3.24,1605.29,1.0,12.14,2,"NFLX,MU",Bull_LowVol
2014-01-24,1574.27,0.0,3.24,1577.51,1.0,13.67,2,"NFLX,MU",Bull_LowVol
2014-01-27,1562.54,0.0,3.24,1565.78,1.0,14.31,2,"NFLX,MU",Bull_LowVol
2014-01-28,1625.67,0.0,3.24,1628.91,1.0,10.85,2,"NFLX,MU",Bull_LowVol
2014-01-29,1600.84,0.0,3.24,1604.08,1.0,12.21,2,"NFLX,MU",Bull_LowVol
2014-01-30,1632.92,0.0,3.24,1636.16,1.0,10.45,2,"NFLX,MU",Bull_LowVol
2014-01-31,1629.64,0.0,2.92,1632.56,1.0,10.63,2,"MU,TSLA",Bull_LowVol
2014-02-03,1605.52,0.0,2.92,1608.44,1.0,11.95,2,"MU,TSLA",Bull_MidVol
2014-02-04,1619.37,0.0,2.92,1622.3,1.0,11.19,2,"MU,TSLA",Bull_MidVol
2014-02-05,1620.13,0.0,2.92,1623.05,1.0,11.15,2,"MU,TSLA",Bull_MidVol
2014-02-06,1669.47,0.0,2.92,1672.39,1.0,8.45,2,"MU,TSLA",Bull_MidVol
2014-02-07,1713.52,0.0,2.92,1716.44,1.0,6.03,2,"MU,TSLA",Bull_MidVol
2014-02-10,1761.64,0.0,2.92,1764.56,1.0,3.39,2,"MU,TSLA",Bull_MidVol
2014-02-11,1754.45,0.0,2.92,1757.37,1.0,3.79,2,"MU,TSLA",Bull_MidVol
2014-02-12,1758.66,0.0,2.92,1761.58,1.0,3.56,2,"MU,TSLA",Bull_MidVol
2014-02-13,1773.13,0.0,2.92,1776.05,1.0,2.76,2,"MU,TSLA",Bull_MidVol
2014-02-14,1776.57,0.0,2.92,1779.49,1.0,2.57,2,"MU,TSLA",Bull_MidVol
2014-02-18,1809.43,0.0,2.92,1812.35,1.0,0.77,2,"MU,TSLA",Bull_MidVol
2014-02-19,1777.83,0.0,2.92,1780.75,1.0,2.5,2,"MU,TSLA",Bull_MidVol
2014-02-20,1832.36,0.0,2.92,1835.28,1.0,0.0,2,"MU,TSLA",Bull_MidVol
2014-02-21,1812.29,0.0,2.92,1815.21,1.0,1.1,2,"MU,TSLA",Bull_MidVol
2014-02-24,1822.36,0.0,2.92,1825.28,1.0,0.55,2,"MU,TSLA",Bull_LowVol
2014-02-25,1895.11,0.0,2.92,1898.03,1.0,0.0,2,"MU,TSLA",Bull_LowVol
2014-02-26,1908.97,0.0,2.92,1911.89,1.0,0.0,2,"MU,TSLA",Bull_LowVol
2014-02-27,1906.14,0.0,2.92,1909.06,1.0,0.15,2,"MU,TSLA",Bull_LowVol
2014-02-28,1904.66,0.0,764.42,2669.08,1.4,0.23,2,"MU,TSLA",Bull_LowVol
2014-03-03,1954.52,0.0,764.42,2718.94,1.39,0.0,2,"MU,TSLA",Bull_LowVol
2014-03-04,2010.74,0.0,764.42,2775.15,1.38,0.0,2,"MU,TSLA",Bull_LowVol
2014-03-05,1983.99,0.0,764.42,2748.41,1.39,1.33,2,"MU,TSLA",Bull_LowVol
2014-03-06,1983.0,0.0,764.42,2747.42,1.39,1.38,2,"MU,TSLA",Bull_LowVol
2014-03-07,1924.15,0.0,764.42,2688.57,1.4,4.31,2,"MU,TSLA",Bull_LowVol
2014-03-10,1897.22,0.0,764.42,2661.64,1.4,5.65,2,"MU,TSLA",Bull_LowVol
2014-03-11,1860.81,0.0,764.42,2625.22,1.41,7.46,2,"MU,TSLA",Bull_LowVol
2014-03-12,1913.57,0.0,764.42,2677.99,1.4,4.83,2,"MU,TSLA",Bull_LowVol
2014-03-13,1856.43,0.0,764.42,2620.84,1.41,7.67,2,"MU,TSLA",Bull_LowVol
2014-03-14,1806.23,0.0,764.42,2570.65,1.42,10.17,2,"MU,TSLA",Bull_LowVol
2014-03-17,1823.95,0.0,764.42,2588.37,1.42,9.29,2,"MU,TSLA",Bull_LowVol
2014-03-18,1888.23,0.0,764.42,2652.65,1.4,6.09,2,"MU,TSLA",Bull_LowVol
2014-03-19,1838.06,0.0,764.42,2602.47,1.42,8.59,2,"MU,TSLA",Bull_LowVol
2014-03-20,1833.54,0.0,764.42,2597.96,1.42,8.81,2,"MU,TSLA",Bull_LowVol
2014-03-21,1779.2,0.0,764.42,2543.62,1.43,11.52,2,"MU,TSLA",Bull_LowVol
2014-03-24,1715.57,0.0,764.42,2479.98,1.45,14.68,2,"MU,TSLA",Bull_LowVol
2014-03-25,1719.58,0.0,764.42,2484.0,1.44,14.48,2,"MU,TSLA",Bull_LowVol
2014-03-26,1639.84,0.0,764.42,2404.25,1.47,18.45,2,"MU,TSLA",Bull_LowVol
2014-03-27,1576.84,0.0,764.42,2341.25,1.48,21.58,2,"MU,TSLA",Bull_LowVol
2014-03-28,1593.66,0.0,764.42,2358.08,1.48,20.74,2,"MU,TSLA",Bull_LowVol
2014-03-31,1653.96,1.33,0.0,1652.62,1.0,17.74,2,"TSLA,META",Bull_LowVol
2014-04-01,1721.05,1.33,0.0,1719.72,1.0,14.41,2,"TSLA,META",Bull_LowVol
2014-04-02,1806.12,1.33,0.0,1804.79,1.0,10.18,2,"TSLA,META",Bull_LowVol
2014-04-03,1757.4,1.33,0.0,1756.07,1.0,12.6,2,"TSLA,META",Bull_LowVol
2014-04-04,1658.82,1.33,0.0,1657.49,1.0,17.5,2,"TSLA,META",Bull_MidVol
2014-04-07,1630.03,1.33,0.0,1628.7,1.0,18.93,2,"TSLA,META",Bull_MidVol
2014-04-08,1687.21,1.33,0.0,1685.88,1.0,16.09,2,"TSLA,META",Bull_MidVol
2014-04-09,1719.65,1.33,0.0,1718.32,1.0,14.48,2,"TSLA,META",Bull_MidVol
2014-04-10,1621.01,1.33,0.0,1619.68,1.0,19.38,2,"TSLA,META",Bull_MidVol
2014-04-11,1614.96,1.33,0.0,1613.63,1.0,19.68,2,"TSLA,META",Bull_MidVol
2014-04-14,1580.82,1.33,0.0,1579.49,1.0,21.38,2,"TSLA,META",Bull_MidVol
2014-04-15,1555.4,1.33,0.0,1554.06,1.0,22.65,2,"TSLA,META",Bull_MidVol
2014-04-16,1591.84,1.33,0.0,1590.51,1.0,20.83,2,"TSLA,META",Bull_MidVol
2014-04-17,1581.29,1.33,0.0,1579.96,1.0,21.36,2,"TSLA,META",Bull_MidVol
2014-04-21,1633.61,1.33,0.0,1632.28,1.0,18.76,2,"TSLA,META",Bull_MidVol
2014-04-22,1733.9,1.33,0.0,1732.56,1.0,13.77,2,"TSLA,META",Bull_MidVol
2014-04-23,1657.17,1.33,0.0,1655.84,1.0,17.58,2,"TSLA,META",Bull_MidVol
2014-04-24,1653.66,1.33,0.0,1652.33,1.0,17.76,2,"TSLA,META",Bull_MidVol
2014-04-25,1585.53,1.33,0.0,1584.2,1.0,21.15,2,"TSLA,META",Bull_MidVol
2014-04-28,1568.43,1.33,0.0,1567.1,1.0,22.0,2,"TSLA,META",Bull_MidVol
2014-04-29,1632.8,1.33,0.0,1631.47,1.0,18.8,2,"TSLA,META",Bull_MidVol
2014-04-30,1649.1,0.94,0.0,1648.16,1.0,17.99,2,"TSLA,MU",Bull_MidVol
2014-05-01,1649.72,0.94,0.0,1648.78,1.0,17.95,2,"TSLA,MU",Bull_MidVol
2014-05-02,1670.65,0.94,0.0,1669.71,1.0,16.91,2,"TSLA,MU",Bull_MidVol
2014-05-05,1712.24,0.94,0.0,1711.3,1.0,14.85,2,"TSLA,MU",Bull_MidVol
2014-05-06,1652.28,0.94,0.0,1651.34,1.0,17.83,2,"TSLA,MU",Bull_MidVol
2014-05-07,1611.38,0.94,0.0,1610.44,1.0,19.86,2,"TSLA,MU",Bull_MidVol
2014-05-08,1479.32,1140.08,0.0,339.24,0.23,26.43,1,MU,Bull_MidVol
2014-05-09,1478.18,1140.08,0.0,338.1,0.23,26.49,1,MU,Bull_LowVol
2014-05-12,1486.62,1140.08,0.0,346.54,0.23,26.07,1,MU,Bull_LowVol
2014-05-13,1488.13,1140.08,0.0,348.05,0.23,25.99,1,MU,Bull_LowVol
2014-05-14,1478.43,1140.08,0.0,338.35,0.23,26.47,1,MU,Bull_LowVol
2014-05-15,1465.84,1140.08,0.0,325.76,0.22,27.1,1,MU,Bull_LowVol
2014-05-16,1467.98,1140.08,0.0,327.9,0.22,26.99,1,MU,Bull_LowVol
2014-05-19,1479.44,1140.08,0.0,339.36,0.23,26.42,1,MU,Bull_LowVol
2014-05-20,1474.53,1140.08,0.0,334.45,0.23,26.67,1,MU,Bull_LowVol
2014-05-21,1480.07,1140.08,0.0,339.99,0.23,26.39,1,MU,Bull_LowVol
2014-05-22,1482.34,1140.08,0.0,342.26,0.23,26.28,1,MU,Bull_LowVol
2014-05-23,1484.35,1140.08,0.0,344.27,0.23,26.18,1,MU,Bull_LowVol
2014-05-27,1493.55,1140.08,0.0,353.47,0.24,25.72,1,MU,Bull_LowVol
2014-05-28,1500.48,1140.08,0.0,360.4,0.24,25.38,1,MU,Bull_LowVol
2014-05-29,1500.1,1140.08,0.0,360.02,0.24,25.4,1,MU,Bull_LowVol
2014-05-30,1499.73,0.0,1.82,1501.55,1.0,25.41,2,"MU,TSLA",Bull_LowVol
2014-06-02,1488.89,0.0,1.82,1490.71,1.0,25.95,2,"MU,TSLA",Bull_LowVol
2014-06-03,1490.1,0.0,1.82,1491.92,1.0,25.89,2,"MU,TSLA",Bull_LowVol
2014-06-04,1493.16,0.0,1.82,1494.98,1.0,25.74,2,"MU,TSLA",Bull_LowVol
2014-06-05,1506.57,0.0,1.82,1508.4,1.0,25.07,2,"MU,TSLA",Bull_LowVol
2014-06-06,1523.25,0.0,1.82,1525.07,1.0,24.24,2,"MU,TSLA",Bull_LowVol
2014-06-09,1499.2,0.0,1.82,1501.03,1.0,25.44,2,"MU,TSLA",Bull_LowVol
2014-06-10,1498.75,0.0,1.82,1500.58,1.0,25.46,2,"MU,TSLA",Bull_LowVol
2014-06-11,1541.67,0.0,1.82,1543.49,1.0,23.33,2,"MU,TSLA",Bull_LowVol
2014-06-12,1534.82,0.0,1.82,1536.64,1.0,23.67,2,"MU,TSLA",Bull_LowVol
2014-06-13,1553.73,0.0,1.82,1555.55,1.0,22.73,2,"MU,TSLA",Bull_LowVol
2014-06-16,1644.55,0.0,1.82,1646.37,1.0,18.21,2,"MU,TSLA",Bull_LowVol
2014-06-17,1681.01,0.0,1.82,1682.83,1.0,16.4,2,"MU,TSLA",Bull_LowVol
2014-06-18,1658.18,0.0,1.82,1660.0,1.0,17.53,2,"MU,TSLA",Bull_LowVol
2014-06-19,1655.13,0.0,1.82,1656.96,1.0,17.69,2,"MU,TSLA",Bull_LowVol
2014-06-20,1663.36,0.0,1.82,1665.18,1.0,17.28,2,"MU,TSLA",Bull_LowVol
2014-06-23,1680.69,0.0,1.82,1682.52,1.0,16.41,2,"MU,TSLA",Bull_LowVol
2014-06-24,1690.14,0.0,1.82,1691.96,1.0,15.94,2,"MU,TSLA",Bull_LowVol
2014-06-25,1704.25,0.0,1.82,1706.07,1.0,15.24,2,"MU,TSLA",Bull_LowVol
2014-06-26,1691.18,0.0,1.82,1693.01,1.0,15.89,2,"MU,TSLA",Bull_LowVol
2014-06-27,1693.92,0.0,1.82,1695.74,1.0,15.76,2,"MU,TSLA",Bull_LowVol
2014-06-30,1728.8,99.83,0.0,1628.97,0.94,14.02,2,"MU,NXPI",Bull_LowVol
2014-07-01,1765.29,99.83,0.0,1665.46,0.94,12.21,2,"MU,NXPI",Bull_LowVol
2014-07-02,1752.99,99.83,0.0,1653.16,0.94,12.82,2,"MU,NXPI",Bull_LowVol
2014-07-03,1762.29,99.83,0.0,1662.46,0.94,12.36,2,"MU,NXPI",Bull_LowVol
2014-07-07,1736.32,99.83,0.0,1636.49,0.94,13.65,2,"MU,NXPI",Bull_LowVol
2014-07-08,1726.25,99.83,0.0,1626.42,0.94,14.15,2,"MU,NXPI",Bull_LowVol
2014-07-09,1730.18,99.83,0.0,1630.35,0.94,13.95,2,"MU,NXPI",Bull_LowVol
2014-07-10,1714.8,99.83,0.0,1614.97,0.94,14.72,2,"MU,NXPI",Bull_LowVol
2014-07-11,1728.5,99.83,0.0,1628.67,0.94,14.04,2,"MU,NXPI",Bull_LowVol
2014-07-14,1745.79,99.83,0.0,1645.96,0.94,13.18,2,"MU,NXPI",Bull_LowVol
2014-07-15,1747.95,99.83,0.0,1648.12,0.94,13.07,2,"MU,NXPI",Bull_LowVol
2014-07-16,1778.93,99.83,0.0,1679.1,0.94,11.53,2,"MU,NXPI",Bull_LowVol
2014-07-17,1714.69,99.83,0.0,1614.86,0.94,14.72,2,"MU,NXPI",Bull_LowVol
2014-07-18,1739.06,99.83,0.0,1639.23,0.94,13.51,2,"MU,NXPI",Bull_LowVol
2014-07-21,1732.88,99.83,0.0,1633.05,0.94,13.82,2,"MU,NXPI",Bull_LowVol
2014-07-22,1745.4,99.83,0.0,1645.57,0.94,13.2,2,"MU,NXPI",Bull_LowVol
2014-07-23,1724.09,99.83,0.0,1624.26,0.94,14.26,2,"MU,NXPI",Bull_LowVol
2014-07-24,1739.08,99.83,0.0,1639.25,0.94,13.51,2,"MU,NXPI",Bull_LowVol
2014-07-25,1697.86,99.83,0.0,1598.03,0.94,15.56,2,"MU,NXPI",Bull_LowVol
2014-07-28,1656.0,99.83,0.0,1556.17,0.94,17.64,2,"MU,NXPI",Bull_LowVol
2014-07-29,1650.92,99.83,0.0,1551.09,0.94,17.89,2,"MU,NXPI",Bull_LowVol
2014-07-30,1682.34,99.83,0.0,1582.51,0.94,16.33,2,"MU,NXPI",Bull_LowVol
2014-07-31,1620.12,0.0,144.07,1764.19,1.09,19.43,2,"MU,NXPI",Bull_LowVol
2014-08-01,1637.48,0.0,144.07,1781.55,1.09,18.56,2,"MU,NXPI",Bull_LowVol
2014-08-04,1660.38,0.0,144.07,1804.45,1.09,17.42,2,"MU,NXPI",Bull_LowVol
2014-08-05,1631.96,0.0,144.07,1776.03,1.09,18.84,2,"MU,NXPI",Bull_LowVol
2014-08-06,1631.89,0.0,144.07,1775.96,1.09,18.84,2,"MU,NXPI",Bull_LowVol
2014-08-07,1568.9,0.0,144.07,1712.97,1.09,21.97,2,"MU,NXPI",Bull_LowVol
2014-08-08,1587.79,0.0,144.07,1731.86,1.09,21.03,2,"MU,NXPI",Bull_LowVol
2014-08-11,1617.46,0.0,144.07,1761.53,1.09,19.56,2,"MU,NXPI",Bull_LowVol
2014-08-12,1626.99,0.0,144.07,1771.06,1.09,19.08,2,"MU,NXPI",Bull_LowVol
2014-08-13,1654.6,0.0,144.07,1798.67,1.09,17.71,2,"MU,NXPI",Bull_LowVol
2014-08-14,1653.28,0.0,144.07,1797.34,1.09,17.78,2,"MU,NXPI",Bull_LowVol
2014-08-15,1669.43,0.0,144.07,1813.5,1.09,16.97,2,"MU,NXPI",Bull_LowVol
2014-08-18,1677.78,0.0,144.07,1821.84,1.09,16.56,2,"MU,NXPI",Bull_LowVol
2014-08-19,1689.31,0.0,144.07,1833.37,1.09,15.99,2,"MU,NXPI",Bull_LowVol
2014-08-20,1729.5,0.0,144.07,1873.56,1.08,13.99,2,"MU,NXPI",Bull_LowVol
2014-08-21,1723.86,0.0,144.07,1867.93,1.08,14.27,2,"MU,NXPI",Bull_LowVol
2014-08-22,1745.35,0.0,144.07,1889.41,1.08,13.2,2,"MU,NXPI",Bull_LowVol
2014-08-25,1744.32,0.0,144.07,1888.38,1.08,13.25,2,"MU,NXPI",Bull_LowVol
2014-08-26,1723.6,0.0,144.07,1867.66,1.08,14.28,2,"MU,NXPI",Bull_LowVol
2014-08-27,1737.51,0.0,144.07,1881.58,1.08,13.59,2,"MU,NXPI",Bull_LowVol
2014-08-28,1750.6,0.0,144.07,1894.66,1.08,12.94,2,"MU,NXPI",Bull_LowVol
2014-08-29,1784.9,0.0,149.59,1934.49,1.08,11.23,2,"MU,INTC",Bull_LowVol
2014-09-02,1741.9,0.0,149.59,1891.49,1.09,13.37,2,"MU,INTC",Bull_LowVol
2014-09-03,1747.16,0.0,149.59,1896.75,1.09,13.11,2,"MU,INTC",Bull_LowVol
2014-09-04,1769.79,0.0,149.59,1919.38,1.08,11.98,2,"MU,INTC",Bull_LowVol
2014-09-05,1797.54,0.0,149.59,1947.13,1.08,10.6,2,"MU,INTC",Bull_LowVol
2014-09-08,1812.48,0.0,149.59,1962.07,1.08,9.86,2,"MU,INTC",Bull_LowVol
2014-09-09,1765.45,0.0,149.59,1915.05,1.08,12.2,2,"MU,INTC",Bull_LowVol
2014-09-10,1771.77,0.0,149.59,1921.37,1.08,11.88,2,"MU,INTC",Bull_LowVol
2014-09-11,1770.23,0.0,149.59,1919.82,1.08,11.96,2,"MU,INTC",Bull_LowVol
2014-09-12,1743.84,0.0,149.59,1893.43,1.09,13.27,2,"MU,INTC",Bull_LowVol
2014-09-15,1695.01,0.0,149.59,1844.6,1.09,15.7,2,"MU,INTC",Bull_LowVol
2014-09-16,1749.59,0.0,149.59,1899.18,1.09,12.99,2,"MU,INTC",Bull_LowVol
2014-09-17,1767.31,0.0,149.59,1916.9,1.08,12.11,2,"MU,INTC",Bull_LowVol
2014-09-18,1787.82,0.0,149.59,1937.41,1.08,11.09,2,"MU,INTC",Bull_LowVol
2014-09-19,1752.24,0.0,149.59,1901.83,1.09,12.86,2,"MU,INTC",Bull_LowVol
2014-09-22,1717.46,0.0,149.59,1867.05,1.09,14.59,2,"MU,INTC",Bull_LowVol
2014-09-23,1728.33,0.0,149.59,1877.92,1.09,14.04,2,"MU,INTC",Bull_LowVol
2014-09-24,1768.64,0.0,149.59,1918.23,1.08,12.04,2,"MU,INTC",Bull_LowVol
2014-09-25,1736.37,0.0,149.59,1885.97,1.09,13.64,2,"MU,INTC",Bull_LowVol
2014-09-26,1805.45,0.0,149.59,1955.04,1.08,10.21,2,"MU,INTC",Bull_LowVol
2014-09-29,1843.15,0.0,149.59,1992.74,1.08,8.33,2,"MU,INTC",Bull_LowVol
2014-09-30,1814.2,0.0,3.32,1817.52,1.0,9.77,2,"GILD,AVGO",Bull_LowVol
2014-10-01,1793.2,0.0,3.32,1796.52,1.0,10.82,2,"GILD,AVGO",Bull_LowVol
2014-10-02,1763.22,0.0,3.32,1766.54,1.0,12.31,2,"GILD,AVGO",Bull_LowVol
2014-10-03,1785.5,0.0,3.32,1788.82,1.0,11.2,2,"GILD,AVGO",Bull_LowVol
2014-10-06,1766.31,0.0,3.32,1769.63,1.0,12.16,2,"GILD,AVGO",Bull_LowVol
2014-10-07,1742.28,0.0,3.32,1745.6,1.0,13.35,2,"GILD,AVGO",Bull_LowVol
2014-10-08,1808.2,0.0,3.32,1811.52,1.0,10.07,2,"GILD,AVGO",Bull_MidVol
2014-10-09,1754.7,0.0,3.32,1758.02,1.0,12.73,2,"GILD,AVGO",Bull_MidVol
2014-10-10,1650.16,585.62,0.0,1064.54,0.65,17.93,1,GILD,Bull_MidVol
2014-10-13,1626.66,585.62,0.0,1041.04,0.64,19.1,1,GILD,Bull_MidVol
2014-10-14,1582.94,585.62,0.0,997.32,0.63,21.28,1,GILD,Bull_MidVol
2014-10-15,1572.48,585.62,0.0,986.85,0.63,21.8,1,GILD,Bull_MidVol
2014-10-16,1579.86,585.62,0.0,994.24,0.63,21.43,1,GILD,Bull_MidVol
2014-10-17,1619.58,585.62,0.0,1033.96,0.64,19.45,1,GILD,Bull_MidVol
2014-10-20,1634.56,585.62,0.0,1048.94,0.64,18.71,1,GILD,Bull_MidVol
2014-10-21,1680.33,585.62,0.0,1094.71,0.65,16.43,1,GILD,Bull_MidVol
2014-10-22,1674.38,585.62,0.0,1088.76,0.65,16.73,1,GILD,Bull_MidVol
2014-10-23,1685.57,585.62,0.0,1099.94,0.65,16.17,1,GILD,Bull_MidVol
2014-10-24,1721.8,585.62,0.0,1136.17,0.66,14.37,1,GILD,Bull_MidVol
2014-10-27,1741.09,585.62,0.0,1155.47,0.66,13.41,1,GILD,Bull_MidVol
2014-10-28,1749.92,585.62,0.0,1164.29,0.67,12.97,1,GILD,Bull_MidVol
2014-10-29,1721.9,585.62,0.0,1136.27,0.66,14.36,1,GILD,Bull_MidVol
2014-10-30,1757.82,585.62,0.0,1172.19,0.67,12.58,1,GILD,Bull_MidVol
2014-10-31,1732.74,0.0,3.16,1735.9,1.0,13.83,2,"PANW,VRTX",Bull_MidVol
2014-11-03,1737.42,0.0,3.16,1740.58,1.0,13.59,2,"PANW,VRTX",Bull_MidVol
2014-11-04,1751.86,0.0,3.16,1755.02,1.0,12.87,2,"PANW,VRTX",Bull_MidVol
2014-11-05,1695.99,0.0,3.16,1699.15,1.0,15.65,2,"PANW,VRTX",Bull_MidVol
2014-11-06,1767.35,0.0,3.16,1770.51,1.0,12.1,2,"PANW,VRTX",Bull_MidVol
2014-11-07,1766.88,0.0,3.16,1770.04,1.0,12.13,2,"PANW,VRTX",Bull_LowVol
2014-11-10,1792.3,0.0,3.16,1795.46,1.0,10.86,2,"PANW,VRTX",Bull_LowVol
2014-11-11,1789.2,0.0,3.16,1792.36,1.0,11.02,2,"PANW,VRTX",Bull_LowVol
2014-11-12,1789.37,0.0,3.16,1792.52,1.0,11.01,2,"PANW,VRTX",Bull_LowVol
2014-11-13,1769.81,0.0,3.16,1772.97,1.0,11.98,2,"PANW,VRTX",Bull_LowVol
2014-11-14,1771.73,0.0,3.16,1774.89,1.0,11.89,2,"PANW,VRTX",Bull_LowVol
2014-11-17,1760.19,0.0,3.16,1763.34,1.0,12.46,2,"PANW,VRTX",Bull_LowVol
2014-11-18,1753.07,0.0,3.16,1756.23,1.0,12.81,2,"PANW,VRTX",Bull_LowVol
2014-11-19,1749.07,0.0,3.16,1752.23,1.0,13.01,2,"PANW,VRTX",Bull_LowVol
2014-11-20,1765.69,0.0,3.16,1768.85,1.0,12.19,2,"PANW,VRTX",Bull_LowVol
2014-11-21,1754.79,0.0,3.16,1757.95,1.0,12.73,2,"PANW,VRTX",Bull_LowVol
2014-11-24,1811.25,0.0,3.16,1814.41,1.0,9.92,2,"PANW,VRTX",Bull_LowVol
2014-11-25,1878.76,0.0,3.16,1881.92,1.0,6.56,2,"PANW,VRTX",Bull_LowVol
2014-11-26,1890.55,0.0,3.16,1893.71,1.0,5.98,2,"PANW,VRTX",Bull_LowVol
2014-11-28,1929.2,0.0,168.12,2097.32,1.09,4.05,2,"PANW,VRTX",Bull_LowVol
2014-12-01,1890.12,0.0,168.12,2058.24,1.09,6.0,2,"PANW,VRTX",Bull_LowVol
2014-12-02,1888.12,0.0,168.12,2056.24,1.09,6.1,2,"PANW,VRTX",Bull_LowVol
2014-12-03,1906.22,0.0,168.12,2074.34,1.09,5.2,2,"PANW,VRTX",Bull_LowVol
2014-12-04,1891.72,0.0,168.12,2059.84,1.09,5.92,2,"PANW,VRTX",Bull_LowVol
2014-12-05,1891.16,0.0,168.12,2059.28,1.09,5.95,2,"PANW,VRTX",Bull_LowVol
2014-12-08,1883.69,0.0,168.12,2051.81,1.09,6.32,2,"PANW,VRTX",Bull_LowVol
2014-12-09,1909.62,0.0,168.12,2077.74,1.09,5.03,2,"PANW,VRTX",Bull_LowVol
2014-12-10,1868.84,0.0,168.12,2036.96,1.09,7.06,2,"PANW,VRTX",Bull_LowVol
2014-12-11,1914.12,0.0,168.12,2082.24,1.09,4.8,2,"PANW,VRTX",Bull_LowVol
2014-12-12,1888.38,0.0,168.12,2056.5,1.09,6.09,2,"PANW,VRTX",Bull_LowVol
2014-12-15,1843.02,0.0,168.12,2011.14,1.09,8.34,2,"PANW,VRTX",Bull_LowVol
2014-12-16,1813.34,0.0,168.12,1981.46,1.09,9.82,2,"PANW,VRTX",Bull_LowVol
2014-12-17,1853.04,0.0,168.12,2021.16,1.09,7.84,2,"PANW,VRTX",Bull_LowVol
2014-12-18,1932.2,0.0,168.12,2100.32,1.09,3.91,2,"PANW,VRTX",Bull_MidVol
2014-12-19,1950.12,0.0,168.12,2118.24,1.09,3.01,2,"PANW,VRTX",Bull_MidVol
2014-12-22,1945.07,0.0,168.12,2113.19,1.09,3.27,2,"PANW,VRTX",Bull_MidVol
2014-12-23,1916.9,0.0,168.12,2085.02,1.09,4.67,2,"PANW,VRTX",Bull_MidVol
2014-12-24,1935.33,0.0,168.12,2103.45,1.09,3.75,2,"PANW,VRTX",Bull_MidVol
2014-12-26,1974.96,0.0,168.12,2143.07,1.09,1.78,2,"PANW,VRTX",Bull_MidVol
2014-12-29,1943.48,0.0,168.12,2111.6,1.09,3.34,2,"PANW,VRTX",Bull_MidVol
2014-12-30,1928.14,0.0,168.12,2096.25,1.09,4.11,2,"PANW,VRTX",Bull_LowVol
2014-12-31,1812.65,29.51,0.0,1783.14,0.98,9.85,2,"PANW,MELI",Bull_MidVol
2015-01-02,1792.83,29.51,0.0,1763.32,0.98,10.84,2,"PANW,MELI",Bull_MidVol
2015-01-05,1806.77,29.51,0.0,1777.25,0.98,10.14,2,"PANW,MELI",Bull_MidVol
2015-01-06,1778.11,29.51,0.0,1748.6,0.98,11.57,2,"PANW,MELI",Bull_MidVol
2015-01-07,1811.4,29.51,0.0,1781.89,0.98,9.91,2,"PANW,MELI",Bull_MidVol
2015-01-08,1836.19,29.51,0.0,1806.68,0.98,8.68,2,"PANW,MELI",Bull_MidVol
2015-01-09,1816.36,29.51,0.0,1786.84,0.98,9.67,2,"PANW,MELI",Bull_MidVol
2015-01-12,1820.04,29.51,0.0,1790.53,0.98,9.48,2,"PANW,MELI",Bull_MidVol
2015-01-13,1794.85,29.51,0.0,1765.33,0.98,10.74,2,"PANW,MELI",Bull_MidVol
2015-01-14,1802.16,29.51,0.0,1772.65,0.98,10.37,2,"PANW,MELI",Bull_MidVol
2015-01-15,1754.47,29.51,0.0,1724.96,0.98,12.74,2,"PANW,MELI",Bull_MidVol
2015-01-16,1794.0,29.51,0.0,1764.49,0.98,10.78,2,"PANW,MELI",Bull_MidVol
2015-01-20,1804.56,29.51,0.0,1775.05,0.98,10.25,2,"PANW,MELI",Bull_LowVol
2015-01-21,1815.98,29.51,0.0,1786.47,0.98,9.69,2,"PANW,MELI",Bull_LowVol
2015-01-22,1813.06,29.51,0.0,1783.55,0.98,9.83,2,"PANW,MELI",Bull_MidVol
2015-01-23,1850.49,29.51,0.0,1820.98,0.98,7.97,2,"PANW,MELI",Bull_MidVol
2015-01-26,1852.71,29.51,0.0,1823.19,0.98,7.86,2,"PANW,MELI",Bull_MidVol
2015-01-27,1846.78,29.51,0.0,1817.27,0.98,8.15,2,"PANW,MELI",Bull_MidVol
2015-01-28,1832.58,29.51,0.0,1803.06,0.98,8.86,2,"PANW,MELI",Bull_MidVol
2015-01-29,1875.56,29.51,0.0,1846.05,0.98,6.72,2,"PANW,MELI",Bull_MidVol
2015-01-30,1824.75,0.0,198.66,2023.42,1.11,9.25,2,"PANW,AVGO",Bull_MidVol
2015-02-02,1809.01,0.0,198.66,2007.67,1.11,10.03,2,"PANW,AVGO",Bull_MidVol
2015-02-03,1800.57,0.0,198.66,1999.23,1.11,10.45,2,"PANW,AVGO",Bull_MidVol
2015-02-04,1833.76,0.0,198.66,2032.43,1.11,8.8,2,"PANW,AVGO",Bull_MidVol
2015-02-05,1858.58,0.0,198.66,2057.24,1.11,7.57,2,"PANW,AVGO",Bull_MidVol
2015-02-06,1832.71,0.0,198.66,2031.37,1.11,8.85,2,"PANW,AVGO",Bull_MidVol
2015-02-09,1806.79,0.0,198.66,2005.45,1.11,10.14,2,"PANW,AVGO",Bull_MidVol
2015-02-10,1877.8,0.0,198.66,2076.46,1.11,6.61,2,"PANW,AVGO",Bull_MidVol
2015-02-11,1915.97,0.0,198.66,2114.63,1.1,4.71,2,"PANW,AVGO",Bull_MidVol
2015-02-12,1942.41,0.0,198.66,2141.07,1.1,3.4,2,"PANW,AVGO",Bull_MidVol
2015-02-13,1967.26,0.0,198.66,2165.92,1.1,2.16,2,"PANW,AVGO",Bull_LowVol
2015-02-17,1988.31,0.0,198.66,2186.97,1.1,1.12,2,"PANW,AVGO",Bull_LowVol
2015-02-18,1981.12,0.0,198.66,2179.78,1.1,1.47,2,"PANW,AVGO",Bull_LowVol
2015-02-19,1998.11,0.0,198.66,2196.77,1.1,0.63,2,"PANW,AVGO",Bull_LowVol
2015-02-20,2042.24,0.0,198.66,2240.9,1.1,0.0,2,"PANW,AVGO",Bull_LowVol
2015-02-23,2016.73,0.0,198.66,2215.4,1.1,1.25,2,"PANW,AVGO",Bull_LowVol
2015-02-24,2023.27,0.0,198.66,2221.93,1.1,0.93,2,"PANW,AVGO",Bull_LowVol
2015-02-25,2051.52,0.0,198.66,2250.18,1.1,0.0,2,"PANW,AVGO",Bull_LowVol
2015-02-26,2195.95,0.0,198.66,2394.61,1.09,0.0,2,"PANW,AVGO",Bull_LowVol
2015-02-27,2174.88,0.0,198.66,2373.54,1.09,0.96,2,"PANW,AVGO",Bull_LowVol
2015-03-02,2221.53,0.0,198.66,2420.19,1.09,0.0,2,"PANW,AVGO",Bull_LowVol
2015-03-03,2242.36,0.0,198.66,2441.03,1.09,0.0,2,"PANW,AVGO",Bull_LowVol
2015-03-04,2201.48,0.0,198.66,2400.15,1.09,1.82,2,"PANW,AVGO",Bull_LowVol
2015-03-05,2207.56,0.0,198.66,2406.22,1.09,1.55,2,"PANW,AVGO",Bull_LowVol
2015-03-06,2163.12,0.0,198.66,2361.78,1.09,3.53,2,"PANW,AVGO",Bull_LowVol
2015-03-09,2138.1,0.0,198.66,2336.76,1.09,4.65,2,"PANW,AVGO",Bull_LowVol
2015-03-10,2120.1,0.0,198.66,2318.76,1.09,5.45,2,"PANW,AVGO",Bull_LowVol
2015-03-11,2135.18,0.0,198.66,2333.84,1.09,4.78,2,"PANW,AVGO",Bull_LowVol
2015-03-12,2154.4,0.0,198.66,2353.06,1.09,3.92,2,"PANW,AVGO",Bull_LowVol
2015-03-13,2145.26,0.0,198.66,2343.92,1.09,4.33,2,"PANW,AVGO",Bull_LowVol
2015-03-16,2211.13,0.0,198.66,2409.79,1.09,1.39,2,"PANW,AVGO",Bull_LowVol
2015-03-17,2212.25,0.0,198.66,2410.91,1.09,1.34,2,"PANW,AVGO",Bull_LowVol
2015-03-18,2228.57,0.0,198.66,2427.23,1.09,0.62,2,"PANW,AVGO",Bull_LowVol
2015-03-19,2251.31,0.0,198.66,2449.97,1.09,0.0,2,"PANW,AVGO",Bull_LowVol
2015-03-20,2241.77,0.0,198.66,2440.43,1.09,0.42,2,"PANW,AVGO",Bull_LowVol
2015-03-23,2225.31,0.0,198.66,2423.98,1.09,1.15,2,"PANW,AVGO",Bull_LowVol
2015-03-24,2204.77,0.0,198.66,2403.43,1.09,2.07,2,"PANW,AVGO",Bull_LowVol
2015-03-25,2118.12,0.0,198.66,2316.79,1.09,5.92,2,"PANW,AVGO",Bull_LowVol
2015-03-26,2146.93,0.0,198.66,2345.59,1.09,4.64,2,"PANW,AVGO",Bull_LowVol
2015-03-27,2222.32,0.0,198.66,2420.98,1.09,1.29,2,"PANW,AVGO",Bull_LowVol
2015-03-30,2261.79,0.0,198.66,2460.46,1.09,0.0,2,"PANW,AVGO",Bull_LowVol
2015-03-31,2208.88,0.0,198.66,2407.55,1.09,2.34,2,"PANW,AVGO",Bull_LowVol
2015-04-01,2155.21,0.0,198.66,2353.87,1.09,4.71,2,"PANW,AVGO",Bull_LowVol
2015-04-02,2152.84,0.0,198.66,2351.5,1.09,4.82,2,"PANW,AVGO",Bull_LowVol
2015-04-06,2157.87,0.0,198.66,2356.54,1.09,4.59,2,"PANW,AVGO",Bull_LowVol
2015-04-07,2186.29,0.0,198.66,2384.95,1.09,3.34,2,"PANW,AVGO",Bull_LowVol
2015-04-08,2218.48,0.0,198.66,2417.14,1.09,1.92,2,"PANW,AVGO",Bull_LowVol
2015-04-09,2210.57,0.0,198.66,2409.23,1.09,2.26,2,"PANW,AVGO",Bull_LowVol
2015-04-10,2225.28,0.0,198.66,2423.95,1.09,1.61,2,"PANW,AVGO",Bull_LowVol
2015-04-13,2186.83,0.0,198.66,2385.5,1.09,3.31,2,"PANW,AVGO",Bull_LowVol
2015-04-14,2169.91,0.0,198.66,2368.57,1.09,4.06,2,"PANW,AVGO",Bull_LowVol
2015-04-15,2187.21,0.0,198.66,2385.87,1.09,3.3,2,"PANW,AVGO",Bull_LowVol
2015-04-16,2202.04,0.0,198.66,2400.7,1.09,2.64,2,"PANW,AVGO",Bull_LowVol
2015-04-17,2133.37,0.0,198.66,2332.03,1.09,5.68,2,"PANW,AVGO",Bull_LowVol
2015-04-20,2180.6,0.0,198.66,2379.26,1.09,3.59,2,"PANW,AVGO",Bull_LowVol
2015-04-21,2254.82,0.0,198.66,2453.48,1.09,0.31,2,"PANW,AVGO",Bull_LowVol
2015-04-22,2289.4,0.0,198.66,2488.06,1.09,0.0,2,"PANW,AVGO",Bull_LowVol
2015-04-23,2266.59,0.0,198.66,2465.26,1.09,1.0,2,"PANW,AVGO",Bull_LowVol
2015-04-24,2220.4,0.0,198.66,2419.06,1.09,3.01,2,"PANW,AVGO",Bull_LowVol
2015-04-27,2225.62,0.0,198.66,2424.29,1.09,2.79,2,"PANW,AVGO",Bull_LowVol
2015-04-28,2198.38,0.0,198.66,2397.04,1.09,3.98,2,"PANW,AVGO",Bull_LowVol
2015-04-29,2183.14,0.0,198.66,2381.8,1.09,4.64,2,"PANW,AVGO",Bull_LowVol
2015-04-30,2141.62,0.0,198.66,2340.28,1.09,6.45,2,"PANW,AVGO",Bull_LowVol
2015-05-01,2219.1,0.0,198.66,2417.76,1.09,3.07,2,"PANW,AVGO",Bull_LowVol
2015-05-04,2223.95,0.0,198.66,2422.62,1.09,2.86,2,"PANW,AVGO",Bull_LowVol
2015-05-05,2134.42,0.0,198.66,2333.08,1.09,6.77,2,"PANW,AVGO",Bull_LowVol
2015-05-06,2122.81,0.0,198.66,2321.48,1.09,7.28,2,"PANW,AVGO",Bull_LowVol
2015-05-07,2203.27,0.0,198.66,2401.93,1.09,3.76,2,"PANW,AVGO",Bull_LowVol
2015-05-08,2226.06,0.0,198.66,2424.72,1.09,2.77,2,"PANW,AVGO",Bull_LowVol
2015-05-11,2228.55,0.0,198.66,2427.21,1.09,2.66,2,"PANW,AVGO",Bull_LowVol
2015-05-12,2228.29,0.0,198.66,2426.95,1.09,2.67,2,"PANW,AVGO",Bull_LowVol
2015-05-13,2227.98,0.0,198.66,2426.65,1.09,2.68,2,"PANW,AVGO",Bull_LowVol
2015-05-14,2280.05,0.0,198.66,2478.71,1.09,0.41,2,"PANW,AVGO",Bull_MidVol
2015-05-15,2297.12,0.0,198.66,2495.78,1.09,0.0,2,"PANW,AVGO",Bull_LowVol
2015-05-18,2344.22,0.0,198.66,2542.88,1.08,0.0,2,"PANW,AVGO",Bull_LowVol
2015-05-19,2344.03,0.0,198.66,2542.69,1.08,0.01,2,"PANW,AVGO",Bull_LowVol
2015-05-20,2342.87,0.0,198.66,2541.53,1.08,0.06,2,"PANW,AVGO",Bull_LowVol
2015-05-21,2361.97,0.0,198.66,2560.64,1.08,0.0,2,"PANW,AVGO",Bull_LowVol
2015-05-22,2412.5,0.0,198.66,2611.17,1.08,0.0,2,"PANW,AVGO",Bull_LowVol
2015-05-26,2410.63,0.0,198.66,2609.29,1.08,0.08,2,"PANW,AVGO",Bull_LowVol
2015-05-27,2464.11,0.0,198.66,2662.77,1.08,0.0,2,"PANW,AVGO",Bull_LowVol
2015-05-28,2524.98,0.0,198.66,2723.64,1.08,0.0,2,"PANW,AVGO",Bull_LowVol
2015-05-29,2594.57,0.0,4.73,2599.31,1.0,0.24,2,"NFLX,FTNT",Bull_LowVol
2015-06-01,2585.85,0.0,4.73,2590.58,1.0,0.57,2,"NFLX,FTNT",Bull_LowVol
2015-06-02,2583.39,0.0,4.73,2588.12,1.0,0.67,2,"NFLX,FTNT",Bull_LowVol
2015-06-03,2590.32,0.0,4.73,2595.05,1.0,0.4,2,"NFLX,FTNT",Bull_LowVol
2015-06-04,2578.94,0.0,4.73,2583.67,1.0,0.84,2,"NFLX,FTNT",Bull_LowVol
2015-06-05,2645.65,0.0,4.73,2650.39,1.0,0.0,2,"NFLX,FTNT",Bull_LowVol
2015-06-08,2618.22,0.0,4.73,2622.95,1.0,1.04,2,"NFLX,FTNT",Bull_LowVol
2015-06-09,2664.96,0.0,4.73,2669.69,1.0,0.0,2,"NFLX,FTNT",Bull_LowVol
2015-06-10,2728.52,0.0,4.73,2733.26,1.0,0.0,2,"NFLX,FTNT",Bull_LowVol
2015-06-11,2710.79,0.0,4.73,2715.52,1.0,0.65,2,"NFLX,FTNT",Bull_LowVol
2015-06-12,2708.35,0.0,4.73,2713.09,1.0,0.74,2,"NFLX,FTNT",Bull_LowVol
2015-06-15,2689.25,0.0,4.73,2693.98,1.0,1.44,2,"NFLX,FTNT",Bull_LowVol
2015-06-16,2762.15,0.0,4.73,2766.88,1.0,0.0,2,"NFLX,FTNT",Bull_LowVol
2015-06-17,2761.31,0.0,4.73,2766.04,1.0,0.03,2,"NFLX,FTNT",Bull_LowVol
2015-06-18,2796.1,0.0,4.73,2800.83,1.0,0.0,2,"NFLX,FTNT",Bull_LowVol
2015-06-19,2763.16,0.0,4.73,2767.89,1.0,1.18,2,"NFLX,FTNT",Bull_LowVol
2015-06-22,2813.8,0.0,4.73,2818.53,1.0,0.0,2,"NFLX,FTNT",Bull_LowVol
2015-06-23,2815.47,0.0,4.73,2820.21,1.0,0.0,2,"NFLX,FTNT",Bull_LowVol
2015-06-24,2760.73,0.0,4.73,2765.46,1.0,1.94,2,"NFLX,FTNT",Bull_LowVol
2015-06-25,2739.86,0.0,4.73,2744.6,1.0,2.69,2,"NFLX,FTNT",Bull_LowVol
2015-06-26,2705.77,0.0,4.73,2710.5,1.0,3.9,2,"NFLX,FTNT",Bull_LowVol
2015-06-29,2656.55,0.0,4.73,2661.28,1.0,5.64,2,"NFLX,FTNT",Bull_LowVol
2015-06-30,2702.97,195.37,0.0,2507.6,0.93,4.0,2,"NFLX,AVGO",Bull_LowVol
2015-07-01,2722.38,195.37,0.0,2527.01,0.93,3.31,2,"NFLX,AVGO",Bull_LowVol
2015-07-02,2746.95,195.37,0.0,2551.58,0.93,2.43,2,"NFLX,AVGO",Bull_LowVol
2015-07-06,2724.44,195.37,0.0,2529.07,0.93,3.23,2,"NFLX,AVGO",Bull_LowVol
2015-07-07,2705.67,195.37,0.0,2510.3,0.93,3.9,2,"NFLX,AVGO",Bull_LowVol
2015-07-08,2655.42,195.37,0.0,2460.05,0.93,5.68,2,"NFLX,AVGO",Bull_LowVol
2015-07-09,2657.8,195.37,0.0,2462.43,0.93,5.6,2,"NFLX,AVGO",Bull_LowVol
2015-07-10,2724.43,195.37,0.0,2529.06,0.93,3.23,2,"NFLX,AVGO",Bull_LowVol
2015-07-13,2773.99,195.37,0.0,2578.62,0.93,1.47,2,"NFLX,AVGO",Bull_LowVol
2015-07-14,2791.0,195.37,0.0,2595.63,0.93,0.87,2,"NFLX,AVGO",Bull_LowVol
2015-07-15,2753.79,195.37,0.0,2558.42,0.93,2.19,2,"NFLX,AVGO",Bull_LowVol
2015-07-16,3033.35,195.37,0.0,2837.98,0.94,0.0,2,"NFLX,AVGO",Bull_MidVol
2015-07-17,3009.35,195.37,0.0,2813.98,0.94,0.79,2,"NFLX,AVGO",Bull_MidVol
2015-07-20,2957.4,195.37,0.0,2762.03,0.93,2.5,2,"NFLX,AVGO",Bull_MidVol
2015-07-21,2984.37,195.37,0.0,2789.0,0.93,1.61,2,"NFLX,AVGO",Bull_MidVol
2015-07-22,2926.88,195.37,0.0,2731.51,0.93,3.51,2,"NFLX,AVGO",Bull_MidVol
2015-07-23,2927.61,195.37,0.0,2732.24,0.93,3.49,2,"NFLX,AVGO",Bull_MidVol
2015-07-24,2886.21,195.37,0.0,2690.84,0.93,4.85,2,"NFLX,AVGO",Bull_MidVol
2015-07-27,2811.0,195.37,0.0,2615.63,0.93,7.33,2,"NFLX,AVGO",Bull_MidVol
2015-07-28,2850.7,195.37,0.0,2655.33,0.93,6.02,2,"NFLX,AVGO",Bull_LowVol
2015-07-29,2854.68,195.37,0.0,2659.31,0.93,5.89,2,"NFLX,AVGO",Bull_LowVol
2015-07-30,2910.79,195.37,0.0,2715.42,0.93,4.04,2,"NFLX,AVGO",Bull_LowVol
2015-07-31,2928.53,0.0,630.0,3558.53,1.22,3.46,2,"NFLX,PANW",Bull_LowVol
2015-08-03,2893.94,0.0,630.0,3523.93,1.22,4.6,2,"NFLX,PANW",Bull_LowVol
2015-08-04,3023.2,0.0,630.0,3653.2,1.21,0.33,2,"NFLX,PANW",Bull_LowVol
2015-08-05,3109.18,0.0,630.0,3739.18,1.2,0.0,2,"NFLX,PANW",Bull_LowVol
2015-08-06,2985.48,0.0,630.0,3615.48,1.21,3.98,2,"NFLX,PANW",Bull_LowVol
2015-08-07,2954.1,0.0,630.0,3584.1,1.21,4.99,2,"NFLX,PANW",Bull_LowVol
2015-08-10,2961.95,0.0,630.0,3591.95,1.21,4.74,2,"NFLX,PANW",Bull_LowVol
2015-08-11,2926.5,0.0,630.0,3556.49,1.22,5.88,2,"NFLX,PANW",Bull_LowVol
2015-08-12,2864.26,0.0,630.0,3494.25,1.22,7.88,2,"NFLX,PANW",Bull_LowVol
2015-08-13,2928.61,0.0,630.0,3558.61,1.22,5.81,2,"NFLX,PANW",Bull_LowVol
2015-08-14,2931.79,0.0,630.0,3561.79,1.21,5.71,2,"NFLX,PANW",Bull_LowVol
2015-08-17,2983.07,0.0,630.0,3613.07,1.21,4.06,2,"NFLX,PANW",Bull_LowVol
2015-08-18,2942.39,0.0,630.0,3572.39,1.21,5.36,2,"NFLX,PANW",Bull_LowVol
2015-08-19,2918.71,0.0,630.0,3548.71,1.22,6.13,2,"NFLX,PANW",Bull_LowVol
2015-08-20,2642.04,0.0,630.0,3272.04,1.24,15.02,2,"NFLX,PANW",Bull_LowVol
2015-08-21,2502.89,0.0,630.0,3132.89,1.25,19.5,2,"NFLX,PANW",Bull_MidVol
2015-08-24,2417.09,1027.92,0.0,1389.17,0.57,22.26,1,NFLX,Bull_MidVol
2015-08-25,2483.63,1027.92,0.0,1455.71,0.59,20.12,1,NFLX,Bull_MidVol
2015-08-26,2607.09,1027.92,0.0,1579.17,0.61,16.15,1,NFLX,Bull_MidVol
2015-08-27,2715.06,1027.92,0.0,1687.14,0.62,12.68,1,NFLX,Bull_MidVol
2015-08-28,2714.63,1027.92,0.0,1686.71,0.62,12.69,1,NFLX,Bull_MidVol
2015-08-31,2709.45,0.0,234.29,2943.75,1.09,12.86,2,"NFLX,FTNT",Bull_MidVol
2015-09-01,2537.65,0.0,234.29,2771.94,1.09,18.38,2,"NFLX,FTNT",Bull_MidVol
2015-09-02,2564.88,0.0,234.29,2799.17,1.09,17.51,2,"NFLX,FTNT",Bull_MidVol
2015-09-03,2509.44,0.0,234.29,2743.74,1.09,19.29,2,"NFLX,FTNT",Bull_MidVol
2015-09-04,2464.61,0.0,234.29,2698.9,1.1,20.73,2,"NFLX,FTNT",Bull_MidVol
2015-09-08,2457.15,0.0,234.29,2691.45,1.1,20.97,2,"NFLX,FTNT",Bull_MidVol
2015-09-09,2508.9,0.0,234.29,2743.19,1.09,19.31,2,"NFLX,FTNT",Bull_MidVol
2015-09-10,2545.45,0.0,234.29,2779.75,1.09,18.13,2,"NFLX,FTNT",Bull_MidVol
2015-09-11,2525.5,0.0,234.29,2759.79,1.09,18.77,2,"NFLX,FTNT",Bull_MidVol
2015-09-14,2488.34,0.0,234.29,2722.64,1.09,19.97,2,"NFLX,FTNT",Bull_MidVol
2015-09-15,2561.44,0.0,234.29,2795.74,1.09,17.62,2,"NFLX,FTNT",Bull_MidVol
2015-09-16,2637.21,0.0,234.29,2871.51,1.09,15.18,2,"NFLX,FTNT",Bull_MidVol
2015-09-17,2647.68,0.0,234.29,2881.97,1.09,14.84,2,"NFLX,FTNT",Bull_MidVol
2015-09-18,2613.21,0.0,234.29,2847.5,1.09,15.95,2,"NFLX,FTNT",Bull_MidVol
2015-09-21,2604.51,0.0,234.29,2838.8,1.09,16.23,2,"NFLX,FTNT",Bull_MidVol
2015-09-22,2571.82,0.0,234.29,2806.11,1.09,17.28,2,"NFLX,FTNT",Bull_MidVol
2015-09-23,2584.52,0.0,234.29,2818.81,1.09,16.87,2,"NFLX,FTNT",Bull_MidVol
2015-09-24,2663.34,0.0,234.29,2897.63,1.09,14.34,2,"NFLX,FTNT",Bull_MidVol
2015-09-25,2617.28,0.0,234.29,2851.57,1.09,15.82,2,"NFLX,FTNT",Bull_MidVol
2015-09-28,2507.53,0.0,234.29,2741.82,1.09,19.35,2,"NFLX,FTNT",Bull_MidVol
2015-09-29,2473.35,0.0,234.29,2707.64,1.09,20.45,2,"NFLX,FTNT",Bull_MidVol
2015-09-30,2549.85,0.0,6.97,2556.82,1.0,17.99,2,"NFLX,AMZN",Bull_MidVol
2015-10-01,2612.55,0.0,6.97,2619.53,1.0,15.97,2,"NFLX,AMZN",Bull_MidVol
2015-10-02,2626.92,0.0,6.97,2633.89,1.0,15.51,2,"NFLX,AMZN",Bull_MidVol
2015-10-05,2739.89,0.0,6.97,2746.86,1.0,11.88,2,"NFLX,AMZN",Bull_MidVol
2015-10-06,2675.84,0.0,6.97,2682.81,1.0,13.94,2,"NFLX,AMZN",Bull_MidVol
2015-10-07,2675.73,0.0,6.97,2682.71,1.0,13.94,2,"NFLX,AMZN",Bull_MidVol
2015-10-08,2802.31,0.0,6.97,2809.28,1.0,9.87,2,"NFLX,AMZN",Bull_MidVol
2015-10-09,2777.23,0.0,6.97,2784.2,1.0,10.68,2,"NFLX,AMZN",Bull_MidVol
2015-10-12,2789.98,0.0,6.97,2796.95,1.0,10.27,2,"NFLX,AMZN",Bull_MidVol
2015-10-13,2714.98,0.0,6.97,2721.95,1.0,12.68,2,"NFLX,AMZN",Bull_MidVol
2015-10-14,2720.82,0.0,6.97,2727.8,1.0,12.49,2,"NFLX,AMZN",Bull_MidVol
2015-10-15,2557.28,0.0,6.97,2564.25,1.0,17.75,2,"NFLX,AMZN",Bull_MidVol
2015-10-16,2523.97,0.0,6.97,2530.94,1.0,18.82,2,"NFLX,AMZN",Bull_MidVol
2015-10-19,2579.85,0.0,6.97,2586.83,1.0,17.02,2,"NFLX,AMZN",Bull_MidVol
2015-10-20,2514.11,0.0,6.97,2521.08,1.0,19.14,2,"NFLX,AMZN",Bull_MidVol
2015-10-21,2488.6,0.0,6.97,2495.58,1.0,19.96,2,"NFLX,AMZN",Bull_MidVol
2015-10-22,2484.04,0.0,6.97,2491.01,1.0,20.11,2,"NFLX,AMZN",Bull_MidVol
2015-10-23,2572.98,0.0,6.97,2579.95,1.0,17.25,2,"NFLX,AMZN",Bull_MidVol
2015-10-26,2641.98,0.0,6.97,2648.95,1.0,15.03,2,"NFLX,AMZN",Bull_MidVol
2015-10-27,2644.97,0.0,6.97,2651.94,1.0,14.93,2,"NFLX,AMZN",Bull_MidVol
2015-10-28,2705.14,0.0,6.97,2712.11,1.0,13.0,2,"NFLX,AMZN",Bull_LowVol
2015-10-29,2701.09,0.0,6.97,2708.07,1.0,13.13,2,"NFLX,AMZN",Bull_LowVol
2015-10-30,2762.57,0.0,661.32,3423.9,1.24,11.15,2,"NFLX,AMZN",Bull_LowVol
2015-11-02,2752.91,0.0,661.32,3414.23,1.24,11.46,2,"NFLX,AMZN",Bull_LowVol
2015-11-03,2788.32,0.0,661.32,3449.64,1.24,10.32,2,"NFLX,AMZN",Bull_LowVol
2015-11-04,2905.62,0.0,661.32,3566.94,1.23,6.55,2,"NFLX,AMZN",Bull_LowVol
2015-11-05,2924.69,0.0,661.32,3586.02,1.23,5.93,2,"NFLX,AMZN",Bull_LowVol
2015-11-06,2943.38,0.0,661.32,3604.7,1.22,5.33,2,"NFLX,AMZN",Bull_LowVol
2015-11-09,2852.24,0.0,661.32,3513.56,1.23,8.26,2,"NFLX,AMZN",Bull_LowVol
2015-11-10,2917.06,0.0,661.32,3578.38,1.23,6.18,2,"NFLX,AMZN",Bull_LowVol
2015-11-11,2947.9,0.0,661.32,3609.23,1.22,5.19,2,"NFLX,AMZN",Bull_LowVol
2015-11-12,2854.23,0.0,661.32,3515.55,1.23,8.2,2,"NFLX,AMZN",Bull_LowVol
2015-11-13,2702.39,0.0,661.32,3363.72,1.24,13.08,2,"NFLX,AMZN",Bull_MidVol
2015-11-16,2866.1,0.0,661.32,3527.43,1.23,7.82,2,"NFLX,AMZN",Bull_MidVol
2015-11-17,2970.85,0.0,661.32,3632.17,1.22,4.45,2,"NFLX,AMZN",Bull_MidVol
2015-11-18,3082.07,0.0,661.32,3743.39,1.21,0.87,2,"NFLX,AMZN",Bull_MidVol
2015-11-19,3069.31,0.0,661.32,3730.64,1.22,1.28,2,"NFLX,AMZN",Bull_MidVol
2015-11-20,3155.69,0.0,661.32,3817.01,1.21,0.0,2,"NFLX,AMZN",Bull_LowVol
2015-11-23,3200.76,0.0,661.32,3862.08,1.21,0.0,2,"NFLX,AMZN",Bull_LowVol
2015-11-24,3150.69,0.0,661.32,3812.01,1.21,1.56,2,"NFLX,AMZN",Bull_LowVol
2015-11-25,3176.08,0.0,661.32,3837.4,1.21,0.77,2,"NFLX,AMZN",Bull_LowVol
2015-11-27,3197.2,0.0,661.32,3858.52,1.21,0.11,2,"NFLX,AMZN",Bull_LowVol
2015-11-30,3138.19,15.01,0.0,3123.18,1.0,1.95,2,"AMZN,GOOGL",Bull_LowVol
2015-12-01,3211.91,15.01,0.0,3196.91,1.0,0.0,2,"AMZN,GOOGL",Bull_LowVol
2015-12-02,3193.99,15.01,0.0,3178.99,1.0,0.56,2,"AMZN,GOOGL",Bull_LowVol
2015-12-03,3150.42,15.01,0.0,3135.41,1.0,1.91,2,"AMZN,GOOGL",Bull_LowVol
2015-12-04,3185.85,15.01,0.0,3170.84,1.0,0.81,2,"AMZN,GOOGL",Bull_MidVol
2015-12-07,3168.24,15.01,0.0,3153.24,1.0,1.36,2,"AMZN,GOOGL",Bull_MidVol
2015-12-08,3193.98,15.01,0.0,3178.97,1.0,0.56,2,"AMZN,GOOGL",Bull_MidVol
2015-12-09,3137.72,15.01,0.0,3122.71,1.0,2.31,2,"AMZN,GOOGL",Bull_MidVol
2015-12-10,3126.59,15.01,0.0,3111.58,1.0,2.66,2,"AMZN,GOOGL",Bull_MidVol
2015-12-11,3045.71,15.01,0.0,3030.7,1.0,5.17,2,"AMZN,GOOGL",Bull_MidVol
2015-12-14,3116.99,15.01,0.0,3101.99,1.0,2.96,2,"AMZN,GOOGL",Bull_MidVol
2015-12-15,3115.59,15.01,0.0,3100.58,1.0,3.0,2,"AMZN,GOOGL",Bull_MidVol
2015-12-16,3191.42,15.01,0.0,3176.41,1.0,0.64,2,"AMZN,GOOGL",Bull_MidVol
2015-12-17,3166.06,15.01,0.0,3151.06,1.0,1.43,2,"AMZN,GOOGL",Bull_MidVol
2015-12-18,3127.37,15.01,0.0,3112.37,1.0,2.63,2,"AMZN,GOOGL",Bull_MidVol
2015-12-21,3134.3,15.01,0.0,3119.29,1.0,2.42,2,"AMZN,GOOGL",Bull_MidVol
2015-12-22,3139.52,15.01,0.0,3124.51,1.0,2.25,2,"AMZN,GOOGL",Bull_MidVol
2015-12-23,3143.2,15.01,0.0,3128.2,1.0,2.14,2,"AMZN,GOOGL",Bull_MidVol
2015-12-24,3136.54,15.01,0.0,3121.53,1.0,2.35,2,"AMZN,GOOGL",Bull_MidVol
2015-12-28,3198.01,15.01,0.0,3183.01,1.0,0.43,2,"AMZN,GOOGL",Bull_MidVol
2015-12-29,3271.75,15.01,0.0,3256.74,1.0,0.0,2,"AMZN,GOOGL",Bull_MidVol
2015-12-30,3251.62,15.01,0.0,3236.61,1.0,0.62,2,"AMZN,GOOGL",Bull_MidVol
2015-12-31,2945.74,0.0,245.55,3191.29,1.08,9.96,2,"AMZN,NFLX",Bull_MidVol
2016-01-04,2783.94,0.0,245.55,3029.5,1.09,14.91,2,"AMZN,NFLX",Bull_MidVol
2016-01-05,2751.05,0.0,245.55,2996.6,1.09,15.92,2,"AMZN,NFLX",Bull_MidVol
2016-01-06,2848.96,0.0,245.55,3094.52,1.09,12.92,2,"AMZN,NFLX",Bull_MidVol
2016-01-07,2743.03,0.0,245.55,2988.58,1.09,16.16,2,"AMZN,NFLX",Bull_MidVol
2016-01-08,2708.29,0.0,245.55,2953.84,1.09,17.22,2,"AMZN,NFLX",Bull_MidVol
2016-01-11,2776.68,0.0,245.55,3022.23,1.09,15.13,2,"AMZN,NFLX",Bull_MidVol
2016-01-12,2793.41,0.0,245.55,3038.96,1.09,14.62,2,"AMZN,NFLX",Bull_MidVol
2016-01-13,2583.47,0.0,245.55,2829.02,1.1,21.04,2,"AMZN,NFLX",Bull_MidVol
2016-01-14,2622.2,0.0,245.55,2867.76,1.09,19.85,2,"AMZN,NFLX",Bull_MidVol
2016-01-15,2522.97,0.0,245.55,2768.52,1.1,22.89,2,"AMZN,NFLX",Bull_MidVol
2016-01-19,2574.85,0.0,245.55,2820.41,1.1,21.3,2,"AMZN,NFLX",Bull_MidVol
2016-01-20,2565.18,0.0,245.55,2810.73,1.1,21.6,2,"AMZN,NFLX",Bull_MidVol
2016-01-21,2520.45,0.0,245.55,2766.0,1.1,22.96,2,"AMZN,NFLX",Bull_MidVol
2016-01-22,2568.25,0.0,245.55,2813.81,1.1,21.5,2,"AMZN,NFLX",Bull_MidVol
2016-01-25,2552.52,0.0,245.55,2798.07,1.1,21.98,2,"AMZN,NFLX",Bull_MidVol
2016-01-26,2553.68,0.0,245.55,2799.23,1.1,21.95,2,"AMZN,NFLX",Bull_MidVol
2016-01-27,2457.68,701.8,0.0,1755.87,0.71,24.88,1,AMZN,Bull_MidVol
2016-01-28,2614.2,701.8,0.0,1912.39,0.73,20.1,1,AMZN,Bull_MidVol
2016-01-29,2475.35,0.0,246.76,2722.11,1.1,24.34,2,"AMZN,KLAC",Bull_MidVol
2016-02-01,2440.51,0.0,246.76,2687.27,1.1,25.41,2,"AMZN,KLAC",Bull_MidVol
2016-02-02,2358.47,0.0,246.76,2605.23,1.1,27.91,2,"AMZN,KLAC",Bull_MidVol
2016-02-03,2304.3,0.0,246.76,2551.05,1.11,29.57,2,"AMZN,KLAC",Bull_MidVol
2016-02-04,2321.06,0.0,246.76,2567.81,1.11,29.06,2,"AMZN,KLAC",Bull_MidVol
2016-02-05,2148.94,1214.79,0.0,934.15,0.43,34.32,1,KLAC,Bull_MidVol
2016-02-08,2120.89,2120.89,0.0,0.0,0.0,35.18,0,CASH_BIL,Bear
2016-02-09,2120.43,2120.43,0.0,0.0,0.0,35.19,0,CASH_BIL,Bear
2016-02-10,2120.89,2120.89,0.0,0.0,0.0,35.18,0,CASH_BIL,Bear
2016-02-11,2120.43,2120.43,0.0,0.0,0.0,35.19,0,CASH_BIL,Bear
2016-02-12,2120.43,2120.43,0.0,0.0,0.0,35.19,0,CASH_BIL,Bear
2016-02-16,2120.43,2120.43,0.0,0.0,0.0,35.19,0,CASH_BIL,Bear
2016-02-17,2120.89,2120.89,0.0,0.0,0.0,35.18,0,CASH_BIL,Bear
2016-02-18,2120.89,2120.89,0.0,0.0,0.0,35.18,0,CASH_BIL,Bear
2016-02-19,2120.89,2120.89,0.0,0.0,0.0,35.18,0,CASH_BIL,Bear
2016-02-22,2120.43,2120.43,0.0,0.0,0.0,35.19,0,CASH_BIL,Bear
2016-02-23,2120.89,2120.89,0.0,0.0,0.0,35.18,0,CASH_BIL,Bear
2016-02-24,2120.43,2120.43,0.0,0.0,0.0,35.19,0,CASH_BIL,Bear
2016-02-25,2120.43,2120.43,0.0,0.0,0.0,35.19,0,CASH_BIL,Bear
2016-02-26,2120.89,2120.89,0.0,0.0,0.0,35.18,0,CASH_BIL,Bear
2016-02-29,2120.89,2120.89,0.0,0.0,0.0,35.18,0,CASH_BIL,Bear
2016-03-01,2120.89,2120.89,0.0,0.0,0.0,35.18,0,CASH_BIL,Bull_MidVol
2016-03-02,2120.89,2120.89,0.0,0.0,0.0,35.18,0,CASH_BIL,Bull_MidVol
2016-03-03,2120.89,2120.89,0.0,0.0,0.0,35.18,0,CASH_BIL,Bull_MidVol
2016-03-04,2120.89,2120.89,0.0,0.0,0.0,35.18,0,CASH_BIL,Bull_MidVol
2016-03-07,2120.89,2120.89,0.0,0.0,0.0,35.18,0,CASH_BIL,Bull_MidVol
2016-03-08,2121.35,2121.35,0.0,0.0,0.0,35.16,0,CASH_BIL,Bear
2016-03-09,2121.35,2121.35,0.0,0.0,0.0,35.16,0,CASH_BIL,Bull_MidVol
2016-03-10,2121.35,2121.35,0.0,0.0,0.0,35.16,0,CASH_BIL,Bull_MidVol
2016-03-11,2121.35,2121.35,0.0,0.0,0.0,35.16,0,CASH_BIL,Bull_MidVol
2016-03-14,2121.35,2121.35,0.0,0.0,0.0,35.16,0,CASH_BIL,Bull_MidVol
2016-03-15,2121.35,2121.35,0.0,0.0,0.0,35.16,0,CASH_BIL,Bull_MidVol
2016-03-16,2121.35,2121.35,0.0,0.0,0.0,35.16,0,CASH_BIL,Bull_MidVol
2016-03-17,2121.35,2121.35,0.0,0.0,0.0,35.16,0,CASH_BIL,Bull_MidVol
2016-03-18,2121.35,2121.35,0.0,0.0,0.0,35.16,0,CASH_BIL,Bull_MidVol
2016-03-21,2121.35,2121.35,0.0,0.0,0.0,35.16,0,CASH_BIL,Bull_MidVol
2016-03-22,2121.35,2121.35,0.0,0.0,0.0,35.16,0,CASH_BIL,Bull_LowVol
2016-03-23,2121.35,2121.35,0.0,0.0,0.0,35.16,0,CASH_BIL,Bull_LowVol
2016-03-24,2121.35,2121.35,0.0,0.0,0.0,35.16,0,CASH_BIL,Bull_LowVol
2016-03-28,2121.35,2121.35,0.0,0.0,0.0,35.16,0,CASH_BIL,Bull_LowVol
2016-03-29,2121.35,2121.35,0.0,0.0,0.0,35.16,0,CASH_BIL,Bull_LowVol
2016-03-30,2121.35,2121.35,0.0,0.0,0.0,35.16,0,CASH_BIL,Bull_LowVol
2016-03-31,2129.62,0.0,3.86,2133.48,1.0,34.91,2,"KLAC,FAST",Bull_LowVol
2016-04-01,2133.08,0.0,3.86,2136.94,1.0,34.8,2,"KLAC,FAST",Bull_LowVol
2016-04-04,2104.85,0.0,3.86,2108.71,1.0,35.67,2,"KLAC,FAST",Bull_LowVol
2016-04-05,2096.3,0.0,3.86,2100.16,1.0,35.93,2,"KLAC,FAST",Bull_LowVol
2016-04-06,2099.13,0.0,3.86,2102.99,1.0,35.84,2,"KLAC,FAST",Bull_LowVol
2016-04-07,2081.2,0.0,3.86,2085.06,1.0,36.39,2,"KLAC,FAST",Bull_LowVol
2016-04-08,2086.76,0.0,3.86,2090.62,1.0,36.22,2,"KLAC,FAST",Bull_LowVol
2016-04-11,2085.72,0.0,3.86,2089.59,1.0,36.25,2,"KLAC,FAST",Bull_LowVol
2016-04-12,2060.66,0.0,3.86,2064.52,1.0,37.02,2,"KLAC,FAST",Bull_LowVol
2016-04-13,2082.25,0.0,3.86,2086.11,1.0,36.36,2,"KLAC,FAST",Bull_LowVol
2016-04-14,2073.73,0.0,3.86,2077.59,1.0,36.62,2,"KLAC,FAST",Bull_LowVol
2016-04-15,2075.1,0.0,3.86,2078.96,1.0,36.58,2,"KLAC,FAST",Bull_LowVol
2016-04-18,2078.03,0.0,3.86,2081.89,1.0,36.49,2,"KLAC,FAST",Bull_LowVol
2016-04-19,2085.18,0.0,3.86,2089.04,1.0,36.27,2,"KLAC,FAST",Bull_LowVol
2016-04-20,2083.42,0.0,3.86,2087.28,1.0,36.32,2,"KLAC,FAST",Bull_LowVol
2016-04-21,2061.34,0.0,3.86,2065.2,1.0,37.0,2,"KLAC,FAST",Bull_LowVol
2016-04-22,2065.07,0.0,3.86,2068.93,1.0,36.88,2,"KLAC,FAST",Bull_LowVol
2016-04-25,2058.74,0.0,3.86,2062.6,1.0,37.08,2,"KLAC,FAST",Bull_LowVol
2016-04-26,2077.14,0.0,3.86,2081.0,1.0,36.51,2,"KLAC,FAST",Bull_LowVol
2016-04-27,2099.42,0.0,3.86,2103.29,1.0,35.83,2,"KLAC,FAST",Bull_LowVol
2016-04-28,2070.11,0.0,3.86,2073.97,1.0,36.73,2,"KLAC,FAST",Bull_LowVol
2016-04-29,2045.88,0.0,0.23,2046.11,1.0,37.47,2,"FAST,AMAT",Bull_LowVol
2016-05-02,2043.14,0.0,0.23,2043.37,1.0,37.55,2,"FAST,AMAT",Bull_LowVol
2016-05-03,2018.37,0.0,0.23,2018.6,1.0,38.31,2,"FAST,AMAT",Bull_LowVol
2016-05-04,1988.29,0.0,0.23,1988.53,1.0,39.23,2,"FAST,AMAT",Bull_LowVol
2016-05-05,2010.1,0.0,0.23,2010.33,1.0,38.56,2,"FAST,AMAT",Bull_LowVol
2016-05-06,2009.75,0.0,0.23,2009.98,1.0,38.57,2,"FAST,AMAT",Bull_LowVol
2016-05-09,2003.39,0.0,0.23,2003.62,1.0,38.77,2,"FAST,AMAT",Bull_LowVol
2016-05-10,2019.15,0.0,0.23,2019.38,1.0,38.29,2,"FAST,AMAT",Bull_LowVol
2016-05-11,2012.39,0.0,0.23,2012.62,1.0,38.49,2,"FAST,AMAT",Bull_LowVol
2016-05-12,1979.05,0.0,0.23,1979.28,1.0,39.51,2,"FAST,AMAT",Bull_LowVol
2016-05-13,1974.51,0.0,0.23,1974.74,1.0,39.65,2,"FAST,AMAT",Bull_LowVol
2016-05-16,1991.63,0.0,0.23,1991.86,1.0,39.13,2,"FAST,AMAT",Bull_LowVol
2016-05-17,1969.75,0.0,0.23,1969.98,1.0,39.8,2,"FAST,AMAT",Bull_LowVol
2016-05-18,1987.73,0.0,0.23,1987.96,1.0,39.25,2,"FAST,AMAT",Bull_LowVol
2016-05-19,1967.65,0.0,0.23,1967.88,1.0,39.86,2,"FAST,AMAT",Bull_LowVol
2016-05-20,2110.45,0.0,0.23,2110.68,1.0,35.49,2,"FAST,AMAT",Bull_LowVol
2016-05-23,2122.45,0.0,0.23,2122.69,1.0,35.13,2,"FAST,AMAT",Bull_LowVol
2016-05-24,2174.95,0.0,0.23,2175.18,1.0,33.52,2,"FAST,AMAT",Bull_LowVol
2016-05-25,2188.67,0.0,0.23,2188.9,1.0,33.1,2,"FAST,AMAT",Bull_LowVol
2016-05-26,2195.24,0.0,0.23,2195.47,1.0,32.9,2,"FAST,AMAT",Bull_LowVol
2016-05-27,2228.47,0.0,0.23,2228.7,1.0,31.89,2,"FAST,AMAT",Bull_LowVol
2016-05-31,2220.7,0.0,4.04,2224.74,1.0,32.12,2,"ISRG,META",Bull_LowVol
2016-06-01,2226.01,0.0,4.04,2230.05,1.0,31.96,2,"ISRG,META",Bull_LowVol
2016-06-02,2230.6,0.0,4.04,2234.63,1.0,31.82,2,"ISRG,META",Bull_LowVol
2016-06-03,2221.72,0.0,4.04,2225.75,1.0,32.09,2,"ISRG,META",Bull_LowVol
2016-06-06,2222.23,0.0,4.04,2226.26,1.0,32.08,2,"ISRG,META",Bull_LowVol
2016-06-07,2213.74,0.0,4.04,2217.77,1.0,32.34,2,"ISRG,META",Bull_LowVol
2016-06-08,2232.31,0.0,4.04,2236.35,1.0,31.77,2,"ISRG,META",Bull_LowVol
2016-06-09,2243.75,0.0,4.04,2247.78,1.0,31.42,2,"ISRG,META",Bull_LowVol
2016-06-10,2214.44,0.0,4.04,2218.47,1.0,32.32,2,"ISRG,META",Bull_LowVol
2016-06-13,2195.81,0.0,4.04,2199.85,1.0,32.89,2,"ISRG,META",Bull_LowVol
2016-06-14,2206.12,0.0,4.04,2210.16,1.0,32.57,2,"ISRG,META",Bull_LowVol
2016-06-15,2203.38,0.0,4.04,2207.41,1.0,32.65,2,"ISRG,META",Bull_LowVol
2016-06-16,2198.59,0.0,4.04,2202.62,1.0,32.8,2,"ISRG,META",Bull_LowVol
2016-06-17,2183.27,0.0,4.04,2187.31,1.0,33.27,2,"ISRG,META",Bull_LowVol
2016-06-20,2198.19,0.0,4.04,2202.22,1.0,32.81,2,"ISRG,META",Bull_LowVol
2016-06-21,2201.57,0.0,4.04,2205.6,1.0,32.71,2,"ISRG,META",Bull_LowVol
2016-06-22,2209.21,0.0,4.04,2213.24,1.0,32.48,2,"ISRG,META",Bull_LowVol
2016-06-23,2237.88,0.0,4.04,2241.92,1.0,31.6,2,"ISRG,META",Bull_LowVol
2016-06-24,2180.82,0.0,4.04,2184.86,1.0,33.34,2,"ISRG,META",Bull_MidVol
2016-06-27,2125.76,0.0,4.04,2129.79,1.0,35.03,2,"ISRG,META",Bull_MidVol
2016-06-28,2174.62,0.0,4.04,2178.66,1.0,33.53,2,"ISRG,META",Bull_MidVol
2016-06-29,2223.11,0.0,4.04,2227.15,1.0,32.05,2,"ISRG,META",Bull_MidVol
2016-06-30,2243.72,0.0,4.05,2247.77,1.0,31.42,2,"AMD,AMAT",Bull_MidVol
2016-07-01,2217.73,0.0,4.05,2221.78,1.0,32.22,2,"AMD,AMAT",Bull_MidVol
2016-07-05,2178.3,0.0,4.05,2182.35,1.0,33.42,2,"AMD,AMAT",Bull_MidVol
2016-07-06,2209.29,0.0,4.05,2213.34,1.0,32.47,2,"AMD,AMAT",Bull_MidVol
2016-07-07,2207.72,0.0,4.05,2211.77,1.0,32.52,2,"AMD,AMAT",Bull_MidVol
2016-07-08,2247.71,0.0,4.05,2251.76,1.0,31.3,2,"AMD,AMAT",Bull_MidVol
2016-07-11,2220.33,0.0,4.05,2224.39,1.0,32.14,2,"AMD,AMAT",Bull_MidVol
2016-07-12,2270.7,0.0,4.05,2274.75,1.0,30.6,2,"AMD,AMAT",Bull_MidVol
2016-07-13,2262.57,0.0,4.05,2266.62,1.0,30.85,2,"AMD,AMAT",Bull_MidVol
2016-07-14,2294.12,0.0,4.05,2298.18,1.0,29.88,2,"AMD,AMAT",Bull_MidVol
2016-07-15,2288.12,0.0,4.05,2292.17,1.0,30.06,2,"AMD,AMAT",Bull_MidVol
2016-07-18,2422.47,0.0,4.05,2426.52,1.0,25.96,2,"AMD,AMAT",Bull_MidVol
2016-07-19,2383.54,0.0,4.05,2387.6,1.0,27.15,2,"AMD,AMAT",Bull_MidVol
2016-07-20,2388.41,0.0,4.05,2392.47,1.0,27.0,2,"AMD,AMAT",Bull_MidVol
2016-07-21,2314.06,0.0,4.05,2318.11,1.0,29.27,2,"AMD,AMAT",Bull_MidVol
2016-07-22,2533.64,0.0,4.05,2537.7,1.0,22.56,2,"AMD,AMAT",Bull_MidVol
2016-07-25,2836.85,0.0,4.05,2840.9,1.0,13.29,2,"AMD,AMAT",Bull_LowVol
2016-07-26,2940.83,0.0,4.05,2944.88,1.0,10.11,2,"AMD,AMAT",Bull_LowVol
2016-07-27,2897.02,0.0,4.05,2901.07,1.0,11.45,2,"AMD,AMAT",Bull_LowVol
2016-07-28,2881.28,0.0,4.05,2885.33,1.0,11.93,2,"AMD,AMAT",Bull_LowVol
2016-07-29,2889.09,0.0,4.05,2893.14,1.0,11.7,2,"AMD,AMAT",Bull_LowVol
2016-08-01,2811.73,0.0,4.05,2815.78,1.0,14.06,2,"AMD,AMAT",Bull_LowVol
2016-08-02,2673.13,0.0,4.05,2677.18,1.0,18.3,2,"AMD,AMAT",Bull_LowVol
2016-08-03,2691.44,0.0,4.05,2695.49,1.0,17.74,2,"AMD,AMAT",Bull_LowVol
2016-08-04,2754.11,0.0,4.05,2758.16,1.0,15.82,2,"AMD,AMAT",Bull_LowVol
2016-08-05,2811.35,0.0,4.05,2815.4,1.0,14.07,2,"AMD,AMAT",Bull_LowVol
2016-08-08,2836.22,0.0,4.05,2840.27,1.0,13.31,2,"AMD,AMAT",Bull_LowVol
2016-08-09,2807.47,0.0,4.05,2811.52,1.0,14.19,2,"AMD,AMAT",Bull_LowVol
2016-08-10,2761.86,0.0,4.05,2765.91,1.0,15.58,2,"AMD,AMAT",Bull_LowVol
2016-08-11,2801.03,0.0,4.05,2805.09,1.0,14.39,2,"AMD,AMAT",Bull_LowVol
2016-08-12,2860.27,0.0,4.05,2864.32,1.0,12.58,2,"AMD,AMAT",Bull_LowVol
2016-08-15,2942.69,0.0,4.05,2946.74,1.0,10.06,2,"AMD,AMAT",Bull_LowVol
2016-08-16,2878.52,0.0,4.05,2882.57,1.0,12.02,2,"AMD,AMAT",Bull_LowVol
2016-08-17,2844.83,0.0,4.05,2848.89,1.0,13.05,2,"AMD,AMAT",Bull_LowVol
2016-08-18,2978.12,0.0,4.05,2982.17,1.0,8.97,2,"AMD,AMAT",Bull_LowVol
2016-08-19,3217.81,0.0,4.05,3221.86,1.0,1.65,2,"AMD,AMAT",Bull_LowVol
2016-08-22,3194.63,0.0,4.05,3198.68,1.0,2.36,2,"AMD,AMAT",Bull_LowVol
2016-08-23,3243.04,0.0,4.05,3247.1,1.0,0.88,2,"AMD,AMAT",Bull_LowVol
2016-08-24,3154.36,0.0,4.05,3158.41,1.0,3.59,2,"AMD,AMAT",Bull_LowVol
2016-08-25,3167.42,0.0,4.05,3171.47,1.0,3.19,2,"AMD,AMAT",Bull_LowVol
2016-08-26,3243.42,0.0,4.05,3247.47,1.0,0.87,2,"AMD,AMAT",Bull_LowVol
2016-08-29,3216.93,0.0,4.05,3220.98,1.0,1.68,2,"AMD,AMAT",Bull_LowVol
2016-08-30,3180.81,0.0,4.05,3184.86,1.0,2.78,2,"AMD,AMAT",Bull_LowVol
2016-08-31,3146.49,0.0,4.05,3150.54,1.0,3.83,2,"AMD,AMAT",Bull_LowVol
2016-09-01,3137.45,0.0,4.05,3141.51,1.0,4.1,2,"AMD,AMAT",Bull_LowVol
2016-09-02,3188.37,0.0,4.05,3192.42,1.0,2.55,2,"AMD,AMAT",Bull_LowVol
2016-09-06,3128.13,0.0,4.05,3132.18,1.0,4.39,2,"AMD,AMAT",Bull_LowVol
2016-09-07,2951.84,0.0,4.05,2955.89,1.0,9.78,2,"AMD,AMAT",Bull_LowVol
2016-09-08,2736.11,0.0,4.05,2740.17,1.0,16.37,2,"AMD,AMAT",Bull_LowVol
2016-09-09,2603.15,0.0,4.05,2607.2,1.0,20.44,2,"AMD,AMAT",Bull_LowVol
2016-09-12,2630.87,0.0,4.05,2634.92,1.0,19.59,2,"AMD,AMAT",Bull_LowVol
2016-09-13,2556.93,0.0,4.05,2560.99,1.0,21.85,2,"AMD,AMAT",Bull_LowVol
2016-09-14,2662.86,0.0,4.05,2666.91,1.0,18.61,2,"AMD,AMAT",Bull_LowVol
2016-09-15,2669.39,0.0,4.05,2673.45,1.0,18.41,2,"AMD,AMAT",Bull_LowVol
2016-09-16,2678.01,0.0,4.05,2682.06,1.0,18.15,2,"AMD,AMAT",Bull_LowVol
2016-09-19,2721.21,0.0,4.05,2725.26,1.0,16.83,2,"AMD,AMAT",Bull_LowVol
2016-09-20,2726.4,0.0,4.05,2730.45,1.0,16.67,2,"AMD,AMAT",Bull_LowVol
2016-09-21,2771.77,0.0,4.05,2775.83,1.0,15.28,2,"AMD,AMAT",Bull_LowVol
2016-09-22,2794.51,0.0,4.05,2798.56,1.0,14.59,2,"AMD,AMAT",Bull_LowVol
2016-09-23,2845.65,0.0,4.05,2849.71,1.0,13.02,2,"AMD,AMAT",Bull_LowVol
2016-09-26,2759.34,0.0,4.05,2763.39,1.0,15.66,2,"AMD,AMAT",Bull_LowVol
2016-09-27,2841.78,0.0,4.05,2845.83,1.0,13.14,2,"AMD,AMAT",Bull_LowVol
2016-09-28,2861.16,0.0,4.05,2865.21,1.0,12.55,2,"AMD,AMAT",Bull_LowVol
2016-09-29,2886.14,0.0,4.05,2890.2,1.0,11.79,2,"AMD,AMAT",Bull_LowVol
2016-09-30,2980.85,0.0,4.05,2984.9,1.0,8.89,2,"AMD,AMAT",Bull_LowVol
2016-10-03,2990.52,0.0,4.05,2994.57,1.0,8.6,2,"AMD,AMAT",Bull_LowVol
2016-10-04,2991.69,0.0,4.05,2995.74,1.0,8.56,2,"AMD,AMAT",Bull_LowVol
2016-10-05,2931.4,0.0,4.05,2935.46,1.0,10.4,2,"AMD,AMAT",Bull_LowVol
2016-10-06,2993.46,0.0,4.05,2997.51,1.0,8.51,2,"AMD,AMAT",Bull_LowVol
2016-10-07,2917.33,0.0,4.05,2921.39,1.0,10.83,2,"AMD,AMAT",Bull_LowVol
2016-10-10,2941.87,0.0,4.05,2945.93,1.0,10.08,2,"AMD,AMAT",Bull_LowVol
2016-10-11,2808.98,0.0,4.05,2813.03,1.0,14.14,2,"AMD,AMAT",Bull_LowVol
2016-10-12,2850.98,0.0,4.05,2855.03,1.0,12.86,2,"AMD,AMAT",Bull_LowVol
2016-10-13,2790.82,0.0,4.05,2794.87,1.0,14.7,2,"AMD,AMAT",Bull_LowVol
2016-10-14,2885.75,0.0,4.05,2889.81,1.0,11.8,2,"AMD,AMAT",Bull_LowVol
2016-10-17,2852.68,0.0,4.05,2856.73,1.0,12.81,2,"AMD,AMAT",Bull_LowVol
2016-10-18,2877.81,0.0,4.05,2881.87,1.0,12.04,2,"AMD,AMAT",Bull_LowVol
2016-10-19,2897.45,0.0,4.05,2901.5,1.0,11.44,2,"AMD,AMAT",Bull_LowVol
2016-10-20,2965.07,0.0,4.05,2969.12,1.0,9.37,2,"AMD,AMAT",Bull_LowVol
2016-10-21,2812.03,0.0,4.05,2816.09,1.0,14.05,2,"AMD,AMAT",Bull_LowVol
2016-10-24,2997.04,0.0,4.05,3001.09,1.0,8.4,2,"AMD,AMAT",Bull_LowVol
2016-10-25,3163.06,0.0,4.05,3167.12,1.0,3.32,2,"AMD,AMAT",Bull_LowVol
2016-10-26,3089.39,0.0,4.05,3093.44,1.0,5.57,2,"AMD,AMAT",Bull_LowVol
2016-10-27,3026.58,0.0,4.05,3030.64,1.0,7.49,2,"AMD,AMAT",Bull_LowVol
2016-10-28,3054.32,0.0,4.05,3058.37,1.0,6.65,2,"AMD,AMAT",Bull_LowVol
2016-10-31,3073.72,0.0,73.42,3147.13,1.02,6.05,2,"AMD,MELI",Bull_LowVol
2016-11-01,3031.26,0.0,73.42,3104.68,1.02,7.35,2,"AMD,MELI",Bull_LowVol
2016-11-02,2904.1,0.0,73.42,2977.51,1.03,11.24,2,"AMD,MELI",Bull_LowVol
2016-11-03,2880.42,0.0,73.42,2953.84,1.03,11.96,2,"AMD,MELI",Bull_LowVol
2016-11-04,2835.14,0.0,73.42,2908.55,1.03,13.34,2,"AMD,MELI",Bull_LowVol
2016-11-07,2983.82,0.0,73.42,3057.24,1.02,8.8,2,"AMD,MELI",Bull_LowVol
2016-11-08,3017.69,0.0,73.42,3091.1,1.02,7.77,2,"AMD,MELI",Bull_LowVol
2016-11-09,2989.97,0.0,73.42,3063.38,1.02,8.61,2,"AMD,MELI",Bull_LowVol
2016-11-10,2729.17,0.0,73.42,2802.58,1.03,16.58,2,"AMD,MELI",Bull_LowVol
2016-11-11,2840.49,0.0,73.42,2913.91,1.03,13.18,2,"AMD,MELI",Bull_LowVol
2016-11-14,2866.45,0.0,73.42,2939.87,1.03,12.39,2,"AMD,MELI",Bull_LowVol
2016-11-15,2937.56,0.0,73.42,3010.97,1.02,10.21,2,"AMD,MELI",Bull_LowVol
2016-11-16,3187.04,0.0,73.42,3260.45,1.02,2.59,2,"AMD,MELI",Bull_LowVol
2016-11-17,3464.71,0.0,73.42,3538.12,1.02,0.0,2,"AMD,MELI",Bull_LowVol
2016-11-18,3553.51,0.0,73.42,3626.93,1.02,0.0,2,"AMD,MELI",Bull_LowVol
2016-11-21,3645.02,0.0,73.42,3718.43,1.02,0.0,2,"AMD,MELI",Bull_LowVol
2016-11-22,3573.4,0.0,73.42,3646.81,1.02,1.96,2,"AMD,MELI",Bull_LowVol
2016-11-23,3618.5,0.0,73.42,3691.92,1.02,0.73,2,"AMD,MELI",Bull_LowVol
2016-11-25,3594.93,0.0,73.42,3668.35,1.02,1.37,2,"AMD,MELI",Bull_LowVol
2016-11-28,3611.04,0.0,73.42,3684.46,1.02,0.93,2,"AMD,MELI",Bull_LowVol
2016-11-29,3649.89,0.0,73.42,3723.31,1.02,0.0,2,"AMD,MELI",Bull_LowVol
2016-11-30,3624.95,0.0,221.83,3846.78,1.06,0.68,2,"AMD,QCOM",Bull_LowVol
2016-12-01,3400.51,0.0,221.83,3622.34,1.07,6.83,2,"AMD,QCOM",Bull_MidVol
2016-12-02,3467.48,0.0,221.83,3689.3,1.06,5.0,2,"AMD,QCOM",Bull_LowVol
2016-12-05,3525.53,0.0,221.83,3747.36,1.06,3.41,2,"AMD,QCOM",Bull_LowVol
2016-12-06,3806.65,0.0,221.83,4028.48,1.06,0.0,2,"AMD,QCOM",Bull_LowVol
2016-12-07,3854.66,0.0,221.83,4076.49,1.06,0.0,2,"AMD,QCOM",Bull_LowVol
2016-12-08,4129.87,0.0,221.83,4351.69,1.05,0.0,2,"AMD,QCOM",Bull_LowVol
2016-12-09,4129.54,0.0,221.83,4351.37,1.05,0.01,2,"AMD,QCOM",Bull_LowVol
2016-12-12,4247.99,0.0,221.83,4469.82,1.05,0.0,2,"AMD,QCOM",Bull_LowVol
2016-12-13,4208.3,0.0,221.83,4430.13,1.05,0.93,2,"AMD,QCOM",Bull_LowVol
2016-12-14,4192.76,0.0,221.83,4414.59,1.05,1.3,2,"AMD,QCOM",Bull_LowVol
2016-12-15,4306.27,0.0,221.83,4528.1,1.05,0.0,2,"AMD,QCOM",Bull_LowVol
2016-12-16,4219.49,0.0,221.83,4441.32,1.05,2.02,2,"AMD,QCOM",Bull_LowVol
2016-12-19,4326.97,0.0,221.83,4548.79,1.05,0.0,2,"AMD,QCOM",Bull_LowVol
2016-12-20,4521.76,0.0,221.83,4743.59,1.05,0.0,2,"AMD,QCOM",Bull_LowVol
2016-12-21,4510.44,0.0,221.83,4732.26,1.05,0.25,2,"AMD,QCOM",Bull_LowVol
2016-12-22,4551.65,0.0,221.83,4773.48,1.05,0.0,2,"AMD,QCOM",Bull_LowVol
2016-12-23,4545.72,0.0,221.83,4767.55,1.05,0.13,2,"AMD,QCOM",Bull_LowVol
2016-12-27,4721.37,0.0,221.83,4943.19,1.05,0.0,2,"AMD,QCOM",Bull_LowVol
2016-12-28,4523.35,0.0,221.83,4745.18,1.05,4.19,2,"AMD,QCOM",Bull_LowVol
2016-12-29,4540.45,0.0,221.83,4762.28,1.05,3.83,2,"AMD,QCOM",Bull_LowVol
2016-12-30,4429.14,0.0,410.22,4839.36,1.09,6.19,2,"AMD,URI",Bull_LowVol
2017-01-03,4491.41,0.0,410.22,4901.62,1.09,4.87,2,"AMD,URI",Bull_LowVol
2017-01-04,4496.02,0.0,410.22,4906.24,1.09,4.77,2,"AMD,URI",Bull_LowVol
2017-01-05,4431.84,0.0,410.22,4842.06,1.09,6.13,2,"AMD,URI",Bull_LowVol
2017-01-06,4453.49,0.0,410.22,4863.71,1.09,5.67,2,"AMD,URI",Bull_LowVol
2017-01-09,4486.42,0.0,410.22,4896.63,1.09,4.98,2,"AMD,URI",Bull_LowVol
2017-01-10,4491.52,0.0,410.22,4901.74,1.09,4.87,2,"AMD,URI",Bull_LowVol
2017-01-11,4410.51,0.0,410.22,4820.72,1.09,6.58,2,"AMD,URI",Bull_LowVol
2017-01-12,4234.09,0.0,410.22,4644.31,1.1,10.32,2,"AMD,URI",Bull_LowVol
2017-01-13,4175.31,0.0,410.22,4585.53,1.1,11.57,2,"AMD,URI",Bull_LowVol
2017-01-17,3910.83,0.0,410.22,4321.05,1.1,17.17,2,"AMD,URI",Bull_LowVol
2017-01-18,3963.1,0.0,410.22,4373.31,1.1,16.06,2,"AMD,URI",Bull_LowVol
2017-01-19,3919.9,0.0,410.22,4330.12,1.1,16.98,2,"AMD,URI",Bull_LowVol
2017-01-20,3919.01,0.0,410.22,4329.22,1.1,16.99,2,"AMD,URI",Bull_LowVol
2017-01-23,3966.09,0.0,410.22,4376.3,1.1,16.0,2,"AMD,URI",Bull_LowVol
2017-01-24,4180.43,0.0,410.22,4590.65,1.1,11.46,2,"AMD,URI",Bull_LowVol
2017-01-25,4154.3,0.0,410.22,4564.52,1.1,12.01,2,"AMD,URI",Bull_LowVol
2017-01-26,4319.38,0.0,410.22,4729.6,1.09,8.51,2,"AMD,URI",Bull_LowVol
2017-01-27,4381.77,0.0,410.22,4791.99,1.09,7.19,2,"AMD,URI",Bull_LowVol
2017-01-30,4364.98,0.0,410.22,4775.2,1.09,7.55,2,"AMD,URI",Bull_LowVol
2017-01-31,4256.08,0.0,215.43,4471.52,1.05,9.85,2,"AMD,MU",Bull_LowVol
2017-02-01,4869.86,0.0,215.43,5085.29,1.04,0.0,2,"AMD,MU",Bull_LowVol
2017-02-02,4948.24,0.0,215.43,5163.68,1.04,0.0,2,"AMD,MU",Bull_LowVol
2017-02-03,4927.61,0.0,215.43,5143.04,1.04,0.42,2,"AMD,MU",Bull_LowVol
2017-02-06,5404.95,0.0,215.43,5620.38,1.04,0.0,2,"AMD,MU",Bull_LowVol
2017-02-07,5295.05,0.0,215.43,5510.48,1.04,2.03,2,"AMD,MU",Bull_LowVol
2017-02-08,5375.91,0.0,215.43,5591.34,1.04,0.54,2,"AMD,MU",Bull_LowVol
2017-02-09,5335.3,0.0,215.43,5550.73,1.04,1.29,2,"AMD,MU",Bull_LowVol
2017-02-10,5377.31,0.0,215.43,5592.75,1.04,0.51,2,"AMD,MU",Bull_LowVol
2017-02-13,5340.58,0.0,215.43,5556.01,1.04,1.19,2,"AMD,MU",Bull_LowVol
2017-02-14,5232.83,0.0,215.43,5448.26,1.04,3.18,2,"AMD,MU",Bull_LowVol
2017-02-15,5243.33,0.0,215.43,5458.77,1.04,2.99,2,"AMD,MU",Bull_LowVol
2017-02-16,5126.45,0.0,215.43,5341.89,1.04,5.15,2,"AMD,MU",Bull_LowVol
2017-02-17,5195.37,0.0,215.43,5410.81,1.04,3.88,2,"AMD,MU",Bull_LowVol
2017-02-21,5514.51,0.0,215.43,5729.94,1.04,0.0,2,"AMD,MU",Bull_LowVol
2017-02-22,5611.79,0.0,215.43,5827.22,1.04,0.0,2,"AMD,MU",Bull_LowVol
2017-02-23,5616.35,0.0,215.43,5831.79,1.04,0.0,2,"AMD,MU",Bull_LowVol
2017-02-24,5537.98,0.0,215.43,5753.41,1.04,1.4,2,"AMD,MU",Bull_LowVol
2017-02-27,5934.09,0.0,215.43,6149.52,1.04,0.0,2,"AMD,MU",Bull_LowVol
2017-02-28,5661.47,0.0,512.25,6173.72,1.09,4.59,2,"AMD,URI",Bull_LowVol
2017-03-01,5882.8,0.0,512.25,6395.05,1.09,0.86,2,"AMD,URI",Bull_LowVol
2017-03-02,5474.02,0.0,512.25,5986.27,1.09,7.75,2,"AMD,URI",Bull_LowVol
2017-03-03,5167.05,0.0,512.25,5679.3,1.1,12.93,2,"AMD,URI",Bull_LowVol
2017-03-06,5179.77,0.0,512.25,5692.02,1.1,12.71,2,"AMD,URI",Bull_LowVol
2017-03-07,5169.09,0.0,512.25,5681.34,1.1,12.89,2,"AMD,URI",Bull_LowVol
2017-03-08,5195.1,0.0,512.25,5707.35,1.1,12.45,2,"AMD,URI",Bull_LowVol
2017-03-09,5213.41,0.0,512.25,5725.66,1.1,12.14,2,"AMD,URI",Bull_LowVol
2017-03-10,5424.82,0.0,512.25,5937.07,1.09,8.58,2,"AMD,URI",Bull_LowVol
2017-03-13,5565.17,0.0,512.25,6077.42,1.09,6.22,2,"AMD,URI",Bull_LowVol
2017-03-14,5484.09,0.0,512.25,5996.34,1.09,7.58,2,"AMD,URI",Bull_LowVol
2017-03-15,5478.88,0.0,512.25,5991.13,1.09,7.67,2,"AMD,URI",Bull_LowVol
2017-03-16,5354.1,0.0,512.25,5866.35,1.1,9.77,2,"AMD,URI",Bull_LowVol
2017-03-17,5297.32,0.0,512.25,5809.57,1.1,10.73,2,"AMD,URI",Bull_LowVol
2017-03-20,5614.03,0.0,512.25,6126.28,1.09,5.39,2,"AMD,URI",Bull_LowVol
2017-03-21,5367.75,0.0,512.25,5880.0,1.1,9.54,2,"AMD,URI",Bull_LowVol
2017-03-22,5468.95,0.0,512.25,5981.21,1.09,7.84,2,"AMD,URI",Bull_LowVol
2017-03-23,5364.3,0.0,512.25,5876.55,1.1,9.6,2,"AMD,URI",Bull_LowVol
2017-03-24,5331.67,0.0,512.25,5843.92,1.1,10.15,2,"AMD,URI",Bull_LowVol
2017-03-27,5321.84,0.0,512.25,5834.1,1.1,10.32,2,"AMD,URI",Bull_LowVol
2017-03-28,5350.35,0.0,512.25,5862.6,1.1,9.84,2,"AMD,URI",Bull_LowVol
2017-03-29,5360.83,0.0,512.25,5873.08,1.1,9.66,2,"AMD,URI",Bull_LowVol
2017-03-30,5484.42,0.0,512.25,5996.67,1.09,7.58,2,"AMD,URI",Bull_LowVol
2017-03-31,5667.05,0.0,512.25,6179.3,1.09,4.5,2,"AMD,URI",Bull_LowVol
2017-04-03,5687.93,0.0,512.25,6200.18,1.09,4.15,2,"AMD,URI",Bull_LowVol
2017-04-04,5519.44,0.0,512.25,6031.69,1.09,6.99,2,"AMD,URI",Bull_LowVol
2017-04-05,5499.36,0.0,512.25,6011.62,1.09,7.33,2,"AMD,URI",Bull_LowVol
2017-04-06,5209.98,0.0,512.25,5722.23,1.1,12.2,2,"AMD,URI",Bull_LowVol
2017-04-07,5292.34,0.0,512.25,5804.59,1.1,10.81,2,"AMD,URI",Bull_LowVol
2017-04-10,5167.54,0.0,512.25,5679.79,1.1,12.92,2,"AMD,URI",Bull_LowVol
2017-04-11,5167.28,0.0,512.25,5679.53,1.1,12.92,2,"AMD,URI",Bull_LowVol
2017-04-12,5006.55,0.0,512.25,5518.8,1.1,15.63,2,"AMD,URI",Bull_LowVol
2017-04-13,4833.07,0.0,512.25,5345.32,1.11,18.55,2,"AMD,URI",Bull_LowVol
2017-04-17,5015.48,0.0,512.25,5527.73,1.1,15.48,2,"AMD,URI",Bull_LowVol
2017-04-18,5061.99,0.0,512.25,5574.24,1.1,14.7,2,"AMD,URI",Bull_LowVol
2017-04-19,5019.93,0.0,512.25,5532.19,1.1,15.41,2,"AMD,URI",Bull_LowVol
2017-04-20,5060.41,0.0,512.25,5572.66,1.1,14.72,2,"AMD,URI",Bull_LowVol
2017-04-21,5006.44,0.0,512.25,5518.69,1.1,15.63,2,"AMD,URI",Bull_LowVol
2017-04-24,5070.19,0.0,512.25,5582.44,1.1,14.56,2,"AMD,URI",Bull_LowVol
2017-04-25,5193.91,0.0,512.25,5706.16,1.1,12.47,2,"AMD,URI",Bull_LowVol
2017-04-26,5166.79,0.0,512.25,5679.04,1.1,12.93,2,"AMD,URI",Bull_LowVol
2017-04-27,5225.78,459.52,0.0,4766.26,0.91,11.94,1,AMD,Bull_LowVol
2017-04-28,5115.31,0.0,565.1,5680.41,1.11,13.8,2,"AMD,SHOP",Bull_LowVol
2017-05-01,5244.99,0.0,565.1,5810.1,1.11,11.61,2,"AMD,SHOP",Bull_LowVol
2017-05-02,4167.45,0.0,565.1,4732.56,1.14,29.77,2,"AMD,SHOP",Bull_LowVol
2017-05-03,4174.92,0.0,565.1,4740.03,1.14,29.65,2,"AMD,SHOP",Bull_LowVol
2017-05-04,4068.44,0.0,565.1,4633.55,1.14,31.44,2,"AMD,SHOP",Bull_LowVol
2017-05-05,4156.41,0.0,565.1,4721.52,1.14,29.96,2,"AMD,SHOP",Bull_LowVol
2017-05-08,4120.81,0.0,565.1,4685.91,1.14,30.56,2,"AMD,SHOP",Bull_LowVol
2017-05-09,4201.82,0.0,565.1,4766.92,1.13,29.19,2,"AMD,SHOP",Bull_LowVol
2017-05-10,4468.11,0.0,565.1,5033.22,1.13,24.7,2,"AMD,SHOP",Bull_LowVol
2017-05-11,4552.05,0.0,565.1,5117.15,1.12,23.29,2,"AMD,SHOP",Bull_LowVol
2017-05-12,4639.61,0.0,565.1,5204.72,1.12,21.81,2,"AMD,SHOP",Bull_LowVol
2017-05-15,4704.52,0.0,565.1,5269.63,1.12,20.72,2,"AMD,SHOP",Bull_LowVol
2017-05-16,5179.27,0.0,565.1,5744.38,1.11,12.72,2,"AMD,SHOP",Bull_LowVol
2017-05-17,4568.09,0.0,565.1,5133.19,1.12,23.02,2,"AMD,SHOP",Bull_LowVol
2017-05-18,4626.75,0.0,565.1,5191.86,1.12,22.03,2,"AMD,SHOP",Bull_LowVol
2017-05-19,4628.47,0.0,565.1,5193.57,1.12,22.0,2,"AMD,SHOP",Bull_LowVol
2017-05-22,4508.85,0.0,565.1,5073.96,1.13,24.02,2,"AMD,SHOP",Bull_LowVol
2017-05-23,4462.04,0.0,565.1,5027.14,1.13,24.81,2,"AMD,SHOP",Bull_LowVol
2017-05-24,4472.71,0.0,565.1,5037.81,1.13,24.63,2,"AMD,SHOP",Bull_LowVol
2017-05-25,4496.23,0.0,565.1,5061.34,1.13,24.23,2,"AMD,SHOP",Bull_LowVol
2017-05-26,4510.26,0.0,565.1,5075.36,1.13,23.99,2,"AMD,SHOP",Bull_LowVol
2017-05-30,4549.95,0.0,565.1,5115.06,1.12,23.33,2,"AMD,SHOP",Bull_LowVol
2017-05-31,4575.34,0.0,2485.19,7060.52,1.54,22.9,2,"AMD,SHOP",Bull_LowVol
2017-06-01,4538.44,0.0,2485.19,7023.63,1.55,23.52,2,"AMD,SHOP",Bull_LowVol
2017-06-02,4667.95,0.0,2485.19,7153.14,1.53,21.34,2,"AMD,SHOP",Bull_LowVol
2017-06-05,4785.22,0.0,2485.19,7270.41,1.52,19.36,2,"AMD,SHOP",Bull_LowVol
2017-06-06,5100.36,0.0,2485.19,7585.55,1.49,14.05,2,"AMD,SHOP",Bull_LowVol
2017-06-07,5167.39,0.0,2485.19,7652.57,1.48,12.92,2,"AMD,SHOP",Bull_LowVol
2017-06-08,5412.69,0.0,2485.19,7897.88,1.46,8.79,2,"AMD,SHOP",Bull_LowVol
2017-06-09,4942.74,0.0,2485.19,7427.93,1.5,16.71,2,"AMD,SHOP",Bull_LowVol
2017-06-12,4788.62,0.0,2485.19,7273.8,1.52,19.3,2,"AMD,SHOP",Bull_LowVol
2017-06-13,4676.03,0.0,2485.19,7161.21,1.53,21.2,2,"AMD,SHOP",Bull_LowVol
2017-06-14,4555.79,0.0,2485.19,7040.98,1.55,23.23,2,"AMD,SHOP",Bull_LowVol
2017-06-15,4465.41,0.0,2485.19,6950.6,1.56,24.75,2,"AMD,SHOP",Bull_LowVol
2017-06-16,4494.05,0.0,2485.19,6979.24,1.55,24.27,2,"AMD,SHOP",Bull_LowVol
2017-06-19,4789.79,0.0,2485.19,7274.98,1.52,19.28,2,"AMD,SHOP",Bull_LowVol
2017-06-20,4982.8,0.0,2485.19,7467.99,1.5,16.03,2,"AMD,SHOP",Bull_LowVol
2017-06-21,5530.8,0.0,2485.19,8015.99,1.45,6.8,2,"AMD,SHOP",Bull_LowVol
2017-06-22,5674.89,0.0,2485.19,8160.08,1.44,4.37,2,"AMD,SHOP",Bull_LowVol
2017-06-23,5707.86,0.0,2485.19,8193.05,1.44,3.81,2,"AMD,SHOP",Bull_LowVol
2017-06-26,5592.84,0.0,2485.19,8078.03,1.44,5.75,2,"AMD,SHOP",Bull_LowVol
2017-06-27,5183.71,0.0,2485.19,7668.9,1.48,12.65,2,"AMD,SHOP",Bull_LowVol
2017-06-28,5209.12,0.0,2485.19,7694.31,1.48,12.22,2,"AMD,SHOP",Bull_MidVol
2017-06-29,4881.85,0.0,2485.19,7367.04,1.51,17.73,2,"AMD,SHOP",Bull_MidVol
2017-06-30,4844.95,93.85,0.0,4751.1,0.98,18.35,2,"SHOP,SOXL",Bull_MidVol
2017-07-03,4737.86,93.85,0.0,4644.01,0.98,20.16,2,"SHOP,SOXL",Bull_MidVol
2017-07-05,4917.97,93.85,0.0,4824.13,0.98,17.12,2,"SHOP,SOXL",Bull_MidVol
2017-07-06,4828.96,93.85,0.0,4735.11,0.98,18.62,2,"SHOP,SOXL",Bull_MidVol
2017-07-07,5011.74,93.85,0.0,4917.89,0.98,15.54,2,"SHOP,SOXL",Bull_MidVol
2017-07-10,5147.33,93.85,0.0,5053.48,0.98,13.26,2,"SHOP,SOXL",Bull_LowVol
2017-07-11,5203.15,93.85,0.0,5109.3,0.98,12.32,2,"SHOP,SOXL",Bull_LowVol
2017-07-12,5413.79,93.85,0.0,5319.94,0.98,8.77,2,"SHOP,SOXL",Bull_MidVol
2017-07-13,5339.53,93.85,0.0,5245.68,0.98,10.02,2,"SHOP,SOXL",Bull_MidVol
2017-07-14,5401.03,93.85,0.0,5307.18,0.98,8.98,2,"SHOP,SOXL",Bull_MidVol
2017-07-17,5307.84,93.85,0.0,5213.99,0.98,10.55,2,"SHOP,SOXL",Bull_MidVol
2017-07-18,5419.76,93.85,0.0,5325.91,0.98,8.67,2,"SHOP,SOXL",Bull_LowVol
2017-07-19,5433.26,93.85,0.0,5339.41,0.98,8.44,2,"SHOP,SOXL",Bull_LowVol
2017-07-20,5416.97,93.85,0.0,5323.12,0.98,8.71,2,"SHOP,SOXL",Bull_LowVol
2017-07-21,5310.66,93.85,0.0,5216.81,0.98,10.51,2,"SHOP,SOXL",Bull_LowVol
2017-07-24,5432.96,93.85,0.0,5339.11,0.98,8.44,2,"SHOP,SOXL",Bull_LowVol
2017-07-25,5382.01,93.85,0.0,5288.16,0.98,9.3,2,"SHOP,SOXL",Bull_LowVol
2017-07-26,5505.9,93.85,0.0,5412.05,0.98,7.22,2,"SHOP,SOXL",Bull_LowVol
2017-07-27,5287.26,93.85,0.0,5193.41,0.98,10.9,2,"SHOP,SOXL",Bull_LowVol
2017-07-28,5354.07,93.85,0.0,5260.22,0.98,9.77,2,"SHOP,SOXL",Bull_LowVol
2017-07-31,5214.78,392.22,0.0,4822.55,0.92,12.12,2,"SHOP,MU",Bull_LowVol
2017-08-01,5700.57,392.22,0.0,5308.34,0.93,3.94,2,"SHOP,MU",Bull_LowVol
2017-08-02,5477.79,392.22,0.0,5085.56,0.93,7.69,2,"SHOP,MU",Bull_LowVol
2017-08-03,5399.22,392.22,0.0,5007.0,0.93,9.01,2,"SHOP,MU",Bull_LowVol
2017-08-04,5366.72,392.22,0.0,4974.49,0.93,9.56,2,"SHOP,MU",Bull_LowVol
2017-08-07,5453.45,392.22,0.0,5061.22,0.93,8.1,2,"SHOP,MU",Bull_LowVol
2017-08-08,5410.63,392.22,0.0,5018.41,0.93,8.82,2,"SHOP,MU",Bull_LowVol
2017-08-09,5347.04,392.22,0.0,4954.82,0.93,9.89,2,"SHOP,MU",Bull_LowVol
2017-08-10,5029.23,392.22,0.0,4637.0,0.92,15.25,2,"SHOP,MU",Bull_LowVol
2017-08-11,5183.73,392.22,0.0,4791.51,0.92,12.64,2,"SHOP,MU",Bull_LowVol
2017-08-14,5325.74,392.22,0.0,4933.52,0.93,10.25,2,"SHOP,MU",Bull_LowVol
2017-08-15,5305.15,392.22,0.0,4912.93,0.93,10.6,2,"SHOP,MU",Bull_LowVol
2017-08-16,5402.61,392.22,0.0,5010.38,0.93,8.96,2,"SHOP,MU",Bull_LowVol
2017-08-17,5317.17,392.22,0.0,4924.95,0.93,10.4,2,"SHOP,MU",Bull_LowVol
2017-08-18,5389.75,392.22,0.0,4997.52,0.93,9.17,2,"SHOP,MU",Bull_LowVol
2017-08-21,5427.88,392.22,0.0,5035.66,0.93,8.53,2,"SHOP,MU",Bull_LowVol
2017-08-22,5556.72,392.22,0.0,5164.49,0.93,6.36,2,"SHOP,MU",Bull_LowVol
2017-08-23,5713.72,392.22,0.0,5321.5,0.93,3.71,2,"SHOP,MU",Bull_LowVol
2017-08-24,5871.06,392.22,0.0,5478.84,0.93,1.06,2,"SHOP,MU",Bull_LowVol
2017-08-25,5759.91,392.22,0.0,5367.69,0.93,2.94,2,"SHOP,MU",Bull_LowVol
2017-08-28,5791.61,392.22,0.0,5399.39,0.93,2.4,2,"SHOP,MU",Bull_LowVol
2017-08-29,5830.28,392.22,0.0,5438.06,0.93,1.75,2,"SHOP,MU",Bull_LowVol
2017-08-30,6001.13,392.22,0.0,5608.91,0.93,0.0,2,"SHOP,MU",Bull_LowVol
2017-08-31,6110.14,0.0,1361.18,7471.32,1.22,0.09,2,"SHOP,VRTX",Bull_LowVol
2017-09-01,6138.91,0.0,1361.18,7500.09,1.22,0.0,2,"SHOP,VRTX",Bull_LowVol
2017-09-05,6072.95,0.0,1361.18,7434.13,1.22,1.07,2,"SHOP,VRTX",Bull_LowVol
2017-09-06,6018.06,0.0,1361.18,7379.24,1.23,1.97,2,"SHOP,VRTX",Bull_LowVol
2017-09-07,6192.97,0.0,1361.18,7554.15,1.22,0.0,2,"SHOP,VRTX",Bull_LowVol
2017-09-08,6188.44,0.0,1361.18,7549.62,1.22,0.07,2,"SHOP,VRTX",Bull_LowVol
2017-09-11,6348.32,0.0,1361.18,7709.5,1.21,0.0,2,"SHOP,VRTX",Bull_LowVol
2017-09-12,6432.5,0.0,1361.18,7793.68,1.21,0.0,2,"SHOP,VRTX",Bull_LowVol
2017-09-13,6379.53,0.0,1361.18,7740.71,1.21,0.82,2,"SHOP,VRTX",Bull_LowVol
2017-09-14,6357.1,0.0,1361.18,7718.28,1.21,1.17,2,"SHOP,VRTX",Bull_LowVol
2017-09-15,6363.77,0.0,1361.18,7724.95,1.21,1.07,2,"SHOP,VRTX",Bull_LowVol
2017-09-18,6444.33,0.0,1361.18,7805.5,1.21,0.0,2,"SHOP,VRTX",Bull_LowVol
2017-09-19,6461.86,0.0,1361.18,7823.04,1.21,0.0,2,"SHOP,VRTX",Bull_LowVol
2017-09-20,6307.87,0.0,1361.18,7669.05,1.22,2.38,2,"SHOP,VRTX",Bull_LowVol
2017-09-21,6330.82,0.0,1361.18,7692.0,1.22,2.03,2,"SHOP,VRTX",Bull_LowVol
2017-09-22,6321.03,0.0,1361.18,7682.2,1.22,2.18,2,"SHOP,VRTX",Bull_LowVol
2017-09-25,6044.84,0.0,1361.18,7406.01,1.23,6.45,2,"SHOP,VRTX",Bull_LowVol
2017-09-26,5988.63,0.0,1361.18,7349.81,1.23,7.32,2,"SHOP,VRTX",Bull_LowVol
2017-09-27,6163.77,0.0,1361.18,7524.95,1.22,4.61,2,"SHOP,VRTX",Bull_LowVol
2017-09-28,6135.13,0.0,1361.18,7496.31,1.22,5.06,2,"SHOP,VRTX",Bull_LowVol
2017-09-29,6181.2,0.0,1361.18,7542.38,1.22,4.34,2,"SHOP,VRTX",Bull_LowVol
2017-10-02,6287.05,0.0,1361.18,7648.22,1.22,2.71,2,"SHOP,VRTX",Bull_LowVol
2017-10-03,6202.88,0.0,1361.18,7564.06,1.22,4.01,2,"SHOP,VRTX",Bull_LowVol
2017-10-04,5651.94,0.0,1361.18,7013.12,1.24,12.53,2,"SHOP,VRTX",Bull_LowVol
2017-10-05,5531.05,0.0,1361.18,6892.23,1.25,14.4,2,"SHOP,VRTX",Bull_LowVol
2017-10-06,5480.11,0.0,1361.18,6841.28,1.25,15.19,2,"SHOP,VRTX",Bull_LowVol
2017-10-09,5466.35,0.0,1361.18,6827.53,1.25,15.41,2,"SHOP,VRTX",Bull_LowVol
2017-10-10,5251.28,0.0,1361.18,6612.46,1.26,18.73,2,"SHOP,VRTX",Bull_LowVol
2017-10-11,5342.01,0.0,1361.18,6703.19,1.25,17.33,2,"SHOP,VRTX",Bull_LowVol
2017-10-12,5314.36,0.0,1361.18,6675.54,1.26,17.76,2,"SHOP,VRTX",Bull_LowVol
2017-10-13,5289.01,0.0,1361.18,6650.18,1.26,18.15,2,"SHOP,VRTX",Bull_LowVol
2017-10-16,5434.43,0.0,1361.18,6795.61,1.25,15.9,2,"SHOP,VRTX",Bull_LowVol
2017-10-17,5409.46,0.0,1361.18,6770.63,1.25,16.29,2,"SHOP,VRTX",Bull_LowVol
2017-10-18,5515.05,0.0,1361.18,6876.23,1.25,14.65,2,"SHOP,VRTX",Bull_LowVol
2017-10-19,5484.38,0.0,1361.18,6845.56,1.25,15.13,2,"SHOP,VRTX",Bull_LowVol
2017-10-20,5641.94,0.0,1361.18,7003.11,1.24,12.69,2,"SHOP,VRTX",Bull_LowVol
2017-10-23,5609.41,0.0,1361.18,6970.59,1.24,13.19,2,"SHOP,VRTX",Bull_LowVol
2017-10-24,5753.06,0.0,1361.18,7114.24,1.24,10.97,2,"SHOP,VRTX",Bull_LowVol
2017-10-25,5534.45,0.0,1361.18,6895.63,1.25,14.35,2,"SHOP,VRTX",Bull_LowVol
2017-10-26,5524.3,0.0,1361.18,6885.48,1.25,14.51,2,"SHOP,VRTX",Bull_LowVol
2017-10-27,5769.77,0.0,1361.18,7130.95,1.24,10.71,2,"SHOP,VRTX",Bull_LowVol
2017-10-30,5844.35,0.0,1361.18,7205.53,1.23,9.56,2,"SHOP,VRTX",Bull_LowVol
2017-10-31,5294.67,0.0,9.83,5304.49,1.0,18.06,2,"NVDA,SOXL",Bull_LowVol
2017-11-01,5278.56,0.0,9.83,5288.39,1.0,18.31,2,"NVDA,SOXL",Bull_LowVol
2017-11-02,5290.96,0.0,9.83,5300.78,1.0,18.12,2,"NVDA,SOXL",Bull_LowVol
2017-11-03,5455.16,0.0,9.83,5464.99,1.0,15.58,2,"NVDA,SOXL",Bull_LowVol
2017-11-06,5573.49,0.0,9.83,5583.32,1.0,13.75,2,"NVDA,SOXL",Bull_LowVol
2017-11-07,5600.95,0.0,9.83,5610.78,1.0,13.32,2,"NVDA,SOXL",Bull_LowVol
2017-11-08,5585.45,0.0,9.83,5595.28,1.0,13.56,2,"NVDA,SOXL",Bull_LowVol
2017-11-09,5372.83,0.0,9.83,5382.66,1.0,16.85,2,"NVDA,SOXL",Bull_LowVol
2017-11-10,5574.65,0.0,9.83,5584.48,1.0,13.73,2,"NVDA,SOXL",Bull_LowVol
2017-11-13,5544.28,0.0,9.83,5554.11,1.0,14.2,2,"NVDA,SOXL",Bull_LowVol
2017-11-14,5559.66,0.0,9.83,5569.49,1.0,13.96,2,"NVDA,SOXL",Bull_LowVol
2017-11-15,5433.29,0.0,9.83,5443.11,1.0,15.92,2,"NVDA,SOXL",Bull_LowVol
2017-11-16,5565.79,0.0,9.83,5575.62,1.0,13.87,2,"NVDA,SOXL",Bull_LowVol
2017-11-17,5528.68,0.0,9.83,5538.51,1.0,14.44,2,"NVDA,SOXL",Bull_LowVol
2017-11-20,5655.95,0.0,9.83,5665.77,1.0,12.47,2,"NVDA,SOXL",Bull_LowVol
2017-11-21,5776.98,0.0,9.83,5786.81,1.0,10.6,2,"NVDA,SOXL",Bull_LowVol
2017-11-22,5710.77,0.0,9.83,5720.59,1.0,11.62,2,"NVDA,SOXL",Bull_LowVol
2017-11-24,5810.18,0.0,9.83,5820.01,1.0,10.08,2,"NVDA,SOXL",Bull_LowVol
2017-11-27,5668.08,0.0,9.83,5677.9,1.0,12.28,2,"NVDA,SOXL",Bull_LowVol
2017-11-28,5616.32,0.0,9.83,5626.15,1.0,13.09,2,"NVDA,SOXL",Bull_LowVol
2017-11-29,5069.84,0.0,9.83,5079.67,1.0,21.54,2,"NVDA,SOXL",Bull_LowVol
2017-11-30,5198.26,0.0,74.72,5272.98,1.01,19.55,2,"SOXL,MU",Bull_LowVol
2017-12-01,5075.72,0.0,74.72,5150.44,1.01,21.45,2,"SOXL,MU",Bull_LowVol
2017-12-04,4754.8,0.0,74.72,4829.52,1.02,26.42,2,"SOXL,MU",Bull_LowVol
2017-12-05,4830.53,0.0,74.72,4905.25,1.02,25.25,2,"SOXL,MU",Bull_LowVol
2017-12-06,4877.52,0.0,74.72,4952.24,1.02,24.52,2,"SOXL,MU",Bull_LowVol
2017-12-07,5044.65,0.0,74.72,5119.37,1.01,21.93,2,"SOXL,MU",Bull_LowVol
2017-12-08,5002.92,0.0,74.72,5077.64,1.01,22.58,2,"SOXL,MU",Bull_LowVol
2017-12-11,5038.79,0.0,74.72,5113.51,1.01,22.02,2,"SOXL,MU",Bull_LowVol
2017-12-12,4893.18,0.0,74.72,4967.9,1.02,24.28,2,"SOXL,MU",Bull_LowVol
2017-12-13,4903.26,0.0,74.72,4977.98,1.02,24.12,2,"SOXL,MU",Bull_LowVol
2017-12-14,4907.71,0.0,74.72,4982.43,1.02,24.05,2,"SOXL,MU",Bull_LowVol
2017-12-15,5034.52,0.0,74.72,5109.24,1.01,22.09,2,"SOXL,MU",Bull_LowVol
2017-12-18,5293.46,0.0,74.72,5368.18,1.01,18.08,2,"SOXL,MU",Bull_LowVol
2017-12-19,5297.7,0.0,74.72,5372.42,1.01,18.02,2,"SOXL,MU",Bull_LowVol
2017-12-20,5457.05,0.0,74.72,5531.77,1.01,15.55,2,"SOXL,MU",Bull_LowVol
2017-12-21,5286.32,0.0,74.72,5361.04,1.01,18.19,2,"SOXL,MU",Bull_LowVol
2017-12-22,5262.1,0.0,74.72,5336.82,1.01,18.57,2,"SOXL,MU",Bull_LowVol
2017-12-26,5075.07,0.0,74.72,5149.79,1.01,21.46,2,"SOXL,MU",Bull_LowVol
2017-12-27,5116.18,0.0,74.72,5190.9,1.01,20.82,2,"SOXL,MU",Bull_LowVol
2017-12-28,5097.34,0.0,74.72,5172.06,1.01,21.12,2,"SOXL,MU",Bull_LowVol
2017-12-29,4960.93,0.0,747.89,5708.83,1.15,23.23,2,"SOXL,MU",Bull_LowVol
2018-01-02,5385.25,0.0,747.89,6133.15,1.14,16.66,2,"SOXL,MU",Bull_LowVol
2018-01-03,5642.87,0.0,747.89,6390.76,1.13,12.67,2,"SOXL,MU",Bull_LowVol
2018-01-04,5816.31,0.0,747.89,6564.21,1.13,9.99,2,"SOXL,MU",Bull_LowVol
2018-01-05,5828.54,0.0,747.89,6576.44,1.13,9.8,2,"SOXL,MU",Bull_LowVol
2018-01-08,5905.78,0.0,747.89,6653.67,1.13,8.61,2,"SOXL,MU",Bull_LowVol
2018-01-09,5644.42,0.0,747.89,6392.32,1.13,12.65,2,"SOXL,MU",Bull_LowVol
2018-01-10,5514.53,0.0,747.89,6262.43,1.14,14.66,2,"SOXL,MU",Bull_LowVol
2018-01-11,5556.08,0.0,747.89,6303.97,1.13,14.02,2,"SOXL,MU",Bull_LowVol
2018-01-12,5616.64,0.0,747.89,6364.53,1.13,13.08,2,"SOXL,MU",Bull_LowVol
2018-01-16,5665.6,0.0,747.89,6413.5,1.13,12.32,2,"SOXL,MU",Bull_LowVol
2018-01-17,6087.49,0.0,747.89,6835.39,1.12,5.79,2,"SOXL,MU",Bull_LowVol
2018-01-18,6135.19,0.0,747.89,6883.09,1.12,5.06,2,"SOXL,MU",Bull_LowVol
2018-01-19,6078.73,0.0,747.89,6826.63,1.12,5.93,2,"SOXL,MU",Bull_LowVol
2018-01-22,6189.41,0.0,747.89,6937.31,1.12,4.22,2,"SOXL,MU",Bull_LowVol
2018-01-23,6352.22,0.0,747.89,7100.12,1.12,1.7,2,"SOXL,MU",Bull_LowVol
2018-01-24,5982.46,0.0,747.89,6730.36,1.13,7.42,2,"SOXL,MU",Bull_LowVol
2018-01-25,5752.13,0.0,747.89,6500.02,1.13,10.98,2,"SOXL,MU",Bull_LowVol
2018-01-26,6179.89,0.0,747.89,6927.78,1.12,4.36,2,"SOXL,MU",Bull_LowVol
2018-01-29,6144.45,0.0,747.89,6892.34,1.12,4.91,2,"SOXL,MU",Bull_LowVol
2018-01-30,5780.94,0.0,747.89,6528.83,1.13,10.54,2,"SOXL,MU",Bull_LowVol
2018-01-31,5989.68,0.0,2139.48,8129.15,1.36,7.31,2,"SOXL,CAT",Bull_LowVol
2018-02-01,5913.0,0.0,2139.48,8052.48,1.36,8.49,2,"SOXL,CAT",Bull_LowVol
2018-02-02,5445.45,0.0,2139.48,7584.92,1.39,15.73,2,"SOXL,CAT",Bull_LowVol
2018-02-05,4772.12,0.0,2139.48,6911.6,1.45,26.15,2,"SOXL,CAT",Bull_MidVol
2018-02-06,5244.95,0.0,2139.48,7384.43,1.41,18.83,2,"SOXL,CAT",Bull_MidVol
2018-02-07,4947.82,0.0,2139.48,7087.3,1.43,23.43,2,"SOXL,CAT",Bull_MidVol
2018-02-08,4531.22,1130.72,0.0,3400.5,0.75,29.88,1,CAT,Bull_MidVol
2018-02-09,4606.22,1130.72,0.0,3475.5,0.75,28.72,1,CAT,Bull_MidVol
2018-02-12,4677.96,1130.72,0.0,3547.24,0.76,27.61,1,CAT,Bull_MidVol
2018-02-13,4717.09,1130.72,0.0,3586.37,0.76,27.0,1,CAT,Bull_MidVol
2018-02-14,4812.36,1130.72,0.0,3681.64,0.77,25.53,1,CAT,Bull_MidVol
2018-02-15,4857.08,1130.72,0.0,3726.36,0.77,24.83,1,CAT,Bull_MidVol
2018-02-16,4771.13,1130.72,0.0,3640.41,0.76,26.16,1,CAT,Bull_MidVol
2018-02-20,4754.13,1130.72,0.0,3623.41,0.76,26.43,1,CAT,Bull_MidVol
2018-02-21,4746.44,1130.72,0.0,3615.72,0.76,26.55,1,CAT,Bull_MidVol
2018-02-22,4830.99,1130.72,0.0,3700.27,0.77,25.24,1,CAT,Bull_MidVol
2018-02-23,4913.68,1130.72,0.0,3782.96,0.77,23.96,1,CAT,Bull_MidVol
2018-02-26,4943.49,1130.72,0.0,3812.78,0.77,23.5,1,CAT,Bull_MidVol
2018-02-27,4886.89,1130.72,0.0,3756.17,0.77,24.37,1,CAT,Bull_MidVol
2018-02-28,4679.16,0.0,8.56,4687.72,1.0,27.59,2,"SOXL,NFLX",Bull_MidVol
2018-03-01,4565.08,0.0,8.56,4573.64,1.0,29.35,2,"SOXL,NFLX",Bull_MidVol
2018-03-02,4764.17,0.0,8.56,4772.73,1.0,26.27,2,"SOXL,NFLX",Bull_MidVol
2018-03-05,4943.55,0.0,8.56,4952.11,1.0,23.5,2,"SOXL,NFLX",Bull_MidVol
2018-03-06,5132.91,0.0,8.56,5141.47,1.0,20.57,2,"SOXL,NFLX",Bull_MidVol
2018-03-07,5116.62,0.0,8.56,5125.18,1.0,20.82,2,"SOXL,NFLX",Bull_MidVol
2018-03-08,5091.04,0.0,8.56,5099.6,1.0,21.21,2,"SOXL,NFLX",Bull_MidVol
2018-03-09,5363.24,0.0,8.56,5371.8,1.0,17.0,2,"SOXL,NFLX",Bull_MidVol
2018-03-12,5355.04,0.0,8.56,5363.6,1.0,17.13,2,"SOXL,NFLX",Bull_MidVol
2018-03-13,5186.76,0.0,8.56,5195.32,1.0,19.73,2,"SOXL,NFLX",Bull_MidVol
2018-03-14,5234.36,0.0,8.56,5242.92,1.0,19.0,2,"SOXL,NFLX",Bull_MidVol
2018-03-15,5223.16,0.0,8.56,5231.72,1.0,19.17,2,"SOXL,NFLX",Bull_MidVol
2018-03-16,5198.57,0.0,8.56,5207.13,1.0,19.55,2,"SOXL,NFLX",Bull_LowVol
2018-03-19,5012.52,0.0,8.56,5021.08,1.0,22.43,2,"SOXL,NFLX",Bull_MidVol
2018-03-20,5101.55,0.0,8.56,5110.11,1.0,21.05,2,"SOXL,NFLX",Bull_MidVol
2018-03-21,5108.99,0.0,8.56,5117.55,1.0,20.94,2,"SOXL,NFLX",Bull_MidVol
2018-03-22,4827.79,0.0,8.56,4836.35,1.0,25.29,2,"SOXL,NFLX",Bull_MidVol
2018-03-23,4557.75,0.0,8.56,4566.31,1.0,29.47,2,"SOXL,NFLX",Bull_MidVol
2018-03-26,4973.89,0.0,8.56,4982.45,1.0,23.03,2,"SOXL,NFLX",Bull_MidVol
2018-03-27,4556.13,0.0,8.56,4564.69,1.0,29.49,2,"SOXL,NFLX",Bull_MidVol
2018-03-28,4341.3,1890.18,0.0,2451.12,0.56,32.82,1,NFLX,Bull_MidVol
2018-03-29,4468.44,355.48,0.0,4112.95,0.92,30.85,2,"NFLX,SOXL",Bull_MidVol
2018-04-02,4156.3,355.48,0.0,3800.82,0.91,35.68,2,"NFLX,SOXL",Bull_MidVol
2018-04-03,4265.3,355.48,0.0,3909.82,0.92,33.99,2,"NFLX,SOXL",Bull_MidVol
2018-04-04,4366.84,355.48,0.0,4011.35,0.92,32.42,2,"NFLX,SOXL",Bull_MidVol
2018-04-05,4362.85,355.48,0.0,4007.36,0.92,32.48,2,"NFLX,SOXL",Bull_MidVol
2018-04-06,4183.31,355.48,0.0,3827.83,0.92,35.26,2,"NFLX,SOXL",Bull_MidVol
2018-04-09,4217.28,355.48,0.0,3861.8,0.92,34.74,2,"NFLX,SOXL",Bull_MidVol
2018-04-10,4419.31,355.48,0.0,4063.82,0.92,31.61,2,"NFLX,SOXL",Bull_MidVol
2018-04-11,4467.96,355.48,0.0,4112.47,0.92,30.86,2,"NFLX,SOXL",Bull_MidVol
2018-04-12,4601.72,355.48,0.0,4246.23,0.92,28.79,2,"NFLX,SOXL",Bull_MidVol
2018-04-13,4584.88,355.48,0.0,4229.4,0.92,29.05,2,"NFLX,SOXL",Bull_MidVol
2018-04-16,4561.72,355.48,0.0,4206.23,0.92,29.41,2,"NFLX,SOXL",Bull_MidVol
2018-04-17,4892.56,355.48,0.0,4537.07,0.93,24.29,2,"NFLX,SOXL",Bull_MidVol
2018-04-18,4828.08,355.48,0.0,4472.59,0.93,25.28,2,"NFLX,SOXL",Bull_MidVol
2018-04-19,4605.42,355.48,0.0,4249.94,0.92,28.73,2,"NFLX,SOXL",Bull_MidVol
2018-04-20,4513.0,355.48,0.0,4157.52,0.92,30.16,2,"NFLX,SOXL",Bull_MidVol
2018-04-23,4411.35,1677.87,0.0,2733.48,0.62,31.73,1,NFLX,Bull_MidVol
2018-04-24,4311.26,1677.87,0.0,2633.39,0.61,33.28,1,NFLX,Bull_MidVol
2018-04-25,4300.45,1677.87,0.0,2622.58,0.61,33.45,1,NFLX,Bull_MidVol
2018-04-26,4370.95,1677.87,0.0,2693.09,0.62,32.36,1,NFLX,Bull_MidVol
2018-04-27,4351.91,1677.87,0.0,2674.04,0.61,32.65,1,NFLX,Bull_MidVol
2018-04-30,4369.68,0.0,72.11,4441.79,1.02,32.38,2,"NFLX,MU",Bull_MidVol
2018-05-01,4407.92,0.0,72.11,4480.03,1.02,31.79,2,"NFLX,MU",Bull_MidVol
2018-05-02,4373.95,0.0,72.11,4446.06,1.02,32.31,2,"NFLX,MU",Bull_MidVol
2018-05-03,4387.6,0.0,72.11,4459.71,1.02,32.1,2,"NFLX,MU",Bull_MidVol
2018-05-04,4496.43,0.0,72.11,4568.54,1.02,30.42,2,"NFLX,MU",Bull_MidVol
2018-05-07,4583.84,0.0,72.11,4655.94,1.02,29.06,2,"NFLX,MU",Bull_MidVol
2018-05-08,4592.69,0.0,72.11,4664.8,1.02,28.93,2,"NFLX,MU",Bull_MidVol
2018-05-09,4715.43,0.0,72.11,4787.53,1.02,27.03,2,"NFLX,MU",Bull_MidVol
2018-05-10,4772.64,0.0,72.11,4844.75,1.02,26.14,2,"NFLX,MU",Bull_MidVol
2018-05-11,4713.52,0.0,72.11,4785.63,1.02,27.06,2,"NFLX,MU",Bull_MidVol
2018-05-14,4776.49,0.0,72.11,4848.6,1.02,26.08,2,"NFLX,MU",Bull_MidVol
2018-05-15,4794.6,0.0,72.11,4866.71,1.02,25.8,2,"NFLX,MU",Bull_MidVol
2018-05-16,4907.68,0.0,72.11,4979.79,1.01,24.05,2,"NFLX,MU",Bull_MidVol
2018-05-17,4813.24,0.0,72.11,4885.34,1.01,25.51,2,"NFLX,MU",Bull_MidVol
2018-05-18,4754.12,0.0,72.11,4826.23,1.02,26.43,2,"NFLX,MU",Bull_MidVol
2018-05-21,4899.73,0.0,72.11,4971.84,1.01,24.17,2,"NFLX,MU",Bull_LowVol
2018-05-22,5034.04,0.0,72.11,5106.15,1.01,22.1,2,"NFLX,MU",Bull_LowVol
2018-05-23,5182.42,0.0,72.11,5254.52,1.01,19.8,2,"NFLX,MU",Bull_LowVol
2018-05-24,5279.85,0.0,72.11,5351.96,1.01,18.29,2,"NFLX,MU",Bull_LowVol
2018-05-25,5291.64,0.0,72.11,5363.75,1.01,18.11,2,"NFLX,MU",Bull_LowVol
2018-05-29,5326.92,0.0,72.11,5399.03,1.01,17.56,2,"NFLX,MU",Bull_LowVol
2018-05-30,5357.69,0.0,72.11,5429.79,1.01,17.09,2,"NFLX,MU",Bull_LowVol
2018-05-31,5169.06,0.0,458.35,5627.41,1.09,20.01,2,"NFLX,VLO",Bull_LowVol
2018-06-01,5296.1,0.0,458.35,5754.46,1.09,18.04,2,"NFLX,VLO",Bull_LowVol
2018-06-04,5326.45,0.0,458.35,5784.8,1.09,17.57,2,"NFLX,VLO",Bull_LowVol
2018-06-05,5336.76,0.0,458.35,5795.11,1.09,17.41,2,"NFLX,VLO",Bull_LowVol
2018-06-06,5305.01,0.0,458.35,5763.36,1.09,17.9,2,"NFLX,VLO",Bull_LowVol
2018-06-07,5259.37,0.0,458.35,5717.72,1.09,18.61,2,"NFLX,VLO",Bull_LowVol
2018-06-08,5214.11,0.0,458.35,5672.46,1.09,19.31,2,"NFLX,VLO",Bull_LowVol
2018-06-11,5239.97,0.0,458.35,5698.32,1.09,18.91,2,"NFLX,VLO",Bull_LowVol
2018-06-12,5205.44,0.0,458.35,5663.79,1.09,19.44,2,"NFLX,VLO",Bull_LowVol
2018-06-13,5340.51,0.0,458.35,5798.86,1.09,17.35,2,"NFLX,VLO",Bull_LowVol
2018-06-14,5428.66,0.0,458.35,5887.01,1.08,15.99,2,"NFLX,VLO",Bull_LowVol
2018-06-15,5385.69,0.0,458.35,5844.04,1.09,16.65,2,"NFLX,VLO",Bull_LowVol
2018-06-18,5401.44,0.0,458.35,5859.79,1.08,16.41,2,"NFLX,VLO",Bull_LowVol
2018-06-19,5528.22,0.0,458.35,5986.57,1.08,14.45,2,"NFLX,VLO",Bull_LowVol
2018-06-20,5610.08,0.0,458.35,6068.44,1.08,13.18,2,"NFLX,VLO",Bull_LowVol
2018-06-21,5501.58,0.0,458.35,5959.93,1.08,14.86,2,"NFLX,VLO",Bull_LowVol
2018-06-22,5486.25,0.0,458.35,5944.6,1.08,15.1,2,"NFLX,VLO",Bull_LowVol
2018-06-25,5193.79,0.0,458.35,5652.15,1.09,19.62,2,"NFLX,VLO",Bull_LowVol
2018-06-26,5343.01,0.0,458.35,5801.37,1.09,17.31,2,"NFLX,VLO",Bull_LowVol
2018-06-27,5250.09,0.0,458.35,5708.44,1.09,18.75,2,"NFLX,VLO",Bull_LowVol
2018-06-28,5284.4,0.0,458.35,5742.75,1.09,18.22,2,"NFLX,VLO",Bull_LowVol
2018-06-29,5299.89,0.0,1383.72,6683.61,1.26,17.98,2,"NFLX,VLO",Bull_LowVol
2018-07-02,5339.48,0.0,1383.72,6723.2,1.26,17.37,2,"NFLX,VLO",Bull_LowVol
2018-07-03,5232.58,0.0,1383.72,6616.3,1.26,19.02,2,"NFLX,VLO",Bull_LowVol
2018-07-05,5305.15,0.0,1383.72,6688.87,1.26,17.9,2,"NFLX,VLO",Bull_LowVol
2018-07-06,5419.82,0.0,1383.72,6803.54,1.26,16.13,2,"NFLX,VLO",Bull_LowVol
2018-07-09,5568.48,0.0,1383.72,6952.21,1.25,13.83,2,"NFLX,VLO",Bull_LowVol
2018-07-10,5517.83,0.0,1383.72,6901.55,1.25,14.61,2,"NFLX,VLO",Bull_LowVol
2018-07-11,5502.27,0.0,1383.72,6885.99,1.25,14.85,2,"NFLX,VLO",Bull_LowVol
2018-07-12,5455.02,0.0,1383.72,6838.74,1.25,15.58,2,"NFLX,VLO",Bull_MidVol
2018-07-13,5272.64,0.0,1383.72,6656.36,1.26,18.4,2,"NFLX,VLO",Bull_LowVol
2018-07-16,5301.58,0.0,1383.72,6685.3,1.26,17.96,2,"NFLX,VLO",Bull_LowVol
2018-07-17,5066.61,0.0,1383.72,6450.33,1.27,21.59,2,"NFLX,VLO",Bull_LowVol
2018-07-18,5030.94,0.0,1383.72,6414.67,1.28,22.14,2,"NFLX,VLO",Bull_LowVol
2018-07-19,4918.87,0.0,1383.72,6302.59,1.28,23.88,2,"NFLX,VLO",Bull_LowVol
2018-07-20,4866.95,0.0,1383.72,6250.67,1.28,24.68,2,"NFLX,VLO",Bull_LowVol
2018-07-23,4886.13,0.0,1383.72,6269.85,1.28,24.39,2,"NFLX,VLO",Bull_LowVol
2018-07-24,4848.86,0.0,1383.72,6232.58,1.29,24.96,2,"NFLX,VLO",Bull_LowVol
2018-07-25,4954.16,0.0,1383.72,6337.88,1.28,23.33,2,"NFLX,VLO",Bull_LowVol
2018-07-26,5118.18,0.0,1383.72,6501.9,1.27,20.79,2,"NFLX,VLO",Bull_LowVol
2018-07-27,5021.37,0.0,1383.72,6405.09,1.28,22.29,2,"NFLX,VLO",Bull_LowVol
2018-07-30,4818.76,0.0,1383.72,6202.48,1.29,25.43,2,"NFLX,VLO",Bull_LowVol
2018-07-31,4813.65,0.0,881.73,5695.38,1.18,25.51,2,"NFLX,FTNT",Bull_LowVol
2018-08-01,4877.38,0.0,881.73,5759.1,1.18,24.52,2,"NFLX,FTNT",Bull_LowVol
2018-08-02,5234.63,0.0,881.73,6116.36,1.17,18.99,2,"NFLX,FTNT",Bull_LowVol
2018-08-03,5215.04,0.0,881.73,6096.77,1.17,19.3,2,"NFLX,FTNT",Bull_LowVol
2018-08-06,5300.96,0.0,881.73,6182.69,1.17,17.97,2,"NFLX,FTNT",Bull_LowVol
2018-08-07,5292.9,0.0,881.73,6174.62,1.17,18.09,2,"NFLX,FTNT",Bull_LowVol
2018-08-08,5246.27,0.0,881.73,6128.0,1.17,18.81,2,"NFLX,FTNT",Bull_LowVol
2018-08-09,5312.98,0.0,881.73,6194.71,1.17,17.78,2,"NFLX,FTNT",Bull_LowVol
2018-08-10,5298.12,0.0,881.73,6179.84,1.17,18.01,2,"NFLX,FTNT",Bull_LowVol
2018-08-13,5231.93,0.0,881.73,6113.65,1.17,19.03,2,"NFLX,FTNT",Bull_LowVol
2018-08-14,5239.73,0.0,881.73,6121.45,1.17,18.91,2,"NFLX,FTNT",Bull_LowVol
2018-08-15,5113.91,0.0,881.73,5995.64,1.17,20.86,2,"NFLX,FTNT",Bull_LowVol
2018-08-16,5082.17,0.0,881.73,5963.9,1.17,21.35,2,"NFLX,FTNT",Bull_LowVol
2018-08-17,5017.21,0.0,881.73,5898.94,1.18,22.36,2,"NFLX,FTNT",Bull_LowVol
2018-08-20,5143.07,0.0,881.73,6024.8,1.17,20.41,2,"NFLX,FTNT",Bull_LowVol
2018-08-21,5253.78,0.0,881.73,6135.5,1.17,18.7,2,"NFLX,FTNT",Bull_LowVol
2018-08-22,5359.38,0.0,881.73,6241.11,1.16,17.06,2,"NFLX,FTNT",Bull_LowVol
2018-08-23,5334.17,0.0,881.73,6215.9,1.17,17.45,2,"NFLX,FTNT",Bull_LowVol
2018-08-24,5601.74,0.0,881.73,6483.47,1.16,13.31,2,"NFLX,FTNT",Bull_LowVol
2018-08-27,5662.41,0.0,881.73,6544.14,1.16,12.37,2,"NFLX,FTNT",Bull_LowVol
2018-08-28,5724.64,0.0,881.73,6606.37,1.15,11.41,2,"NFLX,FTNT",Bull_LowVol
2018-08-29,5770.06,0.0,881.73,6651.78,1.15,10.71,2,"NFLX,FTNT",Bull_LowVol
2018-08-30,5819.42,0.0,881.73,6701.15,1.15,9.94,2,"NFLX,FTNT",Bull_LowVol
2018-08-31,5726.04,36.81,0.0,5689.22,0.99,11.39,2,"FTNT,AMD",Bull_LowVol
2018-09-04,6102.5,36.81,0.0,6065.69,0.99,5.56,2,"FTNT,AMD",Bull_LowVol
2018-09-05,6050.33,36.81,0.0,6013.51,0.99,6.37,2,"FTNT,AMD",Bull_LowVol
2018-09-06,6039.58,36.81,0.0,6002.77,0.99,6.53,2,"FTNT,AMD",Bull_LowVol
2018-09-07,6013.39,36.81,0.0,5976.57,0.99,6.94,2,"FTNT,AMD",Bull_LowVol
2018-09-10,6352.3,36.81,0.0,6315.49,0.99,1.7,2,"FTNT,AMD",Bull_LowVol
2018-09-11,6349.75,36.81,0.0,6312.94,0.99,1.73,2,"FTNT,AMD",Bull_LowVol
2018-09-12,6617.26,36.81,0.0,6580.44,0.99,0.0,2,"FTNT,AMD",Bull_LowVol
2018-09-13,6490.08,36.81,0.0,6453.27,0.99,1.92,2,"FTNT,AMD",Bull_LowVol
2018-09-14,6729.61,36.81,0.0,6692.79,0.99,0.0,2,"FTNT,AMD",Bull_LowVol
2018-09-17,6617.98,36.81,0.0,6581.17,0.99,1.66,2,"FTNT,AMD",Bull_LowVol
2018-09-18,6577.93,36.81,0.0,6541.12,0.99,2.25,2,"FTNT,AMD",Bull_LowVol
2018-09-19,6407.45,36.81,0.0,6370.64,0.99,4.79,2,"FTNT,AMD",Bull_LowVol
2018-09-20,6399.9,36.81,0.0,6363.09,0.99,4.9,2,"FTNT,AMD",Bull_LowVol
2018-09-21,6375.21,36.81,0.0,6338.4,0.99,5.27,2,"FTNT,AMD",Bull_LowVol
2018-09-24,6601.05,36.81,0.0,6564.24,0.99,1.91,2,"FTNT,AMD",Bull_LowVol
2018-09-25,6682.78,36.81,0.0,6645.96,0.99,0.7,2,"FTNT,AMD",Bull_LowVol
2018-09-26,6646.36,36.81,0.0,6609.55,0.99,1.24,2,"FTNT,AMD",Bull_LowVol
2018-09-27,6770.11,36.81,0.0,6733.3,0.99,0.0,2,"FTNT,AMD",Bull_LowVol
2018-09-28,6634.83,0.0,26.47,6661.31,1.0,2.0,2,"AMD,TEAM",Bull_LowVol
2018-10-01,6720.84,0.0,26.47,6747.31,1.0,0.73,2,"AMD,TEAM",Bull_LowVol
2018-10-02,6276.4,0.0,26.47,6302.88,1.0,7.29,2,"AMD,TEAM",Bull_LowVol
2018-10-03,6164.7,0.0,26.47,6191.18,1.0,8.94,2,"AMD,TEAM",Bull_LowVol
2018-10-04,5953.37,0.0,26.47,5979.84,1.0,12.06,2,"AMD,TEAM",Bull_LowVol
2018-10-05,5874.69,0.0,26.47,5901.17,1.0,13.23,2,"AMD,TEAM",Bull_LowVol
2018-10-08,5654.62,1074.16,0.0,4580.47,0.81,16.48,1,AMD,Bull_LowVol
2018-10-09,5789.65,1074.16,0.0,4715.49,0.81,14.48,1,AMD,Bull_LowVol
2018-10-10,5401.88,1074.16,0.0,4327.73,0.8,20.21,1,AMD,Bull_MidVol
2018-10-11,5453.82,1074.16,0.0,4379.66,0.8,19.44,1,AMD,Bull_MidVol
2018-10-12,5633.85,1074.16,0.0,4559.69,0.81,16.78,1,AMD,Bull_MidVol
2018-10-15,5620.0,1074.16,0.0,4545.84,0.81,16.99,1,AMD,Bull_MidVol
2018-10-16,5952.37,1074.16,0.0,4878.21,0.82,12.08,1,AMD,Bull_MidVol
2018-10-17,5800.03,1074.16,0.0,4725.88,0.81,14.33,1,AMD,Bull_MidVol
2018-10-18,5682.32,1074.16,0.0,4608.16,0.81,16.07,1,AMD,Bull_MidVol
2018-10-19,5169.92,1074.16,0.0,4095.76,0.79,23.64,1,AMD,Bull_MidVol
2018-10-22,5407.08,1074.16,0.0,4332.92,0.8,20.13,1,AMD,Bull_MidVol
2018-10-23,5417.46,1074.16,0.0,4343.31,0.8,19.98,1,AMD,Bull_MidVol
2018-10-24,4170.51,4170.51,0.0,0.0,0.0,38.4,0,CASH_BIL,Bull_MidVol
2018-10-25,4170.51,4170.51,0.0,0.0,0.0,38.4,0,CASH_BIL,Bull_MidVol
2018-10-26,4170.51,4170.51,0.0,0.0,0.0,38.4,0,CASH_BIL,Bull_MidVol
2018-10-29,4170.51,4170.51,0.0,0.0,0.0,38.4,0,CASH_BIL,Bull_MidVol
2018-10-30,4170.51,4170.51,0.0,0.0,0.0,38.4,0,CASH_BIL,Bull_MidVol
2018-10-31,4126.67,0.0,7.59,4134.26,1.0,39.05,2,"AMD,MDB",Bull_MidVol
2018-11-01,4484.9,0.0,7.59,4492.49,1.0,33.75,2,"AMD,MDB",Bull_MidVol
2018-11-02,4474.23,0.0,7.59,4481.82,1.0,33.91,2,"AMD,MDB",Bull_MidVol
2018-11-05,4398.46,0.0,7.59,4406.05,1.0,35.03,2,"AMD,MDB",Bull_MidVol
2018-11-06,4518.63,0.0,7.59,4526.22,1.0,33.26,2,"AMD,MDB",Bull_MidVol
2018-11-07,4790.67,0.0,7.59,4798.26,1.0,29.24,2,"AMD,MDB",Bull_MidVol
2018-11-08,4667.01,0.0,7.59,4674.6,1.0,31.06,2,"AMD,MDB",Bull_MidVol
2018-11-09,4575.51,0.0,7.59,4583.1,1.0,32.42,2,"AMD,MDB",Bull_MidVol
2018-11-12,4155.85,0.0,7.59,4163.44,1.0,38.61,2,"AMD,MDB",Bull_MidVol
2018-11-13,4266.38,712.5,0.0,3553.88,0.83,36.98,1,AMD,Bull_MidVol
2018-11-14,4483.85,712.5,0.0,3771.36,0.84,33.77,1,AMD,Bull_MidVol
2018-11-15,4607.09,712.5,0.0,3894.59,0.85,31.95,1,AMD,Bull_MidVol
2018-11-16,4456.67,712.5,0.0,3744.17,0.84,34.17,1,AMD,Bull_MidVol
2018-11-19,4175.76,712.5,0.0,3463.27,0.83,38.32,1,AMD,Bull_MidVol
2018-11-20,4193.89,712.5,0.0,3481.39,0.83,38.05,1,AMD,Bull_MidVol
2018-11-21,4106.9,712.5,0.0,3394.4,0.83,39.34,1,AMD,Bull_MidVol
2018-11-23,4224.7,712.5,0.0,3512.2,0.83,37.6,1,AMD,Bull_MidVol
2018-11-26,4351.56,712.5,0.0,3639.06,0.84,35.72,1,AMD,Bull_MidVol
2018-11-27,4527.35,712.5,0.0,3814.85,0.84,33.13,1,AMD,Bull_MidVol
2018-11-28,4579.9,712.5,0.0,3867.41,0.84,32.35,1,AMD,Bull_MidVol
2018-11-29,4596.21,712.5,0.0,3883.72,0.84,32.11,1,AMD,Bull_MidVol
2018-11-30,4602.47,0.0,8.7,4611.17,1.0,32.02,2,"MDB,FTNT",Bull_MidVol
2018-12-03,4710.86,0.0,8.7,4719.56,1.0,30.42,2,"MDB,FTNT",Bull_MidVol
2018-12-04,4571.59,4571.59,0.0,0.0,0.0,32.47,0,CASH_BIL,Bear
2018-12-06,4572.09,4572.09,0.0,0.0,0.0,32.47,0,CASH_BIL,Bear
2018-12-07,4572.59,4572.59,0.0,0.0,0.0,32.46,0,CASH_BIL,Bear
2018-12-10,4572.09,4572.09,0.0,0.0,0.0,32.47,0,CASH_BIL,Bear
2018-12-11,4573.09,4573.09,0.0,0.0,0.0,32.45,0,CASH_BIL,Bear
2018-12-12,4573.59,4573.59,0.0,0.0,0.0,32.44,0,CASH_BIL,Bear
2018-12-13,4574.09,4574.09,0.0,0.0,0.0,32.44,0,CASH_BIL,Bear
2018-12-14,4574.59,4574.59,0.0,0.0,0.0,32.43,0,CASH_BIL,Bear
2018-12-17,4574.59,4574.59,0.0,0.0,0.0,32.43,0,CASH_BIL,Bear
2018-12-18,4574.09,4574.09,0.0,0.0,0.0,32.44,0,CASH_BIL,Bear
2018-12-19,4575.08,4575.08,0.0,0.0,0.0,32.42,0,CASH_BIL,Bear
2018-12-20,4576.09,4576.09,0.0,0.0,0.0,32.41,0,CASH_BIL,Bear
2018-12-21,4576.59,4576.59,0.0,0.0,0.0,32.4,0,CASH_BIL,Bear
2018-12-24,4576.09,4576.09,0.0,0.0,0.0,32.41,0,CASH_BIL,Bear
2018-12-26,4577.59,4577.59,0.0,0.0,0.0,32.39,0,CASH_BIL,Bear
2018-12-27,4578.09,4578.09,0.0,0.0,0.0,32.38,0,CASH_BIL,Bear
2018-12-28,4578.59,4578.59,0.0,0.0,0.0,32.37,0,CASH_BIL,Bear
2018-12-31,4578.09,4578.09,0.0,0.0,0.0,32.38,0,CASH_BIL,Bear
2019-01-02,4579.59,4579.59,0.0,0.0,0.0,32.36,0,CASH_BIL,Bear
2019-01-03,4580.09,4580.09,0.0,0.0,0.0,32.35,0,CASH_BIL,Bear
2019-01-04,4580.09,4580.09,0.0,0.0,0.0,32.35,0,CASH_BIL,Bear
2019-01-07,4580.09,4580.09,0.0,0.0,0.0,32.35,0,CASH_BIL,Bear
2019-01-08,4580.09,4580.09,0.0,0.0,0.0,32.35,0,CASH_BIL,Bear
2019-01-09,4580.59,4580.59,0.0,0.0,0.0,32.34,0,CASH_BIL,Bear
2019-01-10,4581.59,4581.59,0.0,0.0,0.0,32.33,0,CASH_BIL,Bear
2019-01-11,4581.09,4581.09,0.0,0.0,0.0,32.33,0,CASH_BIL,Bear
2019-01-14,4582.09,4582.09,0.0,0.0,0.0,32.32,0,CASH_BIL,Bear
2019-01-15,4582.59,4582.59,0.0,0.0,0.0,32.31,0,CASH_BIL,Bear
2019-01-16,4583.6,4583.6,0.0,0.0,0.0,32.3,0,CASH_BIL,Bear
2019-01-17,4583.6,4583.6,0.0,0.0,0.0,32.3,0,CASH_BIL,Bear
2019-01-18,4584.1,4584.1,0.0,0.0,0.0,32.29,0,CASH_BIL,Bear
2019-01-22,4584.1,4584.1,0.0,0.0,0.0,32.29,0,CASH_BIL,Bear
2019-01-23,4585.6,4585.6,0.0,0.0,0.0,32.27,0,CASH_BIL,Bear
2019-01-24,4585.1,4585.1,0.0,0.0,0.0,32.27,0,CASH_BIL,Bear
2019-01-25,4585.6,4585.6,0.0,0.0,0.0,32.27,0,CASH_BIL,Bear
2019-01-28,4585.6,4585.6,0.0,0.0,0.0,32.27,0,CASH_BIL,Bear
2019-01-29,4586.6,4586.6,0.0,0.0,0.0,32.25,0,CASH_BIL,Bear
2019-01-30,4586.6,4586.6,0.0,0.0,0.0,32.25,0,CASH_BIL,Bull_MidVol
2019-01-31,4634.05,0.0,8.35,4642.4,1.0,31.55,2,"MDB,TEAM",Bull_MidVol
2019-02-01,4651.96,0.0,8.35,4660.31,1.0,31.29,2,"MDB,TEAM",Bull_MidVol
2019-02-04,4786.66,0.0,8.35,4795.01,1.0,29.3,2,"MDB,TEAM",Bull_MidVol
2019-02-05,4865.55,0.0,8.35,4873.89,1.0,28.13,2,"MDB,TEAM",Bull_MidVol
2019-02-06,4791.31,0.0,8.35,4799.65,1.0,29.23,2,"MDB,TEAM",Bull_MidVol
2019-02-07,4812.44,0.0,8.35,4820.79,1.0,28.92,2,"MDB,TEAM",Bull_MidVol
2019-02-08,4931.0,0.0,8.35,4939.35,1.0,27.17,2,"MDB,TEAM",Bull_MidVol
2019-02-11,4971.05,0.0,8.35,4979.39,1.0,26.57,2,"MDB,TEAM",Bull_MidVol
2019-02-12,5024.63,0.0,8.35,5032.98,1.0,25.78,2,"MDB,TEAM",Bull_MidVol
2019-02-13,4937.09,0.0,8.35,4945.43,1.0,27.08,2,"MDB,TEAM",Bull_MidVol
2019-02-14,4973.29,0.0,8.35,4981.64,1.0,26.54,2,"MDB,TEAM",Bull_MidVol
2019-02-15,5014.84,0.0,8.35,5023.19,1.0,25.93,2,"MDB,TEAM",Bull_MidVol
2019-02-19,4994.31,0.0,8.35,5002.66,1.0,26.23,2,"MDB,TEAM",Bull_MidVol
2019-02-20,5015.22,0.0,8.35,5023.57,1.0,25.92,2,"MDB,TEAM",Bull_LowVol
2019-02-21,5110.75,0.0,8.35,5119.1,1.0,24.51,2,"MDB,TEAM",Bull_LowVol
2019-02-22,5256.36,0.0,8.35,5264.71,1.0,22.36,2,"MDB,TEAM",Bull_LowVol
2019-02-25,5339.31,0.0,8.35,5347.66,1.0,21.13,2,"MDB,TEAM",Bull_LowVol
2019-02-26,4942.16,0.0,8.35,4950.51,1.0,27.0,2,"MDB,TEAM",Bull_LowVol
2019-02-27,5035.46,0.0,8.35,5043.81,1.0,25.62,2,"MDB,TEAM",Bull_LowVol
2019-02-28,5089.74,0.0,8.35,5098.08,1.0,24.82,2,"MDB,TEAM",Bull_LowVol
2019-03-01,5226.96,0.0,8.35,5235.31,1.0,22.79,2,"MDB,TEAM",Bull_LowVol
2019-03-04,4870.77,0.0,8.35,4879.11,1.0,28.05,2,"MDB,TEAM",Bull_LowVol
2019-03-05,5039.88,0.0,8.35,5048.23,1.0,25.56,2,"MDB,TEAM",Bull_LowVol
2019-03-06,4872.36,0.0,8.35,4880.71,1.0,28.03,2,"MDB,TEAM",Bull_LowVol
2019-03-07,4974.54,0.0,8.35,4982.88,1.0,26.52,2,"MDB,TEAM",Bull_LowVol
2019-03-08,4988.62,0.0,8.35,4996.96,1.0,26.31,2,"MDB,TEAM",Bull_LowVol
2019-03-11,5230.04,0.0,8.35,5238.39,1.0,22.75,2,"MDB,TEAM",Bull_LowVol
2019-03-12,5255.89,0.0,8.35,5264.24,1.0,22.37,2,"MDB,TEAM",Bull_LowVol
2019-03-13,5208.86,0.0,8.35,5217.2,1.0,23.06,2,"MDB,TEAM",Bull_LowVol
2019-03-14,6302.15,0.0,8.35,6310.5,1.0,6.91,2,"MDB,TEAM",Bull_LowVol
2019-03-15,6432.82,0.0,8.35,6441.17,1.0,4.98,2,"MDB,TEAM",Bull_LowVol
2019-03-18,6592.87,0.0,8.35,6601.21,1.0,2.62,2,"MDB,TEAM",Bull_LowVol
2019-03-19,6635.52,0.0,8.35,6643.87,1.0,1.99,2,"MDB,TEAM",Bull_LowVol
2019-03-20,6839.7,0.0,8.35,6848.05,1.0,0.0,2,"MDB,TEAM",Bull_LowVol
2019-03-21,7304.46,0.0,8.35,7312.8,1.0,0.0,2,"MDB,TEAM",Bull_LowVol
2019-03-22,7175.71,0.0,8.35,7184.06,1.0,1.76,2,"MDB,TEAM",Bull_LowVol
2019-03-25,7105.44,0.0,8.35,7113.79,1.0,2.72,2,"MDB,TEAM",Bull_LowVol
2019-03-26,7092.2,0.0,8.35,7100.55,1.0,2.91,2,"MDB,TEAM",Bull_LowVol
2019-03-27,6883.52,0.0,8.35,6891.87,1.0,5.76,2,"MDB,TEAM",Bull_LowVol
2019-03-28,6897.65,0.0,8.35,6906.0,1.0,5.57,2,"MDB,TEAM",Bull_LowVol
2019-03-29,6913.87,0.0,2635.52,9549.39,1.38,5.35,2,"MDB,MELI",Bull_LowVol
2019-04-01,7025.42,0.0,2635.52,9660.94,1.38,3.82,2,"MDB,MELI",Bull_LowVol
2019-04-02,6836.46,0.0,2635.52,9471.98,1.39,6.41,2,"MDB,MELI",Bull_LowVol
2019-04-03,6904.21,0.0,2635.52,9539.73,1.38,5.48,2,"MDB,MELI",Bull_LowVol
2019-04-04,6584.26,0.0,2635.52,9219.78,1.4,9.86,2,"MDB,MELI",Bull_LowVol
2019-04-05,6421.09,0.0,2635.52,9056.61,1.41,12.09,2,"MDB,MELI",Bull_LowVol
2019-04-08,6334.66,0.0,2635.52,8970.18,1.42,13.28,2,"MDB,MELI",Bull_LowVol
2019-04-09,6464.73,0.0,2635.52,9100.25,1.41,11.5,2,"MDB,MELI",Bull_LowVol
2019-04-10,6822.35,0.0,2635.52,9457.87,1.39,6.6,2,"MDB,MELI",Bull_LowVol
2019-04-11,6751.89,0.0,2635.52,9387.41,1.39,7.56,2,"MDB,MELI",Bull_LowVol
2019-04-12,6721.24,0.0,2635.52,9356.76,1.39,7.98,2,"MDB,MELI",Bull_LowVol
2019-04-15,6866.42,0.0,2635.52,9501.94,1.38,6.0,2,"MDB,MELI",Bull_LowVol
2019-04-16,6514.72,0.0,2635.52,9150.24,1.4,10.81,2,"MDB,MELI",Bull_LowVol
2019-04-17,6249.31,0.0,2635.52,8884.83,1.42,14.45,2,"MDB,MELI",Bull_LowVol
2019-04-18,5929.26,0.0,2635.52,8564.78,1.44,18.83,2,"MDB,MELI",Bull_LowVol
2019-04-22,6123.26,0.0,2635.52,8758.78,1.43,16.17,2,"MDB,MELI",Bull_LowVol
2019-04-23,6468.08,0.0,2635.52,9103.6,1.41,11.45,2,"MDB,MELI",Bull_LowVol
2019-04-24,6280.78,0.0,2635.52,8916.31,1.42,14.01,2,"MDB,MELI",Bull_LowVol
2019-04-25,6392.7,0.0,2635.52,9028.22,1.41,12.48,2,"MDB,MELI",Bull_LowVol
2019-04-26,6459.82,0.0,2635.52,9095.34,1.41,11.56,2,"MDB,MELI",Bull_LowVol
2019-04-29,6433.27,0.0,2635.52,9068.79,1.41,11.93,2,"MDB,MELI",Bull_LowVol
2019-04-30,6504.15,0.0,467.92,6972.07,1.07,10.96,2,"MDB,ZS",Bull_LowVol
2019-05-01,6169.41,0.0,467.92,6637.33,1.08,15.54,2,"MDB,ZS",Bull_LowVol
2019-05-02,6109.17,0.0,467.92,6577.09,1.08,16.36,2,"MDB,ZS",Bull_LowVol
2019-05-03,6226.52,0.0,467.92,6694.45,1.08,14.76,2,"MDB,ZS",Bull_LowVol
2019-05-06,6348.05,0.0,467.92,6815.97,1.07,13.09,2,"MDB,ZS",Bull_LowVol
2019-05-07,6159.3,0.0,467.92,6627.22,1.08,15.68,2,"MDB,ZS",Bull_LowVol
2019-05-08,6175.67,0.0,467.92,6643.59,1.08,15.45,2,"MDB,ZS",Bull_LowVol
2019-05-09,6266.52,0.0,467.92,6734.44,1.07,14.21,2,"MDB,ZS",Bull_LowVol
2019-05-10,6392.76,0.0,467.92,6860.68,1.07,12.48,2,"MDB,ZS",Bull_LowVol
2019-05-13,5972.7,0.0,467.92,6440.62,1.08,18.23,2,"MDB,ZS",Bull_MidVol
2019-05-14,6269.27,0.0,467.92,6737.19,1.07,14.17,2,"MDB,ZS",Bull_MidVol
2019-05-15,6531.0,0.0,467.92,6998.92,1.07,10.59,2,"MDB,ZS",Bull_MidVol
2019-05-16,6939.24,0.0,467.92,7407.16,1.07,5.0,2,"MDB,ZS",Bull_MidVol
2019-05-17,6896.54,0.0,467.92,7364.47,1.07,5.58,2,"MDB,ZS",Bull_MidVol
2019-05-20,6828.09,0.0,467.92,7296.01,1.07,6.52,2,"MDB,ZS",Bull_MidVol
2019-05-21,6791.49,0.0,467.92,7259.41,1.07,7.02,2,"MDB,ZS",Bull_MidVol
2019-05-22,6709.5,0.0,467.92,7177.42,1.07,8.15,2,"MDB,ZS",Bull_MidVol
2019-05-23,6516.64,0.0,467.92,6984.57,1.07,10.79,2,"MDB,ZS",Bull_MidVol
2019-05-24,6560.8,0.0,467.92,7028.72,1.07,10.18,2,"MDB,ZS",Bull_MidVol
2019-05-28,6635.58,0.0,467.92,7103.5,1.07,9.16,2,"MDB,ZS",Bull_MidVol
2019-05-29,6419.55,0.0,467.92,6887.48,1.07,12.11,2,"MDB,ZS",Bull_MidVol
2019-05-30,6555.12,0.0,467.92,7023.04,1.07,10.26,2,"MDB,ZS",Bull_MidVol
2019-05-31,6481.75,0.0,2714.5,9196.26,1.42,11.26,2,"MDB,ZS",Bull_MidVol
2019-06-03,5998.29,0.0,2714.5,8712.79,1.45,17.88,2,"MDB,ZS",Bull_MidVol
2019-06-04,6567.59,0.0,2714.5,9282.09,1.41,10.09,2,"MDB,ZS",Bull_MidVol
2019-06-05,7022.59,0.0,2714.5,9737.09,1.39,3.86,2,"MDB,ZS",Bull_MidVol
2019-06-06,6970.85,0.0,2714.5,9685.35,1.39,4.57,2,"MDB,ZS",Bull_MidVol
2019-06-07,8030.97,0.0,2714.5,10745.48,1.34,0.0,2,"MDB,ZS",Bull_MidVol
2019-06-10,8200.03,0.0,2714.5,10914.53,1.33,0.0,2,"MDB,ZS",Bull_MidVol
2019-06-11,7767.7,0.0,2714.5,10482.21,1.35,5.27,2,"MDB,ZS",Bull_MidVol
2019-06-12,7969.43,0.0,2714.5,10683.93,1.34,2.81,2,"MDB,ZS",Bull_MidVol
2019-06-13,8126.71,0.0,2714.5,10841.22,1.33,0.89,2,"MDB,ZS",Bull_MidVol
2019-06-14,7969.41,0.0,2714.5,10683.91,1.34,2.81,2,"MDB,ZS",Bull_MidVol
2019-06-17,7892.83,0.0,2714.5,10607.34,1.34,3.75,2,"MDB,ZS",Bull_MidVol
2019-06-18,8013.84,0.0,2714.5,10728.34,1.34,2.27,2,"MDB,ZS",Bull_MidVol
2019-06-19,8419.17,0.0,2714.5,11133.67,1.32,0.0,2,"MDB,ZS",Bull_MidVol
2019-06-20,8372.19,0.0,2714.5,11086.69,1.32,0.56,2,"MDB,ZS",Bull_MidVol
2019-06-21,8116.15,0.0,2714.5,10830.65,1.33,3.6,2,"MDB,ZS",Bull_MidVol
2019-06-24,7840.14,0.0,2714.5,10554.64,1.35,6.88,2,"MDB,ZS",Bull_MidVol
2019-06-25,7485.07,0.0,2714.5,10199.58,1.36,11.09,2,"MDB,ZS",Bull_MidVol
2019-06-26,7191.35,0.0,2714.5,9905.86,1.38,14.58,2,"MDB,ZS",Bull_MidVol
2019-06-27,7388.6,0.0,2714.5,10103.11,1.37,12.24,2,"MDB,ZS",Bull_MidVol
2019-06-28,7350.15,0.0,13.76,7363.91,1.0,12.7,2,"SHOP,MELI",Bull_MidVol
2019-07-01,7452.25,0.0,13.76,7466.01,1.0,11.48,2,"SHOP,MELI",Bull_LowVol
2019-07-02,7592.61,0.0,13.76,7606.37,1.0,9.82,2,"SHOP,MELI",Bull_LowVol
2019-07-03,7646.22,0.0,13.76,7659.98,1.0,9.18,2,"SHOP,MELI",Bull_LowVol
2019-07-05,7676.41,0.0,13.76,7690.18,1.0,8.82,2,"SHOP,MELI",Bull_LowVol
2019-07-08,7732.03,0.0,13.76,7745.8,1.0,8.16,2,"SHOP,MELI",Bull_LowVol
2019-07-09,7801.93,0.0,13.76,7815.69,1.0,7.33,2,"SHOP,MELI",Bull_LowVol
2019-07-10,7722.78,0.0,13.76,7736.55,1.0,8.27,2,"SHOP,MELI",Bull_LowVol
2019-07-11,7673.14,0.0,13.76,7686.9,1.0,8.86,2,"SHOP,MELI",Bull_LowVol
2019-07-12,7661.15,0.0,13.76,7674.91,1.0,9.0,2,"SHOP,MELI",Bull_LowVol
2019-07-15,7854.07,0.0,13.76,7867.83,1.0,6.71,2,"SHOP,MELI",Bull_LowVol
2019-07-16,7703.97,0.0,13.76,7717.73,1.0,8.49,2,"SHOP,MELI",Bull_LowVol
2019-07-17,7800.43,0.0,13.76,7814.19,1.0,7.35,2,"SHOP,MELI",Bull_LowVol
2019-07-18,7970.45,0.0,13.76,7984.21,1.0,5.33,2,"SHOP,MELI",Bull_LowVol
2019-07-19,7837.51,0.0,13.76,7851.27,1.0,6.91,2,"SHOP,MELI",Bull_LowVol
2019-07-22,7961.42,0.0,13.76,7975.18,1.0,5.44,2,"SHOP,MELI",Bull_LowVol
2019-07-23,7883.89,0.0,13.76,7897.66,1.0,6.36,2,"SHOP,MELI",Bull_LowVol
2019-07-24,8009.33,0.0,13.76,8023.09,1.0,4.87,2,"SHOP,MELI",Bull_LowVol
2019-07-25,8020.8,0.0,13.76,8034.56,1.0,4.73,2,"SHOP,MELI",Bull_LowVol
2019-07-26,8076.29,0.0,13.76,8090.06,1.0,4.07,2,"SHOP,MELI",Bull_LowVol
2019-07-29,7839.39,0.0,13.76,7853.15,1.0,6.89,2,"SHOP,MELI",Bull_LowVol
2019-07-30,7660.86,0.0,13.76,7674.62,1.0,9.01,2,"SHOP,MELI",Bull_LowVol
2019-07-31,7654.95,0.0,127.81,7782.76,1.02,9.08,2,"SHOP,MDB",Bull_LowVol
2019-08-01,7986.62,0.0,127.81,8114.43,1.02,5.14,2,"SHOP,MDB",Bull_LowVol
2019-08-02,7791.77,0.0,127.81,7919.58,1.02,7.45,2,"SHOP,MDB",Bull_LowVol
2019-08-05,7526.53,0.0,127.81,7654.34,1.02,10.6,2,"SHOP,MDB",Bull_MidVol
2019-08-06,7755.56,0.0,127.81,7883.37,1.02,7.88,2,"SHOP,MDB",Bull_MidVol
2019-08-07,7960.78,0.0,127.81,8088.59,1.02,5.44,2,"SHOP,MDB",Bull_MidVol
2019-08-08,8351.45,0.0,127.81,8479.25,1.02,0.8,2,"SHOP,MDB",Bull_MidVol
2019-08-09,8502.6,0.0,127.81,8630.41,1.02,0.0,2,"SHOP,MDB",Bull_MidVol
2019-08-12,8329.12,0.0,127.81,8456.92,1.02,2.04,2,"SHOP,MDB",Bull_MidVol
2019-08-13,8428.61,0.0,127.81,8556.42,1.02,0.87,2,"SHOP,MDB",Bull_MidVol
2019-08-14,8109.31,0.0,127.81,8237.11,1.02,4.63,2,"SHOP,MDB",Bull_MidVol
2019-08-15,8070.54,0.0,127.81,8198.35,1.02,5.08,2,"SHOP,MDB",Bull_MidVol
2019-08-16,8226.71,0.0,127.81,8354.52,1.02,3.24,2,"SHOP,MDB",Bull_MidVol
2019-08-19,8191.79,0.0,127.81,8319.6,1.02,3.66,2,"SHOP,MDB",Bull_MidVol
2019-08-20,8337.86,0.0,127.81,8465.67,1.02,1.94,2,"SHOP,MDB",Bull_MidVol
2019-08-21,8754.42,0.0,127.81,8882.23,1.01,0.0,2,"SHOP,MDB",Bull_MidVol
2019-08-22,8598.89,0.0,127.81,8726.69,1.01,1.78,2,"SHOP,MDB",Bull_MidVol
2019-08-23,8448.45,0.0,127.81,8576.25,1.02,3.5,2,"SHOP,MDB",Bull_MidVol
2019-08-26,8803.78,0.0,127.81,8931.59,1.01,0.0,2,"SHOP,MDB",Bull_MidVol
2019-08-27,9039.97,0.0,127.81,9167.78,1.01,0.0,2,"SHOP,MDB",Bull_MidVol
2019-08-28,8819.9,0.0,127.81,8947.7,1.01,2.43,2,"SHOP,MDB",Bull_MidVol
2019-08-29,8930.99,0.0,127.81,9058.79,1.01,1.21,2,"SHOP,MDB",Bull_MidVol
2019-08-30,8766.71,0.0,25.36,8792.08,1.0,3.02,2,"SHOP,ZS",Bull_MidVol
2019-09-03,8660.83,0.0,25.36,8686.2,1.0,4.19,2,"SHOP,ZS",Bull_MidVol
2019-09-04,8765.43,0.0,25.36,8790.8,1.0,3.04,2,"SHOP,ZS",Bull_MidVol
2019-09-05,8855.1,0.0,25.36,8880.46,1.0,2.05,2,"SHOP,ZS",Bull_MidVol
2019-09-06,8555.57,0.0,25.36,8580.94,1.0,5.36,2,"SHOP,ZS",Bull_MidVol
2019-09-09,8106.92,0.0,25.36,8132.28,1.0,10.32,2,"SHOP,ZS",Bull_MidVol
2019-09-10,7705.47,0.0,25.36,7730.83,1.0,14.76,2,"SHOP,ZS",Bull_MidVol
2019-09-11,7610.13,1275.28,0.0,6334.84,0.83,15.82,1,SHOP,Bull_MidVol
2019-09-12,7776.38,1275.28,0.0,6501.09,0.84,13.98,1,SHOP,Bull_MidVol
2019-09-13,7442.42,1275.28,0.0,6167.13,0.83,17.67,1,SHOP,Bull_MidVol
2019-09-16,7435.49,1275.28,0.0,6160.21,0.83,17.75,1,SHOP,Bull_MidVol
2019-09-17,7269.42,1275.28,0.0,5994.14,0.82,19.59,1,SHOP,Bull_MidVol
2019-09-18,7215.28,1275.28,0.0,5940.0,0.82,20.18,1,SHOP,Bull_MidVol
2019-09-19,7199.79,1275.28,0.0,5924.5,0.82,20.36,1,SHOP,Bull_MidVol
2019-09-20,7087.13,1275.28,0.0,5811.84,0.82,21.6,1,SHOP,Bull_MidVol
2019-09-23,6985.77,1275.28,0.0,5710.49,0.82,22.72,1,SHOP,Bull_LowVol
2019-09-24,6661.48,1275.28,0.0,5386.19,0.81,26.31,1,SHOP,Bull_LowVol
2019-09-25,7010.2,1275.28,0.0,5734.92,0.82,22.45,1,SHOP,Bull_LowVol
2019-09-26,6983.59,1275.28,0.0,5708.3,0.82,22.75,1,SHOP,Bull_LowVol
2019-09-27,6847.78,1275.28,0.0,5572.5,0.81,24.25,1,SHOP,Bull_LowVol
2019-09-30,6942.48,0.0,118.57,7061.05,1.02,23.2,2,"SHOP,KLAC",Bull_LowVol
2019-10-01,6960.88,0.0,118.57,7079.45,1.02,23.0,2,"SHOP,KLAC",Bull_LowVol
2019-10-02,6880.71,0.0,118.57,6999.28,1.02,23.89,2,"SHOP,KLAC",Bull_LowVol
2019-10-03,7174.5,0.0,118.57,7293.07,1.02,20.64,2,"SHOP,KLAC",Bull_LowVol
2019-10-04,7240.13,0.0,118.57,7358.7,1.02,19.91,2,"SHOP,KLAC",Bull_LowVol
2019-10-07,7223.57,0.0,118.57,7342.14,1.02,20.09,2,"SHOP,KLAC",Bull_LowVol
2019-10-08,6888.7,0.0,118.57,7007.27,1.02,23.8,2,"SHOP,KLAC",Bull_LowVol
2019-10-09,6965.36,0.0,118.57,7083.93,1.02,22.95,2,"SHOP,KLAC",Bull_LowVol
2019-10-10,7158.26,0.0,118.57,7276.83,1.02,20.82,2,"SHOP,KLAC",Bull_LowVol
2019-10-11,7269.98,0.0,118.57,7388.55,1.02,19.58,2,"SHOP,KLAC",Bull_MidVol
2019-10-14,7533.59,0.0,118.57,7652.16,1.02,16.66,2,"SHOP,KLAC",Bull_MidVol
2019-10-15,7596.84,0.0,118.57,7715.41,1.02,15.96,2,"SHOP,KLAC",Bull_MidVol
2019-10-16,7162.51,0.0,118.57,7281.08,1.02,20.77,2,"SHOP,KLAC",Bull_MidVol
2019-10-17,7319.06,0.0,118.57,7437.63,1.02,19.04,2,"SHOP,KLAC",Bull_MidVol
2019-10-18,6993.41,0.0,118.57,7111.98,1.02,22.64,2,"SHOP,KLAC",Bull_MidVol
2019-10-21,7128.96,0.0,118.57,7247.53,1.02,21.14,2,"SHOP,KLAC",Bull_MidVol
2019-10-22,6753.44,0.0,118.57,6872.01,1.02,25.29,2,"SHOP,KLAC",Bull_MidVol
2019-10-23,6671.47,0.0,118.57,6790.05,1.02,26.2,2,"SHOP,KLAC",Bull_LowVol
2019-10-24,7235.78,0.0,118.57,7354.35,1.02,19.96,2,"SHOP,KLAC",Bull_MidVol
2019-10-25,7138.8,0.0,118.57,7257.37,1.02,21.03,2,"SHOP,KLAC",Bull_LowVol
2019-10-28,7317.03,0.0,118.57,7435.6,1.02,19.06,2,"SHOP,KLAC",Bull_LowVol
2019-10-29,7051.87,0.0,118.57,7170.44,1.02,21.99,2,"SHOP,KLAC",Bull_LowVol
2019-10-30,7195.37,0.0,118.57,7313.94,1.02,20.4,2,"SHOP,KLAC",Bull_LowVol
2019-10-31,7040.87,0.0,2482.57,9523.44,1.35,22.11,2,"SHOP,KLAC",Bull_LowVol
2019-11-01,7175.15,0.0,2482.57,9657.72,1.35,20.63,2,"SHOP,KLAC",Bull_LowVol
2019-11-04,7049.86,0.0,2482.57,9532.43,1.35,22.01,2,"SHOP,KLAC",Bull_LowVol
2019-11-05,6777.68,0.0,2482.57,9260.26,1.37,25.03,2,"SHOP,KLAC",Bull_LowVol
2019-11-06,6781.09,0.0,2482.57,9263.67,1.37,24.99,2,"SHOP,KLAC",Bull_LowVol
2019-11-07,6599.27,0.0,2482.57,9081.84,1.38,27.0,2,"SHOP,KLAC",Bull_LowVol
2019-11-08,6866.92,0.0,2482.57,9349.49,1.36,24.04,2,"SHOP,KLAC",Bull_LowVol
2019-11-11,6975.42,0.0,2482.57,9457.99,1.36,22.84,2,"SHOP,KLAC",Bull_LowVol
2019-11-12,7016.02,0.0,2482.57,9498.6,1.35,22.39,2,"SHOP,KLAC",Bull_LowVol
2019-11-13,7219.0,0.0,2482.57,9701.57,1.34,20.14,2,"SHOP,KLAC",Bull_LowVol
2019-11-14,7190.73,0.0,2482.57,9673.3,1.35,20.46,2,"SHOP,KLAC",Bull_LowVol
2019-11-15,7237.2,0.0,2482.57,9719.78,1.34,19.94,2,"SHOP,KLAC",Bull_LowVol
2019-11-18,7410.97,0.0,2482.57,9893.54,1.33,18.02,2,"SHOP,KLAC",Bull_LowVol
2019-11-19,7265.97,0.0,2482.57,9748.55,1.34,19.62,2,"SHOP,KLAC",Bull_LowVol
2019-11-20,7227.5,0.0,2482.57,9710.08,1.34,20.05,2,"SHOP,KLAC",Bull_LowVol
2019-11-21,6936.25,0.0,2482.57,9418.82,1.36,23.27,2,"SHOP,KLAC",Bull_LowVol
2019-11-22,6837.83,0.0,2482.57,9320.4,1.36,24.36,2,"SHOP,KLAC",Bull_LowVol
2019-11-25,6994.31,0.0,2482.57,9476.88,1.35,22.63,2,"SHOP,KLAC",Bull_LowVol
2019-11-26,7315.24,0.0,2482.57,9797.81,1.34,19.08,2,"SHOP,KLAC",Bull_LowVol
2019-11-27,7482.59,0.0,2482.57,9965.16,1.33,17.23,2,"SHOP,KLAC",Bull_LowVol
2019-11-29,7323.03,0.0,13.35,7336.37,1.0,18.99,2,"SOXL,LRCX",Bull_LowVol
2019-12-02,7105.76,0.0,13.35,7119.11,1.0,21.4,2,"SOXL,LRCX",Bull_LowVol
2019-12-03,6873.26,0.0,13.35,6886.61,1.0,23.97,2,"SOXL,LRCX",Bull_LowVol
2019-12-04,7101.61,0.0,13.35,7114.95,1.0,21.44,2,"SOXL,LRCX",Bull_LowVol
2019-12-05,7170.83,0.0,13.35,7184.18,1.0,20.68,2,"SOXL,LRCX",Bull_LowVol
2019-12-06,7407.1,0.0,13.35,7420.45,1.0,18.06,2,"SOXL,LRCX",Bull_LowVol
2019-12-09,7318.35,0.0,13.35,7331.7,1.0,19.04,2,"SOXL,LRCX",Bull_LowVol
2019-12-10,7388.46,0.0,13.35,7401.81,1.0,18.27,2,"SOXL,LRCX",Bull_LowVol
2019-12-11,7722.28,0.0,13.35,7735.63,1.0,14.58,2,"SOXL,LRCX",Bull_LowVol
2019-12-12,8173.86,0.0,13.35,8187.21,1.0,9.58,2,"SOXL,LRCX",Bull_LowVol
2019-12-13,8065.27,0.0,13.35,8078.62,1.0,10.78,2,"SOXL,LRCX",Bull_LowVol
2019-12-16,8217.59,0.0,13.35,8230.94,1.0,9.1,2,"SOXL,LRCX",Bull_LowVol
2019-12-17,8360.64,0.0,13.35,8373.99,1.0,7.51,2,"SOXL,LRCX",Bull_LowVol
2019-12-18,8319.8,0.0,13.35,8333.14,1.0,7.97,2,"SOXL,LRCX",Bull_LowVol
2019-12-19,8495.43,0.0,13.35,8508.78,1.0,6.02,2,"SOXL,LRCX",Bull_LowVol
2019-12-20,8697.21,0.0,13.35,8710.56,1.0,3.79,2,"SOXL,LRCX",Bull_LowVol
2019-12-23,8688.95,0.0,13.35,8702.3,1.0,3.88,2,"SOXL,LRCX",Bull_LowVol
2019-12-24,8724.46,0.0,13.35,8737.8,1.0,3.49,2,"SOXL,LRCX",Bull_LowVol
2019-12-26,8748.37,0.0,13.35,8761.72,1.0,3.23,2,"SOXL,LRCX",Bull_LowVol
2019-12-27,8678.66,0.0,13.35,8692.01,1.0,4.0,2,"SOXL,LRCX",Bull_LowVol
2019-12-30,8563.47,0.0,13.35,8576.81,1.0,5.27,2,"SOXL,LRCX",Bull_LowVol
2019-12-31,8034.33,-558.28,13.35,8605.96,1.07,11.12,2,"SOXL,LRCX",Bull_LowVol
2020-01-02,8399.06,-558.28,13.35,8970.69,1.07,7.09,2,"SOXL,LRCX",Bull_LowVol
2020-01-03,8088.46,-558.28,13.35,8660.09,1.07,10.53,2,"SOXL,LRCX",Bull_LowVol
2020-01-06,7865.7,-558.28,13.35,8437.33,1.07,12.99,2,"SOXL,LRCX",Bull_LowVol
2020-01-07,8194.67,-558.28,13.35,8766.3,1.07,9.35,2,"SOXL,LRCX",Bull_LowVol
2020-01-08,8255.52,-558.28,13.35,8827.15,1.07,8.68,2,"SOXL,LRCX",Bull_LowVol
2020-01-09,8310.57,-558.28,13.35,8882.2,1.07,8.07,2,"SOXL,LRCX",Bull_LowVol
2020-01-10,8162.76,-558.28,13.35,8734.39,1.07,9.7,2,"SOXL,LRCX",Bull_LowVol
2020-01-13,8389.27,-558.28,13.35,8960.9,1.07,7.2,2,"SOXL,LRCX",Bull_LowVol
2020-01-14,8467.97,-558.28,13.35,9039.6,1.07,6.33,2,"SOXL,LRCX",Bull_LowVol
2020-01-15,8255.74,-558.28,13.35,8827.37,1.07,8.68,2,"SOXL,LRCX",Bull_LowVol
2020-01-16,8599.05,-558.28,13.35,9170.68,1.07,4.88,2,"SOXL,LRCX",Bull_LowVol
2020-01-17,8724.56,-558.28,13.35,9296.19,1.07,3.49,2,"SOXL,LRCX",Bull_LowVol
2020-01-21,8724.24,-558.28,13.35,9295.87,1.07,3.49,2,"SOXL,LRCX",Bull_LowVol
2020-01-22,8882.57,-558.28,13.35,9454.2,1.06,1.74,2,"SOXL,LRCX",Bull_LowVol
2020-01-23,9017.03,-558.28,13.35,9588.66,1.06,0.25,2,"SOXL,LRCX",Bull_LowVol
2020-01-24,8756.07,-558.28,13.35,9327.7,1.07,3.14,2,"SOXL,LRCX",Bull_LowVol
2020-01-27,7981.86,-558.28,13.35,8553.49,1.07,11.7,2,"SOXL,LRCX",Bull_LowVol
2020-01-28,8416.93,-558.28,13.35,8988.56,1.07,6.89,2,"SOXL,LRCX",Bull_LowVol
2020-01-29,8098.96,-558.28,13.35,8670.59,1.07,10.41,2,"SOXL,LRCX",Bull_LowVol
2020-01-30,8253.45,-558.28,13.35,8825.08,1.07,8.7,2,"SOXL,LRCX",Bull_LowVol
2020-01-31,7515.66,51.62,0.0,7464.04,0.99,16.86,2,"SOXL,TSLA",Bull_LowVol
2020-02-03,8036.6,51.62,0.0,7984.98,0.99,11.1,2,"SOXL,TSLA",Bull_LowVol
2020-02-04,8858.79,51.62,0.0,8807.18,0.99,2.0,2,"SOXL,TSLA",Bull_MidVol
2020-02-05,8960.54,51.62,0.0,8908.92,0.99,0.88,2,"SOXL,TSLA",Bull_MidVol
2020-02-06,8997.39,51.62,0.0,8945.77,0.99,0.47,2,"SOXL,TSLA",Bull_MidVol
2020-02-07,8483.41,51.62,0.0,8431.8,0.99,6.16,2,"SOXL,TSLA",Bull_MidVol
2020-02-10,8841.24,51.62,0.0,8789.62,0.99,2.2,2,"SOXL,TSLA",Bull_MidVol
2020-02-11,9271.34,51.62,0.0,9219.73,0.99,0.0,2,"SOXL,TSLA",Bull_MidVol
2020-02-12,9583.7,51.62,0.0,9532.08,0.99,0.0,2,"SOXL,TSLA",Bull_MidVol
2020-02-13,9683.76,51.62,0.0,9632.14,0.99,0.0,2,"SOXL,TSLA",Bull_MidVol
2020-02-14,9624.59,51.62,0.0,9572.97,0.99,0.61,2,"SOXL,TSLA",Bull_MidVol
2020-02-18,9433.6,51.62,0.0,9381.98,0.99,2.58,2,"SOXL,TSLA",Bull_MidVol
2020-02-19,10145.19,51.62,0.0,10093.57,0.99,0.0,2,"SOXL,TSLA",Bull_MidVol
2020-02-20,9745.93,51.62,0.0,9694.31,0.99,3.94,2,"SOXL,TSLA",Bull_MidVol
2020-02-21,9061.31,51.62,0.0,9009.7,0.99,10.68,2,"SOXL,TSLA",Bull_MidVol
2020-02-24,7914.28,51.62,0.0,7862.67,0.99,21.99,2,"SOXL,TSLA",Bull_MidVol
2020-02-25,7288.46,51.62,0.0,7236.84,0.99,28.16,2,"SOXL,TSLA",Bull_MidVol
2020-02-26,7286.37,51.62,0.0,7234.75,0.99,28.18,2,"SOXL,TSLA",Bull_MidVol
2020-02-27,5809.32,4277.31,0.0,1532.01,0.26,42.74,1,TSLA,Bull_MidVol
2020-02-28,5526.49,90.02,0.0,5436.47,0.98,45.53,2,"TSLA,SOXL",Bull_MidVol
2020-03-02,6126.53,90.02,0.0,6036.51,0.99,39.61,2,"TSLA,SOXL",Bull_MidVol
2020-03-03,6017.5,90.02,0.0,5927.48,0.99,40.69,2,"TSLA,SOXL",Bull_MidVol
2020-03-04,6201.11,90.02,0.0,6111.09,0.99,38.88,2,"TSLA,SOXL",Bull_MidVol
2020-03-05,5927.98,90.02,0.0,5837.96,0.98,41.57,2,"TSLA,SOXL",Bull_MidVol
2020-03-06,5723.41,90.02,0.0,5633.38,0.98,43.59,2,"TSLA,SOXL",Bull_MidVol
2020-03-09,4931.98,976.23,0.0,3955.76,0.8,51.39,1,TSLA,Bull_MidVol
2020-03-10,5174.86,976.23,0.0,4198.63,0.81,48.99,1,TSLA,Bull_MidVol
2020-03-11,5102.64,976.23,0.0,4126.41,0.81,49.7,1,TSLA,Bull_MidVol
2020-03-12,4840.23,4840.23,0.0,0.0,0.0,52.29,0,CASH_BIL,Bull_MidVol
2020-03-13,4840.23,4840.23,0.0,0.0,0.0,52.29,0,CASH_BIL,Bull_MidVol
2020-03-16,4840.23,4840.23,0.0,0.0,0.0,52.29,0,CASH_BIL,Bull_MidVol
2020-03-17,4840.23,4840.23,0.0,0.0,0.0,52.29,0,CASH_BIL,Bull_MidVol
2020-03-18,4840.23,4840.23,0.0,0.0,0.0,52.29,0,CASH_BIL,Bull_MidVol
2020-03-19,4840.23,4840.23,0.0,0.0,0.0,52.29,0,CASH_BIL,Bull_MidVol
2020-03-20,4840.23,4840.23,0.0,0.0,0.0,52.29,0,CASH_BIL,Bull_MidVol
2020-03-23,4840.23,4840.23,0.0,0.0,0.0,52.29,0,CASH_BIL,Bull_MidVol
2020-03-24,4840.23,4840.23,0.0,0.0,0.0,52.29,0,CASH_BIL,Bull_MidVol
2020-03-25,4840.23,4840.23,0.0,0.0,0.0,52.29,0,CASH_BIL,Bull_MidVol
2020-03-26,4840.23,4840.23,0.0,0.0,0.0,52.29,0,CASH_BIL,Bull_MidVol
2020-03-27,4840.23,4840.23,0.0,0.0,0.0,52.29,0,CASH_BIL,Bull_MidVol
2020-03-30,4840.23,4840.23,0.0,0.0,0.0,52.29,0,CASH_BIL,Bull_MidVol
2020-03-31,4981.86,0.0,8.81,4990.67,1.0,50.89,2,"TSLA,MRNA",Bull_MidVol
2020-04-01,4646.78,0.0,8.81,4655.59,1.0,54.2,2,"TSLA,MRNA",Bull_MidVol
2020-04-02,4552.36,0.0,8.81,4561.17,1.0,55.13,2,"TSLA,MRNA",Bull_MidVol
2020-04-03,4801.42,0.0,8.81,4810.23,1.0,52.67,2,"TSLA,MRNA",Bull_MidVol
2020-04-06,5073.33,0.0,8.81,5082.13,1.0,49.99,2,"TSLA,MRNA",Bull_MidVol
2020-04-07,5213.34,0.0,8.81,5222.15,1.0,48.61,2,"TSLA,MRNA",Bull_MidVol
2020-04-08,5252.27,0.0,8.81,5261.08,1.0,48.23,2,"TSLA,MRNA",Bull_MidVol
2020-04-09,5419.85,0.0,8.81,5428.66,1.0,46.58,2,"TSLA,MRNA",Bull_MidVol
2020-04-13,6052.24,0.0,8.81,6061.05,1.0,40.34,2,"TSLA,MRNA",Bull_MidVol
2020-04-14,6561.76,0.0,8.81,6570.57,1.0,35.32,2,"TSLA,MRNA",Bull_MidVol
2020-04-15,6798.4,0.0,8.81,6807.21,1.0,32.99,2,"TSLA,MRNA",Bull_MidVol
2020-04-16,7024.48,0.0,8.81,7033.29,1.0,30.76,2,"TSLA,MRNA",Bull_MidVol
2020-04-17,7292.51,0.0,8.81,7301.32,1.0,28.12,2,"TSLA,MRNA",Bull_MidVol
2020-04-20,7390.57,0.0,8.81,7399.38,1.0,27.15,2,"TSLA,MRNA",Bull_MidVol
2020-04-21,6854.08,0.0,8.81,6862.89,1.0,32.44,2,"TSLA,MRNA",Bull_MidVol
2020-04-22,7265.31,0.0,8.81,7274.12,1.0,28.39,2,"TSLA,MRNA",Bull_MidVol
2020-04-23,6940.74,0.0,8.81,6949.55,1.0,31.59,2,"TSLA,MRNA",Bull_MidVol
2020-04-24,7189.28,0.0,8.81,7198.09,1.0,29.14,2,"TSLA,MRNA",Bull_MidVol
2020-04-27,7675.82,0.0,8.81,7684.63,1.0,24.34,2,"TSLA,MRNA",Bull_MidVol
2020-04-28,7442.7,0.0,8.81,7451.51,1.0,26.64,2,"TSLA,MRNA",Bull_MidVol
2020-04-29,7635.22,0.0,8.81,7644.03,1.0,24.74,2,"TSLA,MRNA",Bull_MidVol
2020-04-30,7360.29,0.0,2086.06,9446.35,1.28,27.45,2,"TSLA,MRNA",Bull_MidVol
2020-05-01,6886.43,0.0,2086.06,8972.5,1.3,32.12,2,"TSLA,MRNA",Bull_MidVol
2020-05-04,7538.6,0.0,2086.06,9624.66,1.28,25.69,2,"TSLA,MRNA",Bull_MidVol
2020-05-05,7505.79,0.0,2086.06,9591.85,1.28,26.02,2,"TSLA,MRNA",Bull_MidVol
2020-05-06,7587.02,0.0,2086.06,9673.09,1.27,25.22,2,"TSLA,MRNA",Bull_MidVol
2020-05-07,7884.59,0.0,2086.06,9970.65,1.26,22.28,2,"TSLA,MRNA",Bull_MidVol
2020-05-08,8640.32,0.0,2086.06,10726.38,1.24,14.83,2,"TSLA,MRNA",Bull_MidVol
2020-05-11,9149.94,0.0,2086.06,11236.01,1.23,9.81,2,"TSLA,MRNA",Bull_MidVol
2020-05-12,8795.24,0.0,2086.06,10881.3,1.24,13.31,2,"TSLA,MRNA",Bull_MidVol
2020-05-13,8865.12,0.0,2086.06,10951.19,1.24,12.62,2,"TSLA,MRNA",Bull_MidVol
2020-05-14,8913.8,0.0,2086.06,10999.86,1.23,12.14,2,"TSLA,MRNA",Bull_MidVol
2020-05-15,9041.12,0.0,2086.06,11127.19,1.23,10.88,2,"TSLA,MRNA",Bull_MidVol
2020-05-18,10147.57,0.0,2086.06,12233.64,1.21,0.0,2,"TSLA,MRNA",Bull_MidVol
2020-05-19,9481.46,0.0,2086.06,11567.52,1.22,6.56,2,"TSLA,MRNA",Bull_MidVol
2020-05-20,9674.07,0.0,2086.06,11760.13,1.22,4.67,2,"TSLA,MRNA",Bull_MidVol
2020-05-21,9286.47,0.0,2086.06,11372.53,1.22,8.49,2,"TSLA,MRNA",Bull_MidVol
2020-05-22,9349.93,0.0,2086.06,11436.0,1.22,7.86,2,"TSLA,MRNA",Bull_MidVol
2020-05-26,8520.93,0.0,2086.06,10606.99,1.24,16.03,2,"TSLA,MRNA",Bull_MidVol
2020-05-27,8117.83,0.0,2086.06,10203.9,1.26,20.0,2,"TSLA,MRNA",Bull_MidVol
2020-05-28,8258.31,0.0,2086.06,10344.38,1.25,18.62,2,"TSLA,MRNA",Bull_MidVol
2020-05-29,8928.28,0.0,2086.06,11014.34,1.23,12.02,2,"TSLA,MRNA",Bull_MidVol
2020-06-01,9463.92,0.0,2086.06,11549.99,1.22,6.74,2,"TSLA,MRNA",Bull_MidVol
2020-06-02,9164.1,0.0,2086.06,11250.17,1.23,9.69,2,"TSLA,MRNA",Bull_MidVol
2020-06-03,9176.35,0.0,2086.06,11262.42,1.23,9.57,2,"TSLA,MRNA",Bull_MidVol
2020-06-04,9085.95,0.0,2086.06,11172.02,1.23,10.46,2,"TSLA,MRNA",Bull_MidVol
2020-06-05,9069.97,0.0,2086.06,11156.03,1.23,10.62,2,"TSLA,MRNA",Bull_MidVol
2020-06-08,9631.72,0.0,2086.06,11717.79,1.22,5.08,2,"TSLA,MRNA",Bull_MidVol
2020-06-09,9495.59,0.0,2086.06,11581.66,1.22,6.42,2,"TSLA,MRNA",Bull_MidVol
2020-06-10,10281.48,0.0,2086.06,12367.54,1.2,0.0,2,"TSLA,MRNA",Bull_LowVol
2020-06-11,9890.08,0.0,2086.06,11976.14,1.21,3.81,2,"TSLA,MRNA",Bull_MidVol
2020-06-12,9736.11,0.0,2086.06,11822.18,1.21,5.3,2,"TSLA,MRNA",Bull_MidVol
2020-06-15,10505.19,0.0,2086.06,12591.26,1.2,0.0,2,"TSLA,MRNA",Bull_MidVol
2020-06-16,10271.05,0.0,2086.06,12357.11,1.2,2.23,2,"TSLA,MRNA",Bull_MidVol
2020-06-17,10268.24,0.0,2086.06,12354.3,1.2,2.26,2,"TSLA,MRNA",Bull_MidVol
2020-06-18,10484.38,0.0,2086.06,12570.45,1.2,0.2,2,"TSLA,MRNA",Bull_MidVol
2020-06-19,10565.57,0.0,2086.06,12651.63,1.2,0.0,2,"TSLA,MRNA",Bull_MidVol
2020-06-22,10395.36,0.0,2086.06,12481.43,1.2,1.61,2,"TSLA,MRNA",Bull_MidVol
2020-06-23,10317.32,0.0,2086.06,12403.39,1.2,2.35,2,"TSLA,MRNA",Bull_MidVol
2020-06-24,10144.95,0.0,2086.06,12231.01,1.21,3.98,2,"TSLA,MRNA",Bull_MidVol
2020-06-25,10125.64,0.0,2086.06,12211.7,1.21,4.16,2,"TSLA,MRNA",Bull_MidVol
2020-06-26,9870.19,0.0,2086.06,11956.26,1.21,6.58,2,"TSLA,MRNA",Bull_MidVol
2020-06-29,10311.17,0.0,2086.06,12397.23,1.2,2.41,2,"TSLA,MRNA",Bull_MidVol
2020-06-30,11083.05,0.0,6191.67,17274.71,1.56,0.0,2,"TSLA,MRNA",Bull_MidVol
2020-07-01,11022.62,0.0,6191.67,17214.28,1.56,0.55,2,"TSLA,MRNA",Bull_MidVol
2020-07-02,11284.33,0.0,6191.67,17476.0,1.55,0.0,2,"TSLA,MRNA",Bull_MidVol
2020-07-06,12617.14,0.0,6191.67,18808.8,1.49,0.0,2,"TSLA,MRNA",Bull_MidVol
2020-07-07,13028.85,0.0,6191.67,19220.52,1.48,0.0,2,"TSLA,MRNA",Bull_MidVol
2020-07-08,12913.14,0.0,6191.67,19104.8,1.48,0.89,2,"TSLA,MRNA",Bull_MidVol
2020-07-09,13603.96,0.0,6191.67,19795.63,1.46,0.0,2,"TSLA,MRNA",Bull_MidVol
2020-07-10,14430.64,0.0,6191.67,20622.3,1.43,0.0,2,"TSLA,MRNA",Bull_MidVol
2020-07-13,15347.27,0.0,6191.67,21538.94,1.4,0.0,2,"TSLA,MRNA",Bull_MidVol
2020-07-14,15954.78,0.0,6191.67,22146.45,1.39,0.0,2,"TSLA,MRNA",Bull_MidVol
2020-07-15,16903.53,0.0,6191.67,23095.2,1.37,0.0,2,"TSLA,MRNA",Bull_MidVol
2020-07-16,16777.29,0.0,6191.67,22968.96,1.37,0.75,2,"TSLA,MRNA",Bull_MidVol
2020-07-17,18602.24,0.0,6191.67,24793.91,1.33,0.0,2,"TSLA,MRNA",Bull_MidVol
2020-07-20,17992.68,0.0,6191.67,24184.35,1.34,3.28,2,"TSLA,MRNA",Bull_MidVol
2020-07-21,17164.74,0.0,6191.67,23356.4,1.36,7.73,2,"TSLA,MRNA",Bull_MidVol
2020-07-22,17679.6,0.0,6191.67,23871.27,1.35,4.96,2,"TSLA,MRNA",Bull_MidVol
2020-07-23,15966.68,0.0,6191.67,22158.34,1.39,14.17,2,"TSLA,MRNA",Bull_MidVol
2020-07-24,14932.14,0.0,6191.67,21123.8,1.41,19.73,2,"TSLA,MRNA",Bull_MidVol
2020-07-27,16810.94,0.0,6191.67,23002.6,1.37,9.63,2,"TSLA,MRNA",Bull_MidVol
2020-07-28,16547.0,0.0,6191.67,22738.67,1.37,11.05,2,"TSLA,MRNA",Bull_MidVol
2020-07-29,16443.92,0.0,6191.67,22635.59,1.38,11.6,2,"TSLA,MRNA",Bull_MidVol
2020-07-30,16091.76,0.0,6191.67,22283.43,1.38,13.5,2,"TSLA,MRNA",Bull_MidVol
2020-07-31,15162.3,0.0,6191.67,21353.97,1.41,18.49,2,"TSLA,MRNA",Bull_MidVol
2020-08-03,16121.57,0.0,6191.67,22313.24,1.38,13.34,2,"TSLA,MRNA",Bull_MidVol
2020-08-04,16204.06,0.0,6191.67,22395.72,1.38,12.89,2,"TSLA,MRNA",Bull_MidVol
2020-08-05,15816.89,0.0,6191.67,22008.56,1.39,14.97,2,"TSLA,MRNA",Bull_MidVol
2020-08-06,15566.67,0.0,6191.67,21758.34,1.4,16.32,2,"TSLA,MRNA",Bull_MidVol
2020-08-07,15330.94,0.0,6191.67,21522.61,1.4,17.59,2,"TSLA,MRNA",Bull_MidVol
2020-08-10,14776.4,0.0,6191.67,20968.07,1.42,20.57,2,"TSLA,MRNA",Bull_MidVol
2020-08-11,14011.88,0.0,6191.67,20203.54,1.44,24.68,2,"TSLA,MRNA",Bull_MidVol
2020-08-12,15474.55,0.0,6191.67,21666.22,1.4,16.81,2,"TSLA,MRNA",Bull_MidVol
2020-08-13,15747.15,0.0,6191.67,21938.82,1.39,15.35,2,"TSLA,MRNA",Bull_MidVol
2020-08-14,16159.99,0.0,6191.67,22351.66,1.38,13.13,2,"TSLA,MRNA",Bull_MidVol
2020-08-17,17666.09,0.0,6191.67,23857.75,1.35,5.03,2,"TSLA,MRNA",Bull_MidVol
2020-08-18,17679.63,0.0,6191.67,23871.3,1.35,4.96,2,"TSLA,MRNA",Bull_MidVol
2020-08-19,17749.5,0.0,6191.67,23941.17,1.35,4.58,2,"TSLA,MRNA",Bull_MidVol
2020-08-20,18670.24,0.0,6191.67,24861.9,1.33,0.0,2,"TSLA,MRNA",Bull_MidVol
2020-08-21,18849.99,0.0,6191.67,25041.66,1.33,0.0,2,"TSLA,MRNA",Bull_MidVol
2020-08-24,18355.56,0.0,6191.67,24547.23,1.34,2.62,2,"TSLA,MRNA",Bull_MidVol
2020-08-25,18617.36,0.0,6191.67,24809.02,1.33,1.23,2,"TSLA,MRNA",Bull_MidVol
2020-08-26,20209.11,0.0,6191.67,26400.78,1.31,0.0,2,"TSLA,MRNA",Bull_MidVol
2020-08-27,20521.23,0.0,6191.67,26712.9,1.3,0.0,2,"TSLA,MRNA",Bull_MidVol
2020-08-28,20250.96,0.0,6191.67,26442.63,1.31,1.32,2,"TSLA,MRNA",Bull_MidVol
2020-08-31,22060.61,0.0,8039.45,30100.07,1.36,0.0,2,"TSLA,MRNA",Bull_MidVol
2020-09-01,20901.6,0.0,8039.45,28941.05,1.38,5.25,2,"TSLA,MRNA",Bull_MidVol
2020-09-02,20074.69,0.0,8039.45,28114.14,1.4,9.0,2,"TSLA,MRNA",Bull_MidVol
2020-09-03,18544.15,0.0,8039.45,26583.61,1.43,15.94,2,"TSLA,MRNA",Bull_MidVol
2020-09-04,18600.76,0.0,8039.45,26640.21,1.43,15.68,2,"TSLA,MRNA",Bull_MidVol
2020-09-08,13821.27,0.0,8039.45,21860.72,1.58,37.35,2,"TSLA,MRNA",Bull_MidVol
2020-09-09,15639.17,0.0,8039.45,23678.62,1.51,29.11,2,"TSLA,MRNA",Bull_MidVol
2020-09-10,15944.99,0.0,8039.45,23984.44,1.5,27.72,2,"TSLA,MRNA",Bull_MidVol
2020-09-11,16298.57,0.0,8039.45,24338.03,1.49,26.12,2,"TSLA,MRNA",Bull_MidVol
2020-09-14,18831.38,0.0,8039.45,26870.83,1.43,14.64,2,"TSLA,MRNA",Bull_MidVol
2020-09-15,20531.23,0.0,8039.45,28570.69,1.39,6.93,2,"TSLA,MRNA",Bull_MidVol
2020-09-16,20554.88,0.0,8039.45,28594.34,1.39,6.83,2,"TSLA,MRNA",Bull_MidVol
2020-09-17,19690.33,0.0,8039.45,27729.78,1.41,10.74,2,"TSLA,MRNA",Bull_MidVol
2020-09-18,20743.79,0.0,8039.45,28783.25,1.39,5.97,2,"TSLA,MRNA",Bull_MidVol
2020-09-21,20918.91,0.0,8039.45,28958.36,1.38,5.18,2,"TSLA,MRNA",Bull_MidVol
2020-09-22,19861.22,0.0,8039.45,27900.67,1.4,9.97,2,"TSLA,MRNA",Bull_MidVol
2020-09-23,17912.55,0.0,8039.45,25952.0,1.45,18.8,2,"TSLA,MRNA",Bull_MidVol
2020-09-24,17861.94,0.0,8039.45,25901.39,1.45,19.03,2,"TSLA,MRNA",Bull_MidVol
2020-09-25,19339.04,0.0,8039.45,27378.49,1.42,12.34,2,"TSLA,MRNA",Bull_MidVol
2020-09-28,20053.83,0.0,8039.45,28093.29,1.4,9.1,2,"TSLA,MRNA",Bull_MidVol
2020-09-29,19966.94,0.0,8039.45,28006.4,1.4,9.49,2,"TSLA,MRNA",Bull_MidVol
2020-09-30,19991.84,0.0,354.25,20346.09,1.02,9.38,2,"TSLA,TQQQ",Bull_MidVol
2020-10-01,20908.52,0.0,354.25,21262.77,1.02,5.22,2,"TSLA,TQQQ",Bull_MidVol
2020-10-02,19304.42,0.0,354.25,19658.68,1.02,12.49,2,"TSLA,TQQQ",Bull_MidVol
2020-10-05,19945.43,0.0,354.25,20299.68,1.02,9.59,2,"TSLA,TQQQ",Bull_MidVol
2020-10-06,19283.93,0.0,354.25,19638.19,1.02,12.59,2,"TSLA,TQQQ",Bull_MidVol
2020-10-07,19915.18,0.0,354.25,20269.43,1.02,9.73,2,"TSLA,TQQQ",Bull_MidVol
2020-10-08,19996.88,0.0,354.25,20351.13,1.02,9.35,2,"TSLA,TQQQ",Bull_MidVol
2020-10-09,20484.77,0.0,354.25,20839.02,1.02,7.14,2,"TSLA,TQQQ",Bull_MidVol
2020-10-12,21192.26,0.0,354.25,21546.51,1.02,3.94,2,"TSLA,TQQQ",Bull_MidVol
2020-10-13,21359.95,0.0,354.25,21714.21,1.02,3.18,2,"TSLA,TQQQ",Bull_MidVol
2020-10-14,21810.2,0.0,354.25,22164.46,1.02,1.14,2,"TSLA,TQQQ",Bull_MidVol
2020-10-15,21241.25,0.0,354.25,21595.5,1.02,3.71,2,"TSLA,TQQQ",Bull_MidVol
2020-10-16,20820.71,0.0,354.25,21174.96,1.02,5.62,2,"TSLA,TQQQ",Bull_MidVol
2020-10-19,20268.19,0.0,354.25,20622.44,1.02,8.13,2,"TSLA,TQQQ",Bull_MidVol
2020-10-20,19952.97,0.0,354.25,20307.22,1.02,9.55,2,"TSLA,TQQQ",Bull_MidVol
2020-10-21,19969.23,0.0,354.25,20323.48,1.02,9.48,2,"TSLA,TQQQ",Bull_MidVol
2020-10-22,20092.3,0.0,354.25,20446.55,1.02,8.92,2,"TSLA,TQQQ",Bull_MidVol
2020-10-23,19918.0,0.0,354.25,20272.26,1.02,9.71,2,"TSLA,TQQQ",Bull_MidVol
2020-10-26,19717.02,0.0,354.25,20071.28,1.02,10.62,2,"TSLA,TQQQ",Bull_MidVol
2020-10-27,19978.78,0.0,354.25,20333.03,1.02,9.44,2,"TSLA,TQQQ",Bull_MidVol
2020-10-28,18790.32,0.0,354.25,19144.58,1.02,14.82,2,"TSLA,TQQQ",Bull_MidVol
2020-10-29,19155.54,0.0,354.25,19509.8,1.02,13.17,2,"TSLA,TQQQ",Bull_MidVol
2020-10-30,18036.13,0.0,446.31,18482.45,1.02,18.24,2,"TSLA,DDOG",Bull_MidVol
2020-11-02,18419.8,0.0,446.31,18866.12,1.02,16.5,2,"TSLA,DDOG",Bull_MidVol
2020-11-03,19389.64,0.0,446.31,19835.96,1.02,12.11,2,"TSLA,DDOG",Bull_MidVol
2020-11-04,19572.23,0.0,446.31,20018.54,1.02,11.28,2,"TSLA,DDOG",Bull_MidVol
2020-11-05,20400.13,0.0,446.31,20846.44,1.02,7.53,2,"TSLA,DDOG",Bull_MidVol
2020-11-06,20024.38,0.0,446.31,20470.7,1.02,9.23,2,"TSLA,DDOG",Bull_MidVol
2020-11-09,19475.4,0.0,446.31,19921.72,1.02,11.72,2,"TSLA,DDOG",Bull_MidVol
2020-11-10,18966.45,0.0,446.31,19412.76,1.02,14.03,2,"TSLA,DDOG",Bull_MidVol
2020-11-11,18999.14,0.0,446.31,19445.46,1.02,13.88,2,"TSLA,DDOG",Bull_MidVol
2020-11-12,18918.17,0.0,446.31,19364.48,1.02,14.24,2,"TSLA,DDOG",Bull_MidVol
2020-11-13,18627.83,0.0,446.31,19074.14,1.02,15.56,2,"TSLA,DDOG",Bull_MidVol
2020-11-16,18633.35,0.0,446.31,19079.67,1.02,15.54,2,"TSLA,DDOG",Bull_MidVol
2020-11-17,19989.18,0.0,446.31,20435.5,1.02,9.39,2,"TSLA,DDOG",Bull_MidVol
2020-11-18,21687.86,0.0,446.31,22134.17,1.02,1.69,2,"TSLA,DDOG",Bull_MidVol
2020-11-19,22235.69,0.0,446.31,22682.0,1.02,0.0,2,"TSLA,DDOG",Bull_MidVol
2020-11-20,21872.49,0.0,446.31,22318.8,1.02,1.63,2,"TSLA,DDOG",Bull_MidVol
2020-11-23,23187.81,0.0,446.31,23634.13,1.02,0.0,2,"TSLA,DDOG",Bull_MidVol
2020-11-24,24402.56,0.0,446.31,24848.87,1.02,0.0,2,"TSLA,DDOG",Bull_MidVol
2020-11-25,25288.46,0.0,446.31,25734.78,1.02,0.0,2,"TSLA,DDOG",Bull_MidVol
2020-11-27,25854.89,0.0,446.31,26301.2,1.02,0.0,2,"TSLA,DDOG",Bull_MidVol
2020-11-30,25113.78,0.0,1624.48,26738.25,1.06,2.87,2,"TSLA,NET",Bull_MidVol
2020-12-01,25589.61,0.0,1624.48,27214.09,1.06,1.03,2,"TSLA,NET",Bull_MidVol
2020-12-02,24951.66,0.0,1624.48,26576.13,1.07,3.49,2,"TSLA,NET",Bull_MidVol
2020-12-03,26041.67,0.0,1624.48,27666.15,1.06,0.0,2,"TSLA,NET",Bull_MidVol
2020-12-04,26470.71,0.0,1624.48,28095.19,1.06,0.0,2,"TSLA,NET",Bull_MidVol
2020-12-07,28414.74,0.0,1624.48,30039.22,1.06,0.0,2,"TSLA,NET",Bull_MidVol
2020-12-08,28831.16,0.0,1624.48,30455.64,1.06,0.0,2,"TSLA,NET",Bull_LowVol
2020-12-09,26677.06,0.0,1624.48,28301.53,1.06,7.47,2,"TSLA,NET",Bull_LowVol
2020-12-10,27987.78,0.0,1624.48,29612.26,1.06,2.93,2,"TSLA,NET",Bull_LowVol
2020-12-11,27223.89,0.0,1624.48,28848.36,1.06,5.57,2,"TSLA,NET",Bull_LowVol
2020-12-14,28305.77,0.0,1624.48,29930.25,1.06,1.82,2,"TSLA,NET",Bull_LowVol
2020-12-15,28054.97,0.0,1624.48,29679.45,1.06,2.69,2,"TSLA,NET",Bull_LowVol
2020-12-16,27675.39,0.0,1624.48,29299.87,1.06,4.01,2,"TSLA,NET",Bull_LowVol
2020-12-17,28948.72,0.0,1624.48,30573.2,1.06,0.0,2,"TSLA,NET",Bull_LowVol
2020-12-18,30581.51,0.0,1624.48,32205.99,1.05,0.0,2,"TSLA,NET",Bull_LowVol
2020-12-21,29005.2,0.0,1624.48,30629.68,1.06,5.15,2,"TSLA,NET",Bull_LowVol
2020-12-22,28662.5,0.0,1624.48,30286.98,1.06,6.28,2,"TSLA,NET",Bull_LowVol
2020-12-23,28572.91,0.0,1624.48,30197.39,1.06,6.57,2,"TSLA,NET",Bull_LowVol
2020-12-24,29381.89,0.0,1624.48,31006.37,1.06,3.92,2,"TSLA,NET",Bull_LowVol
2020-12-28,28964.07,0.0,1624.48,30588.54,1.06,5.29,2,"TSLA,NET",Bull_LowVol
2020-12-29,28980.13,0.0,1624.48,30604.61,1.06,5.24,2,"TSLA,NET",Bull_LowVol
2020-12-30,30160.35,0.0,1624.48,31784.83,1.05,1.38,2,"TSLA,NET",Bull_LowVol
2020-12-31,29801.15,0.0,21049.65,50850.8,1.71,2.55,2,"TSLA,MRNA",Bull_LowVol
2021-01-04,32376.92,0.0,21049.65,53426.57,1.65,0.0,2,"TSLA,MRNA",Bull_LowVol
2021-01-05,32002.51,0.0,21049.65,53052.16,1.66,1.16,2,"TSLA,MRNA",Bull_LowVol
2021-01-06,34413.29,0.0,21049.65,55462.94,1.61,0.0,2,"TSLA,MRNA",Bull_LowVol
2021-01-07,36454.56,0.0,21049.65,57504.21,1.58,0.0,2,"TSLA,MRNA",Bull_MidVol
2021-01-08,38380.51,0.0,21049.65,59430.16,1.55,0.0,2,"TSLA,MRNA",Bull_LowVol
2021-01-11,36761.43,0.0,21049.65,57811.08,1.57,4.22,2,"TSLA,MRNA",Bull_LowVol
2021-01-12,39887.57,0.0,21049.65,60937.22,1.53,0.0,2,"TSLA,MRNA",Bull_LowVol
2021-01-13,39967.13,0.0,21049.65,61016.78,1.53,0.0,2,"TSLA,MRNA",Bull_LowVol
2021-01-14,40891.99,0.0,21049.65,61941.64,1.51,0.0,2,"TSLA,MRNA",Bull_LowVol
2021-01-15,40152.35,0.0,21049.65,61202.0,1.52,1.81,2,"TSLA,MRNA",Bull_LowVol
2021-01-19,39804.27,0.0,21049.65,60853.92,1.53,2.66,2,"TSLA,MRNA",Bull_LowVol
2021-01-20,40060.46,0.0,21049.65,61110.11,1.53,2.03,2,"TSLA,MRNA",Bull_MidVol
2021-01-21,41632.51,0.0,21049.65,62682.16,1.51,0.0,2,"TSLA,MRNA",Bull_MidVol
2021-01-22,41250.44,0.0,21049.65,62300.09,1.51,0.92,2,"TSLA,MRNA",Bull_MidVol
2021-01-25,46194.45,0.0,21049.65,67244.1,1.46,0.0,2,"TSLA,MRNA",Bull_MidVol
2021-01-26,47402.85,0.0,21049.65,68452.5,1.44,0.0,2,"TSLA,MRNA",Bull_MidVol
2021-01-27,47539.29,0.0,21049.65,68588.94,1.44,0.0,2,"TSLA,MRNA",Bull_MidVol
2021-01-28,47303.81,0.0,21049.65,68353.46,1.44,0.5,2,"TSLA,MRNA",Bull_MidVol
2021-01-29,48575.71,0.0,28813.08,77388.79,1.59,0.43,2,"TSLA,MRNA",Bull_MidVol
2021-02-01,47230.38,0.0,28813.08,76043.46,1.61,3.19,2,"TSLA,MRNA",Bull_MidVol
2021-02-02,49061.15,0.0,28813.08,77874.23,1.59,0.0,2,"TSLA,MRNA",Bull_MidVol
2021-02-03,49848.11,0.0,28813.08,78661.19,1.58,0.0,2,"TSLA,MRNA",Bull_MidVol
2021-02-04,51315.99,0.0,28813.08,80129.07,1.56,0.0,2,"TSLA,MRNA",Bull_MidVol
2021-02-05,52089.26,0.0,28813.08,80902.34,1.55,0.0,2,"TSLA,MRNA",Bull_MidVol
2021-02-08,54839.21,0.0,28813.08,83652.29,1.53,0.0,2,"TSLA,MRNA",Bull_MidVol
2021-02-09,52701.93,0.0,28813.08,81515.01,1.55,3.9,2,"TSLA,MRNA",Bull_MidVol
2021-02-10,50521.37,0.0,28813.08,79334.45,1.57,7.87,2,"TSLA,MRNA",Bull_MidVol
2021-02-11,51781.03,0.0,28813.08,80594.11,1.56,5.58,2,"TSLA,MRNA",Bull_MidVol
2021-02-12,52062.98,0.0,28813.08,80876.06,1.55,5.06,2,"TSLA,MRNA",Bull_MidVol
2021-02-16,49925.08,0.0,28813.08,78738.16,1.58,8.96,2,"TSLA,MRNA",Bull_MidVol
2021-02-17,49615.31,0.0,28813.08,78428.4,1.58,9.53,2,"TSLA,MRNA",Bull_MidVol
2021-02-18,47465.03,0.0,28813.08,76278.11,1.61,13.45,2,"TSLA,MRNA",Bull_MidVol
2021-02-19,48348.59,0.0,28813.08,77161.67,1.6,11.84,2,"TSLA,MRNA",Bull_MidVol
2021-02-22,41653.66,0.0,28813.08,70466.74,1.69,24.04,2,"TSLA,MRNA",Bull_MidVol
2021-02-23,38812.18,0.0,28813.08,67625.26,1.74,29.23,2,"TSLA,MRNA",Bull_MidVol
2021-02-24,39659.14,0.0,28813.08,68472.22,1.73,27.68,2,"TSLA,MRNA",Bull_MidVol
2021-02-25,37608.75,0.0,28813.08,66421.83,1.77,31.42,2,"TSLA,MRNA",Bull_MidVol
2021-02-26,38747.99,0.0,28813.08,67561.08,1.74,29.34,2,"TSLA,MRNA",Bull_MidVol
2021-03-01,41394.31,0.0,28813.08,70207.39,1.7,24.52,2,"TSLA,MRNA",Bull_MidVol
2021-03-02,37454.21,0.0,28813.08,66267.29,1.77,31.7,2,"TSLA,MRNA",Bull_MidVol
2021-03-03,32317.85,0.0,28813.08,61130.93,1.89,41.07,2,"TSLA,MRNA",Bull_MidVol
2021-03-04,31041.0,0.0,28813.08,59854.09,1.93,43.4,2,"TSLA,MRNA",Bull_MidVol
2021-03-05,29890.1,0.0,28813.08,58703.18,1.96,45.5,2,"TSLA,MRNA",Bull_MidVol
2021-03-08,26233.12,0.0,28813.08,55046.2,2.1,52.16,2,"TSLA,MRNA",Bull_MidVol
2021-03-09,33215.14,0.0,28813.08,62028.22,1.87,39.43,2,"TSLA,MRNA",Bull_MidVol
2021-03-10,32696.02,0.0,28813.08,61509.1,1.88,40.38,2,"TSLA,MRNA",Bull_MidVol
2021-03-11,36644.1,0.0,28813.08,65457.18,1.79,33.18,2,"TSLA,MRNA",Bull_MidVol
2021-03-12,35571.84,0.0,28813.08,64384.93,1.81,35.13,2,"TSLA,MRNA",Bull_MidVol
2021-03-15,37768.83,0.0,28813.08,66581.91,1.76,31.13,2,"TSLA,MRNA",Bull_MidVol
2021-03-16,39089.13,0.0,28813.08,67902.22,1.74,28.72,2,"TSLA,MRNA",Bull_MidVol
2021-03-17,38359.09,0.0,28813.08,67172.17,1.75,30.05,2,"TSLA,MRNA",Bull_MidVol
2021-03-18,34643.17,0.0,28813.08,63456.25,1.83,36.83,2,"TSLA,MRNA",Bull_MidVol
2021-03-19,35243.3,0.0,28813.08,64056.39,1.82,35.73,2,"TSLA,MRNA",Bull_MidVol
2021-03-22,36391.22,0.0,28813.08,65204.31,1.79,33.64,2,"TSLA,MRNA",Bull_MidVol
2021-03-23,33951.84,0.0,28813.08,62764.92,1.85,38.09,2,"TSLA,MRNA",Bull_MidVol
2021-03-24,31307.42,0.0,28813.08,60120.5,1.92,42.91,2,"TSLA,MRNA",Bull_MidVol
2021-03-25,32183.39,0.0,28813.08,60996.47,1.9,41.31,2,"TSLA,MRNA",Bull_MidVol
2021-03-26,31132.87,0.0,28813.08,59945.96,1.93,43.23,2,"TSLA,MRNA",Bull_MidVol
2021-03-29,28536.35,0.0,28813.08,57349.43,2.01,47.96,2,"TSLA,MRNA",Bull_MidVol
2021-03-30,28582.08,0.0,28813.08,57395.16,2.01,47.88,2,"TSLA,MRNA",Bull_MidVol
2021-03-31,31952.87,0.0,25408.23,57361.1,1.8,41.73,2,"TSLA,SOXL",Bull_MidVol
2021-04-01,34442.7,0.0,25408.23,59850.93,1.74,37.19,2,"TSLA,SOXL",Bull_MidVol
2021-04-05,37565.15,0.0,25408.23,62973.38,1.68,31.5,2,"TSLA,SOXL",Bull_MidVol
2021-04-06,36517.85,0.0,25408.23,61926.08,1.7,33.41,2,"TSLA,SOXL",Bull_MidVol
2021-04-07,35528.07,0.0,25408.23,60936.31,1.72,35.21,2,"TSLA,SOXL",Bull_MidVol
2021-04-08,37078.34,0.0,25408.23,62486.57,1.69,32.39,2,"TSLA,SOXL",Bull_MidVol
2021-04-09,36547.73,0.0,25408.23,61955.96,1.7,33.35,2,"TSLA,SOXL",Bull_MidVol
2021-04-12,36822.05,0.0,25408.23,62230.28,1.69,32.85,2,"TSLA,SOXL",Bull_MidVol
2021-04-13,39448.88,0.0,25408.23,64857.11,1.64,28.06,2,"TSLA,SOXL",Bull_MidVol
2021-04-14,37064.67,0.0,25408.23,62472.91,1.69,32.41,2,"TSLA,SOXL",Bull_MidVol
2021-04-15,38841.35,0.0,25408.23,64249.58,1.65,29.17,2,"TSLA,SOXL",Bull_MidVol
2021-04-16,38408.31,0.0,25408.23,63816.54,1.66,29.96,2,"TSLA,SOXL",Bull_MidVol
2021-04-19,35113.3,0.0,25408.23,60521.53,1.72,35.97,2,"TSLA,SOXL",Bull_MidVol
2021-04-20,34068.56,0.0,25408.23,59476.79,1.75,37.88,2,"TSLA,SOXL",Bull_MidVol
2021-04-21,37289.64,0.0,25408.23,62697.88,1.68,32.0,2,"TSLA,SOXL",Bull_MidVol
2021-04-22,34281.21,0.0,25408.23,59689.45,1.74,37.49,2,"TSLA,SOXL",Bull_LowVol
2021-04-23,36186.08,0.0,25408.23,61594.31,1.7,34.01,2,"TSLA,SOXL",Bull_MidVol
2021-04-26,37974.37,0.0,25408.23,63382.6,1.67,30.75,2,"TSLA,SOXL",Bull_LowVol
2021-04-27,35793.48,0.0,25408.23,61201.72,1.71,34.73,2,"TSLA,SOXL",Bull_LowVol
2021-04-28,34024.24,0.0,25408.23,59432.48,1.75,37.96,2,"TSLA,SOXL",Bull_LowVol
2021-04-29,33780.62,0.0,25408.23,59188.86,1.75,38.4,2,"TSLA,SOXL",Bull_LowVol
2021-04-30,32676.26,1721.33,0.0,30954.93,0.95,40.41,2,"SOXL,AMAT",Bull_LowVol
2021-05-03,31827.37,1721.33,0.0,30106.04,0.95,41.96,2,"SOXL,AMAT",Bull_LowVol
2021-05-04,31233.19,24950.43,0.0,6282.76,0.2,43.05,1,AMAT,Bull_LowVol
2021-05-05,31309.82,24950.43,0.0,6359.39,0.2,42.91,1,AMAT,Bull_LowVol
2021-05-06,31380.1,24950.43,0.0,6429.67,0.2,42.78,1,AMAT,Bull_LowVol
2021-05-07,31439.65,24950.43,0.0,6489.22,0.21,42.67,1,AMAT,Bull_LowVol
2021-05-10,31036.49,24950.43,0.0,6086.05,0.2,43.4,1,AMAT,Bull_MidVol
2021-05-11,30980.84,24950.43,0.0,6030.41,0.19,43.51,1,AMAT,Bull_MidVol
2021-05-12,30557.66,24950.43,0.0,5607.23,0.18,44.28,1,AMAT,Bull_MidVol
2021-05-13,30803.66,24950.43,0.0,5853.23,0.19,43.83,1,AMAT,Bull_MidVol
2021-05-14,31043.32,24950.43,0.0,6092.89,0.2,43.39,1,AMAT,Bull_MidVol
2021-05-17,30981.82,24950.43,0.0,6031.38,0.19,43.5,1,AMAT,Bull_MidVol
2021-05-18,30895.91,24950.43,0.0,5945.48,0.19,43.66,1,AMAT,Bull_MidVol
2021-05-19,31041.86,24950.43,0.0,6091.42,0.2,43.39,1,AMAT,Bull_MidVol
2021-05-20,31310.79,24950.43,0.0,6360.36,0.2,42.9,1,AMAT,Bull_MidVol
2021-05-21,31230.26,24950.43,0.0,6279.83,0.2,43.05,1,AMAT,Bull_MidVol
2021-05-24,31519.21,24950.43,0.0,6568.78,0.21,42.52,1,AMAT,Bull_MidVol
2021-05-25,31661.73,24950.43,0.0,6711.3,0.21,42.26,1,AMAT,Bull_MidVol
2021-05-26,31644.13,24950.43,0.0,6693.7,0.21,42.3,1,AMAT,Bull_MidVol
2021-05-27,31689.12,24950.43,0.0,6738.68,0.21,42.21,1,AMAT,Bull_MidVol
2021-05-28,31453.11,0.0,57.76,31510.87,1.0,42.64,2,"SOXL,MRNA",Bull_MidVol
2021-06-01,31243.79,0.0,57.76,31301.55,1.0,43.03,2,"SOXL,MRNA",Bull_MidVol
2021-06-02,32178.89,0.0,57.76,32236.64,1.0,41.32,2,"SOXL,MRNA",Bull_MidVol
2021-06-03,31640.34,0.0,57.76,31698.09,1.0,42.3,2,"SOXL,MRNA",Bull_MidVol
2021-06-04,33629.49,0.0,57.76,33687.24,1.0,38.68,2,"SOXL,MRNA",Bull_MidVol
2021-06-07,34434.39,0.0,57.76,34492.14,1.0,37.21,2,"SOXL,MRNA",Bull_MidVol
2021-06-08,33575.56,0.0,57.76,33633.32,1.0,38.77,2,"SOXL,MRNA",Bull_MidVol
2021-06-09,33759.83,0.0,57.76,33817.58,1.0,38.44,2,"SOXL,MRNA",Bull_MidVol
2021-06-10,34269.72,0.0,57.76,34327.48,1.0,37.51,2,"SOXL,MRNA",Bull_LowVol
2021-06-11,34610.22,0.0,57.76,34667.98,1.0,36.89,2,"SOXL,MRNA",Bull_LowVol
2021-06-14,34326.95,0.0,57.76,34384.7,1.0,37.4,2,"SOXL,MRNA",Bull_LowVol
2021-06-15,33372.41,0.0,57.76,33430.16,1.0,39.14,2,"SOXL,MRNA",Bull_LowVol
2021-06-16,32703.51,0.0,57.76,32761.26,1.0,40.36,2,"SOXL,MRNA",Bull_LowVol
2021-06-17,33557.22,0.0,57.76,33614.97,1.0,38.81,2,"SOXL,MRNA",Bull_LowVol
2021-06-18,32058.38,0.0,57.76,32116.13,1.0,41.54,2,"SOXL,MRNA",Bull_LowVol
2021-06-21,33151.84,0.0,57.76,33209.59,1.0,39.55,2,"SOXL,MRNA",Bull_LowVol
2021-06-22,34459.47,0.0,57.76,34517.22,1.0,37.16,2,"SOXL,MRNA",Bull_LowVol
2021-06-23,33853.56,0.0,57.76,33911.32,1.0,38.27,2,"SOXL,MRNA",Bull_LowVol
2021-06-24,35368.77,0.0,57.76,35426.53,1.0,35.5,2,"SOXL,MRNA",Bull_LowVol
2021-06-25,35180.33,0.0,57.76,35238.09,1.0,35.85,2,"SOXL,MRNA",Bull_LowVol
2021-06-28,36655.45,0.0,57.76,36713.2,1.0,33.16,2,"SOXL,MRNA",Bull_LowVol
2021-06-29,38035.77,0.0,57.76,38093.52,1.0,30.64,2,"SOXL,MRNA",Bull_LowVol
2021-06-30,37795.81,79.4,0.0,37716.41,1.0,31.08,2,"MRNA,AMAT",Bull_LowVol
2021-07-01,37574.74,79.4,0.0,37495.35,1.0,31.48,2,"MRNA,AMAT",Bull_LowVol
2021-07-02,37482.17,79.4,0.0,37402.78,1.0,31.65,2,"MRNA,AMAT",Bull_LowVol
2021-07-06,37285.44,79.4,0.0,37206.04,1.0,32.01,2,"MRNA,AMAT",Bull_LowVol
2021-07-07,35717.53,79.4,0.0,35638.14,1.0,34.87,2,"MRNA,AMAT",Bull_LowVol
2021-07-08,36987.93,79.4,0.0,36908.53,1.0,32.55,2,"MRNA,AMAT",Bull_LowVol
2021-07-09,37117.1,79.4,0.0,37037.7,1.0,32.32,2,"MRNA,AMAT",Bull_LowVol
2021-07-12,38055.32,79.4,0.0,37975.93,1.0,30.61,2,"MRNA,AMAT",Bull_LowVol
2021-07-13,37491.19,79.4,0.0,37411.79,1.0,31.63,2,"MRNA,AMAT",Bull_LowVol
2021-07-14,38931.85,79.4,0.0,38852.45,1.0,29.01,2,"MRNA,AMAT",Bull_LowVol
2021-07-15,40468.65,79.4,0.0,40389.26,1.0,26.2,2,"MRNA,AMAT",Bull_LowVol
2021-07-16,43628.76,79.4,0.0,43549.37,1.0,20.44,2,"MRNA,AMAT",Bull_LowVol
2021-07-19,47132.44,79.4,0.0,47053.05,1.0,14.05,2,"MRNA,AMAT",Bull_LowVol
2021-07-20,46509.27,79.4,0.0,46429.87,1.0,15.19,2,"MRNA,AMAT",Bull_LowVol
2021-07-21,48597.1,79.4,0.0,48517.71,1.0,11.38,2,"MRNA,AMAT",Bull_LowVol
2021-07-22,48856.98,79.4,0.0,48777.59,1.0,10.91,2,"MRNA,AMAT",Bull_LowVol
2021-07-23,52172.0,79.4,0.0,52092.61,1.0,4.86,2,"MRNA,AMAT",Bull_LowVol
2021-07-26,50514.03,79.4,0.0,50434.64,1.0,7.89,2,"MRNA,AMAT",Bull_LowVol
2021-07-27,49378.43,79.4,0.0,49299.03,1.0,9.96,2,"MRNA,AMAT",Bull_LowVol
2021-07-28,52169.62,79.4,0.0,52090.22,1.0,4.87,2,"MRNA,AMAT",Bull_LowVol
2021-07-29,51713.57,79.4,0.0,51634.17,1.0,5.7,2,"MRNA,AMAT",Bull_LowVol
2021-07-30,52479.45,0.0,14806.64,67286.08,1.28,4.3,2,"MRNA,SOXL",Bull_LowVol
2021-08-02,51989.75,0.0,14806.64,66796.39,1.28,5.2,2,"MRNA,SOXL",Bull_LowVol
2021-08-03,57478.65,0.0,14806.64,72285.29,1.26,0.0,2,"MRNA,SOXL",Bull_LowVol
2021-08-04,62460.15,0.0,14806.64,77266.78,1.24,0.0,2,"MRNA,SOXL",Bull_LowVol
2021-08-05,61884.81,0.0,14806.64,76691.44,1.24,0.92,2,"MRNA,SOXL",Bull_LowVol
2021-08-06,61291.99,0.0,14806.64,76098.63,1.24,1.87,2,"MRNA,SOXL",Bull_LowVol
2021-08-09,70119.97,0.0,14806.64,84926.6,1.21,0.0,2,"MRNA,SOXL",Bull_LowVol
2021-08-10,65727.66,0.0,14806.64,80534.29,1.23,6.26,2,"MRNA,SOXL",Bull_LowVol
2021-08-11,56436.28,0.0,14806.64,71242.91,1.26,19.51,2,"MRNA,SOXL",Bull_LowVol
2021-08-12,56449.23,0.0,14806.64,71255.87,1.26,19.5,2,"MRNA,SOXL",Bull_LowVol
2021-08-13,56664.87,0.0,14806.64,71471.51,1.26,19.19,2,"MRNA,SOXL",Bull_LowVol
2021-08-16,54392.25,0.0,14806.64,69198.89,1.27,22.43,2,"MRNA,SOXL",Bull_LowVol
2021-08-17,56717.57,0.0,14806.64,71524.2,1.26,19.11,2,"MRNA,SOXL",Bull_LowVol
2021-08-18,55434.3,0.0,14806.64,70240.94,1.27,20.94,2,"MRNA,SOXL",Bull_LowVol
2021-08-19,52932.82,0.0,14806.64,67739.46,1.28,24.51,2,"MRNA,SOXL",Bull_LowVol
2021-08-20,54283.51,0.0,14806.64,69090.15,1.27,22.58,2,"MRNA,SOXL",Bull_LowVol
2021-08-23,59601.93,0.0,14806.64,74408.56,1.25,15.0,2,"MRNA,SOXL",Bull_LowVol
2021-08-24,57449.82,0.0,14806.64,72256.46,1.26,18.07,2,"MRNA,SOXL",Bull_LowVol
2021-08-25,58345.11,0.0,14806.64,73151.75,1.25,16.79,2,"MRNA,SOXL",Bull_LowVol
2021-08-26,58606.97,0.0,14806.64,73413.61,1.25,16.42,2,"MRNA,SOXL",Bull_LowVol
2021-08-27,57587.42,0.0,14806.64,72394.06,1.26,17.87,2,"MRNA,SOXL",Bull_LowVol
2021-08-30,56327.85,0.0,14806.64,71134.49,1.26,19.67,2,"MRNA,SOXL",Bull_LowVol
2021-08-31,56859.13,0.0,2840.41,59699.54,1.05,18.91,2,"MRNA,NET",Bull_LowVol
2021-09-01,59136.39,0.0,2840.41,61976.8,1.05,15.66,2,"MRNA,NET",Bull_LowVol
2021-09-02,60291.3,0.0,2840.41,63131.71,1.05,14.02,2,"MRNA,NET",Bull_LowVol
2021-09-03,62904.28,0.0,2840.41,65744.69,1.05,10.29,2,"MRNA,NET",Bull_LowVol
2021-09-07,65506.81,0.0,2840.41,68347.22,1.04,6.58,2,"MRNA,NET",Bull_LowVol
2021-09-08,63484.73,0.0,2840.41,66325.14,1.04,9.46,2,"MRNA,NET",Bull_LowVol
2021-09-09,67697.79,0.0,2840.41,70538.21,1.04,3.45,2,"MRNA,NET",Bull_LowVol
2021-09-10,66811.5,0.0,2840.41,69651.91,1.04,4.72,2,"MRNA,NET",Bull_LowVol
2021-09-13,62747.77,0.0,2840.41,65588.18,1.05,10.51,2,"MRNA,NET",Bull_LowVol
2021-09-14,63966.62,0.0,2840.41,66807.03,1.04,8.78,2,"MRNA,NET",Bull_LowVol
2021-09-15,65001.02,0.0,2840.41,67841.43,1.04,7.3,2,"MRNA,NET",Bull_LowVol
2021-09-16,66261.91,0.0,2840.41,69102.32,1.04,5.5,2,"MRNA,NET",Bull_LowVol
2021-09-17,64706.73,0.0,2840.41,67547.14,1.04,7.72,2,"MRNA,NET",Bull_LowVol
2021-09-20,63446.09,0.0,2840.41,66286.51,1.04,9.52,2,"MRNA,NET",Bull_LowVol
2021-09-21,65122.37,0.0,2840.41,67962.78,1.04,7.13,2,"MRNA,NET",Bull_LowVol
2021-09-22,66600.38,0.0,2840.41,69440.79,1.04,5.02,2,"MRNA,NET",Bull_LowVol
2021-09-23,68255.82,0.0,2840.41,71096.23,1.04,2.66,2,"MRNA,NET",Bull_LowVol
2021-09-24,64618.85,0.0,2840.41,67459.26,1.04,7.85,2,"MRNA,NET",Bull_LowVol
2021-09-27,61174.69,0.0,2840.41,64015.11,1.05,12.76,2,"MRNA,NET",Bull_LowVol
2021-09-28,57097.44,0.0,2840.41,59937.85,1.05,18.57,2,"MRNA,NET",Bull_LowVol
2021-09-29,56346.97,0.0,2840.41,59187.38,1.05,19.64,2,"MRNA,NET",Bull_LowVol
2021-09-30,57140.02,0.0,2840.41,59980.43,1.05,18.51,2,"MRNA,NET",Bull_LowVol
2021-10-01,51752.12,0.0,2840.41,54592.53,1.05,26.19,2,"MRNA,NET",Bull_LowVol
2021-10-04,49869.06,0.0,2840.41,52709.47,1.06,28.88,2,"MRNA,NET",Bull_MidVol
2021-10-05,51606.04,0.0,2840.41,54446.45,1.06,26.4,2,"MRNA,NET",Bull_MidVol
2021-10-06,48544.95,0.0,2840.41,51385.36,1.06,30.77,2,"MRNA,NET",Bull_MidVol
2021-10-07,49763.71,0.0,2840.41,52604.12,1.06,29.03,2,"MRNA,NET",Bull_MidVol
2021-10-08,49452.94,0.0,2840.41,52293.35,1.06,29.47,2,"MRNA,NET",Bull_MidVol
2021-10-11,49913.77,0.0,2840.41,52754.18,1.06,28.82,2,"MRNA,NET",Bull_MidVol
2021-10-12,51317.96,0.0,2840.41,54158.37,1.06,26.81,2,"MRNA,NET",Bull_MidVol
2021-10-13,53450.59,0.0,2840.41,56291.0,1.05,23.77,2,"MRNA,NET",Bull_MidVol
2021-10-14,55334.54,0.0,2840.41,58174.95,1.05,21.09,2,"MRNA,NET",Bull_MidVol
2021-10-15,54579.92,0.0,2840.41,57420.33,1.05,22.16,2,"MRNA,NET",Bull_MidVol
2021-10-18,57180.46,0.0,2840.41,60020.87,1.05,18.45,2,"MRNA,NET",Bull_MidVol
2021-10-19,56276.75,0.0,2840.41,59117.16,1.05,19.74,2,"MRNA,NET",Bull_MidVol
2021-10-20,56442.26,0.0,2840.41,59282.67,1.05,19.51,2,"MRNA,NET",Bull_MidVol
2021-10-21,57903.0,0.0,2840.41,60743.41,1.05,17.42,2,"MRNA,NET",Bull_MidVol
2021-10-22,56171.85,0.0,2840.41,59012.26,1.05,19.89,2,"MRNA,NET",Bull_MidVol
2021-10-25,59884.68,0.0,2840.41,62725.09,1.05,14.6,2,"MRNA,NET",Bull_MidVol
2021-10-26,59011.73,0.0,2840.41,61852.14,1.05,15.84,2,"MRNA,NET",Bull_LowVol
2021-10-27,57753.67,0.0,2840.41,60594.08,1.05,17.64,2,"MRNA,NET",Bull_LowVol
2021-10-28,59167.04,0.0,2840.41,62007.45,1.05,15.62,2,"MRNA,NET",Bull_LowVol
2021-10-29,59763.34,3585.34,0.0,56178.0,0.94,14.77,2,"MRNA,MDB",Bull_LowVol
2021-11-01,58205.68,3585.34,0.0,54620.34,0.94,16.99,2,"MRNA,MDB",Bull_LowVol
2021-11-02,60135.71,3585.34,0.0,56550.37,0.94,14.24,2,"MRNA,MDB",Bull_LowVol
2021-11-03,59852.26,3585.34,0.0,56266.91,0.94,14.64,2,"MRNA,MDB",Bull_LowVol
2021-11-04,52238.67,3585.34,0.0,48653.33,0.93,25.5,2,"MRNA,MDB",Bull_LowVol
2021-11-05,46682.15,3585.34,0.0,43096.81,0.92,33.43,2,"MRNA,MDB",Bull_LowVol
2021-11-08,48027.7,3585.34,0.0,44442.36,0.93,31.51,2,"MRNA,MDB",Bull_LowVol
2021-11-09,47149.73,3585.34,0.0,43564.39,0.92,32.76,2,"MRNA,MDB",Bull_LowVol
2021-11-10,45639.01,3585.34,0.0,42053.67,0.92,34.91,2,"MRNA,MDB",Bull_LowVol
2021-11-11,45092.77,3585.34,0.0,41507.43,0.92,35.69,2,"MRNA,MDB",Bull_LowVol
2021-11-12,46196.73,3585.34,0.0,42611.39,0.92,34.12,2,"MRNA,MDB",Bull_LowVol
2021-11-15,46580.71,3585.34,0.0,42995.37,0.92,33.57,2,"MRNA,MDB",Bull_LowVol
2021-11-16,47009.68,3585.34,0.0,43424.34,0.92,32.96,2,"MRNA,MDB",Bull_LowVol
2021-11-17,47683.98,3585.34,0.0,44098.64,0.92,32.0,2,"MRNA,MDB",Bull_LowVol
2021-11-18,48809.63,3585.34,0.0,45224.29,0.93,30.39,2,"MRNA,MDB",Bull_LowVol
2021-11-19,50440.04,3585.34,0.0,46854.7,0.93,28.07,2,"MRNA,MDB",Bull_LowVol
2021-11-22,51628.09,3585.34,0.0,48042.75,0.93,26.37,2,"MRNA,MDB",Bull_LowVol
2021-11-23,50429.81,3585.34,0.0,46844.47,0.93,28.08,2,"MRNA,MDB",Bull_LowVol
2021-11-24,50237.32,3585.34,0.0,46651.98,0.93,28.36,2,"MRNA,MDB",Bull_LowVol
2021-11-26,57705.58,3585.34,0.0,54120.23,0.94,17.7,2,"MRNA,MDB",Bull_LowVol
2021-11-29,62856.37,3585.34,0.0,59271.03,0.94,10.36,2,"MRNA,MDB",Bull_LowVol
2021-11-30,56566.95,0.0,65.78,56632.73,1.0,19.33,2,"NET,TEAM",Bull_MidVol
2021-12-01,50201.55,0.0,65.78,50267.33,1.0,28.41,2,"NET,TEAM",Bull_MidVol
2021-12-02,51072.78,0.0,65.78,51138.57,1.0,27.16,2,"NET,TEAM",Bull_MidVol
2021-12-03,47339.84,36900.33,0.0,10439.51,0.22,32.49,1,TEAM,Bull_MidVol
2021-12-06,47457.53,36900.33,0.0,10557.2,0.22,32.32,1,TEAM,Bull_MidVol
2021-12-07,48340.18,36900.33,0.0,11439.86,0.24,31.06,1,TEAM,Bull_MidVol
2021-12-08,48472.21,36900.33,0.0,11571.88,0.24,30.87,1,TEAM,Bull_MidVol
2021-12-09,48114.67,36900.33,0.0,11214.34,0.23,31.38,1,TEAM,Bull_MidVol
2021-12-10,48030.43,36900.33,0.0,11130.11,0.23,31.5,1,TEAM,Bull_MidVol
2021-12-13,47950.08,36900.33,0.0,11049.76,0.23,31.62,1,TEAM,Bull_MidVol
2021-12-14,47406.75,36900.33,0.0,10506.42,0.22,32.39,1,TEAM,Bull_MidVol
2021-12-15,47785.8,36900.33,0.0,10885.47,0.23,31.85,1,TEAM,Bull_MidVol
2021-12-16,47218.57,36900.33,0.0,10318.24,0.22,32.66,1,TEAM,Bull_MidVol
2021-12-17,47383.45,36900.33,0.0,10483.12,0.22,32.43,1,TEAM,Bull_MidVol
2021-12-20,47155.55,36900.33,0.0,10255.22,0.22,32.75,1,TEAM,Bull_MidVol
2021-12-21,48269.69,36900.33,0.0,11369.36,0.24,31.16,1,TEAM,Bull_MidVol
2021-12-22,48491.33,36900.33,0.0,11591.0,0.24,30.85,1,TEAM,Bull_MidVol
2021-12-23,48487.44,36900.33,0.0,11587.11,0.24,30.85,1,TEAM,Bull_MidVol
2021-12-27,48681.9,36900.33,0.0,11781.57,0.24,30.57,1,TEAM,Bull_MidVol
2021-12-28,48508.05,36900.33,0.0,11607.72,0.24,30.82,1,TEAM,Bull_MidVol
2021-12-29,48333.91,36900.33,0.0,11433.58,0.24,31.07,1,TEAM,Bull_MidVol
2021-12-30,48410.98,36900.33,0.0,11510.65,0.24,30.96,1,TEAM,Bull_MidVol
2021-12-31,39557.36,0.0,63.94,39621.3,1.0,43.59,2,"NVDA,NET",Bull_MidVol
2022-01-03,39415.2,0.0,63.94,39479.14,1.0,43.79,2,"NVDA,NET",Bull_MidVol
2022-01-04,37329.97,0.0,63.94,37393.9,1.0,46.76,2,"NVDA,NET",Bull_MidVol
2022-01-05,34530.51,13268.76,0.0,21261.75,0.62,50.76,1,NVDA,Bull_MidVol
2022-01-06,34972.63,13268.76,0.0,21703.86,0.62,50.12,1,NVDA,Bull_MidVol
2022-01-07,34255.53,13268.76,0.0,20986.77,0.61,51.15,1,NVDA,Bull_MidVol
2022-01-10,34373.38,13268.76,0.0,21104.61,0.61,50.98,1,NVDA,Bull_MidVol
2022-01-11,34694.57,13268.76,0.0,21425.81,0.62,50.52,1,NVDA,Bull_MidVol
2022-01-12,34834.75,13268.76,0.0,21565.99,0.62,50.32,1,NVDA,Bull_MidVol
2022-01-13,33737.93,13268.76,0.0,20469.16,0.61,51.89,1,NVDA,Bull_MidVol
2022-01-14,34020.61,13268.76,0.0,20751.84,0.61,51.48,1,NVDA,Bull_MidVol
2022-01-18,33220.33,13268.76,0.0,19951.56,0.6,52.62,1,NVDA,Bull_MidVol
2022-01-19,32726.54,32726.54,0.0,0.0,0.0,53.33,0,CASH_BIL,Bull_MidVol
2022-01-20,32726.54,32726.54,0.0,0.0,0.0,53.33,0,CASH_BIL,Bull_MidVol
2022-01-21,32726.54,32726.54,0.0,0.0,0.0,53.33,0,CASH_BIL,Bull_MidVol
2022-01-24,32726.54,32726.54,0.0,0.0,0.0,53.33,0,CASH_BIL,Bull_MidVol
2022-01-25,32726.54,32726.54,0.0,0.0,0.0,53.33,0,CASH_BIL,Bull_MidVol
2022-01-26,32726.54,32726.54,0.0,0.0,0.0,53.33,0,CASH_BIL,Bull_MidVol
2022-01-27,32726.54,32726.54,0.0,0.0,0.0,53.33,0,CASH_BIL,Bull_MidVol
2022-01-28,32726.54,32726.54,0.0,0.0,0.0,53.33,0,CASH_BIL,Bull_MidVol
2022-01-31,32201.01,0.0,58.13,32259.14,1.0,54.08,2,"ON,NVDA",Bull_MidVol
2022-02-01,32486.16,0.0,58.13,32544.29,1.0,53.67,2,"ON,NVDA",Bull_MidVol
2022-02-02,33274.31,0.0,58.13,33332.44,1.0,52.55,2,"ON,NVDA",Bull_MidVol
2022-02-03,31045.33,0.0,58.13,31103.46,1.0,55.73,2,"ON,NVDA",Bull_MidVol
2022-02-04,31628.66,0.0,58.13,31686.79,1.0,54.89,2,"ON,NVDA",Bull_MidVol
2022-02-07,33320.73,0.0,58.13,33378.86,1.0,52.48,2,"ON,NVDA",Bull_MidVol
2022-02-08,34657.41,0.0,58.13,34715.54,1.0,50.57,2,"ON,NVDA",Bull_MidVol
2022-02-09,35942.19,0.0,58.13,36000.32,1.0,48.74,2,"ON,NVDA",Bull_MidVol
2022-02-10,34321.6,0.0,58.13,34379.73,1.0,51.05,2,"ON,NVDA",Bull_MidVol
2022-02-11,31871.69,0.0,58.13,31929.82,1.0,54.55,2,"ON,NVDA",Bull_MidVol
2022-02-14,31968.64,0.0,58.13,32026.77,1.0,54.41,2,"ON,NVDA",Bull_MidVol
2022-02-15,34368.84,0.0,58.13,34426.97,1.0,50.99,2,"ON,NVDA",Bull_MidVol
2022-02-16,34638.68,0.0,58.13,34696.81,1.0,50.6,2,"ON,NVDA",Bull_MidVol
2022-02-17,32569.57,0.0,58.13,32627.7,1.0,53.55,2,"ON,NVDA",Bull_MidVol
2022-02-18,32056.55,0.0,58.13,32114.68,1.0,54.28,2,"ON,NVDA",Bull_MidVol
2022-02-22,31379.65,0.0,58.13,31437.78,1.0,55.25,2,"ON,NVDA",Bull_MidVol
2022-02-23,30574.88,0.0,58.13,30633.01,1.0,56.4,2,"ON,NVDA",Bull_MidVol
2022-02-24,32383.07,0.0,58.13,32441.21,1.0,53.82,2,"ON,NVDA",Bull_MidVol
2022-02-25,33351.1,0.0,58.13,33409.23,1.0,52.44,2,"ON,NVDA",Bull_MidVol
2022-02-28,32827.92,0.0,53.47,32881.4,1.0,53.18,2,"XOM,MPC",Bull_MidVol
2022-03-01,32623.14,0.0,53.47,32676.61,1.0,53.48,2,"XOM,MPC",Bull_MidVol
2022-03-02,33031.13,33031.13,0.0,0.0,0.0,52.89,0,CASH_BIL,Bear
2022-03-03,33031.13,33031.13,0.0,0.0,0.0,52.89,0,CASH_BIL,Bear
2022-03-04,33031.13,33031.13,0.0,0.0,0.0,52.89,0,CASH_BIL,Bear
2022-03-07,33031.13,33031.13,0.0,0.0,0.0,52.89,0,CASH_BIL,Bear
2022-03-08,33031.13,33031.13,0.0,0.0,0.0,52.89,0,CASH_BIL,Bear
2022-03-09,33031.13,33031.13,0.0,0.0,0.0,52.89,0,CASH_BIL,Bear
2022-03-10,33027.51,33027.51,0.0,0.0,0.0,52.9,0,CASH_BIL,Bear
2022-03-11,33031.13,33031.13,0.0,0.0,0.0,52.89,0,CASH_BIL,Bear
2022-03-14,33023.89,33023.89,0.0,0.0,0.0,52.9,0,CASH_BIL,Bear
2022-03-15,33031.13,33031.13,0.0,0.0,0.0,52.89,0,CASH_BIL,Bear
2022-03-16,33031.13,33031.13,0.0,0.0,0.0,52.89,0,CASH_BIL,Bear
2022-03-17,33027.51,33027.51,0.0,0.0,0.0,52.9,0,CASH_BIL,Bear
2022-03-18,33027.51,33027.51,0.0,0.0,0.0,52.9,0,CASH_BIL,Bear
2022-03-21,33027.51,33027.51,0.0,0.0,0.0,52.9,0,CASH_BIL,Bear
2022-03-22,33027.51,33027.51,0.0,0.0,0.0,52.9,0,CASH_BIL,Bull_MidVol
2022-03-23,33027.51,33027.51,0.0,0.0,0.0,52.9,0,CASH_BIL,Bear
2022-03-24,33027.51,33027.51,0.0,0.0,0.0,52.9,0,CASH_BIL,Bull_MidVol
2022-03-25,33027.51,33027.51,0.0,0.0,0.0,52.9,0,CASH_BIL,Bull_MidVol
2022-03-28,33027.51,33027.51,0.0,0.0,0.0,52.9,0,CASH_BIL,Bull_MidVol
2022-03-29,33027.51,33027.51,0.0,0.0,0.0,52.9,0,CASH_BIL,Bull_MidVol
2022-03-30,33027.51,33027.51,0.0,0.0,0.0,52.9,0,CASH_BIL,Bull_MidVol
2022-03-31,33151.44,0.0,55.78,33207.22,1.0,52.72,2,"XOM,MPC",Bull_MidVol
2022-04-01,33174.54,0.0,55.78,33230.32,1.0,52.69,2,"XOM,MPC",Bull_MidVol
2022-04-04,33224.15,0.0,55.78,33279.93,1.0,52.62,2,"XOM,MPC",Bull_MidVol
2022-04-05,33064.33,0.0,55.78,33120.11,1.0,52.85,2,"XOM,MPC",Bull_MidVol
2022-04-06,33468.0,33468.0,0.0,0.0,0.0,52.27,0,CASH_BIL,Bear
2022-04-07,33464.33,33464.33,0.0,0.0,0.0,52.28,0,CASH_BIL,Bear
2022-04-08,33468.0,33468.0,0.0,0.0,0.0,52.27,0,CASH_BIL,Bear
2022-04-11,33468.0,33468.0,0.0,0.0,0.0,52.27,0,CASH_BIL,Bear
2022-04-12,33468.0,33468.0,0.0,0.0,0.0,52.27,0,CASH_BIL,Bear
2022-04-13,33464.33,33464.33,0.0,0.0,0.0,52.28,0,CASH_BIL,Bear
2022-04-14,33468.0,33468.0,0.0,0.0,0.0,52.27,0,CASH_BIL,Bear
2022-04-18,33464.33,33464.33,0.0,0.0,0.0,52.28,0,CASH_BIL,Bear
2022-04-19,33471.65,33471.65,0.0,0.0,0.0,52.27,0,CASH_BIL,Bear
2022-04-20,33471.65,33471.65,0.0,0.0,0.0,52.27,0,CASH_BIL,Bear
2022-04-21,33468.0,33468.0,0.0,0.0,0.0,52.27,0,CASH_BIL,Bear
2022-04-22,33471.65,33471.65,0.0,0.0,0.0,52.27,0,CASH_BIL,Bear
2022-04-25,33468.0,33468.0,0.0,0.0,0.0,52.27,0,CASH_BIL,Bear
2022-04-26,33468.0,33468.0,0.0,0.0,0.0,52.27,0,CASH_BIL,Bear
2022-04-27,33475.3,33475.3,0.0,0.0,0.0,52.26,0,CASH_BIL,Bear
2022-04-28,33468.0,33468.0,0.0,0.0,0.0,52.27,0,CASH_BIL,Bear
2022-04-29,33471.65,33471.65,0.0,0.0,0.0,52.27,0,CASH_BIL,Bear
2022-05-02,33468.0,33468.0,0.0,0.0,0.0,52.27,0,CASH_BIL,Bear
2022-05-03,33475.3,33475.3,0.0,0.0,0.0,52.26,0,CASH_BIL,Bear
2022-05-04,33475.3,33475.3,0.0,0.0,0.0,52.26,0,CASH_BIL,Bear
2022-05-05,33475.3,33475.3,0.0,0.0,0.0,52.26,0,CASH_BIL,Bear
2022-05-06,33471.65,33471.65,0.0,0.0,0.0,52.27,0,CASH_BIL,Bear
2022-05-09,33471.65,33471.65,0.0,0.0,0.0,52.27,0,CASH_BIL,Bear
2022-05-10,33471.65,33471.65,0.0,0.0,0.0,52.27,0,CASH_BIL,Bear
2022-05-11,33475.3,33475.3,0.0,0.0,0.0,52.26,0,CASH_BIL,Bear
2022-05-12,33478.98,33478.98,0.0,0.0,0.0,52.25,0,CASH_BIL,Bear
2022-05-13,33475.3,33475.3,0.0,0.0,0.0,52.26,0,CASH_BIL,Bear
2022-05-16,33475.3,33475.3,0.0,0.0,0.0,52.26,0,CASH_BIL,Bear
2022-05-17,33475.3,33475.3,0.0,0.0,0.0,52.26,0,CASH_BIL,Bear
2022-05-18,33482.62,33482.62,0.0,0.0,0.0,52.25,0,CASH_BIL,Bear
2022-05-19,33482.62,33482.62,0.0,0.0,0.0,52.25,0,CASH_BIL,Bear
2022-05-20,33482.62,33482.62,0.0,0.0,0.0,52.25,0,CASH_BIL,Bear
2022-05-23,33478.98,33478.98,0.0,0.0,0.0,52.25,0,CASH_BIL,Bear
2022-05-24,33482.62,33482.62,0.0,0.0,0.0,52.25,0,CASH_BIL,Bear
2022-05-25,33489.97,33489.97,0.0,0.0,0.0,52.24,0,CASH_BIL,Bear
2022-05-26,33482.62,33482.62,0.0,0.0,0.0,52.25,0,CASH_BIL,Bear
2022-05-27,33478.98,33478.98,0.0,0.0,0.0,52.25,0,CASH_BIL,Bear
2022-05-31,33479.34,33479.34,0.0,0.0,0.0,52.25,0,CASH_BIL,Bear
2022-06-01,33486.66,33486.66,0.0,0.0,0.0,52.24,0,CASH_BIL,Bear
2022-06-02,33479.34,33479.34,0.0,0.0,0.0,52.25,0,CASH_BIL,Bear
2022-06-03,33483.0,33483.0,0.0,0.0,0.0,52.25,0,CASH_BIL,Bear
2022-06-06,33479.34,33479.34,0.0,0.0,0.0,52.25,0,CASH_BIL,Bear
2022-06-07,33483.0,33483.0,0.0,0.0,0.0,52.25,0,CASH_BIL,Bear
2022-06-08,33486.66,33486.66,0.0,0.0,0.0,52.24,0,CASH_BIL,Bear
2022-06-09,33479.34,33479.34,0.0,0.0,0.0,52.25,0,CASH_BIL,Bear
2022-06-10,33483.0,33483.0,0.0,0.0,0.0,52.25,0,CASH_BIL,Bear
2022-06-13,33479.34,33479.34,0.0,0.0,0.0,52.25,0,CASH_BIL,Bear
2022-06-14,33483.0,33483.0,0.0,0.0,0.0,52.25,0,CASH_BIL,Bear
2022-06-15,33490.32,33490.32,0.0,0.0,0.0,52.24,0,CASH_BIL,Bear
2022-06-16,33486.66,33486.66,0.0,0.0,0.0,52.24,0,CASH_BIL,Bear
2022-06-17,33493.98,33493.98,0.0,0.0,0.0,52.23,0,CASH_BIL,Bear
2022-06-21,33497.65,33497.65,0.0,0.0,0.0,52.23,0,CASH_BIL,Bear
2022-06-22,33497.65,33497.65,0.0,0.0,0.0,52.23,0,CASH_BIL,Bear
2022-06-23,33490.32,33490.32,0.0,0.0,0.0,52.24,0,CASH_BIL,Bear
2022-06-24,33490.32,33490.32,0.0,0.0,0.0,52.24,0,CASH_BIL,Bear
2022-06-27,33497.65,33497.65,0.0,0.0,0.0,52.23,0,CASH_BIL,Bear
2022-06-28,33501.33,33501.33,0.0,0.0,0.0,52.22,0,CASH_BIL,Bear
2022-06-29,33504.98,33504.98,0.0,0.0,0.0,52.22,0,CASH_BIL,Bear
2022-06-30,33502.41,33502.41,0.0,0.0,0.0,52.22,0,CASH_BIL,Bear
2022-07-01,33502.41,33502.41,0.0,0.0,0.0,52.22,0,CASH_BIL,Bear
2022-07-05,33502.41,33502.41,0.0,0.0,0.0,52.22,0,CASH_BIL,Bear
2022-07-06,33502.41,33502.41,0.0,0.0,0.0,52.22,0,CASH_BIL,Bear
2022-07-07,33498.75,33498.75,0.0,0.0,0.0,52.23,0,CASH_BIL,Bear
2022-07-08,33502.41,33502.41,0.0,0.0,0.0,52.22,0,CASH_BIL,Bear
2022-07-11,33498.75,33498.75,0.0,0.0,0.0,52.23,0,CASH_BIL,Bear
2022-07-12,33498.75,33498.75,0.0,0.0,0.0,52.23,0,CASH_BIL,Bear
2022-07-13,33502.41,33502.41,0.0,0.0,0.0,52.22,0,CASH_BIL,Bear
2022-07-14,33498.75,33498.75,0.0,0.0,0.0,52.23,0,CASH_BIL,Bear
2022-07-15,33498.75,33498.75,0.0,0.0,0.0,52.23,0,CASH_BIL,Bear
2022-07-18,33498.75,33498.75,0.0,0.0,0.0,52.23,0,CASH_BIL,Bear
2022-07-19,33498.75,33498.75,0.0,0.0,0.0,52.23,0,CASH_BIL,Bear
2022-07-20,33509.73,33509.73,0.0,0.0,0.0,52.21,0,CASH_BIL,Bear
2022-07-21,33513.4,33513.4,0.0,0.0,0.0,52.21,0,CASH_BIL,Bear
2022-07-22,33509.73,33509.73,0.0,0.0,0.0,52.21,0,CASH_BIL,Bear
2022-07-25,33509.73,33509.73,0.0,0.0,0.0,52.21,0,CASH_BIL,Bear
2022-07-26,33509.73,33509.73,0.0,0.0,0.0,52.21,0,CASH_BIL,Bear
2022-07-27,33513.4,33513.4,0.0,0.0,0.0,52.21,0,CASH_BIL,Bear
2022-07-28,33517.07,33517.07,0.0,0.0,0.0,52.2,0,CASH_BIL,Bear
2022-07-29,33519.63,33519.63,0.0,0.0,0.0,52.2,0,CASH_BIL,Bear
2022-08-01,33523.3,33523.3,0.0,0.0,0.0,52.19,0,CASH_BIL,Bear
2022-08-02,33519.63,33519.63,0.0,0.0,0.0,52.2,0,CASH_BIL,Bear
2022-08-03,33526.95,33526.95,0.0,0.0,0.0,52.19,0,CASH_BIL,Bear
2022-08-04,33534.32,33534.32,0.0,0.0,0.0,52.18,0,CASH_BIL,Bear
2022-08-05,33537.97,33537.97,0.0,0.0,0.0,52.17,0,CASH_BIL,Bear
2022-08-08,33534.32,33534.32,0.0,0.0,0.0,52.18,0,CASH_BIL,Bear
2022-08-09,33537.97,33537.97,0.0,0.0,0.0,52.17,0,CASH_BIL,Bear
2022-08-10,33537.97,33537.97,0.0,0.0,0.0,52.17,0,CASH_BIL,Bear
2022-08-11,33545.32,33545.32,0.0,0.0,0.0,52.16,0,CASH_BIL,Bear
2022-08-12,33541.63,33541.63,0.0,0.0,0.0,52.17,0,CASH_BIL,Bear
2022-08-15,33541.63,33541.63,0.0,0.0,0.0,52.17,0,CASH_BIL,Bull_MidVol
2022-08-16,33541.63,33541.63,0.0,0.0,0.0,52.17,0,CASH_BIL,Bull_MidVol
2022-08-17,33556.3,33556.3,0.0,0.0,0.0,52.14,0,CASH_BIL,Bear
2022-08-18,33556.3,33556.3,0.0,0.0,0.0,52.14,0,CASH_BIL,Bear
2022-08-19,33559.97,33559.97,0.0,0.0,0.0,52.14,0,CASH_BIL,Bear
2022-08-22,33552.63,33552.63,0.0,0.0,0.0,52.15,0,CASH_BIL,Bear
2022-08-23,33563.63,33563.63,0.0,0.0,0.0,52.13,0,CASH_BIL,Bear
2022-08-24,33567.29,33567.29,0.0,0.0,0.0,52.13,0,CASH_BIL,Bear
2022-08-25,33567.29,33567.29,0.0,0.0,0.0,52.13,0,CASH_BIL,Bear
2022-08-26,33567.29,33567.29,0.0,0.0,0.0,52.13,0,CASH_BIL,Bear
2022-08-29,33570.98,33570.98,0.0,0.0,0.0,52.12,0,CASH_BIL,Bear
2022-08-30,33578.31,33578.31,0.0,0.0,0.0,52.11,0,CASH_BIL,Bear
2022-08-31,33585.29,33585.29,0.0,0.0,0.0,52.1,0,CASH_BIL,Bear
2022-09-01,33588.96,33588.96,0.0,0.0,0.0,52.1,0,CASH_BIL,Bear
2022-09-02,33588.96,33588.96,0.0,0.0,0.0,52.1,0,CASH_BIL,Bear
2022-09-06,33592.63,33592.63,0.0,0.0,0.0,52.09,0,CASH_BIL,Bear
2022-09-07,33599.98,33599.98,0.0,0.0,0.0,52.08,0,CASH_BIL,Bear
2022-09-08,33599.98,33599.98,0.0,0.0,0.0,52.08,0,CASH_BIL,Bear
2022-09-09,33596.3,33596.3,0.0,0.0,0.0,52.09,0,CASH_BIL,Bear
2022-09-12,33603.65,33603.65,0.0,0.0,0.0,52.08,0,CASH_BIL,Bear
2022-09-13,33603.65,33603.65,0.0,0.0,0.0,52.08,0,CASH_BIL,Bear
2022-09-14,33614.67,33614.67,0.0,0.0,0.0,52.06,0,CASH_BIL,Bear
2022-09-15,33614.67,33614.67,0.0,0.0,0.0,52.06,0,CASH_BIL,Bear
2022-09-16,33614.67,33614.67,0.0,0.0,0.0,52.06,0,CASH_BIL,Bear
2022-09-19,33611.0,33611.0,0.0,0.0,0.0,52.07,0,CASH_BIL,Bear
2022-09-20,33618.34,33618.34,0.0,0.0,0.0,52.06,0,CASH_BIL,Bear
2022-09-21,33633.05,33633.05,0.0,0.0,0.0,52.03,0,CASH_BIL,Bear
2022-09-22,33633.05,33633.05,0.0,0.0,0.0,52.03,0,CASH_BIL,Bear
2022-09-23,33625.7,33625.7,0.0,0.0,0.0,52.05,0,CASH_BIL,Bear
2022-09-26,33636.71,33636.71,0.0,0.0,0.0,52.03,0,CASH_BIL,Bear
2022-09-27,33640.38,33640.38,0.0,0.0,0.0,52.02,0,CASH_BIL,Bear
2022-09-28,33647.74,33647.74,0.0,0.0,0.0,52.01,0,CASH_BIL,Bear
2022-09-29,33647.74,33647.74,0.0,0.0,0.0,52.01,0,CASH_BIL,Bear
2022-09-30,33638.54,33638.54,0.0,0.0,0.0,52.03,0,CASH_BIL,Bear
2022-10-03,33649.57,33649.57,0.0,0.0,0.0,52.01,0,CASH_BIL,Bear
2022-10-04,33649.57,33649.57,0.0,0.0,0.0,52.01,0,CASH_BIL,Bear
2022-10-05,33656.94,33656.94,0.0,0.0,0.0,52.0,0,CASH_BIL,Bear
2022-10-06,33656.94,33656.94,0.0,0.0,0.0,52.0,0,CASH_BIL,Bear
2022-10-07,33660.61,33660.61,0.0,0.0,0.0,52.0,0,CASH_BIL,Bear
2022-10-10,33660.61,33660.61,0.0,0.0,0.0,52.0,0,CASH_BIL,Bear
2022-10-11,33660.61,33660.61,0.0,0.0,0.0,52.0,0,CASH_BIL,Bear
2022-10-12,33671.65,33671.65,0.0,0.0,0.0,51.98,0,CASH_BIL,Bear
2022-10-13,33671.65,33671.65,0.0,0.0,0.0,51.98,0,CASH_BIL,Bear
2022-10-14,33671.65,33671.65,0.0,0.0,0.0,51.98,0,CASH_BIL,Bear
2022-10-17,33671.65,33671.65,0.0,0.0,0.0,51.98,0,CASH_BIL,Bear
2022-10-18,33671.65,33671.65,0.0,0.0,0.0,51.98,0,CASH_BIL,Bear
2022-10-19,33686.37,33686.37,0.0,0.0,0.0,51.96,0,CASH_BIL,Bear
2022-10-20,33690.04,33690.04,0.0,0.0,0.0,51.95,0,CASH_BIL,Bear
2022-10-21,33686.37,33686.37,0.0,0.0,0.0,51.96,0,CASH_BIL,Bear
2022-10-24,33686.37,33686.37,0.0,0.0,0.0,51.96,0,CASH_BIL,Bear
2022-10-25,33693.73,33693.73,0.0,0.0,0.0,51.95,0,CASH_BIL,Bear
2022-10-26,33704.76,33704.76,0.0,0.0,0.0,51.93,0,CASH_BIL,Bear
2022-10-27,33701.09,33701.09,0.0,0.0,0.0,51.94,0,CASH_BIL,Bear
2022-10-28,33701.09,33701.09,0.0,0.0,0.0,51.94,0,CASH_BIL,Bear
2022-10-31,33704.04,33704.04,0.0,0.0,0.0,51.93,0,CASH_BIL,Bear
2022-11-01,33715.09,33715.09,0.0,0.0,0.0,51.92,0,CASH_BIL,Bear
2022-11-02,33726.17,33726.17,0.0,0.0,0.0,51.9,0,CASH_BIL,Bear
2022-11-03,33733.54,33733.54,0.0,0.0,0.0,51.89,0,CASH_BIL,Bear
2022-11-04,33729.86,33729.86,0.0,0.0,0.0,51.9,0,CASH_BIL,Bear
2022-11-07,33733.54,33733.54,0.0,0.0,0.0,51.89,0,CASH_BIL,Bear
2022-11-08,33751.97,33751.97,0.0,0.0,0.0,51.87,0,CASH_BIL,Bear
2022-11-09,33755.67,33755.67,0.0,0.0,0.0,51.86,0,CASH_BIL,Bear
2022-11-10,33751.97,33751.97,0.0,0.0,0.0,51.87,0,CASH_BIL,Bear
2022-11-11,33751.97,33751.97,0.0,0.0,0.0,51.87,0,CASH_BIL,Bear
2022-11-14,33759.36,33759.36,0.0,0.0,0.0,51.85,0,CASH_BIL,Bear
2022-11-15,33763.04,33763.04,0.0,0.0,0.0,51.85,0,CASH_BIL,Bear
2022-11-16,33774.11,33774.11,0.0,0.0,0.0,51.83,0,CASH_BIL,Bear
2022-11-17,33774.11,33774.11,0.0,0.0,0.0,51.83,0,CASH_BIL,Bear
2022-11-18,33777.79,33777.79,0.0,0.0,0.0,51.83,0,CASH_BIL,Bear
2022-11-21,33785.18,33785.18,0.0,0.0,0.0,51.82,0,CASH_BIL,Bear
2022-11-22,33792.55,33792.55,0.0,0.0,0.0,51.81,0,CASH_BIL,Bear
2022-11-23,33792.55,33792.55,0.0,0.0,0.0,51.81,0,CASH_BIL,Bear
2022-11-25,33796.24,33796.24,0.0,0.0,0.0,51.8,0,CASH_BIL,Bear
2022-11-28,33807.3,33807.3,0.0,0.0,0.0,51.79,0,CASH_BIL,Bear
2022-11-29,33807.3,33807.3,0.0,0.0,0.0,51.79,0,CASH_BIL,Bear
2022-11-30,33814.69,33814.69,0.0,0.0,0.0,51.78,0,CASH_BIL,Bear
2022-12-01,33818.39,33818.39,0.0,0.0,0.0,51.77,0,CASH_BIL,Bear
2022-12-02,33822.1,33822.1,0.0,0.0,0.0,51.77,0,CASH_BIL,Bear
2022-12-05,33833.19,33833.19,0.0,0.0,0.0,51.75,0,CASH_BIL,Bear
2022-12-06,33833.19,33833.19,0.0,0.0,0.0,51.75,0,CASH_BIL,Bear
2022-12-07,33855.39,33855.39,0.0,0.0,0.0,51.72,0,CASH_BIL,Bear
2022-12-08,33851.68,33851.68,0.0,0.0,0.0,51.72,0,CASH_BIL,Bear
2022-12-09,33855.39,33855.39,0.0,0.0,0.0,51.72,0,CASH_BIL,Bear
2022-12-12,33855.39,33855.39,0.0,0.0,0.0,51.72,0,CASH_BIL,Bear
2022-12-13,33866.47,33866.47,0.0,0.0,0.0,51.7,0,CASH_BIL,Bear
2022-12-14,33873.88,33873.88,0.0,0.0,0.0,51.69,0,CASH_BIL,Bear
2022-12-15,33873.88,33873.88,0.0,0.0,0.0,51.69,0,CASH_BIL,Bear
2022-12-16,33877.95,33877.95,0.0,0.0,0.0,51.69,0,CASH_BIL,Bear
2022-12-19,33881.67,33881.67,0.0,0.0,0.0,51.68,0,CASH_BIL,Bear
2022-12-20,33885.37,33885.37,0.0,0.0,0.0,51.68,0,CASH_BIL,Bear
2022-12-21,33907.62,33907.62,0.0,0.0,0.0,51.64,0,CASH_BIL,Bear
2022-12-22,33907.62,33907.62,0.0,0.0,0.0,51.64,0,CASH_BIL,Bear
2022-12-23,33907.62,33907.62,0.0,0.0,0.0,51.64,0,CASH_BIL,Bear
2022-12-27,33918.76,33918.76,0.0,0.0,0.0,51.63,0,CASH_BIL,Bear
2022-12-28,33933.6,33933.6,0.0,0.0,0.0,51.61,0,CASH_BIL,Bear
2022-12-29,33929.88,33929.88,0.0,0.0,0.0,51.61,0,CASH_BIL,Bear
2022-12-30,33933.6,33933.6,0.0,0.0,0.0,51.61,0,CASH_BIL,Bear
2023-01-03,33929.88,33929.88,0.0,0.0,0.0,51.61,0,CASH_BIL,Bear
2023-01-04,33941.01,33941.01,0.0,0.0,0.0,51.6,0,CASH_BIL,Bear
2023-01-05,33937.29,33937.29,0.0,0.0,0.0,51.6,0,CASH_BIL,Bear
2023-01-06,33944.72,33944.72,0.0,0.0,0.0,51.59,0,CASH_BIL,Bear
2023-01-09,33941.01,33941.01,0.0,0.0,0.0,51.6,0,CASH_BIL,Bear
2023-01-10,33941.01,33941.01,0.0,0.0,0.0,51.6,0,CASH_BIL,Bear
2023-01-11,33966.98,33966.98,0.0,0.0,0.0,51.56,0,CASH_BIL,Bear
2023-01-12,33970.69,33970.69,0.0,0.0,0.0,51.55,0,CASH_BIL,Bear
2023-01-13,33970.69,33970.69,0.0,0.0,0.0,51.55,0,CASH_BIL,Bear
2023-01-17,33974.4,33974.4,0.0,0.0,0.0,51.55,0,CASH_BIL,Bear
2023-01-18,33989.24,33989.24,0.0,0.0,0.0,51.53,0,CASH_BIL,Bear
2023-01-19,33992.94,33992.94,0.0,0.0,0.0,51.52,0,CASH_BIL,Bear
2023-01-20,33992.94,33992.94,0.0,0.0,0.0,51.52,0,CASH_BIL,Bear
2023-01-23,33992.94,33992.94,0.0,0.0,0.0,51.52,0,CASH_BIL,Bull_MidVol
2023-01-24,33992.94,33992.94,0.0,0.0,0.0,51.52,0,CASH_BIL,Bull_MidVol
2023-01-25,33992.94,33992.94,0.0,0.0,0.0,51.52,0,CASH_BIL,Bull_MidVol
2023-01-26,33992.94,33992.94,0.0,0.0,0.0,51.52,0,CASH_BIL,Bull_MidVol
2023-01-27,33992.94,33992.94,0.0,0.0,0.0,51.52,0,CASH_BIL,Bull_MidVol
2023-01-30,33992.94,33992.94,0.0,0.0,0.0,51.52,0,CASH_BIL,Bull_MidVol
2023-01-31,33994.93,0.0,61.0,34055.93,1.0,51.52,2,"SMCI,GILD",Bull_MidVol
2023-02-01,35742.19,0.0,61.0,35803.19,1.0,49.03,2,"SMCI,GILD",Bull_MidVol
2023-02-02,35710.93,0.0,61.0,35771.93,1.0,49.07,2,"SMCI,GILD",Bull_MidVol
2023-02-03,36921.24,0.0,61.0,36982.23,1.0,47.35,2,"SMCI,GILD",Bull_MidVol
2023-02-06,37036.01,0.0,61.0,37097.01,1.0,47.18,2,"SMCI,GILD",Bull_MidVol
2023-02-07,36684.79,0.0,61.0,36745.79,1.0,47.68,2,"SMCI,GILD",Bull_MidVol
2023-02-08,37365.92,0.0,61.0,37426.92,1.0,46.71,2,"SMCI,GILD",Bull_MidVol
2023-02-09,37754.14,0.0,61.0,37815.14,1.0,46.16,2,"SMCI,GILD",Bull_MidVol
2023-02-10,38699.89,0.0,61.0,38760.89,1.0,44.81,2,"SMCI,GILD",Bull_MidVol
2023-02-13,38980.44,0.0,61.0,39041.43,1.0,44.41,2,"SMCI,GILD",Bull_MidVol
2023-02-14,39161.51,0.0,61.0,39222.51,1.0,44.15,2,"SMCI,GILD",Bull_MidVol
2023-02-15,39061.12,0.0,61.0,39122.12,1.0,44.29,2,"SMCI,GILD",Bull_MidVol
2023-02-16,39396.89,0.0,61.0,39457.89,1.0,43.82,2,"SMCI,GILD",Bull_MidVol
2023-02-17,38763.14,0.0,61.0,38824.14,1.0,44.72,2,"SMCI,GILD",Bull_MidVol
2023-02-21,37820.82,0.0,61.0,37881.81,1.0,46.06,2,"SMCI,GILD",Bull_MidVol
2023-02-22,37272.21,0.0,61.0,37333.2,1.0,46.85,2,"SMCI,GILD",Bull_MidVol
2023-02-23,38846.55,0.0,61.0,38907.55,1.0,44.6,2,"SMCI,GILD",Bull_MidVol
2023-02-24,39373.94,0.0,61.0,39434.93,1.0,43.85,2,"SMCI,GILD",Bull_MidVol
2023-02-27,40116.26,0.0,61.0,40177.26,1.0,42.79,2,"SMCI,GILD",Bull_MidVol
2023-02-28,39496.73,0.0,63.74,39560.47,1.0,43.67,2,"NFLX,URI",Bull_MidVol
2023-03-01,38940.68,0.0,63.74,39004.42,1.0,44.47,2,"NFLX,URI",Bull_MidVol
2023-03-02,38963.22,0.0,63.74,39026.96,1.0,44.43,2,"NFLX,URI",Bull_MidVol
2023-03-03,39546.63,0.0,63.74,39610.37,1.0,43.6,2,"NFLX,URI",Bull_MidVol
2023-03-06,39161.13,0.0,63.74,39224.87,1.0,44.15,2,"NFLX,URI",Bull_MidVol
2023-03-07,38976.73,0.0,63.74,39040.47,1.0,44.41,2,"NFLX,URI",Bull_MidVol
2023-03-08,39246.52,0.0,63.74,39310.26,1.0,44.03,2,"NFLX,URI",Bull_MidVol
2023-03-09,37385.31,0.0,63.74,37449.05,1.0,46.68,2,"NFLX,URI",Bull_MidVol
2023-03-10,36037.97,0.0,63.74,36101.71,1.0,48.61,2,"NFLX,URI",Bull_MidVol
2023-03-13,35180.86,0.0,63.74,35244.59,1.0,49.83,2,"NFLX,URI",Bull_MidVol
2023-03-14,35606.8,0.0,63.74,35670.54,1.0,49.22,2,"NFLX,URI",Bull_MidVol
2023-03-15,34892.33,16459.19,0.0,18433.15,0.53,50.24,1,NFLX,Bull_MidVol
2023-03-16,35272.78,16459.19,0.0,18813.59,0.53,49.7,1,NFLX,Bull_MidVol
2023-03-17,34874.73,16459.19,0.0,18415.55,0.53,50.26,1,NFLX,Bull_MidVol
2023-03-20,34973.64,16459.19,0.0,18514.45,0.53,50.12,1,NFLX,Bull_MidVol
2023-03-21,35013.69,16459.19,0.0,18554.5,0.53,50.07,1,NFLX,Bull_MidVol
2023-03-22,34292.23,16459.19,0.0,17833.05,0.52,51.09,1,NFLX,Bull_MidVol
2023-03-23,35898.36,16459.19,0.0,19439.17,0.54,48.8,1,NFLX,Bull_MidVol
2023-03-24,36384.99,16459.19,0.0,19925.81,0.55,48.11,1,NFLX,Bull_MidVol
2023-03-27,36340.7,16459.19,0.0,19881.51,0.55,48.17,1,NFLX,Bull_MidVol
2023-03-28,36089.49,16459.19,0.0,19630.31,0.54,48.53,1,NFLX,Bull_MidVol
2023-03-29,36605.86,16459.19,0.0,20146.67,0.55,47.8,1,NFLX,Bull_MidVol
2023-03-30,36994.19,16459.19,0.0,20535.0,0.56,47.24,1,NFLX,Bull_MidVol
2023-03-31,37261.62,0.0,62.31,37323.94,1.0,46.86,2,"SMCI,NVDA",Bull_MidVol
2023-04-03,38572.89,0.0,62.31,38635.2,1.0,44.99,2,"SMCI,NVDA",Bull_MidVol
2023-04-04,37633.11,0.0,62.31,37695.42,1.0,46.33,2,"SMCI,NVDA",Bull_MidVol
2023-04-05,37012.98,0.0,62.31,37075.29,1.0,47.21,2,"SMCI,NVDA",Bull_MidVol
2023-04-06,35680.26,0.0,62.31,35742.57,1.0,49.12,2,"SMCI,NVDA",Bull_MidVol
2023-04-10,37143.14,0.0,62.31,37205.45,1.0,47.03,2,"SMCI,NVDA",Bull_MidVol
2023-04-11,36534.46,0.0,62.31,36596.77,1.0,47.9,2,"SMCI,NVDA",Bull_MidVol
2023-04-12,36797.53,0.0,62.31,36859.84,1.0,47.52,2,"SMCI,NVDA",Bull_MidVol
2023-04-13,36803.64,0.0,62.31,36865.95,1.0,47.51,2,"SMCI,NVDA",Bull_MidVol
2023-04-14,37156.97,0.0,62.31,37219.29,1.0,47.01,2,"SMCI,NVDA",Bull_MidVol
2023-04-17,37551.68,0.0,62.31,37613.99,1.0,46.45,2,"SMCI,NVDA",Bull_LowVol
2023-04-18,39008.51,0.0,62.31,39070.82,1.0,44.37,2,"SMCI,NVDA",Bull_LowVol
2023-04-19,37989.1,0.0,62.31,38051.42,1.0,45.82,2,"SMCI,NVDA",Bull_LowVol
2023-04-20,37142.54,0.0,62.31,37204.86,1.0,47.03,2,"SMCI,NVDA",Bull_LowVol
2023-04-21,37017.46,0.0,62.31,37079.77,1.0,47.21,2,"SMCI,NVDA",Bull_LowVol
2023-04-24,35275.25,0.0,62.31,35337.56,1.0,49.69,2,"SMCI,NVDA",Bull_LowVol
2023-04-25,33764.23,0.0,62.31,33826.55,1.0,51.85,2,"SMCI,NVDA",Bull_LowVol
2023-04-26,34504.91,0.0,62.31,34567.23,1.0,50.79,2,"SMCI,NVDA",Bull_LowVol
2023-04-27,35383.41,0.0,62.31,35445.73,1.0,49.54,2,"SMCI,NVDA",Bull_MidVol
2023-04-28,37009.54,0.0,3551.81,40561.35,1.1,47.22,2,"SMCI,NVDA",Bull_MidVol
2023-05-01,37787.4,0.0,3551.81,41339.21,1.09,46.11,2,"SMCI,NVDA",Bull_LowVol
2023-05-02,37148.8,0.0,3551.81,40700.62,1.1,47.02,2,"SMCI,NVDA",Bull_MidVol
2023-05-03,42588.99,0.0,3551.81,46140.8,1.08,39.26,2,"SMCI,NVDA",Bull_MidVol
2023-05-04,42891.34,0.0,3551.81,46443.15,1.08,38.83,2,"SMCI,NVDA",Bull_LowVol
2023-05-05,43861.52,0.0,3551.81,47413.33,1.08,37.45,2,"SMCI,NVDA",Bull_MidVol
2023-05-08,44085.74,0.0,3551.81,47637.55,1.08,37.13,2,"SMCI,NVDA",Bull_MidVol
2023-05-09,42815.1,0.0,3551.81,46366.92,1.08,38.94,2,"SMCI,NVDA",Bull_MidVol
2023-05-10,43436.7,0.0,3551.81,46988.51,1.08,38.05,2,"SMCI,NVDA",Bull_MidVol
2023-05-11,43632.29,0.0,3551.81,47184.1,1.08,37.77,2,"SMCI,NVDA",Bull_MidVol
2023-05-12,43085.11,0.0,3551.81,46636.92,1.08,38.56,2,"SMCI,NVDA",Bull_MidVol
2023-05-15,44177.56,0.0,3551.81,47729.38,1.08,37.0,2,"SMCI,NVDA",Bull_MidVol
2023-05-16,45919.99,0.0,3551.81,49471.8,1.08,34.51,2,"SMCI,NVDA",Bull_MidVol
2023-05-17,48263.83,0.0,3551.81,51815.64,1.07,31.17,2,"SMCI,NVDA",Bull_MidVol
2023-05-18,51340.59,0.0,3551.81,54892.41,1.07,26.78,2,"SMCI,NVDA",Bull_MidVol
2023-05-19,50969.16,0.0,3551.81,54520.97,1.07,27.31,2,"SMCI,NVDA",Bull_MidVol
2023-05-22,51025.95,0.0,3551.81,54577.76,1.07,27.23,2,"SMCI,NVDA",Bull_MidVol
2023-05-23,50109.42,0.0,3551.81,53661.24,1.07,28.54,2,"SMCI,NVDA",Bull_MidVol
2023-05-24,51110.27,0.0,3551.81,54662.09,1.07,27.11,2,"SMCI,NVDA",Bull_MidVol
2023-05-25,64118.74,0.0,3551.81,67670.56,1.06,8.56,2,"SMCI,NVDA",Bull_MidVol
2023-05-26,67211.31,0.0,3551.81,70763.12,1.05,4.15,2,"SMCI,NVDA",Bull_MidVol
2023-05-30,70953.02,0.0,3551.81,74504.83,1.05,0.0,2,"SMCI,NVDA",Bull_MidVol
2023-05-31,67565.89,0.0,4312.97,71878.86,1.06,4.77,2,"NVDA,META",Bull_MidVol
2023-06-01,70293.12,0.0,4312.97,74606.09,1.06,0.93,2,"NVDA,META",Bull_MidVol
2023-06-02,69972.58,0.0,4312.97,74285.55,1.06,1.38,2,"NVDA,META",Bull_MidVol
2023-06-05,69654.61,0.0,4312.97,73967.58,1.06,1.83,2,"NVDA,META",Bull_MidVol
2023-06-06,69235.15,0.0,4312.97,73548.12,1.06,2.42,2,"NVDA,META",Bull_MidVol
2023-06-07,67120.64,0.0,4312.97,71433.62,1.06,5.4,2,"NVDA,META",Bull_MidVol
2023-06-08,68034.34,0.0,4312.97,72347.32,1.06,4.11,2,"NVDA,META",Bull_MidVol
2023-06-09,68284.69,0.0,4312.97,72597.66,1.06,3.76,2,"NVDA,META",Bull_MidVol
2023-06-12,69825.42,0.0,4312.97,74138.4,1.06,1.59,2,"NVDA,META",Bull_MidVol
2023-06-13,70985.18,0.0,4312.97,75298.16,1.06,0.0,2,"NVDA,META",Bull_MidVol
2023-06-14,72755.62,0.0,4312.97,77068.59,1.06,0.0,2,"NVDA,META",Bull_MidVol
2023-06-15,73932.33,0.0,4312.97,78245.3,1.06,0.0,2,"NVDA,META",Bull_MidVol
2023-06-16,73821.01,0.0,4312.97,78133.98,1.06,0.15,2,"NVDA,META",Bull_MidVol
2023-06-20,75188.41,0.0,4312.97,79501.38,1.06,0.0,2,"NVDA,META",Bull_MidVol
2023-06-21,74184.05,0.0,4312.97,78497.02,1.06,1.34,2,"NVDA,META",Bull_MidVol
2023-06-22,74714.28,0.0,4312.97,79027.25,1.06,0.63,2,"NVDA,META",Bull_MidVol
2023-06-23,74771.07,0.0,4312.97,79084.04,1.06,0.56,2,"NVDA,META",Bull_MidVol
2023-06-26,71905.03,0.0,4312.97,76218.0,1.06,4.37,2,"NVDA,META",Bull_MidVol
2023-06-27,74247.65,0.0,4312.97,78560.62,1.06,1.25,2,"NVDA,META",Bull_MidVol
2023-06-28,73402.55,0.0,4312.97,77715.52,1.06,2.38,2,"NVDA,META",Bull_MidVol
2023-06-29,72556.96,0.0,4312.97,76869.93,1.06,3.5,2,"NVDA,META",Bull_MidVol
2023-06-30,73079.95,0.0,15772.28,88852.23,1.22,2.8,2,"NVDA,SMCI",Bull_MidVol
2023-07-03,73148.58,0.0,15772.28,88920.86,1.22,2.71,2,"NVDA,SMCI",Bull_MidVol
2023-07-05,74434.39,0.0,15772.28,90206.67,1.21,1.0,2,"NVDA,SMCI",Bull_MidVol
2023-07-06,73235.04,0.0,15772.28,89007.32,1.22,2.6,2,"NVDA,SMCI",Bull_MidVol
2023-07-07,75739.66,0.0,15772.28,91511.95,1.21,0.0,2,"NVDA,SMCI",Bull_LowVol
2023-07-10,77823.92,0.0,15772.28,93596.2,1.2,0.0,2,"NVDA,SMCI",Bull_LowVol
2023-07-11,78225.07,0.0,15772.28,93997.36,1.2,0.0,2,"NVDA,SMCI",Bull_LowVol
2023-07-12,80637.9,0.0,15772.28,96410.19,1.2,0.0,2,"NVDA,SMCI",Bull_LowVol
2023-07-13,86207.57,0.0,15772.28,101979.86,1.18,0.0,2,"NVDA,SMCI",Bull_LowVol
2023-07-14,86150.76,0.0,15772.28,101923.04,1.18,0.07,2,"NVDA,SMCI",Bull_LowVol
2023-07-17,88427.15,0.0,15772.28,104199.43,1.18,0.0,2,"NVDA,SMCI",Bull_LowVol
2023-07-18,92995.12,0.0,15772.28,108767.4,1.17,0.0,2,"NVDA,SMCI",Bull_LowVol
2023-07-19,89251.44,0.0,15772.28,105023.72,1.18,4.03,2,"NVDA,SMCI",Bull_LowVol
2023-07-20,87956.53,0.0,15772.28,103728.81,1.18,5.42,2,"NVDA,SMCI",Bull_MidVol
2023-07-21,87126.96,0.0,15772.28,102899.24,1.18,6.31,2,"NVDA,SMCI",Bull_MidVol
2023-07-24,88799.64,0.0,15772.28,104571.92,1.18,4.51,2,"NVDA,SMCI",Bull_LowVol
2023-07-25,92371.07,0.0,15772.28,108143.36,1.17,0.67,2,"NVDA,SMCI",Bull_LowVol
2023-07-26,91274.48,0.0,15772.28,107046.76,1.17,1.85,2,"NVDA,SMCI",Bull_LowVol
2023-07-27,93930.67,0.0,15772.28,109702.96,1.17,0.0,2,"NVDA,SMCI",Bull_LowVol
2023-07-28,96218.81,0.0,15772.28,111991.1,1.16,0.0,2,"NVDA,SMCI",Bull_LowVol
2023-07-31,95215.19,0.0,15772.28,110987.48,1.17,1.04,2,"NVDA,SMCI",Bull_LowVol
2023-08-01,96758.0,0.0,15772.28,112530.28,1.16,0.0,2,"NVDA,SMCI",Bull_LowVol
2023-08-02,90944.2,0.0,15772.28,106716.49,1.17,6.01,2,"NVDA,SMCI",Bull_MidVol
2023-08-03,91496.07,0.0,15772.28,107268.35,1.17,5.44,2,"NVDA,SMCI",Bull_MidVol
2023-08-04,95559.79,0.0,15772.28,111332.07,1.17,1.24,2,"NVDA,SMCI",Bull_MidVol
2023-08-07,99644.85,0.0,15772.28,115417.14,1.16,0.0,2,"NVDA,SMCI",Bull_MidVol
2023-08-08,97723.67,0.0,15772.28,113495.96,1.16,1.93,2,"NVDA,SMCI",Bull_MidVol
2023-08-09,77206.63,0.0,15772.28,92978.91,1.2,22.52,2,"NVDA,SMCI",Bull_MidVol
2023-08-10,79654.51,0.0,15772.28,95426.8,1.2,20.06,2,"NVDA,SMCI",Bull_LowVol
2023-08-11,73243.27,0.0,15772.28,89015.55,1.22,26.5,2,"NVDA,SMCI",Bull_LowVol
2023-08-14,78852.35,0.0,15772.28,94624.63,1.2,20.87,2,"NVDA,SMCI",Bull_LowVol
2023-08-15,77763.25,0.0,15772.28,93535.53,1.2,21.96,2,"NVDA,SMCI",Bull_LowVol
2023-08-16,74983.54,0.0,15772.28,90755.82,1.21,24.75,2,"NVDA,SMCI",Bull_LowVol
2023-08-17,72621.22,0.0,15772.28,88393.5,1.22,27.12,2,"NVDA,SMCI",Bull_LowVol
2023-08-18,72469.48,0.0,15772.28,88241.77,1.22,27.27,2,"NVDA,SMCI",Bull_LowVol
2023-08-21,77247.75,0.0,15772.28,93020.03,1.2,22.48,2,"NVDA,SMCI",Bull_LowVol
2023-08-22,77581.27,0.0,15772.28,93353.55,1.2,22.14,2,"NVDA,SMCI",Bull_LowVol
2023-08-23,83190.27,0.0,15772.28,98962.55,1.19,16.51,2,"NVDA,SMCI",Bull_MidVol
2023-08-24,79693.56,0.0,15772.28,95465.84,1.2,20.02,2,"NVDA,SMCI",Bull_MidVol
2023-08-25,76869.48,0.0,15772.28,92641.77,1.21,22.86,2,"NVDA,SMCI",Bull_MidVol
2023-08-28,77741.08,0.0,15772.28,93513.37,1.2,21.98,2,"NVDA,SMCI",Bull_MidVol
2023-08-29,80663.24,0.0,15772.28,96435.52,1.2,19.05,2,"NVDA,SMCI",Bull_MidVol
2023-08-30,82480.35,0.0,15772.28,98252.63,1.19,17.23,2,"NVDA,SMCI",Bull_MidVol
2023-08-31,84241.6,3270.21,0.0,80971.39,0.96,15.46,2,"SMCI,PLTR",Bull_MidVol
2023-09-01,86118.86,3270.21,0.0,82848.65,0.96,13.57,2,"SMCI,PLTR",Bull_MidVol
2023-09-05,85713.0,3270.21,0.0,82442.78,0.96,13.98,2,"SMCI,PLTR",Bull_MidVol
2023-09-06,84352.87,3270.21,0.0,81082.65,0.96,15.35,2,"SMCI,PLTR",Bull_MidVol
2023-09-07,82722.04,3270.21,0.0,79451.83,0.96,16.98,2,"SMCI,PLTR",Bull_MidVol
2023-09-08,85712.64,3270.21,0.0,82442.42,0.96,13.98,2,"SMCI,PLTR",Bull_MidVol
2023-09-11,85667.7,3270.21,0.0,82397.49,0.96,14.03,2,"SMCI,PLTR",Bull_MidVol
2023-09-12,83192.25,3270.21,0.0,79922.04,0.96,16.51,2,"SMCI,PLTR",Bull_MidVol
2023-09-13,83969.83,3270.21,0.0,80699.62,0.96,15.73,2,"SMCI,PLTR",Bull_MidVol
2023-09-14,84181.75,3270.21,0.0,80911.53,0.96,15.52,2,"SMCI,PLTR",Bull_MidVol
2023-09-15,78598.34,3270.21,0.0,75328.13,0.96,21.12,2,"SMCI,PLTR",Bull_MidVol
2023-09-18,77584.22,3270.21,0.0,74314.0,0.96,22.14,2,"SMCI,PLTR",Bull_MidVol
2023-09-19,78042.57,3270.21,0.0,74772.35,0.96,21.68,2,"SMCI,PLTR",Bull_MidVol
2023-09-20,76494.42,3270.21,0.0,73224.21,0.96,23.23,2,"SMCI,PLTR",Bull_MidVol
2023-09-21,72975.56,3270.21,0.0,69705.35,0.96,26.76,2,"SMCI,PLTR",Bull_MidVol
2023-09-22,74104.18,3270.21,0.0,70833.97,0.96,25.63,2,"SMCI,PLTR",Bull_MidVol
2023-09-25,77267.87,3270.21,0.0,73997.66,0.96,22.46,2,"SMCI,PLTR",Bull_LowVol
2023-09-26,77059.9,3270.21,0.0,73789.69,0.96,22.67,2,"SMCI,PLTR",Bull_MidVol
2023-09-27,79998.19,3270.21,0.0,76727.98,0.96,19.72,2,"SMCI,PLTR",Bull_LowVol
2023-09-28,83790.08,3270.21,0.0,80519.87,0.96,15.91,2,"SMCI,PLTR",Bull_LowVol
2023-09-29,84943.21,4036.32,0.0,80906.89,0.95,14.75,2,"SMCI,NVDA",Bull_LowVol
2023-10-02,88860.52,4036.32,0.0,84824.2,0.95,10.82,2,"SMCI,NVDA",Bull_LowVol
2023-10-03,83957.07,4036.32,0.0,79920.76,0.95,15.74,2,"SMCI,NVDA",Bull_LowVol
2023-10-04,86596.98,4036.32,0.0,82560.67,0.95,13.09,2,"SMCI,NVDA",Bull_MidVol
2023-10-05,88529.72,4036.32,0.0,84493.41,0.95,11.15,2,"SMCI,NVDA",Bull_MidVol
2023-10-06,89428.96,4036.32,0.0,85392.64,0.95,10.25,2,"SMCI,NVDA",Bull_MidVol
2023-10-09,89316.87,4036.32,0.0,85280.55,0.95,10.36,2,"SMCI,NVDA",Bull_MidVol
2023-10-10,94265.8,4036.32,0.0,90229.49,0.96,5.4,2,"SMCI,NVDA",Bull_MidVol
2023-10-11,94316.99,4036.32,0.0,90280.68,0.96,5.35,2,"SMCI,NVDA",Bull_MidVol
2023-10-12,90713.87,4036.32,0.0,86677.55,0.96,8.96,2,"SMCI,NVDA",Bull_MidVol
2023-10-13,88268.01,4036.32,0.0,84231.69,0.95,11.42,2,"SMCI,NVDA",Bull_MidVol
2023-10-16,90029.82,4036.32,0.0,85993.5,0.96,9.65,2,"SMCI,NVDA",Bull_MidVol
2023-10-17,90795.87,4036.32,0.0,86759.55,0.96,8.88,2,"SMCI,NVDA",Bull_MidVol
2023-10-18,86965.0,4036.32,0.0,82928.69,0.95,12.73,2,"SMCI,NVDA",Bull_MidVol
2023-10-19,82259.56,4036.32,0.0,78223.24,0.95,17.45,2,"SMCI,NVDA",Bull_LowVol
2023-10-20,78134.79,4036.32,0.0,74098.47,0.95,21.59,2,"SMCI,NVDA",Bull_MidVol
2023-10-23,80223.65,4036.32,0.0,76187.33,0.95,19.49,2,"SMCI,NVDA",Bull_MidVol
2023-10-24,82296.1,4036.32,0.0,78259.79,0.95,17.41,2,"SMCI,NVDA",Bull_LowVol
2023-10-25,79550.6,4036.32,0.0,75514.28,0.95,20.17,2,"SMCI,NVDA",Bull_MidVol
2023-10-26,75593.21,4036.32,0.0,71556.9,0.95,24.14,2,"SMCI,NVDA",Bull_MidVol
2023-10-27,76113.85,4036.32,0.0,72077.54,0.95,23.61,2,"SMCI,NVDA",Bull_MidVol
2023-10-30,75252.67,4036.32,0.0,71216.36,0.95,24.48,2,"SMCI,NVDA",Bull_MidVol
2023-10-31,75771.21,4036.32,0.0,71734.89,0.95,23.96,2,"SMCI,NVDA",Bull_MidVol
2023-11-01,79359.95,4036.32,0.0,75323.63,0.95,20.36,2,"SMCI,NVDA",Bull_MidVol
2023-11-02,78328.43,4036.32,0.0,74292.11,0.95,21.39,2,"SMCI,NVDA",Bull_MidVol
2023-11-03,81034.79,4036.32,0.0,76998.47,0.95,18.68,2,"SMCI,NVDA",Bull_MidVol
2023-11-06,80760.29,4036.32,0.0,76723.97,0.95,18.95,2,"SMCI,NVDA",Bull_MidVol
2023-11-07,81257.49,4036.32,0.0,77221.17,0.95,18.45,2,"SMCI,NVDA",Bull_MidVol
2023-11-08,82873.29,4036.32,0.0,78836.98,0.95,16.83,2,"SMCI,NVDA",Bull_MidVol
2023-11-09,84095.99,4036.32,0.0,80059.67,0.95,15.6,2,"SMCI,NVDA",Bull_MidVol
2023-11-10,84900.58,4036.32,0.0,80864.26,0.95,14.8,2,"SMCI,NVDA",Bull_MidVol
2023-11-13,82620.42,4036.32,0.0,78584.1,0.95,17.09,2,"SMCI,NVDA",Bull_MidVol
2023-11-14,91917.01,4036.32,0.0,87880.69,0.96,7.76,2,"SMCI,NVDA",Bull_MidVol
2023-11-15,90196.82,4036.32,0.0,86160.5,0.96,9.48,2,"SMCI,NVDA",Bull_MidVol
2023-11-16,89465.51,4036.32,0.0,85429.19,0.95,10.22,2,"SMCI,NVDA",Bull_MidVol
2023-11-17,90544.73,4036.32,0.0,86508.41,0.96,9.13,2,"SMCI,NVDA",Bull_MidVol
2023-11-20,94715.62,4036.32,0.0,90679.3,0.96,4.95,2,"SMCI,NVDA",Bull_MidVol
2023-11-21,91089.1,4036.32,0.0,87052.78,0.96,8.59,2,"SMCI,NVDA",Bull_MidVol
2023-11-22,89868.57,4036.32,0.0,85832.25,0.96,9.81,2,"SMCI,NVDA",Bull_MidVol
2023-11-24,89273.54,4036.32,0.0,85237.22,0.95,10.41,2,"SMCI,NVDA",Bull_LowVol
2023-11-27,90552.08,4036.32,0.0,86515.76,0.96,9.13,2,"SMCI,NVDA",Bull_LowVol
2023-11-28,89276.93,4036.32,0.0,85240.61,0.95,10.4,2,"SMCI,NVDA",Bull_LowVol
2023-11-29,89872.36,4036.32,0.0,85836.04,0.96,9.81,2,"SMCI,NVDA",Bull_LowVol
2023-11-30,83114.28,0.0,85.62,83199.9,1.0,16.59,2,"META,MDB",Bull_LowVol
2023-12-01,84124.78,0.0,85.62,84210.4,1.0,15.58,2,"META,MDB",Bull_LowVol
2023-12-04,82467.77,0.0,85.62,82553.39,1.0,17.24,2,"META,MDB",Bull_LowVol
2023-12-05,82945.23,0.0,85.62,83030.85,1.0,16.76,2,"META,MDB",Bull_LowVol
2023-12-06,79505.44,0.0,85.62,79591.06,1.0,20.21,2,"META,MDB",Bull_LowVol
2023-12-07,80773.48,0.0,85.62,80859.1,1.0,18.94,2,"META,MDB",Bull_LowVol
2023-12-08,81606.19,0.0,85.62,81691.81,1.0,18.1,2,"META,MDB",Bull_LowVol
2023-12-11,81355.34,0.0,85.62,81440.96,1.0,18.35,2,"META,MDB",Bull_LowVol
2023-12-12,82653.5,0.0,85.62,82739.12,1.0,17.05,2,"META,MDB",Bull_LowVol
2023-12-13,84030.24,0.0,85.62,84115.86,1.0,15.67,2,"META,MDB",Bull_LowVol
2023-12-14,84348.94,0.0,85.62,84434.56,1.0,15.35,2,"META,MDB",Bull_LowVol
2023-12-15,84701.61,0.0,85.62,84787.22,1.0,15.0,2,"META,MDB",Bull_LowVol
2023-12-18,85757.8,0.0,85.62,85843.41,1.0,13.94,2,"META,MDB",Bull_LowVol
2023-12-19,86485.38,0.0,85.62,86571.0,1.0,13.21,2,"META,MDB",Bull_LowVol
2023-12-20,85729.64,0.0,85.62,85815.26,1.0,13.96,2,"META,MDB",Bull_LowVol
2023-12-21,87098.38,0.0,85.62,87184.0,1.0,12.59,2,"META,MDB",Bull_LowVol
2023-12-22,86816.8,0.0,85.62,86902.42,1.0,12.87,2,"META,MDB",Bull_LowVol
2023-12-26,87724.96,0.0,85.62,87810.57,1.0,11.96,2,"META,MDB",Bull_LowVol
2023-12-27,88314.25,0.0,85.62,88399.87,1.0,11.37,2,"META,MDB",Bull_LowVol
2023-12-28,88308.72,0.0,85.62,88394.33,1.0,11.38,2,"META,MDB",Bull_LowVol
2023-12-29,77182.87,0.0,82.08,77264.96,1.0,22.54,2,"CRWD,PLTR",Bull_LowVol
2024-01-02,74590.69,0.0,82.08,74672.78,1.0,25.14,2,"CRWD,PLTR",Bull_LowVol
2024-01-03,73255.86,0.0,82.08,73337.95,1.0,26.48,2,"CRWD,PLTR",Bull_LowVol
2024-01-04,73776.59,0.0,82.08,73858.68,1.0,25.96,2,"CRWD,PLTR",Bull_LowVol
2024-01-05,73627.26,0.0,82.08,73709.34,1.0,26.11,2,"CRWD,PLTR",Bull_LowVol
2024-01-08,77383.48,0.0,82.08,77465.57,1.0,22.34,2,"CRWD,PLTR",Bull_LowVol
2024-01-09,79170.24,0.0,82.08,79252.33,1.0,20.55,2,"CRWD,PLTR",Bull_LowVol
2024-01-10,81395.04,0.0,82.08,81477.13,1.0,18.31,2,"CRWD,PLTR",Bull_LowVol
2024-01-11,81653.0,0.0,82.08,81735.09,1.0,18.06,2,"CRWD,PLTR",Bull_LowVol
2024-01-12,81581.32,0.0,82.08,81663.4,1.0,18.13,2,"CRWD,PLTR",Bull_LowVol
2024-01-16,81709.9,0.0,82.08,81791.98,1.0,18.0,2,"CRWD,PLTR",Bull_LowVol
2024-01-17,79627.61,0.0,82.08,79709.7,1.0,20.09,2,"CRWD,PLTR",Bull_LowVol
2024-01-18,80896.78,0.0,82.08,80978.86,1.0,18.81,2,"CRWD,PLTR",Bull_LowVol
2024-01-19,82932.31,0.0,82.08,83014.4,1.0,16.77,2,"CRWD,PLTR",Bull_LowVol
2024-01-22,85877.07,0.0,82.08,85959.15,1.0,13.82,2,"CRWD,PLTR",Bull_LowVol
2024-01-23,85142.29,0.0,82.08,85224.38,1.0,14.55,2,"CRWD,PLTR",Bull_LowVol
2024-01-24,84660.84,0.0,82.08,84742.93,1.0,15.04,2,"CRWD,PLTR",Bull_LowVol
2024-01-25,82897.07,0.0,82.08,82979.15,1.0,16.81,2,"CRWD,PLTR",Bull_LowVol
2024-01-26,82125.04,0.0,82.08,82207.12,1.0,17.58,2,"CRWD,PLTR",Bull_LowVol
2024-01-29,85337.24,0.0,82.08,85419.32,1.0,14.36,2,"CRWD,PLTR",Bull_LowVol
2024-01-30,84838.81,0.0,82.08,84920.89,1.0,14.86,2,"CRWD,PLTR",Bull_LowVol
2024-01-31,82039.23,0.0,574.09,82613.32,1.01,17.67,2,"CRWD,SOXL",Bull_LowVol
2024-02-01,83613.38,0.0,574.09,84187.47,1.01,16.09,2,"CRWD,SOXL",Bull_LowVol
2024-02-02,85469.65,0.0,574.09,86043.75,1.01,14.23,2,"CRWD,SOXL",Bull_LowVol
2024-02-05,86586.58,0.0,574.09,87160.67,1.01,13.1,2,"CRWD,SOXL",Bull_LowVol
2024-02-06,85365.73,0.0,574.09,85939.82,1.01,14.33,2,"CRWD,SOXL",Bull_LowVol
2024-02-07,89619.58,0.0,574.09,90193.67,1.01,10.06,2,"CRWD,SOXL",Bull_LowVol
2024-02-08,92204.65,0.0,574.09,92778.74,1.01,7.47,2,"CRWD,SOXL",Bull_LowVol
2024-02-09,95324.48,0.0,574.09,95898.57,1.01,4.34,2,"CRWD,SOXL",Bull_LowVol
2024-02-12,93697.63,0.0,574.09,94271.72,1.01,5.97,2,"CRWD,SOXL",Bull_LowVol
2024-02-13,91813.84,0.0,574.09,92387.93,1.01,7.86,2,"CRWD,SOXL",Bull_MidVol
2024-02-14,96096.32,0.0,574.09,96670.41,1.01,3.56,2,"CRWD,SOXL",Bull_MidVol
2024-02-15,95507.32,0.0,574.09,96081.41,1.01,4.15,2,"CRWD,SOXL",Bull_LowVol
2024-02-16,94408.68,0.0,574.09,94982.77,1.01,5.25,2,"CRWD,SOXL",Bull_LowVol
2024-02-20,91665.42,0.0,574.09,92239.52,1.01,8.01,2,"CRWD,SOXL",Bull_LowVol
2024-02-21,85676.15,0.0,574.09,86250.24,1.01,14.02,2,"CRWD,SOXL",Bull_LowVol
2024-02-22,93856.52,0.0,574.09,94430.62,1.01,5.81,2,"CRWD,SOXL",Bull_MidVol
2024-02-23,92829.42,0.0,574.09,93403.52,1.01,6.84,2,"CRWD,SOXL",Bull_MidVol
2024-02-26,95517.58,0.0,574.09,96091.68,1.01,4.14,2,"CRWD,SOXL",Bull_MidVol
2024-02-27,95459.86,0.0,574.09,96033.95,1.01,4.2,2,"CRWD,SOXL",Bull_MidVol
2024-02-28,94222.86,0.0,574.09,94796.95,1.01,5.44,2,"CRWD,SOXL",Bull_MidVol
2024-02-29,97460.88,0.0,39577.02,137037.9,1.41,2.19,2,"CRWD,SMCI",Bull_MidVol
2024-03-01,99246.32,0.0,39577.02,138823.34,1.4,0.4,2,"CRWD,SMCI",Bull_MidVol
2024-03-04,114257.13,0.0,39577.02,153834.15,1.35,0.0,2,"CRWD,SMCI",Bull_LowVol
2024-03-05,112764.21,0.0,39577.02,152341.23,1.35,1.31,2,"CRWD,SMCI",Bull_MidVol
2024-03-06,121660.27,0.0,39577.02,161237.28,1.33,0.0,2,"CRWD,SMCI",Bull_MidVol
2024-03-07,124827.05,0.0,39577.02,164404.07,1.32,0.0,2,"CRWD,SMCI",Bull_MidVol
2024-03-08,121804.93,0.0,39577.02,161381.95,1.32,2.42,2,"CRWD,SMCI",Bull_MidVol
2024-03-11,115436.17,0.0,39577.02,155013.19,1.34,7.52,2,"CRWD,SMCI",Bull_MidVol
2024-03-12,125042.84,0.0,39577.02,164619.86,1.32,0.0,2,"CRWD,SMCI",Bull_MidVol
2024-03-13,127823.45,0.0,39577.02,167400.47,1.31,0.0,2,"CRWD,SMCI",Bull_MidVol
2024-03-14,121966.53,0.0,39577.02,161543.55,1.32,4.58,2,"CRWD,SMCI",Bull_MidVol
2024-03-15,114099.23,0.0,39577.02,153676.25,1.35,10.74,2,"CRWD,SMCI",Bull_MidVol
2024-03-18,108972.46,0.0,39577.02,148549.48,1.36,14.75,2,"CRWD,SMCI",Bull_MidVol
2024-03-19,100884.31,0.0,39577.02,140461.33,1.39,21.08,2,"CRWD,SMCI",Bull_MidVol
2024-03-20,100682.45,0.0,39577.02,140259.47,1.39,21.23,2,"CRWD,SMCI",Bull_MidVol
2024-03-21,107900.17,0.0,39577.02,147477.19,1.37,15.59,2,"CRWD,SMCI",Bull_LowVol
2024-03-22,107657.64,0.0,39577.02,147234.66,1.37,15.78,2,"CRWD,SMCI",Bull_LowVol
2024-03-25,113428.78,0.0,39577.02,153005.8,1.35,11.26,2,"CRWD,SMCI",Bull_LowVol
2024-03-26,112797.98,0.0,39577.02,152375.0,1.35,11.75,2,"CRWD,SMCI",Bull_LowVol
2024-03-27,111219.44,0.0,39577.02,150796.46,1.36,12.99,2,"CRWD,SMCI",Bull_LowVol
2024-03-28,109620.62,0.0,2886.07,112506.69,1.03,14.24,2,"SMCI,SOXL",Bull_LowVol
2024-04-01,112740.44,0.0,2886.07,115626.51,1.03,11.8,2,"SMCI,SOXL",Bull_LowVol
2024-04-02,109304.54,0.0,2886.07,112190.61,1.03,14.49,2,"SMCI,SOXL",Bull_LowVol
2024-04-03,109958.14,0.0,2886.07,112844.21,1.03,13.98,2,"SMCI,SOXL",Bull_LowVol
2024-04-04,102996.0,0.0,2886.07,105882.07,1.03,19.42,2,"SMCI,SOXL",Bull_LowVol
2024-04-05,102688.31,0.0,2886.07,105574.39,1.03,19.66,2,"SMCI,SOXL",Bull_LowVol
2024-04-08,101114.86,0.0,2886.07,104000.94,1.03,20.89,2,"SMCI,SOXL",Bull_LowVol
2024-04-09,99586.81,0.0,2886.07,102472.89,1.03,22.09,2,"SMCI,SOXL",Bull_LowVol
2024-04-10,98896.0,0.0,2886.07,101782.07,1.03,22.63,2,"SMCI,SOXL",Bull_LowVol
2024-04-11,102748.35,0.0,2886.07,105634.42,1.03,19.62,2,"SMCI,SOXL",Bull_LowVol
2024-04-12,97251.86,0.0,2886.07,100137.93,1.03,23.92,2,"SMCI,SOXL",Bull_LowVol
2024-04-15,94980.56,15752.93,0.0,79227.63,0.83,25.69,1,SMCI,Bull_LowVol
2024-04-16,103376.76,15752.93,0.0,87623.83,0.85,19.13,1,SMCI,Bull_LowVol
2024-04-17,101921.0,15752.93,0.0,86168.07,0.85,20.26,1,SMCI,Bull_LowVol
2024-04-18,99084.87,15752.93,0.0,83331.94,0.84,22.48,1,SMCI,Bull_LowVol
2024-04-19,81386.61,81386.61,0.0,0.0,0.0,36.33,0,CASH_BIL,Bull_LowVol
2024-04-22,81386.61,81386.61,0.0,0.0,0.0,36.33,0,CASH_BIL,Bull_LowVol
2024-04-23,81386.61,81386.61,0.0,0.0,0.0,36.33,0,CASH_BIL,Bull_MidVol
2024-04-24,81386.61,81386.61,0.0,0.0,0.0,36.33,0,CASH_BIL,Bull_MidVol
2024-04-25,81386.61,81386.61,0.0,0.0,0.0,36.33,0,CASH_BIL,Bull_MidVol
2024-04-26,81386.61,81386.61,0.0,0.0,0.0,36.33,0,CASH_BIL,Bull_MidVol
2024-04-29,81386.61,81386.61,0.0,0.0,0.0,36.33,0,CASH_BIL,Bull_MidVol
2024-04-30,89070.99,0.0,84.18,89155.17,1.0,30.32,2,"SMCI,SOXL",Bull_MidVol
2024-05-01,77259.43,0.0,84.18,77343.6,1.0,39.56,2,"SMCI,SOXL",Bull_MidVol
2024-05-02,80226.39,0.0,84.18,80310.57,1.0,37.24,2,"SMCI,SOXL",Bull_MidVol
2024-05-03,83053.49,0.0,84.18,83137.67,1.0,35.02,2,"SMCI,SOXL",Bull_MidVol
2024-05-06,88095.69,0.0,84.18,88179.87,1.0,31.08,2,"SMCI,SOXL",Bull_MidVol
2024-05-07,86745.26,0.0,84.18,86829.43,1.0,32.14,2,"SMCI,SOXL",Bull_MidVol
2024-05-08,87048.4,0.0,84.18,87132.58,1.0,31.9,2,"SMCI,SOXL",Bull_MidVol
2024-05-09,84924.0,0.0,84.18,85008.18,1.0,33.56,2,"SMCI,SOXL",Bull_MidVol
2024-05-10,85306.21,0.0,84.18,85390.39,1.0,33.26,2,"SMCI,SOXL",Bull_MidVol
2024-05-13,84096.16,0.0,84.18,84180.34,1.0,34.21,2,"SMCI,SOXL",Bull_MidVol
2024-05-14,88288.99,0.0,84.18,88373.17,1.0,30.93,2,"SMCI,SOXL",Bull_MidVol
2024-05-15,100886.39,0.0,84.18,100970.57,1.0,21.07,2,"SMCI,SOXL",Bull_MidVol
2024-05-16,96535.57,0.0,84.18,96619.74,1.0,24.48,2,"SMCI,SOXL",Bull_MidVol
2024-05-17,94764.75,0.0,84.18,94848.93,1.0,25.86,2,"SMCI,SOXL",Bull_LowVol
2024-05-20,97394.81,0.0,84.18,97478.99,1.0,23.81,2,"SMCI,SOXL",Bull_LowVol
2024-05-21,96855.05,0.0,84.18,96939.23,1.0,24.23,2,"SMCI,SOXL",Bull_LowVol
2024-05-22,95335.78,0.0,84.18,95419.96,1.0,25.42,2,"SMCI,SOXL",Bull_LowVol
2024-05-23,92910.16,0.0,84.18,92994.34,1.0,27.31,2,"SMCI,SOXL",Bull_LowVol
2024-05-24,97153.8,0.0,84.18,97237.98,1.0,23.99,2,"SMCI,SOXL",Bull_LowVol
2024-05-28,97559.57,0.0,84.18,97643.74,1.0,23.68,2,"SMCI,SOXL",Bull_LowVol
2024-05-29,93247.57,0.0,84.18,93331.75,1.0,27.05,2,"SMCI,SOXL",Bull_LowVol
2024-05-30,91818.79,0.0,84.18,91902.97,1.0,28.17,2,"SMCI,SOXL",Bull_LowVol
2024-05-31,87860.28,5070.99,0.0,82789.3,0.94,31.26,2,"SMCI,NVDA",Bull_LowVol
2024-06-03,87530.58,5070.99,0.0,82459.6,0.94,31.52,2,"SMCI,NVDA",Bull_LowVol
2024-06-04,87839.91,5070.99,0.0,82768.92,0.94,31.28,2,"SMCI,NVDA",Bull_LowVol
2024-06-05,91364.12,5070.99,0.0,86293.13,0.94,28.52,2,"SMCI,NVDA",Bull_LowVol
2024-06-06,89079.03,5070.99,0.0,84008.04,0.94,30.31,2,"SMCI,NVDA",Bull_LowVol
2024-06-07,88324.0,5070.99,0.0,83253.01,0.94,30.9,2,"SMCI,NVDA",Bull_LowVol
2024-06-10,89951.21,5070.99,0.0,84880.23,0.94,29.63,2,"SMCI,NVDA",Bull_LowVol
2024-06-11,88203.33,5070.99,0.0,83132.35,0.94,31.0,2,"SMCI,NVDA",Bull_LowVol
2024-06-12,89468.97,5070.99,0.0,84397.98,0.94,30.01,2,"SMCI,NVDA",Bull_LowVol
2024-06-13,98226.94,5070.99,0.0,93155.95,0.95,23.15,2,"SMCI,NVDA",Bull_LowVol
2024-06-14,96356.06,5070.99,0.0,91285.07,0.95,24.62,2,"SMCI,NVDA",Bull_LowVol
2024-06-17,99806.48,5070.99,0.0,94735.49,0.95,21.92,2,"SMCI,NVDA",Bull_LowVol
2024-06-18,103253.71,5070.99,0.0,98182.72,0.95,19.22,2,"SMCI,NVDA",Bull_LowVol
2024-06-20,102307.29,5070.99,0.0,97236.3,0.95,19.96,2,"SMCI,NVDA",Bull_LowVol
2024-06-21,100614.39,5070.99,0.0,95543.41,0.95,21.29,2,"SMCI,NVDA",Bull_LowVol
2024-06-24,92739.7,5070.99,0.0,87668.71,0.95,27.45,2,"SMCI,NVDA",Bull_LowVol
2024-06-25,95334.94,5070.99,0.0,90263.95,0.95,25.42,2,"SMCI,NVDA",Bull_LowVol
2024-06-26,94381.51,5070.99,0.0,89310.53,0.95,26.16,2,"SMCI,NVDA",Bull_LowVol
2024-06-27,98964.41,5070.99,0.0,93893.43,0.95,22.58,2,"SMCI,NVDA",Bull_LowVol
2024-06-28,92946.71,5070.99,0.0,87875.72,0.95,27.29,2,"SMCI,NVDA",Bull_LowVol
2024-07-01,92476.32,5070.99,0.0,87405.34,0.95,27.65,2,"SMCI,NVDA",Bull_LowVol
2024-07-02,94303.7,5070.99,0.0,89232.72,0.95,26.22,2,"SMCI,NVDA",Bull_LowVol
2024-07-03,96001.16,5070.99,0.0,90930.17,0.95,24.9,2,"SMCI,NVDA",Bull_LowVol
2024-07-05,95584.23,5070.99,0.0,90513.24,0.95,25.22,2,"SMCI,NVDA",Bull_LowVol
2024-07-08,100372.53,5070.99,0.0,95301.54,0.95,21.48,2,"SMCI,NVDA",Bull_LowVol
2024-07-09,100555.61,5070.99,0.0,95484.62,0.95,21.33,2,"SMCI,NVDA",Bull_LowVol
2024-07-10,101471.66,5070.99,0.0,96400.68,0.95,20.62,2,"SMCI,NVDA",Bull_LowVol
2024-07-11,99400.26,5070.99,0.0,94329.27,0.95,22.24,2,"SMCI,NVDA",Bull_LowVol
2024-07-12,101424.08,5070.99,0.0,96353.1,0.95,20.65,2,"SMCI,NVDA",Bull_LowVol
2024-07-15,100270.89,5070.99,0.0,95199.9,0.95,21.56,2,"SMCI,NVDA",Bull_LowVol
2024-07-16,98211.35,5070.99,0.0,93140.36,0.95,23.17,2,"SMCI,NVDA",Bull_LowVol
2024-07-17,91827.31,5070.99,0.0,86756.32,0.94,28.16,2,"SMCI,NVDA",Bull_MidVol
2024-07-18,91079.12,5070.99,0.0,86008.13,0.94,28.75,2,"SMCI,NVDA",Bull_MidVol
2024-07-19,90182.19,5070.99,0.0,85111.21,0.94,29.45,2,"SMCI,NVDA",Bull_MidVol
2024-07-22,90176.87,5070.99,0.0,85105.88,0.94,29.45,2,"SMCI,NVDA",Bull_MidVol
2024-07-23,89772.55,5070.99,0.0,84701.56,0.94,29.77,2,"SMCI,NVDA",Bull_MidVol
2024-07-24,82471.03,5070.99,0.0,77400.04,0.94,35.48,2,"SMCI,NVDA",Bull_MidVol
2024-07-25,80828.14,5070.99,0.0,75757.16,0.94,36.77,2,"SMCI,NVDA",Bull_MidVol
2024-07-26,82338.37,5070.99,0.0,77267.38,0.94,35.58,2,"SMCI,NVDA",Bull_MidVol
2024-07-29,80898.2,5070.99,0.0,75827.21,0.94,36.71,2,"SMCI,NVDA",Bull_MidVol
2024-07-30,77041.84,5070.99,0.0,71970.85,0.93,39.73,2,"SMCI,NVDA",Bull_MidVol
2024-07-31,82896.8,3.77,0.0,82893.03,1.0,35.15,2,"NVDA,SOXL",Bull_MidVol
2024-08-01,73090.3,11938.61,0.0,61151.69,0.84,42.82,1,NVDA,Bull_MidVol
2024-08-02,72004.01,11938.61,0.0,60065.4,0.83,43.67,1,NVDA,Bull_MidVol
2024-08-05,68185.18,11938.61,0.0,56246.56,0.82,46.66,1,NVDA,Bull_MidVol
2024-08-06,70312.97,11938.61,0.0,58374.36,0.83,44.99,1,NVDA,Bull_MidVol
2024-08-07,69000.85,69000.85,0.0,0.0,0.0,46.02,0,CASH_BIL,Bull_MidVol
2024-08-08,69000.85,69000.85,0.0,0.0,0.0,46.02,0,CASH_BIL,Bull_MidVol
2024-08-09,69000.85,69000.85,0.0,0.0,0.0,46.02,0,CASH_BIL,Bull_MidVol
2024-08-12,69000.85,69000.85,0.0,0.0,0.0,46.02,0,CASH_BIL,Bull_MidVol
2024-08-13,69000.85,69000.85,0.0,0.0,0.0,46.02,0,CASH_BIL,Bull_MidVol
2024-08-14,69000.85,69000.85,0.0,0.0,0.0,46.02,0,CASH_BIL,Bull_MidVol
2024-08-15,69000.85,69000.85,0.0,0.0,0.0,46.02,0,CASH_BIL,Bull_MidVol
2024-08-16,69000.85,69000.85,0.0,0.0,0.0,46.02,0,CASH_BIL,Bull_MidVol
2024-08-19,69000.85,69000.85,0.0,0.0,0.0,46.02,0,CASH_BIL,Bull_MidVol
2024-08-20,69000.85,69000.85,0.0,0.0,0.0,46.02,0,CASH_BIL,Bull_MidVol
2024-08-21,69000.85,69000.85,0.0,0.0,0.0,46.02,0,CASH_BIL,Bull_MidVol
2024-08-22,69000.85,69000.85,0.0,0.0,0.0,46.02,0,CASH_BIL,Bull_MidVol
2024-08-23,69000.85,69000.85,0.0,0.0,0.0,46.02,0,CASH_BIL,Bull_MidVol
2024-08-26,69000.85,69000.85,0.0,0.0,0.0,46.02,0,CASH_BIL,Bull_MidVol
2024-08-27,69000.85,69000.85,0.0,0.0,0.0,46.02,0,CASH_BIL,Bull_MidVol
2024-08-28,69000.85,69000.85,0.0,0.0,0.0,46.02,0,CASH_BIL,Bull_MidVol
2024-08-29,69000.85,69000.85,0.0,0.0,0.0,46.02,0,CASH_BIL,Bull_MidVol
2024-08-30,70741.5,0.0,78.5,70820.0,1.0,44.66,2,"NVDA,TSM",Bull_MidVol
2024-09-03,64787.19,0.0,78.5,64865.69,1.0,49.32,2,"NVDA,TSM",Bull_MidVol
2024-09-04,64179.7,0.0,78.5,64258.2,1.0,49.79,2,"NVDA,TSM",Bull_MidVol
2024-09-05,64987.03,0.0,78.5,65065.53,1.0,49.16,2,"NVDA,TSM",Bull_MidVol
2024-09-06,62299.27,0.0,78.5,62377.77,1.0,51.26,2,"NVDA,TSM",Bull_MidVol
2024-09-09,64570.22,0.0,78.5,64648.72,1.0,49.48,2,"NVDA,TSM",Bull_MidVol
2024-09-10,65122.79,0.0,78.5,65201.29,1.0,49.05,2,"NVDA,TSM",Bull_MidVol
2024-09-11,69600.19,0.0,78.5,69678.69,1.0,45.55,2,"NVDA,TSM",Bull_MidVol
2024-09-12,70715.53,0.0,78.5,70794.03,1.0,44.68,2,"NVDA,TSM",Bull_MidVol
2024-09-13,70865.82,0.0,78.5,70944.33,1.0,44.56,2,"NVDA,TSM",Bull_MidVol
2024-09-16,69474.65,0.0,78.5,69553.15,1.0,45.65,2,"NVDA,TSM",Bull_MidVol
2024-09-17,68764.8,0.0,78.5,68843.3,1.0,46.2,2,"NVDA,TSM",Bull_MidVol
2024-09-18,67928.01,0.0,78.5,68006.51,1.0,46.86,2,"NVDA,TSM",Bull_MidVol
2024-09-19,70982.5,0.0,78.5,71061.0,1.0,44.47,2,"NVDA,TSM",Bull_MidVol
2024-09-20,69956.35,0.0,78.5,70034.85,1.0,45.27,2,"NVDA,TSM",Bull_MidVol
2024-09-23,70158.07,0.0,78.5,70236.57,1.0,45.11,2,"NVDA,TSM",Bull_MidVol
2024-09-24,72986.41,0.0,78.5,73064.91,1.0,42.9,2,"NVDA,TSM",Bull_MidVol
2024-09-25,74027.33,0.0,78.5,74105.83,1.0,42.09,2,"NVDA,TSM",Bull_MidVol
2024-09-26,74916.16,0.0,78.5,74994.66,1.0,41.39,2,"NVDA,TSM",Bull_MidVol
2024-09-27,72566.06,0.0,78.5,72644.56,1.0,43.23,2,"NVDA,TSM",Bull_MidVol
2024-09-30,72084.8,0.0,8442.0,80526.8,1.12,43.61,2,"NVDA,PLTR",Bull_MidVol
2024-10-01,69729.76,0.0,8442.0,78171.76,1.12,45.45,2,"NVDA,PLTR",Bull_MidVol
2024-10-02,71396.67,0.0,8442.0,79838.67,1.12,44.14,2,"NVDA,PLTR",Bull_MidVol
2024-10-03,74547.58,0.0,8442.0,82989.58,1.11,41.68,2,"NVDA,PLTR",Bull_MidVol
2024-10-04,76049.32,0.0,8442.0,84491.32,1.11,40.5,2,"NVDA,PLTR",Bull_LowVol
2024-10-07,76027.01,0.0,8442.0,84469.01,1.11,40.52,2,"NVDA,PLTR",Bull_LowVol
2024-10-08,80382.81,0.0,8442.0,88824.81,1.11,37.11,2,"NVDA,PLTR",Bull_LowVol
2024-10-09,81889.65,0.0,8442.0,90331.64,1.1,35.94,2,"NVDA,PLTR",Bull_LowVol
2024-10-10,83063.84,0.0,8442.0,91505.83,1.1,35.02,2,"NVDA,PLTR",Bull_LowVol
2024-10-11,83050.63,0.0,8442.0,91492.62,1.1,35.03,2,"NVDA,PLTR",Bull_LowVol
2024-10-14,84162.78,0.0,8442.0,92604.77,1.1,34.16,2,"NVDA,PLTR",Bull_LowVol
2024-10-15,80833.93,0.0,8442.0,89275.93,1.1,36.76,2,"NVDA,PLTR",Bull_LowVol
2024-10-16,81891.8,0.0,8442.0,90333.8,1.1,35.93,2,"NVDA,PLTR",Bull_LowVol
2024-10-17,82408.51,0.0,8442.0,90850.5,1.1,35.53,2,"NVDA,PLTR",Bull_LowVol
2024-10-18,83728.2,0.0,8442.0,92170.19,1.1,34.5,2,"NVDA,PLTR",Bull_LowVol
2024-10-21,85596.18,0.0,8442.0,94038.17,1.1,33.04,2,"NVDA,PLTR",Bull_LowVol
2024-10-22,85779.54,0.0,8442.0,94221.54,1.1,32.89,2,"NVDA,PLTR",Bull_LowVol
2024-10-23,83947.6,0.0,8442.0,92389.59,1.1,34.33,2,"NVDA,PLTR",Bull_LowVol
2024-10-24,85185.43,0.0,8442.0,93627.43,1.1,33.36,2,"NVDA,PLTR",Bull_LowVol
2024-10-25,86840.96,0.0,8442.0,95282.96,1.1,32.06,2,"NVDA,PLTR",Bull_LowVol
2024-10-28,86565.96,0.0,8442.0,95007.95,1.1,32.28,2,"NVDA,PLTR",Bull_LowVol
2024-10-29,86799.57,0.0,8442.0,95241.57,1.1,32.09,2,"NVDA,PLTR",Bull_LowVol
2024-10-30,84910.82,0.0,8442.0,93352.81,1.1,33.57,2,"NVDA,PLTR",Bull_LowVol
2024-10-31,80356.16,294.26,0.0,80061.9,1.0,37.14,2,"PLTR,ARM",Bull_MidVol
2024-11-01,80831.04,294.26,0.0,80536.78,1.0,36.76,2,"PLTR,ARM",Bull_LowVol
2024-11-04,79384.51,294.26,0.0,79090.25,1.0,37.9,2,"PLTR,ARM",Bull_LowVol
2024-11-05,91842.27,294.26,0.0,91548.01,1.0,28.15,2,"PLTR,ARM",Bull_LowVol
2024-11-06,98029.74,294.26,0.0,97735.48,1.0,23.31,2,"PLTR,ARM",Bull_MidVol
2024-11-07,99704.97,294.26,0.0,99410.71,1.0,22.0,2,"PLTR,ARM",Bull_MidVol
2024-11-08,102089.4,294.26,0.0,101795.14,1.0,20.13,2,"PLTR,ARM",Bull_MidVol
2024-11-11,103181.23,294.26,0.0,102886.97,1.0,19.28,2,"PLTR,ARM",Bull_MidVol
2024-11-12,102279.35,294.26,0.0,101985.09,1.0,19.98,2,"PLTR,ARM",Bull_MidVol
2024-11-13,102300.18,294.26,0.0,102005.92,1.0,19.97,2,"PLTR,ARM",Bull_MidVol
2024-11-14,100718.08,294.26,0.0,100423.82,1.0,21.21,2,"PLTR,ARM",Bull_MidVol
2024-11-15,107125.56,294.26,0.0,106831.3,1.0,16.19,2,"PLTR,ARM",Bull_MidVol
2024-11-18,101633.76,294.26,0.0,101339.5,1.0,20.49,2,"PLTR,ARM",Bull_MidVol
2024-11-19,104644.01,294.26,0.0,104349.75,1.0,18.13,2,"PLTR,ARM",Bull_MidVol
2024-11-20,103733.61,294.26,0.0,103439.35,1.0,18.85,2,"PLTR,ARM",Bull_MidVol
2024-11-21,102693.36,294.26,0.0,102399.1,1.0,19.66,2,"PLTR,ARM",Bull_MidVol
2024-11-22,106921.37,294.26,0.0,106627.11,1.0,16.35,2,"PLTR,ARM",Bull_MidVol
2024-11-25,108058.42,294.26,0.0,107764.16,1.0,15.46,2,"PLTR,ARM",Bull_MidVol
2024-11-26,108762.31,294.26,0.0,108468.05,1.0,14.91,2,"PLTR,ARM",Bull_MidVol
2024-11-27,108437.27,294.26,0.0,108143.01,1.0,15.17,2,"PLTR,ARM",Bull_MidVol
2024-11-29,109700.34,6362.18,0.0,103338.17,0.94,14.18,2,"PLTR,NVDA",Bull_MidVol
2024-12-02,108922.5,6362.18,0.0,102560.32,0.94,14.79,2,"PLTR,NVDA",Bull_MidVol
2024-12-03,114730.4,6362.18,0.0,108368.22,0.94,10.24,2,"PLTR,NVDA",Bull_MidVol
2024-12-04,114154.45,6362.18,0.0,107792.27,0.94,10.69,2,"PLTR,NVDA",Bull_MidVol
2024-12-05,116596.56,6362.18,0.0,110234.38,0.95,8.78,2,"PLTR,NVDA",Bull_LowVol
2024-12-06,121610.57,6362.18,0.0,115248.39,0.95,4.86,2,"PLTR,NVDA",Bull_LowVol
2024-12-09,116324.16,6362.18,0.0,109961.98,0.95,9.0,2,"PLTR,NVDA",Bull_LowVol
2024-12-10,113825.72,6362.18,0.0,107463.54,0.94,10.95,2,"PLTR,NVDA",Bull_LowVol
2024-12-11,116464.0,6362.18,0.0,110101.82,0.95,8.89,2,"PLTR,NVDA",Bull_LowVol
2024-12-12,116990.26,6362.18,0.0,110628.08,0.95,8.48,2,"PLTR,NVDA",Bull_LowVol
2024-12-13,119986.8,6362.18,0.0,113624.62,0.95,6.13,2,"PLTR,NVDA",Bull_LowVol
2024-12-16,119242.16,6362.18,0.0,112879.99,0.95,6.71,2,"PLTR,NVDA",Bull_LowVol
2024-12-17,117335.78,6362.18,0.0,110973.6,0.95,8.2,2,"PLTR,NVDA",Bull_LowVol
2024-12-18,113604.01,6362.18,0.0,107241.83,0.94,11.12,2,"PLTR,NVDA",Bull_MidVol
2024-12-19,117163.06,6362.18,0.0,110800.88,0.95,8.34,2,"PLTR,NVDA",Bull_MidVol
2024-12-20,125498.71,6362.18,0.0,119136.53,0.95,1.82,2,"PLTR,NVDA",Bull_MidVol
2024-12-23,126455.12,6362.18,0.0,120092.94,0.95,1.07,2,"PLTR,NVDA",Bull_MidVol
2024-12-24,128594.55,6362.18,0.0,122232.37,0.95,0.0,2,"PLTR,NVDA",Bull_MidVol
2024-12-26,128257.2,6362.18,0.0,121895.02,0.95,0.26,2,"PLTR,NVDA",Bull_MidVol
2024-12-27,124078.98,6362.18,0.0,117716.8,0.95,3.51,2,"PLTR,NVDA",Bull_MidVol
2024-12-30,121847.48,6362.18,0.0,115485.3,0.95,5.25,2,"PLTR,NVDA",Bull_MidVol
2024-12-31,119071.58,3609.94,0.0,115461.65,0.97,7.41,2,"PLTR,SHOP",Bull_MidVol
2025-01-02,118803.72,3609.94,0.0,115193.79,0.97,7.61,2,"PLTR,SHOP",Bull_MidVol
2025-01-03,124893.58,3609.94,0.0,121283.64,0.97,2.88,2,"PLTR,SHOP",Bull_MidVol
2025-01-06,121180.39,3609.94,0.0,117570.45,0.97,5.77,2,"PLTR,SHOP",Bull_MidVol
2025-01-07,112322.05,3609.94,0.0,108712.12,0.97,12.65,2,"PLTR,SHOP",Bull_MidVol
2025-01-08,110375.62,3609.94,0.0,106765.68,0.97,14.17,2,"PLTR,SHOP",Bull_MidVol
2025-01-10,108324.86,3609.94,0.0,104714.92,0.97,15.76,2,"PLTR,SHOP",Bull_MidVol
2025-01-13,105122.88,3609.94,0.0,101512.94,0.97,18.25,2,"PLTR,SHOP",Bull_MidVol
2025-01-14,106219.0,3609.94,0.0,102609.06,0.97,17.4,2,"PLTR,SHOP",Bull_MidVol
2025-01-15,109511.26,3609.94,0.0,105901.32,0.97,14.84,2,"PLTR,SHOP",Bull_MidVol
2025-01-16,110682.81,3609.94,0.0,107072.88,0.97,13.93,2,"PLTR,SHOP",Bull_MidVol
2025-01-17,113722.04,3609.94,0.0,110112.11,0.97,11.57,2,"PLTR,SHOP",Bull_MidVol
2025-01-21,115951.51,3609.94,0.0,112341.57,0.97,9.83,2,"PLTR,SHOP",Bull_MidVol
2025-01-22,120586.38,3609.94,0.0,116976.45,0.97,6.23,2,"PLTR,SHOP",Bull_MidVol
2025-01-23,123088.9,3609.94,0.0,119478.96,0.97,4.28,2,"PLTR,SHOP",Bull_MidVol
2025-01-24,123439.78,3609.94,0.0,119829.84,0.97,4.01,2,"PLTR,SHOP",Bull_MidVol
2025-01-27,119074.02,3609.94,0.0,115464.09,0.97,7.4,2,"PLTR,SHOP",Bull_MidVol
2025-01-28,127127.51,3609.94,0.0,123517.57,0.97,1.14,2,"PLTR,SHOP",Bull_MidVol
2025-01-29,126365.73,3609.94,0.0,122755.79,0.97,1.73,2,"PLTR,SHOP",Bull_MidVol
2025-01-30,128714.0,3609.94,0.0,125104.06,0.97,0.0,2,"PLTR,SHOP",Bull_MidVol
2025-01-31,129754.89,2663.9,0.0,127090.98,0.98,0.0,2,"PLTR,TSLA",Bull_MidVol
2025-02-03,129881.47,2663.9,0.0,127217.57,0.98,0.0,2,"PLTR,TSLA",Bull_MidVol
2025-02-04,154847.02,2663.9,0.0,152183.12,0.98,0.0,2,"PLTR,TSLA",Bull_MidVol
2025-02-05,150913.49,2663.9,0.0,148249.59,0.98,2.54,2,"PLTR,TSLA",Bull_MidVol
2025-02-06,162704.7,2663.9,0.0,160040.79,0.98,0.0,2,"PLTR,TSLA",Bull_MidVol
2025-02-07,161337.76,2663.9,0.0,158673.85,0.98,0.84,2,"PLTR,TSLA",Bull_MidVol
2025-02-10,167657.2,2663.9,0.0,164993.3,0.98,0.0,2,"PLTR,TSLA",Bull_MidVol
2025-02-11,161346.58,24575.88,0.0,136770.7,0.85,3.76,1,PLTR,Bull_MidVol
2025-02-12,167139.47,24575.88,0.0,142563.59,0.85,0.31,1,PLTR,Bull_MidVol
2025-02-13,167770.99,24575.88,0.0,143195.11,0.85,0.0,1,PLTR,Bull_MidVol
2025-02-14,169289.04,24575.88,0.0,144713.16,0.85,0.0,1,PLTR,Bull_MidVol
2025-02-18,175919.91,24575.88,0.0,151344.03,0.86,0.0,1,PLTR,Bull_MidVol
2025-02-19,160666.48,24575.88,0.0,136090.6,0.85,8.67,1,PLTR,Bull_MidVol
2025-02-20,153634.85,24575.88,0.0,129058.97,0.84,12.67,1,PLTR,Bull_MidVol
2025-02-21,147659.79,24575.88,0.0,123083.91,0.83,16.06,1,PLTR,Bull_MidVol
2025-02-24,134701.67,24575.88,0.0,110125.79,0.82,23.43,1,PLTR,Bull_MidVol
2025-02-25,131252.64,24575.88,0.0,106676.77,0.81,25.39,1,PLTR,Bull_LowVol
2025-02-26,133037.88,24575.88,0.0,108462.0,0.82,24.38,1,PLTR,Bull_LowVol
2025-02-27,127524.3,24575.88,0.0,102948.42,0.81,27.51,1,PLTR,Bull_MidVol
2025-02-28,127045.8,0.0,1000.18,128045.98,1.01,27.78,2,"PLTR,TSLA",Bull_MidVol
2025-03-03,124515.74,0.0,1000.18,125515.92,1.01,29.22,2,"PLTR,TSLA",Bull_MidVol
2025-03-04,124633.53,0.0,1000.18,125633.71,1.01,29.15,2,"PLTR,TSLA",Bull_MidVol
2025-03-05,132192.68,0.0,1000.18,133192.86,1.01,24.86,2,"PLTR,TSLA",Bull_MidVol
2025-03-06,119118.11,0.0,1000.18,120118.29,1.01,32.29,2,"PLTR,TSLA",Bull_MidVol
2025-03-07,124456.06,0.0,1000.18,125456.24,1.01,29.25,2,"PLTR,TSLA",Bull_MidVol
2025-03-10,110887.57,18128.34,0.0,92759.24,0.84,36.97,1,PLTR,Bull_MidVol
2025-03-11,112915.7,18128.34,0.0,94787.37,0.84,35.81,1,PLTR,Bull_MidVol
2025-03-12,119716.59,18128.34,0.0,101588.25,0.85,31.95,1,PLTR,Bull_MidVol
2025-03-13,114822.38,18128.34,0.0,96694.04,0.84,34.73,1,PLTR,Bull_MidVol
2025-03-14,122861.99,18128.34,0.0,104733.66,0.85,30.16,1,PLTR,Bull_MidVol
2025-03-17,124210.03,18128.34,0.0,106081.69,0.85,29.39,1,PLTR,Bull_MidVol
2025-03-18,120008.05,18128.34,0.0,101879.71,0.85,31.78,1,PLTR,Bull_MidVol
2025-03-19,122691.97,18128.34,0.0,104563.63,0.85,30.26,1,PLTR,Bull_MidVol
2025-03-20,124258.6,18128.34,0.0,106130.27,0.85,29.37,1,PLTR,Bull_MidVol
2025-03-21,128594.17,18128.34,0.0,110465.83,0.86,26.9,1,PLTR,Bull_MidVol
2025-03-24,135625.8,18128.34,0.0,117497.47,0.87,22.9,1,PLTR,Bull_MidVol
2025-03-25,135322.19,18128.34,0.0,117193.86,0.87,23.08,1,PLTR,Bull_MidVol
2025-03-26,130197.24,18128.34,0.0,112068.9,0.86,25.99,1,PLTR,Bull_MidVol
2025-03-27,127537.6,18128.34,0.0,109409.26,0.86,27.5,1,PLTR,Bull_MidVol
2025-03-28,122388.36,18128.34,0.0,104260.02,0.85,30.43,1,PLTR,Bull_MidVol
2025-03-31,120281.66,0.0,6031.21,126312.87,1.05,31.63,2,"PLTR,NET",Bull_MidVol
2025-04-01,121249.33,0.0,6031.21,127280.54,1.05,31.08,2,"PLTR,NET",Bull_MidVol
2025-04-02,125435.37,0.0,6031.21,131466.58,1.05,28.7,2,"PLTR,NET",Bull_MidVol
2025-04-03,118190.1,0.0,6031.21,124221.31,1.05,32.82,2,"PLTR,NET",Bull_MidVol
2025-04-04,103042.56,13161.55,0.0,89881.01,0.87,41.43,1,PLTR,Bull_MidVol
2025-04-07,107693.88,13161.55,0.0,94532.32,0.88,38.78,1,PLTR,Bull_MidVol
2025-04-08,107062.37,13161.55,0.0,93900.82,0.88,39.14,1,PLTR,Bull_MidVol
2025-04-09,124902.56,13161.55,0.0,111741.0,0.89,29.0,1,PLTR,Bull_MidVol
2025-04-10,120749.15,13161.55,0.0,107587.6,0.89,31.36,1,PLTR,Bull_MidVol
2025-04-11,120700.58,13161.55,0.0,107539.03,0.89,31.39,1,PLTR,Bull_MidVol
2025-04-14,126694.04,126694.04,0.0,0.0,0.0,27.98,0,CASH_BIL,Bear
2025-04-15,126707.86,126707.86,0.0,0.0,0.0,27.97,0,CASH_BIL,Bear
2025-04-16,126763.19,126763.19,0.0,0.0,0.0,27.94,0,CASH_BIL,Bear
2025-04-17,126777.02,126777.02,0.0,0.0,0.0,27.93,0,CASH_BIL,Bear
2025-04-21,126777.02,126777.02,0.0,0.0,0.0,27.93,0,CASH_BIL,Bear
2025-04-22,126804.69,126804.69,0.0,0.0,0.0,27.92,0,CASH_BIL,Bear
2025-04-23,126804.69,126804.69,0.0,0.0,0.0,27.92,0,CASH_BIL,Bear
2025-04-24,126860.03,126860.03,0.0,0.0,0.0,27.89,0,CASH_BIL,Bear
2025-04-25,126873.87,126873.87,0.0,0.0,0.0,27.88,0,CASH_BIL,Bear
2025-04-28,126873.87,126873.87,0.0,0.0,0.0,27.88,0,CASH_BIL,Bear
2025-04-29,126873.87,126873.87,0.0,0.0,0.0,27.88,0,CASH_BIL,Bull_MidVol
2025-04-30,125661.28,0.0,107.44,125768.72,1.0,28.57,2,"PLTR,GILD",Bull_MidVol
2025-05-01,122976.02,0.0,107.44,123083.46,1.0,30.1,2,"PLTR,GILD",Bull_MidVol
2025-05-02,129911.43,0.0,107.44,130018.87,1.0,26.15,2,"PLTR,GILD",Bull_MidVol
2025-05-05,129270.97,0.0,107.44,129378.41,1.0,26.52,2,"PLTR,GILD",Bull_MidVol
2025-05-06,115478.27,0.0,107.44,115585.7,1.0,34.36,2,"PLTR,GILD",Bull_MidVol
2025-05-07,117093.36,0.0,107.44,117200.79,1.0,33.44,2,"PLTR,GILD",Bull_MidVol
2025-05-08,124246.25,0.0,107.44,124353.69,1.0,29.37,2,"PLTR,GILD",Bull_MidVol
2025-05-09,122381.38,0.0,107.44,122488.82,1.0,30.43,2,"PLTR,GILD",Bull_MidVol
2025-05-12,125024.03,0.0,107.44,125131.47,1.0,28.93,2,"PLTR,GILD",Bull_MidVol
2025-05-13,132600.3,0.0,107.44,132707.74,1.0,24.62,2,"PLTR,GILD",Bull_MidVol
2025-05-14,133625.5,0.0,107.44,133732.94,1.0,24.04,2,"PLTR,GILD",Bull_MidVol
2025-05-15,132355.06,0.0,107.44,132462.49,1.0,24.76,2,"PLTR,GILD",Bull_MidVol
2025-05-16,134058.3,0.0,107.44,134165.74,1.0,23.8,2,"PLTR,GILD",Bull_MidVol
2025-05-19,132241.23,0.0,107.44,132348.67,1.0,24.83,2,"PLTR,GILD",Bull_MidVol
2025-05-20,132324.99,0.0,107.44,132432.43,1.0,24.78,2,"PLTR,GILD",Bull_MidVol
2025-05-21,127754.53,0.0,107.44,127861.96,1.0,27.38,2,"PLTR,GILD",Bull_MidVol
2025-05-22,128964.72,0.0,107.44,129072.16,1.0,26.69,2,"PLTR,GILD",Bull_MidVol
2025-05-23,129978.68,0.0,107.44,130086.12,1.0,26.11,2,"PLTR,GILD",Bull_MidVol
2025-05-27,130459.98,0.0,107.44,130567.42,1.0,25.84,2,"PLTR,GILD",Bull_MidVol
2025-05-28,130616.52,0.0,107.44,130723.95,1.0,25.75,2,"PLTR,GILD",Bull_MidVol
2025-05-29,130041.05,0.0,107.44,130148.49,1.0,26.08,2,"PLTR,GILD",Bull_MidVol
2025-05-30,137656.61,0.0,1418.13,139074.74,1.01,21.75,2,"PLTR,NFLX",Bull_MidVol
2025-06-02,138145.56,0.0,1418.13,139563.68,1.01,21.47,2,"PLTR,NFLX",Bull_MidVol
2025-06-03,139077.2,0.0,1418.13,140495.33,1.01,20.94,2,"PLTR,NFLX",Bull_MidVol
2025-06-04,136902.73,0.0,1418.13,138320.86,1.01,22.18,2,"PLTR,NFLX",Bull_MidVol
2025-06-05,128611.47,0.0,1418.13,130029.6,1.01,26.89,2,"PLTR,NFLX",Bull_MidVol
2025-06-06,135007.9,0.0,1418.13,136426.02,1.01,23.26,2,"PLTR,NFLX",Bull_MidVol
2025-06-09,138287.98,0.0,1418.13,139706.1,1.01,21.39,2,"PLTR,NFLX",Bull_MidVol
2025-06-10,138444.84,0.0,1418.13,139862.97,1.01,21.3,2,"PLTR,NFLX",Bull_LowVol
2025-06-11,141844.29,0.0,1418.13,143262.42,1.01,19.37,2,"PLTR,NFLX",Bull_LowVol
2025-06-12,140718.56,0.0,1418.13,142136.69,1.01,20.01,2,"PLTR,NFLX",Bull_LowVol
2025-06-13,142521.24,0.0,1418.13,143939.37,1.01,18.99,2,"PLTR,NFLX",Bull_LowVol
2025-06-16,146214.2,0.0,1418.13,147632.33,1.01,16.89,2,"PLTR,NFLX",Bull_LowVol
2025-06-17,143392.82,0.0,1418.13,144810.94,1.01,18.49,2,"PLTR,NFLX",Bull_LowVol
2025-06-18,144918.08,0.0,1418.13,146336.21,1.01,17.62,2,"PLTR,NFLX",Bull_LowVol
2025-06-20,142877.81,0.0,1418.13,144295.93,1.01,18.78,2,"PLTR,NFLX",Bull_LowVol
2025-06-23,145599.97,0.0,1418.13,147018.09,1.01,17.24,2,"PLTR,NFLX",Bull_LowVol
2025-06-24,148984.34,0.0,1418.13,150402.47,1.01,15.31,2,"PLTR,NFLX",Bull_LowVol
2025-06-25,148616.9,0.0,1418.13,150035.03,1.01,15.52,2,"PLTR,NFLX",Bull_LowVol
2025-06-26,150478.0,0.0,1418.13,151896.13,1.01,14.46,2,"PLTR,NFLX",Bull_LowVol
2025-06-27,139431.46,0.0,1418.13,140849.58,1.01,20.74,2,"PLTR,NFLX",Bull_LowVol
2025-06-30,144499.4,264.95,0.0,144234.45,1.0,17.86,2,"PLTR,NET",Bull_LowVol
2025-07-01,138121.0,264.95,0.0,137856.05,1.0,21.49,2,"PLTR,NET",Bull_LowVol
2025-07-02,139440.66,264.95,0.0,139175.71,1.0,20.74,2,"PLTR,NET",Bull_LowVol
2025-07-03,142167.55,264.95,0.0,141902.6,1.0,19.19,2,"PLTR,NET",Bull_LowVol
2025-07-07,146426.07,264.95,0.0,146161.12,1.0,16.77,2,"PLTR,NET",Bull_LowVol
2025-07-08,146919.03,264.95,0.0,146654.08,1.0,16.49,2,"PLTR,NET",Bull_LowVol
2025-07-09,149911.39,264.95,0.0,149646.44,1.0,14.78,2,"PLTR,NET",Bull_LowVol
2025-07-10,147667.09,264.95,0.0,147402.15,1.0,16.06,2,"PLTR,NET",Bull_LowVol
2025-07-11,147250.48,264.95,0.0,146985.53,1.0,16.3,2,"PLTR,NET",Bull_LowVol
2025-07-14,153434.93,264.95,0.0,153169.98,1.0,12.78,2,"PLTR,NET",Bull_LowVol
2025-07-15,153555.07,264.95,0.0,153290.12,1.0,12.71,2,"PLTR,NET",Bull_LowVol
2025-07-16,155945.32,264.95,0.0,155680.37,1.0,11.35,2,"PLTR,NET",Bull_LowVol
2025-07-17,158762.62,264.95,0.0,158497.67,1.0,9.75,2,"PLTR,NET",Bull_LowVol
2025-07-18,159267.61,264.95,0.0,159002.66,1.0,9.47,2,"PLTR,NET",Bull_LowVol
2025-07-21,157865.46,264.95,0.0,157600.52,1.0,10.26,2,"PLTR,NET",Bull_LowVol
2025-07-22,154498.99,264.95,0.0,154234.05,1.0,12.18,2,"PLTR,NET",Bull_LowVol
2025-07-23,158993.11,264.95,0.0,158728.16,1.0,9.62,2,"PLTR,NET",Bull_LowVol
2025-07-24,159547.06,264.95,0.0,159282.11,1.0,9.31,2,"PLTR,NET",Bull_LowVol
2025-07-25,163890.37,264.95,0.0,163625.42,1.0,6.84,2,"PLTR,NET",Bull_LowVol
2025-07-28,163258.93,264.95,0.0,162993.98,1.0,7.2,2,"PLTR,NET",Bull_LowVol
2025-07-29,161875.19,264.95,0.0,161610.25,1.0,7.98,2,"PLTR,NET",Bull_LowVol
2025-07-30,164089.2,264.95,0.0,163824.25,1.0,6.73,2,"PLTR,NET",Bull_LowVol
2025-07-31,164879.75,264.95,0.0,164614.8,1.0,6.28,2,"PLTR,NET",Bull_LowVol
2025-08-01,160310.07,264.95,0.0,160045.12,1.0,8.87,2,"PLTR,NET",Bull_LowVol
2025-08-04,166998.64,264.95,0.0,166733.69,1.0,5.07,2,"PLTR,NET",Bull_LowVol
2025-08-05,177514.49,264.95,0.0,177249.55,1.0,0.0,2,"PLTR,NET",Bull_LowVol
2025-08-06,183958.09,264.95,0.0,183693.15,1.0,0.0,2,"PLTR,NET",Bull_LowVol
2025-08-07,185454.26,264.95,0.0,185189.31,1.0,0.0,2,"PLTR,NET",Bull_LowVol
2025-08-08,188615.13,264.95,0.0,188350.18,1.0,0.0,2,"PLTR,NET",Bull_LowVol
2025-08-11,184488.77,264.95,0.0,184223.82,1.0,2.19,2,"PLTR,NET",Bull_LowVol
2025-08-12,188287.77,264.95,0.0,188022.82,1.0,0.17,2,"PLTR,NET",Bull_LowVol
2025-08-13,185647.02,264.95,0.0,185382.08,1.0,1.57,2,"PLTR,NET",Bull_LowVol
2025-08-14,182228.64,264.95,0.0,181963.69,1.0,3.39,2,"PLTR,NET",Bull_LowVol
2025-08-15,179791.37,264.95,0.0,179526.42,1.0,4.68,2,"PLTR,NET",Bull_LowVol
2025-08-18,177352.34,264.95,0.0,177087.39,1.0,5.97,2,"PLTR,NET",Bull_LowVol
2025-08-19,162719.99,264.95,0.0,162455.05,1.0,13.73,2,"PLTR,NET",Bull_LowVol
2025-08-20,160759.08,264.95,0.0,160494.13,1.0,14.77,2,"PLTR,NET",Bull_LowVol
2025-08-21,160839.21,264.95,0.0,160574.26,1.0,14.73,2,"PLTR,NET",Bull_LowVol
2025-08-22,163506.79,264.95,0.0,163241.84,1.0,13.31,2,"PLTR,NET",Bull_LowVol
2025-08-25,162136.38,264.95,0.0,161871.43,1.0,14.04,2,"PLTR,NET",Bull_LowVol
2025-08-26,165659.87,264.95,0.0,165394.93,1.0,12.17,2,"PLTR,NET",Bull_LowVol
2025-08-27,163140.55,264.95,0.0,162875.6,1.0,13.51,2,"PLTR,NET",Bull_LowVol
2025-08-28,165534.4,264.95,0.0,165269.46,1.0,12.24,2,"PLTR,NET",Bull_LowVol
2025-08-29,163645.43,264.95,0.0,163380.48,1.0,13.24,2,"PLTR,NET",Bull_LowVol
2025-09-02,163869.09,264.95,0.0,163604.14,1.0,13.12,2,"PLTR,NET",Bull_LowVol
2025-09-03,161671.18,264.95,0.0,161406.23,1.0,14.29,2,"PLTR,NET",Bull_LowVol
2025-09-04,163351.34,264.95,0.0,163086.39,1.0,13.39,2,"PLTR,NET",Bull_LowVol
2025-09-05,161447.65,264.95,0.0,161182.7,1.0,14.4,2,"PLTR,NET",Bull_LowVol
2025-09-08,164492.12,264.95,0.0,164227.17,1.0,12.79,2,"PLTR,NET",Bull_LowVol
2025-09-09,169879.89,264.95,0.0,169614.95,1.0,9.93,2,"PLTR,NET",Bull_LowVol
2025-09-10,174235.77,264.95,0.0,173970.82,1.0,7.62,2,"PLTR,NET",Bull_LowVol
2025-09-11,172470.42,264.95,0.0,172205.47,1.0,8.56,2,"PLTR,NET",Bull_LowVol
2025-09-12,177957.27,264.95,0.0,177692.32,1.0,5.65,2,"PLTR,NET",Bull_LowVol
2025-09-15,178465.07,264.95,0.0,178200.12,1.0,5.38,2,"PLTR,NET",Bull_LowVol
2025-09-16,176660.28,264.95,0.0,176395.34,1.0,6.34,2,"PLTR,NET",Bull_LowVol
2025-09-17,174235.46,264.95,0.0,173970.52,1.0,7.62,2,"PLTR,NET",Bull_LowVol
2025-09-18,182974.44,264.95,0.0,182709.49,1.0,2.99,2,"PLTR,NET",Bull_LowVol
2025-09-19,187907.89,264.95,0.0,187642.94,1.0,0.37,2,"PLTR,NET",Bull_LowVol
2025-09-22,185666.69,264.95,0.0,185401.75,1.0,1.56,2,"PLTR,NET",Bull_LowVol
2025-09-23,187646.72,264.95,0.0,187381.77,1.0,0.51,2,"PLTR,NET",Bull_LowVol
2025-09-24,184276.79,264.95,0.0,184011.85,1.0,2.3,2,"PLTR,NET",Bull_LowVol
2025-09-25,183997.95,264.95,0.0,183733.0,1.0,2.45,2,"PLTR,NET",Bull_LowVol
2025-09-26,182412.21,264.95,0.0,182147.26,1.0,3.29,2,"PLTR,NET",Bull_LowVol
2025-09-29,183834.33,264.95,0.0,183569.38,1.0,2.53,2,"PLTR,NET",Bull_LowVol
2025-09-30,186279.67,0.0,5449.37,191729.04,1.03,1.24,2,"PLTR,NET",Bull_LowVol
2025-10-01,188850.36,0.0,5449.37,194299.73,1.03,0.0,2,"PLTR,NET",Bull_LowVol
2025-10-02,191936.11,0.0,5449.37,197385.49,1.03,0.0,2,"PLTR,NET",Bull_LowVol
2025-10-03,178737.18,0.0,5449.37,184186.55,1.03,6.88,2,"PLTR,NET",Bull_LowVol
2025-10-06,184961.0,0.0,5449.37,190410.37,1.03,3.63,2,"PLTR,NET",Bull_LowVol
2025-10-07,186557.39,0.0,5449.37,192006.76,1.03,2.8,2,"PLTR,NET",Bull_LowVol
2025-10-08,188188.61,0.0,5449.37,193637.99,1.03,1.95,2,"PLTR,NET",Bull_LowVol
2025-10-09,189969.55,0.0,5449.37,195418.93,1.03,1.02,2,"PLTR,NET",Bull_LowVol
2025-10-10,180243.27,0.0,5449.37,185692.65,1.03,6.09,2,"PLTR,NET",Bull_LowVol
2025-10-13,183266.6,0.0,5449.37,188715.98,1.03,4.52,2,"PLTR,NET",Bull_MidVol
2025-10-14,184530.67,0.0,5449.37,189980.05,1.03,3.86,2,"PLTR,NET",Bull_MidVol
2025-10-15,184399.5,0.0,5449.37,189848.88,1.03,3.93,2,"PLTR,NET",Bull_MidVol
2025-10-16,182086.59,0.0,5449.37,187535.97,1.03,5.13,2,"PLTR,NET",Bull_MidVol
2025-10-17,181869.15,0.0,5449.37,187318.52,1.03,5.24,2,"PLTR,NET",Bull_MidVol
2025-10-20,185307.11,0.0,5449.37,190756.48,1.03,3.45,2,"PLTR,NET",Bull_MidVol
2025-10-21,185228.98,0.0,5449.37,190678.36,1.03,3.49,2,"PLTR,NET",Bull_MidVol
2025-10-22,179745.78,0.0,5449.37,185195.16,1.03,6.35,2,"PLTR,NET",Bull_MidVol
2025-10-23,185088.24,0.0,5449.37,190537.62,1.03,3.57,2,"PLTR,NET",Bull_MidVol
2025-10-24,188717.79,0.0,5449.37,194167.16,1.03,1.68,2,"PLTR,NET",Bull_MidVol
2025-10-27,193833.19,0.0,5449.37,199282.56,1.03,0.0,2,"PLTR,NET",Bull_MidVol
2025-10-28,193992.69,0.0,5449.37,199442.06,1.03,0.0,2,"PLTR,NET",Bull_MidVol
2025-10-29,202372.31,0.0,5449.37,207821.68,1.03,0.0,2,"PLTR,NET",Bull_MidVol
2025-10-30,197917.85,0.0,5449.37,203367.23,1.03,2.2,2,"PLTR,NET",Bull_MidVol
2025-10-31,203825.5,0.0,150.15,203975.64,1.0,2.15,2,"SOXL,MU",Bull_MidVol
2025-11-03,210651.73,0.0,150.15,210801.88,1.0,0.0,2,"SOXL,MU",Bull_MidVol
2025-11-04,190914.83,0.0,150.15,191064.98,1.0,9.37,2,"SOXL,MU",Bull_MidVol
2025-11-05,208402.22,0.0,150.15,208552.37,1.0,1.07,2,"SOXL,MU",Bull_MidVol
2025-11-06,200983.71,0.0,150.15,201133.86,1.0,4.59,2,"SOXL,MU",Bull_MidVol
2025-11-07,204910.68,91935.15,0.0,112975.53,0.55,2.73,1,MU,Bull_MidVol
2025-11-10,212213.82,91935.15,0.0,120278.67,0.57,0.0,1,MU,Bull_MidVol
2025-11-11,206425.44,91935.15,0.0,114490.29,0.55,2.73,1,MU,Bull_MidVol
2025-11-12,208225.11,91935.15,0.0,116289.96,0.56,1.88,1,MU,Bull_MidVol
2025-11-13,204450.08,91935.15,0.0,112514.93,0.55,3.66,1,MU,Bull_MidVol
2025-11-14,209141.57,91935.15,0.0,117206.42,0.56,1.45,1,MU,Bull_MidVol
2025-11-17,206824.32,91935.15,0.0,114889.17,0.56,2.54,1,MU,Bull_MidVol
2025-11-18,200437.63,91935.15,0.0,108502.48,0.54,5.55,1,MU,Bull_MidVol
2025-11-19,199212.52,91935.15,0.0,107277.37,0.54,6.13,1,MU,Bull_MidVol
2025-11-20,187555.03,91935.15,0.0,95619.88,0.51,11.62,1,MU,Bull_MidVol
2025-11-21,190404.11,91935.15,0.0,98468.96,0.52,10.28,1,MU,Bull_MidVol
2025-11-24,198267.58,91935.15,0.0,106332.43,0.54,6.57,1,MU,Bull_MidVol
2025-11-25,198552.48,91935.15,0.0,106617.33,0.54,6.44,1,MU,Bull_MidVol
2025-11-26,201273.35,91935.15,0.0,109338.2,0.54,5.16,1,MU,Bull_MidVol
2025-11-28,211058.04,0.0,71550.07,282608.11,1.34,0.54,2,"MU,SOXL",Bull_MidVol
2025-12-01,213154.34,0.0,71550.07,284704.41,1.34,0.0,2,"MU,SOXL",Bull_MidVol
2025-12-02,222972.15,0.0,71550.07,294522.22,1.32,0.0,2,"MU,SOXL",Bull_MidVol
2025-12-03,231916.74,0.0,71550.07,303466.81,1.31,0.0,2,"MU,SOXL",Bull_MidVol
2025-12-04,222489.04,0.0,71550.07,294039.11,1.32,4.07,2,"MU,SOXL",Bull_MidVol
2025-12-05,233039.52,0.0,71550.07,304589.59,1.31,0.0,2,"MU,SOXL",Bull_MidVol
2025-12-08,243796.09,0.0,71550.07,315346.16,1.29,0.0,2,"MU,SOXL",Bull_MidVol
2025-12-09,245582.17,0.0,71550.07,317132.23,1.29,0.0,2,"MU,SOXL",Bull_MidVol
2025-12-10,258621.04,0.0,71550.07,330171.1,1.28,0.0,2,"MU,SOXL",Bull_MidVol
2025-12-11,252578.12,0.0,71550.07,324128.19,1.28,2.34,2,"MU,SOXL",Bull_MidVol
2025-12-12,215128.38,0.0,71550.07,286678.44,1.33,16.82,2,"MU,SOXL",Bull_MidVol
2025-12-15,211212.16,0.0,71550.07,282762.23,1.34,18.33,2,"MU,SOXL",Bull_MidVol
2025-12-16,205994.45,0.0,71550.07,277544.51,1.35,20.35,2,"MU,SOXL",Bull_MidVol
2025-12-17,184182.35,0.0,71550.07,255732.42,1.39,28.78,2,"MU,SOXL",Bull_MidVol
2025-12-18,205726.74,0.0,71550.07,277276.8,1.35,20.45,2,"MU,SOXL",Bull_MidVol
2025-12-19,226936.37,0.0,71550.07,298486.44,1.32,12.25,2,"MU,SOXL",Bull_MidVol
2025-12-22,238359.9,0.0,71550.07,309909.97,1.3,7.83,2,"MU,SOXL",Bull_MidVol
2025-12-23,240024.22,0.0,71550.07,311574.29,1.3,7.19,2,"MU,SOXL",Bull_LowVol
2025-12-24,247072.61,0.0,71550.07,318622.67,1.29,4.47,2,"MU,SOXL",Bull_LowVol
2025-12-26,246175.16,0.0,71550.07,317725.23,1.29,4.81,2,"MU,SOXL",Bull_LowVol
2025-12-29,249170.77,0.0,71550.07,320720.83,1.29,3.65,2,"MU,SOXL",Bull_LowVol
2025-12-30,247725.01,0.0,71550.07,319275.07,1.29,4.21,2,"MU,SOXL",Bull_LowVol
2025-12-31,221723.13,4531.42,0.0,217191.71,0.98,14.27,2,"MU,INTC",Bull_LowVol
2026-01-02,242898.76,4531.42,0.0,238367.34,0.98,6.08,2,"MU,INTC",Bull_LowVol
2026-01-05,240900.21,4531.42,0.0,236368.79,0.98,6.85,2,"MU,INTC",Bull_LowVol
2026-01-06,260699.25,4531.42,0.0,256167.82,0.98,0.0,2,"MU,INTC",Bull_LowVol
2026-01-07,261415.85,4531.42,0.0,256884.43,0.98,0.0,2,"MU,INTC",Bull_LowVol
2026-01-08,251999.39,4531.42,0.0,247467.97,0.98,3.6,2,"MU,INTC",Bull_LowVol
2026-01-09,268247.11,4531.42,0.0,263715.68,0.98,0.0,2,"MU,INTC",Bull_LowVol
2026-01-12,266952.65,4531.42,0.0,262421.23,0.98,0.48,2,"MU,INTC",Bull_LowVol
2026-01-13,266083.69,4531.42,0.0,261552.26,0.98,0.81,2,"MU,INTC",Bull_LowVol
2026-01-14,264876.78,4531.42,0.0,260345.36,0.98,1.26,2,"MU,INTC",Bull_LowVol
2026-01-15,266394.8,4531.42,0.0,261863.38,0.98,0.69,2,"MU,INTC",Bull_LowVol
2026-01-16,280649.69,4531.42,0.0,276118.27,0.98,0.0,2,"MU,INTC",Bull_LowVol
2026-01-20,283915.57,4531.42,0.0,279384.14,0.98,0.0,2,"MU,INTC",Bull_LowVol
2026-01-21,305316.34,4531.42,0.0,300784.92,0.99,0.0,2,"MU,INTC",Bull_LowVol
2026-01-22,310545.3,4531.42,0.0,306013.87,0.99,0.0,2,"MU,INTC",Bull_LowVol
2026-01-23,300824.89,4531.42,0.0,296293.47,0.98,3.13,2,"MU,INTC",Bull_LowVol
2026-01-26,291347.28,4531.42,0.0,286815.85,0.98,6.18,2,"MU,INTC",Bull_LowVol
2026-01-27,305905.79,4531.42,0.0,301374.36,0.99,1.49,2,"MU,INTC",Bull_LowVol
2026-01-28,326874.68,4531.42,0.0,322343.25,0.99,0.0,2,"MU,INTC",Bull_LowVol
2026-01-29,327042.1,4531.42,0.0,322510.68,0.99,0.0,2,"MU,INTC",Bull_LowVol
2026-01-30,310673.13,0.0,3556.48,314229.61,1.01,5.01,2,"MU,LRCX",Bull_LowVol
2026-02-02,325673.87,0.0,3556.48,329230.35,1.01,0.42,2,"MU,LRCX",Bull_LowVol
2026-02-03,312548.71,0.0,3556.48,316105.19,1.01,4.43,2,"MU,LRCX",Bull_LowVol
2026-02-04,282811.32,0.0,3556.48,286367.8,1.01,13.52,2,"MU,LRCX",Bull_LowVol
2026-02-05,285871.74,0.0,3556.48,289428.22,1.01,12.59,2,"MU,LRCX",Bull_MidVol
2026-02-06,297754.42,0.0,3556.48,301310.9,1.01,8.96,2,"MU,LRCX",Bull_MidVol
2026-02-09,290495.33,0.0,3556.48,294051.81,1.01,11.17,2,"MU,LRCX",Bull_MidVol
2026-02-10,283556.96,0.0,3556.48,287113.45,1.01,13.3,2,"MU,LRCX",Bull_MidVol
2026-02-11,308356.97,0.0,3556.48,311913.45,1.01,5.71,2,"MU,LRCX",Bull_MidVol
2026-02-12,309542.39,0.0,3556.48,313098.87,1.01,5.35,2,"MU,LRCX",Bull_MidVol
2026-02-13,309268.13,0.0,3556.48,312824.61,1.01,5.43,2,"MU,LRCX",Bull_MidVol
2026-02-17,302063.83,0.0,3556.48,305620.31,1.01,7.64,2,"MU,LRCX",Bull_MidVol
2026-02-18,316126.57,0.0,3556.48,319683.05,1.01,3.34,2,"MU,LRCX",Bull_MidVol
2026-02-19,313220.37,0.0,3556.48,316776.85,1.01,4.23,2,"MU,LRCX",Bull_MidVol
2026-02-20,321799.27,0.0,3556.48,325355.75,1.01,1.6,2,"MU,LRCX",Bull_MidVol
2026-02-23,316719.26,0.0,3556.48,320275.74,1.01,3.16,2,"MU,LRCX",Bull_MidVol
2026-02-24,315448.24,0.0,3556.48,319004.73,1.01,3.55,2,"MU,LRCX",Bull_MidVol
2026-02-25,323517.91,0.0,3556.48,327074.39,1.01,1.08,2,"MU,LRCX",Bull_MidVol
2026-02-26,312580.27,0.0,3556.48,316136.75,1.01,4.42,2,"MU,LRCX",Bull_MidVol
2026-02-27,312867.52,0.0,4199.95,317067.47,1.01,4.33,2,"MU,SOXL",Bull_MidVol
2026-03-02,313039.2,0.0,4199.95,317239.15,1.01,4.28,2,"MU,SOXL",Bull_MidVol
2026-03-03,283096.06,0.0,4199.95,287296.01,1.01,13.44,2,"MU,SOXL",Bull_MidVol
2026-03-04,299301.07,0.0,4199.95,303501.01,1.01,8.48,2,"MU,SOXL",Bull_MidVol
2026-03-05,295111.85,0.0,4199.95,299311.79,1.01,9.76,2,"MU,SOXL",Bull_MidVol
2026-03-06,268965.16,43992.66,0.0,224972.5,0.84,17.76,1,MU,Bull_MidVol
2026-03-09,280520.59,43992.66,0.0,236527.93,0.84,14.22,1,MU,Bull_MidVol
2026-03-10,288898.58,43992.66,0.0,244905.91,0.85,11.66,1,MU,Bull_MidVol
2026-03-11,298364.08,43992.66,0.0,254371.41,0.85,8.77,1,MU,Bull_MidVol
2026-03-12,290259.46,43992.66,0.0,246266.8,0.85,11.25,1,MU,Bull_MidVol
2026-03-13,302884.18,43992.66,0.0,258891.52,0.85,7.39,1,MU,Bull_LowVol
2026-03-16,312404.35,43992.66,0.0,268411.69,0.86,4.48,1,MU,Bull_MidVol
2026-03-17,324488.35,43992.66,0.0,280495.69,0.86,0.78,1,MU,Bull_MidVol
2026-03-18,324512.65,43992.66,0.0,280519.99,0.86,0.77,1,MU,Bull_MidVol
2026-03-19,313904.97,43992.66,0.0,269912.31,0.86,4.02,1,MU,Bull_MidVol
2026-03-20,300921.82,43992.66,0.0,256929.16,0.85,7.99,1,MU,Bull_MidVol
2026-03-23,289651.93,43992.66,0.0,245659.27,0.85,11.43,1,MU,Bull_MidVol
2026-03-24,284293.41,43992.66,0.0,240300.75,0.85,13.07,1,MU,Bull_MidVol
2026-03-25,276128.07,43992.66,0.0,232135.4,0.84,15.57,1,MU,Bull_MidVol
2026-03-26,259949.25,43992.66,0.0,215956.59,0.83,20.52,1,MU,Bull_MidVol
2026-03-27,261018.51,43992.66,0.0,217025.85,0.83,20.19,1,MU,Bull_MidVol
2026-03-30,239581.53,43992.66,0.0,195588.86,0.82,26.74,1,MU,Bull_MidVol
2026-03-31,247161.07,0.0,5920.39,253081.46,1.02,24.43,2,"MU,SOXL",Bull_MidVol
2026-04-01,269735.91,0.0,5920.39,275656.3,1.02,17.52,2,"MU,SOXL",Bull_MidVol
2026-04-02,269245.65,0.0,5920.39,275166.04,1.02,17.67,2,"MU,SOXL",Bull_MidVol
2026-04-06,278300.32,0.0,5920.39,284220.71,1.02,14.9,2,"MU,SOXL",Bull_MidVol
2026-04-07,279924.85,0.0,5920.39,285845.24,1.02,14.41,2,"MU,SOXL",Bull_MidVol
2026-04-08,308554.08,0.0,5920.39,314474.47,1.02,5.65,2,"MU,SOXL",Bull_MidVol
2026-04-09,322001.76,0.0,5920.39,327922.15,1.02,1.54,2,"MU,SOXL",Bull_MidVol
2026-04-10,325837.25,0.0,5920.39,331757.65,1.02,0.37,2,"MU,SOXL",Bull_MidVol
2026-04-13,333621.31,0.0,5920.39,339541.7,1.02,0.0,2,"MU,SOXL",Bull_MidVol
2026-04-14,362119.65,0.0,5920.39,368040.04,1.02,0.0,2,"MU,SOXL",Bull_MidVol
2026-04-15,357035.86,0.0,5920.39,362956.26,1.02,1.4,2,"MU,SOXL",Bull_MidVol
2026-04-16,360045.29,0.0,5920.39,365965.68,1.02,0.57,2,"MU,SOXL",Bull_MidVol
2026-04-17,365020.52,0.0,5920.39,370940.91,1.02,0.0,2,"MU,SOXL",Bull_MidVol
2026-04-20,362234.29,0.0,5920.39,368154.69,1.02,0.76,2,"MU,SOXL",Bull_MidVol
2026-04-21,364960.31,0.0,5920.39,370880.7,1.02,0.02,2,"MU,SOXL",Bull_MidVol
2026-04-22,395641.13,0.0,5920.39,401561.52,1.01,0.0,2,"MU,SOXL",Bull_MidVol
2026-04-23,399245.43,0.0,5920.39,405165.83,1.01,0.0,2,"MU,SOXL",Bull_MidVol
2026-04-24,423858.35,0.0,5920.39,429778.74,1.01,0.0,2,"MU,SOXL",Bull_MidVol
2026-04-27,435866.51,0.0,5920.39,441786.9,1.01,0.0,2,"MU,SOXL",Bull_MidVol
2026-04-28,409764.55,0.0,5920.39,415684.95,1.01,5.99,2,"MU,SOXL",Bull_MidVol
2026-04-29,426757.82,0.0,5920.39,432678.22,1.01,2.09,2,"MU,SOXL",Bull_LowVol
2026-04-30,429357.38,0.0,70335.84,499693.22,1.16,1.49,2,"MU,MRNA",Bull_LowVol
2026-05-01,442282.8,0.0,70335.84,512618.64,1.16,0.0,2,"MU,MRNA",Bull_LowVol
2026-05-04,470881.19,0.0,70335.84,541217.03,1.15,0.0,2,"MU,MRNA",Bull_LowVol
2026-05-05,507247.58,0.0,70335.84,577583.42,1.14,0.0,2,"MU,MRNA",Bull_LowVol
2026-05-06,531680.04,0.0,70335.84,602015.88,1.13,0.0,2,"MU,MRNA",Bull_LowVol
2026-05-07,518539.67,0.0,70335.84,588875.51,1.14,2.47,2,"MU,MRNA",Bull_LowVol
2026-05-08,602871.69,0.0,70335.84,673207.53,1.12,0.0,2,"MU,MRNA",Bull_LowVol
2026-05-11,626430.64,0.0,70335.84,696766.48,1.11,0.0,2,"MU,MRNA",Bull_LowVol
2026-05-12,610530.13,0.0,70335.84,680865.98,1.12,2.54,2,"MU,MRNA",Bull_MidVol
2026-05-13,621549.36,0.0,70335.84,691885.2,1.11,0.78,2,"MU,MRNA",Bull_LowVol
2026-05-14,603188.42,0.0,70335.84,673524.26,1.12,3.71,2,"MU,MRNA",Bull_LowVol
2026-05-15,567983.46,0.0,70335.84,638319.3,1.12,9.33,2,"MU,MRNA",Bull_MidVol
2026-05-18,538022.79,0.0,70335.84,608358.63,1.13,14.11,2,"MU,MRNA",Bull_MidVol
2026-05-19,538833.4,0.0,70335.84,609169.24,1.13,13.98,2,"MU,MRNA",Bull_MidVol
2026-05-20,568726.48,0.0,70335.84,639062.32,1.12,9.21,2,"MU,MRNA",Bull_MidVol
2026-05-21,583557.16,0.0,70335.84,653893.0,1.12,6.84,2,"MU,MRNA",Bull_MidVol
2026-05-22,575277.37,0.0,70335.84,645613.21,1.12,8.17,2,"MU,MRNA",Bull_MidVol
2026-05-26,663940.14,0.0,70335.84,734275.99,1.11,0.0,2,"MU,MRNA",Bull_MidVol
2026-05-27,686052.01,0.0,70335.84,756387.86,1.1,0.0,2,"MU,MRNA",Bull_MidVol
2026-05-28,682918.51,0.0,70335.84,753254.35,1.1,0.46,2,"MU,MRNA",Bull_MidVol
2026-05-29,758522.28,0.0,410.41,758932.69,1.0,0.0,2,"SOXL,INTC",Bull_MidVol
2026-06-01,758615.2,0.0,410.41,759025.61,1.0,0.0,2,"SOXL,INTC",Bull_MidVol
2026-06-02,862756.29,0.0,410.41,863166.7,1.0,0.0,2,"SOXL,INTC",Bull_LowVol
2026-06-03,907528.18,0.0,410.41,907938.59,1.0,0.0,2,"SOXL,INTC",Bull_LowVol
2026-06-04,858144.95,0.0,410.41,858555.36,1.0,5.44,2,"SOXL,INTC",Bull_LowVol
2026-06-05,700405.93,567582.81,0.0,132823.12,0.19,22.82,1,INTC,Bull_MidVol
2026-06-08,715272.69,567582.81,0.0,147689.88,0.21,21.18,1,INTC,Bull_MidVol
2026-06-09,712125.22,567582.81,0.0,144542.42,0.2,21.53,1,INTC,Bull_MidVol
2026-06-10,710946.6,567582.81,0.0,143363.79,0.2,21.66,1,INTC,Bull_MidVol
2026-06-11,724232.93,567582.81,0.0,156650.12,0.22,20.2,1,INTC,Bull_MidVol
2026-06-12,734425.37,567582.81,0.0,166842.56,0.23,19.07,1,INTC,Bull_MidVol
2026-06-15,738831.82,567582.81,0.0,171249.01,0.23,18.59,1,INTC,Bull_MidVol
2026-06-16,724353.48,567582.81,0.0,156770.67,0.22,20.18,1,INTC,Bull_MidVol
2026-06-17,729777.83,567582.81,0.0,162195.02,0.22,19.59,1,INTC,Bull_MidVol
2026-06-18,747042.03,567582.81,0.0,179459.22,0.24,17.68,1,INTC,Bull_MidVol
2026-06-22,756350.49,567582.81,0.0,188767.69,0.25,16.66,1,INTC,Bull_MidVol
2026-06-23,744751.74,567582.81,0.0,177168.93,0.24,17.94,1,INTC,Bull_MidVol
2026-06-24,743907.94,567582.81,0.0,176325.13,0.24,18.03,1,INTC,Bull_MidVol
2026-06-25,745541.95,567582.81,0.0,177959.14,0.24,17.85,1,INTC,Bull_MidVol
2026-06-26,739447.93,567582.81,0.0,171865.12,0.23,18.52,1,INTC,Bull_MidVol
2026-06-29,744001.71,567582.81,0.0,176418.9,0.24,18.02,1,INTC,Bull_MidVol
2026-06-30,830660.51,0.0,418.14,831078.65,1.0,8.47,2,"SOXL,MU",Bull_MidVol
2026-07-01,690027.77,0.0,418.14,690445.91,1.0,23.97,2,"SOXL,MU",Bull_MidVol
2026-07-02,630693.53,495761.48,0.0,134932.06,0.21,30.5,1,MU,Bull_MidVol
2026-07-06,631985.57,495761.48,0.0,136224.1,0.22,30.36,1,MU,Bull_MidVol
2026-07-07,625571.04,495761.48,0.0,129809.56,0.21,31.07,1,MU,Bull_MidVol
2026-07-08,627012.48,495761.48,0.0,131251.0,0.21,30.91,1,MU,Bull_MidVol
2026-07-09,632938.69,495761.48,0.0,137177.22,0.22,30.26,1,MU,Bull_MidVol
2026-07-10,631231.65,495761.48,0.0,135470.18,0.21,30.44,1,MU,Bull_MidVol
2026-07-13,625380.14,495761.48,0.0,129618.66,0.21,31.09,1,MU,Bull_MidVol
2026-07-14,631760.09,495761.48,0.0,135998.61,0.22,30.39,1,MU,Bull_MidVol
2026-07-15,615579.66,615579.66,0.0,0.0,0.0,32.17,0,CASH_BIL,Bull_MidVol
2026-07-16,615579.66,615579.66,0.0,0.0,0.0,32.17,0,CASH_BIL,Bull_MidVol
2026-07-17,615579.66,615579.66,0.0,0.0,0.0,32.17,0,CASH_BIL,Bull_MidVol
2026-07-20,615579.66,615579.66,0.0,0.0,0.0,32.17,0,CASH_BIL,Bull_MidVol
2026-07-21,615579.66,615579.66,0.0,0.0,0.0,32.17,0,CASH_BIL,Bull_MidVol
2026-07-22,615579.66,615579.66,0.0,0.0,0.0,32.17,0,CASH_BIL,Bull_MidVol
2026-07-23,615579.66,615579.66,0.0,0.0,0.0,32.17,0,CASH_BIL,Bull_MidVol
2026-07-24,615579.66,615579.66,0.0,0.0,0.0,32.17,0,CASH_BIL,Bull_MidVol
2026-07-27,615579.66,615579.66,0.0,0.0,0.0,32.17,0,CASH_BIL,Bull_MidVol
2026-07-28,615579.66,615579.66,0.0,0.0,0.0,32.17,0,CASH_BIL,Bull_MidVol
2026-07-29,615579.66,615579.66,0.0,0.0,0.0,32.17,0,CASH_BIL,Bull_MidVol
2026-07-30,615579.66,615579.66,0.0,0.0,0.0,32.17,0,CASH_BIL,Bull_MidVol
2026-07-31,652983.15,0.0,351.79,653334.94,1.0,28.05,2,"SOXL,MU",Bull_MidVol
2026-08-03,660839.33,0.0,351.79,661191.12,1.0,27.18,2,"SOXL,MU",Bull_MidVol
2026-08-04,746944.23,0.0,351.79,747296.02,1.0,17.69,2,"SOXL,MU",Bull_MidVol
2026-08-05,727602.35,0.0,351.79,727954.14,1.0,19.83,2,"SOXL,MU",Bull_MidVol
2026-08-06,723032.48,0.0,351.79,723384.27,1.0,20.33,2,"SOXL,MU",Bull_MidVol
2026-08-07,741094.03,0.0,351.79,741445.82,1.0,18.34,2,"SOXL,MU",Bull_MidVol
2026-08-10,708091.11,0.0,351.79,708442.9,1.0,21.98,2,"SOXL,MU",Bull_MidVol
2026-08-11,718939.77,0.0,351.79,719291.56,1.0,20.78,2,"SOXL,MU",Bull_MidVol
2026-08-12,760886.7,0.0,351.79,761238.49,1.0,16.16,2,"SOXL,MU",Bull_MidVol
2026-08-13,786050.84,0.0,351.79,786402.63,1.0,13.39,2,"SOXL,MU",Bull_MidVol
2026-08-14,794748.42,0.0,351.79,795100.21,1.0,12.43,2,"SOXL,MU",Bull_MidVol
2026-08-17,829052.25,0.0,351.79,829404.04,1.0,8.65,2,"SOXL,MU",Bull_MidVol
2026-08-18,741364.38,0.0,351.79,741716.17,1.0,18.31,2,"SOXL,MU",Bull_MidVol
2026-08-19,718840.32,0.0,351.79,719192.11,1.0,20.79,2,"SOXL,MU",Bull_MidVol
2026-08-20,739091.9,0.0,351.79,739443.69,1.0,18.56,2,"SOXL,MU",Bull_MidVol
2026-08-21,731704.63,0.0,351.79,732056.42,1.0,19.37,2,"SOXL,MU",Bull_MidVol
2026-08-24,683009.56,0.0,351.79,683361.35,1.0,24.74,2,"SOXL,MU",Bull_MidVol
2026-08-25,704322.42,0.0,351.79,704674.21,1.0,22.39,2,"SOXL,MU",Bull_MidVol
2026-08-26,709065.65,0.0,351.79,709417.44,1.0,21.87,2,"SOXL,MU",Bull_MidVol
2026-08-27,723848.86,0.0,351.79,724200.65,1.0,20.24,2,"SOXL,MU",Bull_MidVol
2026-08-28,693449.25,0.0,351.79,693801.04,1.0,23.59,2,"SOXL,MU",Bull_MidVol
2026-08-31,697953.03,0.0,8019.18,705972.22,1.01,23.09,2,"MU,AMD",Bull_MidVol
2026-09-01,679723.95,0.0,8019.18,687743.14,1.01,25.1,2,"MU,AMD",Bull_LowVol
2026-09-02,692280.62,0.0,8019.18,700299.8,1.01,23.72,2,"MU,AMD",Bull_LowVol
2026-09-03,693233.77,0.0,8019.18,701252.96,1.01,23.61,2,"MU,AMD",Bull_LowVol
