date,equity,cash,borrowed,holdings_val,leverage,drawdown,num_positions,active_holdings,regime
2010-04-01,10000.0,10000.0,0.0,0.0,0.0,0.0,0,CASH_BIL,Bull_LowVol
2010-04-05,10000.0,10000.0,0.0,0.0,0.0,0.0,0,CASH_BIL,Bull_LowVol
2010-04-06,10000.0,10000.0,0.0,0.0,0.0,0.0,0,CASH_BIL,Bull_LowVol
2010-04-07,10000.0,10000.0,0.0,0.0,0.0,0.0,0,CASH_BIL,Bull_LowVol
2010-04-08,10000.0,10000.0,0.0,0.0,0.0,0.0,0,CASH_BIL,Bull_LowVol
2010-04-09,10000.0,10000.0,0.0,0.0,0.0,0.0,0,CASH_BIL,Bull_LowVol
2010-04-12,10000.0,10000.0,0.0,0.0,0.0,0.0,0,CASH_BIL,Bull_LowVol
2010-04-13,10000.0,10000.0,0.0,0.0,0.0,0.0,0,CASH_BIL,Bull_LowVol
2010-04-14,10000.0,10000.0,0.0,0.0,0.0,0.0,0,CASH_BIL,Bull_LowVol
2010-04-15,10000.0,10000.0,0.0,0.0,0.0,0.0,0,CASH_BIL,Bull_LowVol
2010-04-16,10000.0,10000.0,0.0,0.0,0.0,0.0,0,CASH_BIL,Bull_LowVol
2010-04-19,10000.0,10000.0,0.0,0.0,0.0,0.0,0,CASH_BIL,Bull_LowVol
2010-04-20,10000.0,10000.0,0.0,0.0,0.0,0.0,0,CASH_BIL,Bull_LowVol
2010-04-21,10000.0,10000.0,0.0,0.0,0.0,0.0,0,CASH_BIL,Bull_LowVol
2010-04-22,10000.0,10000.0,0.0,0.0,0.0,0.0,0,CASH_BIL,Bull_LowVol
2010-04-23,10000.0,10000.0,0.0,0.0,0.0,0.0,0,CASH_BIL,Bull_LowVol
2010-04-26,10000.0,10000.0,0.0,0.0,0.0,0.0,0,CASH_BIL,Bull_LowVol
2010-04-27,10000.0,10000.0,0.0,0.0,0.0,0.0,0,CASH_BIL,Bull_LowVol
2010-04-28,10000.0,10000.0,0.0,0.0,0.0,0.0,0,CASH_BIL,Bull_LowVol
2010-04-29,10000.0,10000.0,0.0,0.0,0.0,0.0,0,CASH_BIL,Bull_LowVol
2010-04-30,10000.0,10000.0,0.0,0.0,0.0,0.0,0,CASH_BIL,Bull_LowVol
2010-05-03,10000.0,10000.0,0.0,0.0,0.0,0.0,0,CASH_BIL,Bull_LowVol
2010-05-04,10000.0,10000.0,0.0,0.0,0.0,0.0,0,CASH_BIL,Bull_MidVol
2010-05-05,10000.0,10000.0,0.0,0.0,0.0,0.0,0,CASH_BIL,Bull_MidVol
2010-05-06,10000.0,10000.0,0.0,0.0,0.0,0.0,0,CASH_BIL,Bull_MidVol
2010-05-07,10000.0,10000.0,0.0,0.0,0.0,0.0,0,CASH_BIL,Bull_MidVol
2010-05-10,10000.0,10000.0,0.0,0.0,0.0,0.0,0,CASH_BIL,Bear_HighVol
2010-05-11,10000.0,10000.0,0.0,0.0,0.0,0.0,0,CASH_BIL,Bear_HighVol
2010-05-12,9997.82,9997.82,0.0,0.0,0.0,-0.0002,0,CASH_BIL,Bear_HighVol
2010-05-13,10000.0,10000.0,0.0,0.0,0.0,0.0,0,CASH_BIL,Bear_HighVol
2010-05-14,10000.0,10000.0,0.0,0.0,0.0,0.0,0,CASH_BIL,Bear_HighVol
2010-05-17,9997.82,9997.82,0.0,0.0,0.0,-0.0002,0,CASH_BIL,Bear_HighVol
2010-05-18,10000.0,10000.0,0.0,0.0,0.0,0.0,0,CASH_BIL,Bear_HighVol
2010-05-19,10000.0,10000.0,0.0,0.0,0.0,0.0,0,CASH_BIL,Bear_HighVol
2010-05-20,10000.0,10000.0,0.0,0.0,0.0,0.0,0,CASH_BIL,Bear_HighVol
2010-05-21,10000.0,10000.0,0.0,0.0,0.0,0.0,0,CASH_BIL,Bear_HighVol
2010-05-24,10000.0,10000.0,0.0,0.0,0.0,0.0,0,CASH_BIL,Bear_HighVol
2010-05-25,10002.18,10002.18,0.0,0.0,0.0,0.0,0,CASH_BIL,Bear_HighVol
2010-05-26,9997.82,9997.82,0.0,0.0,0.0,-0.0004,0,CASH_BIL,Bear_HighVol
2010-05-27,10000.0,10000.0,0.0,0.0,0.0,-0.0002,0,CASH_BIL,Bear_HighVol
2010-05-28,10000.0,10000.0,0.0,0.0,0.0,-0.0002,0,CASH_BIL,Bear_HighVol
2010-06-01,10002.18,10002.18,0.0,0.0,0.0,0.0,0,CASH_BIL,Bear_HighVol
2010-06-02,9997.82,9997.82,0.0,0.0,0.0,-0.0004,0,CASH_BIL,Bear_HighVol
2010-06-03,10002.18,10002.18,0.0,0.0,0.0,0.0,0,CASH_BIL,Bear_HighVol
2010-06-04,10000.0,10000.0,0.0,0.0,0.0,-0.0002,0,CASH_BIL,Bear_HighVol
2010-06-07,10002.18,10002.18,0.0,0.0,0.0,0.0,0,CASH_BIL,Bear_HighVol
2010-06-08,10002.18,10002.18,0.0,0.0,0.0,0.0,0,CASH_BIL,Bear_HighVol
2010-06-09,10002.18,10002.18,0.0,0.0,0.0,0.0,0,CASH_BIL,Bear_HighVol
2010-06-10,10002.18,10002.18,0.0,0.0,0.0,0.0,0,CASH_BIL,Bear_HighVol
2010-06-11,9997.82,9997.82,0.0,0.0,0.0,-0.0004,0,CASH_BIL,Bear_HighVol
2010-06-14,9997.82,9997.82,0.0,0.0,0.0,-0.0004,0,CASH_BIL,Bear_HighVol
2010-06-15,9997.82,9997.82,0.0,0.0,0.0,-0.0004,0,CASH_BIL,Bear_HighVol
2010-06-16,9997.82,9997.82,0.0,0.0,0.0,-0.0004,0,CASH_BIL,Bear_HighVol
2010-06-17,10000.0,10000.0,0.0,0.0,0.0,-0.0002,0,CASH_BIL,Bear_HighVol
2010-06-18,9997.82,9997.82,0.0,0.0,0.0,-0.0004,0,CASH_BIL,Bear_HighVol
2010-06-21,10000.0,10000.0,0.0,0.0,0.0,-0.0002,0,CASH_BIL,Bear_HighVol
2010-06-22,10000.0,10000.0,0.0,0.0,0.0,-0.0002,0,CASH_BIL,Bear_HighVol
2010-06-23,10000.0,10000.0,0.0,0.0,0.0,-0.0002,0,CASH_BIL,Bear_HighVol
2010-06-24,10000.0,10000.0,0.0,0.0,0.0,-0.0002,0,CASH_BIL,Bear_HighVol
2010-06-25,10000.0,10000.0,0.0,0.0,0.0,-0.0002,0,CASH_BIL,Bull_MidVol
2010-06-28,10000.0,10000.0,0.0,0.0,0.0,-0.0002,0,CASH_BIL,Bull_MidVol
2010-06-29,10002.18,10002.18,0.0,0.0,0.0,0.0,0,CASH_BIL,Bear_HighVol
2010-06-30,10000.0,10000.0,0.0,0.0,0.0,-0.0002,0,CASH_BIL,Bear_HighVol
2010-07-01,10000.0,10000.0,0.0,0.0,0.0,-0.0002,0,CASH_BIL,Bear_HighVol
2010-07-02,9997.82,9997.82,0.0,0.0,0.0,-0.0004,0,CASH_BIL,Bear_HighVol
2010-07-06,9997.82,9997.82,0.0,0.0,0.0,-0.0004,0,CASH_BIL,Bear_HighVol
2010-07-07,10000.0,10000.0,0.0,0.0,0.0,-0.0002,0,CASH_BIL,Bear_HighVol
2010-07-08,9997.82,9997.82,0.0,0.0,0.0,-0.0004,0,CASH_BIL,Bear_HighVol
2010-07-09,10000.0,10000.0,0.0,0.0,0.0,-0.0002,0,CASH_BIL,Bear_HighVol
2010-07-12,10000.0,10000.0,0.0,0.0,0.0,-0.0002,0,CASH_BIL,Bear_HighVol
2010-07-13,10029.09,0.0,1.61,10030.7,1.0,0.0,2,"NBIX,CRUS",Bull_MidVol
2010-07-14,10031.01,-0.0,1.61,10032.62,1.0,0.0,2,"NBIX,CRUS",Bull_MidVol
2010-07-15,9838.3,-0.0,1.61,9839.91,1.0,-0.0192,2,"NBIX,CRUS",Bull_MidVol
2010-07-16,9420.58,9420.58,0.0,0.0,0.0,-0.0609,0,CASH_BIL,Bear_HighVol
2010-07-19,9420.58,9420.58,0.0,0.0,0.0,-0.0609,0,CASH_BIL,Bear_HighVol
2010-07-20,9420.58,9420.58,0.0,0.0,0.0,-0.0609,0,CASH_BIL,Bull_MidVol
2010-07-21,9420.58,9420.58,0.0,0.0,0.0,-0.0609,0,CASH_BIL,Bear_HighVol
2010-07-22,9422.63,9422.63,0.0,0.0,0.0,-0.0606,0,CASH_BIL,Bear_HighVol
2010-07-23,9418.52,9418.52,0.0,0.0,0.0,-0.0611,0,CASH_BIL,Bear_HighVol
2010-07-26,9418.52,9418.52,0.0,0.0,0.0,-0.0611,0,CASH_BIL,Bear_HighVol
2010-07-27,9420.58,9420.58,0.0,0.0,0.0,-0.0609,0,CASH_BIL,Bear_HighVol
2010-07-28,9420.58,9420.58,0.0,0.0,0.0,-0.0609,0,CASH_BIL,Bull_MidVol
2010-07-29,9420.58,9420.58,0.0,0.0,0.0,-0.0609,0,CASH_BIL,Bull_MidVol
2010-07-30,9420.58,9420.58,0.0,0.0,0.0,-0.0609,0,CASH_BIL,Bull_MidVol
2010-08-02,9420.58,9420.58,0.0,0.0,0.0,-0.0609,0,CASH_BIL,Bull_MidVol
2010-08-03,9420.58,9420.58,0.0,0.0,0.0,-0.0609,0,CASH_BIL,Bull_MidVol
2010-08-04,9420.58,9420.58,0.0,0.0,0.0,-0.0609,0,CASH_BIL,Bull_MidVol
2010-08-05,9420.58,9420.58,0.0,0.0,0.0,-0.0609,0,CASH_BIL,Bull_MidVol
2010-08-06,9420.58,9420.58,0.0,0.0,0.0,-0.0609,0,CASH_BIL,Bull_MidVol
2010-08-09,9420.58,9420.58,0.0,0.0,0.0,-0.0609,0,CASH_BIL,Bull_MidVol
2010-08-10,9981.58,0.0,7553.83,17535.41,1.76,-0.0049,2,"NBIX,CRUS",Bull_MidVol
2010-08-11,8319.95,8319.95,0.0,0.0,0.0,-0.1706,0,CASH_BIL,Bear_HighVol
2010-08-12,8319.95,8319.95,0.0,0.0,0.0,-0.1706,0,CASH_BIL,Bear_HighVol
2010-08-13,8318.14,8318.14,0.0,0.0,0.0,-0.1708,0,CASH_BIL,Bear_HighVol
2010-08-16,8319.95,8319.95,0.0,0.0,0.0,-0.1706,0,CASH_BIL,Bear_HighVol
2010-08-17,8318.14,8318.14,0.0,0.0,0.0,-0.1708,0,CASH_BIL,Bear_HighVol
2010-08-18,8318.14,8318.14,0.0,0.0,0.0,-0.1708,0,CASH_BIL,Bear_HighVol
2010-08-19,8319.95,8319.95,0.0,0.0,0.0,-0.1706,0,CASH_BIL,Bear_HighVol
2010-08-20,8318.14,8318.14,0.0,0.0,0.0,-0.1708,0,CASH_BIL,Bear_HighVol
2010-08-23,8318.14,8318.14,0.0,0.0,0.0,-0.1708,0,CASH_BIL,Bear_HighVol
2010-08-24,8319.95,8319.95,0.0,0.0,0.0,-0.1706,0,CASH_BIL,Bear_HighVol
2010-08-25,8318.14,8318.14,0.0,0.0,0.0,-0.1708,0,CASH_BIL,Bear_HighVol
2010-08-26,8318.14,8318.14,0.0,0.0,0.0,-0.1708,0,CASH_BIL,Bear_HighVol
2010-08-27,8319.95,8319.95,0.0,0.0,0.0,-0.1706,0,CASH_BIL,Bear_HighVol
2010-08-30,8318.14,8318.14,0.0,0.0,0.0,-0.1708,0,CASH_BIL,Bear_HighVol
2010-08-31,8318.14,8318.14,0.0,0.0,0.0,-0.1708,0,CASH_BIL,Bear_HighVol
2010-09-01,8319.95,8319.95,0.0,0.0,0.0,-0.1706,0,CASH_BIL,Bear_HighVol
2010-09-02,8319.95,8319.95,0.0,0.0,0.0,-0.1706,0,CASH_BIL,Bear_HighVol
2010-09-03,8319.95,8319.95,0.0,0.0,0.0,-0.1706,0,CASH_BIL,Bull_MidVol
2010-09-07,8319.95,8319.95,0.0,0.0,0.0,-0.1706,0,CASH_BIL,Bull_MidVol
2010-09-08,8085.68,0.0,6669.72,14755.41,1.82,-0.1939,2,"BKNG,UHAL",Bull_MidVol
2010-09-09,7956.84,-0.83,6669.72,14627.39,1.84,-0.2068,2,"BKNG,UHAL",Bull_MidVol
2010-09-10,7873.26,-1.67,6669.72,14544.65,1.85,-0.2151,2,"BKNG,UHAL",Bull_MidVol
2010-09-13,8139.36,-2.5,6669.72,14811.59,1.82,-0.1886,2,"BKNG,UHAL",Bull_MidVol
2010-09-14,8207.16,-3.33,6669.72,14880.22,1.81,-0.1818,2,"BKNG,UHAL",Bull_MidVol
2010-09-15,8179.96,-4.17,6669.72,14853.85,1.82,-0.1845,2,"BKNG,UHAL",Bull_MidVol
2010-09-16,8025.51,-5.0,6669.72,14700.24,1.83,-0.1999,2,"BKNG,UHAL",Bull_MidVol
2010-09-17,8027.0,-5.84,6669.72,14702.56,1.83,-0.1998,2,"BKNG,UHAL",Bull_MidVol
2010-09-20,8466.22,-6.67,6669.72,15142.61,1.79,-0.156,2,"BKNG,UHAL",Bull_MidVol
2010-09-21,8267.1,-7.5,6669.72,14944.32,1.81,-0.1758,2,"BKNG,UHAL",Bull_MidVol
2010-09-22,8501.75,0.0,7822.13,16323.88,1.92,-0.1525,2,"BKNG,UHAL",Bull_LowVol
2010-09-23,7947.35,-0.98,7822.13,15770.47,1.98,-0.2077,2,"BKNG,UHAL",Bull_LowVol
2010-09-24,8305.01,-1.96,7822.13,16129.1,1.94,-0.1721,2,"BKNG,UHAL",Bull_LowVol
2010-09-27,8308.25,-2.93,7822.13,16133.32,1.94,-0.1717,2,"BKNG,UHAL",Bull_LowVol
2010-09-28,8475.44,-3.91,7822.13,16301.48,1.92,-0.1551,2,"BKNG,UHAL",Bull_LowVol
2010-09-29,8503.42,-4.89,7822.13,16330.44,1.92,-0.1523,2,"BKNG,UHAL",Bull_LowVol
2010-09-30,8355.74,-5.87,7822.13,16183.74,1.94,-0.167,2,"BKNG,UHAL",Bull_LowVol
2010-10-01,8003.79,-6.84,7822.13,15832.77,1.98,-0.2021,2,"BKNG,UHAL",Bull_LowVol
2010-10-04,7663.12,-7.82,7822.13,15493.08,2.02,-0.2361,2,"BKNG,UHAL",Bull_LowVol
2010-10-05,8429.94,-8.8,7822.13,16260.87,1.93,-0.1596,2,"BKNG,UHAL",Bull_LowVol
2010-10-06,8113.88,0.0,7478.0,15591.88,1.92,-0.1911,2,"BKNG,IPGP",Bull_LowVol
2010-10-07,7880.67,-0.93,7478.0,15359.6,1.95,-0.2144,2,"BKNG,IPGP",Bull_LowVol
2010-10-08,8080.53,-1.87,7478.0,15560.39,1.93,-0.1944,2,"BKNG,IPGP",Bull_LowVol
2010-10-11,7781.3,-2.8,7478.0,15262.1,1.96,-0.2243,2,"BKNG,IPGP",Bull_LowVol
2010-10-12,7894.73,-3.74,7478.0,15376.47,1.95,-0.213,2,"BKNG,IPGP",Bull_LowVol
2010-10-13,7790.59,-4.67,7478.0,15273.26,1.96,-0.2233,2,"BKNG,IPGP",Bull_LowVol
2010-10-14,8001.7,-5.61,7478.0,15485.31,1.94,-0.2023,2,"BKNG,IPGP",Bull_LowVol
2010-10-15,8153.56,-6.54,7478.0,15638.1,1.92,-0.1872,2,"BKNG,IPGP",Bull_LowVol
2010-10-18,8077.11,-7.48,7478.0,15562.58,1.93,-0.1948,2,"BKNG,IPGP",Bull_LowVol
2010-10-19,7496.13,0.0,7764.63,15260.76,2.04,-0.2527,2,"BKNG,HL",Bull_LowVol
2010-10-20,7780.02,-0.97,7764.63,15545.62,2.0,-0.2244,2,"BKNG,HL",Bull_LowVol
2010-10-21,7442.16,-1.94,7764.63,15208.73,2.04,-0.2581,2,"BKNG,HL",Bull_LowVol
2010-10-22,8011.01,-2.91,7764.63,15778.56,1.97,-0.2014,2,"BKNG,HL",Bull_LowVol
2010-10-25,8358.49,-3.88,7764.63,16127.01,1.93,-0.1667,2,"BKNG,HL",Bull_LowVol
2010-10-26,8482.08,-4.85,7764.63,16251.56,1.92,-0.1544,2,"BKNG,HL",Bull_LowVol
2010-10-27,8312.55,-5.82,7764.63,16083.01,1.93,-0.1713,2,"BKNG,HL",Bull_LowVol
2010-10-28,8257.84,-6.79,7764.63,16029.27,1.94,-0.1768,2,"BKNG,HL",Bull_LowVol
2010-10-29,8521.05,-7.76,7764.63,16293.45,1.91,-0.1505,2,"BKNG,HL",Bull_LowVol
2010-11-01,8480.57,-8.74,7764.63,16253.94,1.92,-0.1546,2,"BKNG,HL",Bull_LowVol
2010-11-02,8708.4,-9.71,7764.63,16482.74,1.89,-0.1319,2,"BKNG,HL",Bull_LowVol
2010-11-03,8654.75,0.0,7898.31,16553.06,1.91,-0.1372,2,"HL,KMX",Bull_LowVol
2010-11-04,9628.48,-0.99,7898.31,17527.78,1.82,-0.0401,2,"HL,KMX",Bull_LowVol
2010-11-05,10005.01,-1.97,7898.31,17905.3,1.79,-0.0026,2,"HL,KMX",Bull_LowVol
2010-11-08,11319.93,-2.96,7898.31,19221.2,1.7,0.0,2,"HL,KMX",Bull_LowVol
2010-11-09,10451.61,-3.95,7898.31,18353.87,1.76,-0.0767,2,"HL,KMX",Bull_LowVol
2010-11-10,11302.49,-4.94,7898.31,19205.74,1.7,-0.0015,2,"HL,KMX",Bull_LowVol
2010-11-11,11508.03,-5.92,7898.31,19412.26,1.69,0.0,2,"HL,KMX",Bull_LowVol
2010-11-12,10724.14,-6.91,7898.31,18629.36,1.74,-0.0681,2,"HL,KMX",Bull_LowVol
2010-11-15,10571.05,-7.9,7898.31,18477.26,1.75,-0.0814,2,"HL,KMX",Bull_LowVol
2010-11-16,9813.35,-8.89,7898.31,17720.55,1.81,-0.1473,2,"HL,KMX",Bull_LowVol
2010-11-17,10308.71,0.0,10517.29,20825.99,2.02,-0.1042,2,"KMX,URI",Bull_LowVol
2010-11-18,10527.06,-1.31,10517.29,21045.66,2.0,-0.0852,2,"KMX,URI",Bull_LowVol
2010-11-19,10557.84,-2.63,10517.29,21077.75,2.0,-0.0826,2,"KMX,URI",Bull_LowVol
2010-11-22,10782.97,-3.94,10517.29,21304.2,1.98,-0.063,2,"KMX,URI",Bull_LowVol
2010-11-23,10620.92,-5.26,10517.29,21143.46,1.99,-0.0771,2,"KMX,URI",Bull_LowVol
2010-11-24,11212.89,-6.57,10517.29,21736.75,1.94,-0.0256,2,"KMX,URI",Bull_LowVol
2010-11-26,11073.66,-7.89,10517.29,21598.83,1.95,-0.0377,2,"KMX,URI",Bull_LowVol
2010-11-29,10801.27,-9.2,10517.29,21327.76,1.97,-0.0614,2,"KMX,URI",Bull_LowVol
2010-11-30,10529.15,-10.52,10517.29,21056.95,2.0,-0.0851,2,"KMX,URI",Bull_LowVol
2010-12-01,11055.68,-11.83,10517.29,21584.8,1.95,-0.0393,2,"KMX,URI",Bull_MidVol
2010-12-02,11389.12,-13.15,10517.29,21919.56,1.92,-0.0103,2,"KMX,URI",Bull_MidVol
2010-12-03,12005.69,-14.46,10517.29,22537.43,1.88,0.0,2,"KMX,URI",Bull_LowVol
2010-12-06,12087.62,-15.78,10517.29,22620.68,1.87,0.0,2,"KMX,URI",Bull_LowVol
2010-12-07,12101.85,-17.09,10517.29,22636.23,1.87,0.0,2,"KMX,URI",Bull_LowVol
2010-12-08,12653.45,-18.41,10517.29,23189.14,1.83,0.0,2,"KMX,URI",Bull_LowVol
2010-12-09,12892.86,-19.72,10517.29,23429.86,1.82,0.0,2,"KMX,URI",Bull_LowVol
2010-12-10,13095.16,-21.03,10517.29,23633.48,1.8,0.0,2,"KMX,URI",Bull_LowVol
2010-12-13,12678.85,-22.35,10517.29,23218.48,1.83,-0.0318,2,"KMX,URI",Bull_LowVol
2010-12-14,12533.09,-23.66,10517.29,23074.04,1.84,-0.0429,2,"KMX,URI",Bull_LowVol
2010-12-15,12341.46,-24.98,10517.29,22883.73,1.85,-0.0576,2,"KMX,URI",Bull_LowVol
2010-12-16,12518.62,0.0,11857.49,24376.11,1.95,-0.044,2,"URI,JAZZ",Bull_LowVol
2010-12-17,12635.1,-1.48,11857.49,24494.07,1.94,-0.0351,2,"URI,JAZZ",Bull_LowVol
2010-12-20,13037.28,-2.96,11857.49,24897.73,1.91,-0.0044,2,"URI,JAZZ",Bull_LowVol
2010-12-21,13639.69,-4.45,11857.49,25501.63,1.87,0.0,2,"URI,JAZZ",Bull_LowVol
2010-12-22,13496.18,-5.93,11857.49,25359.6,1.88,-0.0105,2,"URI,JAZZ",Bull_LowVol
2010-12-23,13500.1,-7.41,11857.49,25365.0,1.88,-0.0102,2,"URI,JAZZ",Bull_LowVol
2010-12-27,13530.07,-8.89,11857.49,25396.46,1.88,-0.008,2,"URI,JAZZ",Bull_LowVol
2010-12-28,13469.32,-10.38,11857.49,25337.19,1.88,-0.0125,2,"URI,JAZZ",Bull_LowVol
2010-12-29,13594.61,-11.86,11857.49,25463.96,1.87,-0.0033,2,"URI,JAZZ",Bull_LowVol
2010-12-30,13494.18,-13.34,11857.49,25365.0,1.88,-0.0107,2,"URI,JAZZ",Bull_LowVol
2010-12-31,13115.96,-290.31,11857.49,25263.75,1.93,-0.0384,2,"URI,JAZZ",Bull_LowVol
2011-01-03,13366.66,-291.79,11857.49,25515.94,1.91,-0.02,2,"URI,JAZZ",Bull_LowVol
2011-01-04,13439.23,-293.28,11857.49,25589.99,1.9,-0.0147,2,"URI,JAZZ",Bull_LowVol
2011-01-05,14123.74,-294.76,11857.49,26275.99,1.86,0.0,2,"URI,JAZZ",Bull_LowVol
2011-01-06,14104.98,-296.24,11857.49,26258.71,1.86,-0.0013,2,"URI,JAZZ",Bull_LowVol
2011-01-07,14479.0,-297.72,11857.49,26634.21,1.84,0.0,2,"URI,JAZZ",Bull_LowVol
2011-01-10,15648.9,-299.2,11857.49,27805.6,1.78,0.0,2,"URI,JAZZ",Bull_LowVol
2011-01-11,15306.81,-300.69,11857.49,27464.99,1.79,-0.0219,2,"URI,JAZZ",Bull_LowVol
2011-01-12,16655.33,-302.17,11857.49,28814.99,1.73,0.0,2,"URI,JAZZ",Bull_LowVol
2011-01-13,16446.8,-303.65,11857.49,28607.94,1.74,-0.0125,2,"URI,JAZZ",Bull_LowVol
2011-01-14,16723.33,0.0,15114.99,31838.32,1.9,0.0,2,"JAZZ,LNG",Bull_LowVol
2011-01-18,16937.17,-1.89,15114.99,32054.05,1.89,0.0,2,"JAZZ,LNG",Bull_LowVol
2011-01-19,14863.36,0.0,15063.07,29926.43,2.01,-0.1224,2,"JAZZ,CIEN",Bull_LowVol
2011-01-20,14031.95,-1.88,15063.07,29096.9,2.07,-0.1715,2,"JAZZ,CIEN",Bull_LowVol
2011-01-21,13933.07,-3.77,15063.07,28999.9,2.08,-0.1774,2,"JAZZ,CIEN",Bull_LowVol
2011-01-24,14547.3,-5.65,15063.07,29616.02,2.04,-0.1411,2,"JAZZ,CIEN",Bull_LowVol
2011-01-25,14120.71,-7.53,15063.07,29191.31,2.07,-0.1663,2,"JAZZ,CIEN",Bull_LowVol
2011-01-26,14077.71,-9.41,15063.07,29150.19,2.07,-0.1688,2,"JAZZ,CIEN",Bull_LowVol
2011-01-27,14468.48,-11.3,15063.07,29542.85,2.04,-0.1458,2,"JAZZ,CIEN",Bull_LowVol
2011-01-28,14066.25,-13.18,15063.07,29142.5,2.07,-0.1695,2,"JAZZ,CIEN",Bull_LowVol
2011-01-31,13290.81,0.0,15101.97,28392.78,2.14,-0.2153,2,"JAZZ,EXEL",Bull_LowVol
2011-02-01,14342.48,-1.89,15101.97,29446.34,2.05,-0.1532,2,"JAZZ,EXEL",Bull_LowVol
2011-02-02,14706.3,-3.78,15101.97,29812.04,2.03,-0.1317,2,"JAZZ,EXEL",Bull_LowVol
2011-02-03,14594.56,-5.66,15101.97,29702.19,2.04,-0.1383,2,"JAZZ,EXEL",Bull_LowVol
2011-02-04,14776.25,0.0,14990.59,29766.84,2.01,-0.1276,2,"EXEL,CIEN",Bull_LowVol
2011-02-07,14920.81,-1.87,14990.59,29913.28,2.0,-0.119,2,"EXEL,CIEN",Bull_LowVol
2011-02-08,15083.64,-3.75,14990.59,30077.98,1.99,-0.1094,2,"EXEL,CIEN",Bull_LowVol
2011-02-09,14627.63,-5.62,14990.59,29623.84,2.03,-0.1364,2,"EXEL,CIEN",Bull_LowVol
2011-02-10,14878.19,-7.5,14990.59,29876.28,2.01,-0.1216,2,"EXEL,CIEN",Bull_LowVol
2011-02-11,15467.96,-9.37,14990.59,30467.92,1.97,-0.0867,2,"EXEL,CIEN",Bull_LowVol
2011-02-14,15947.72,-11.24,14990.59,30949.56,1.94,-0.0584,2,"EXEL,CIEN",Bull_LowVol
2011-02-15,15385.15,-13.12,14990.59,30388.86,1.98,-0.0916,2,"EXEL,CIEN",Bull_LowVol
2011-02-16,15110.38,-14.99,14990.59,30115.96,1.99,-0.1079,2,"EXEL,CIEN",Bull_LowVol
2011-02-17,15420.8,-16.86,14990.59,30428.26,1.97,-0.0895,2,"EXEL,CIEN",Bull_LowVol
2011-02-18,16726.01,-18.74,14990.59,31735.34,1.9,-0.0125,2,"EXEL,CIEN",Bull_LowVol
2011-02-22,15555.0,-20.61,14990.59,30566.2,1.97,-0.0816,2,"EXEL,CIEN",Bull_LowVol
2011-02-23,16716.6,-22.49,14990.59,31729.68,1.9,-0.013,2,"EXEL,CIEN",Bull_LowVol
2011-02-24,17341.43,-24.36,14990.59,32356.38,1.87,0.0,2,"EXEL,CIEN",Bull_LowVol
2011-02-25,18278.55,-26.23,14990.59,33295.38,1.82,0.0,2,"EXEL,CIEN",Bull_LowVol
2011-02-28,19243.1,-28.11,14990.59,34261.8,1.78,0.0,2,"EXEL,CIEN",Bull_LowVol
2011-03-01,17627.61,0.0,18062.05,35689.66,2.02,-0.084,2,"EXEL,CIEN",Bull_LowVol
2011-03-02,19063.59,-2.26,18062.05,37127.9,1.95,-0.0093,2,"EXEL,CIEN",Bull_LowVol
2011-03-03,19216.85,-4.52,18062.05,37283.42,1.94,-0.0014,2,"EXEL,CIEN",Bull_LowVol
2011-03-04,19143.13,-6.77,18062.05,37211.96,1.94,-0.0052,2,"EXEL,CIEN",Bull_LowVol
2011-03-07,16627.16,-9.03,18062.05,34698.24,2.09,-0.1359,2,"EXEL,CIEN",Bull_LowVol
2011-03-08,16425.1,-11.29,18062.05,34498.44,2.1,-0.1464,2,"EXEL,CIEN",Bull_LowVol
2011-03-09,15431.7,-13.55,18062.05,33507.3,2.17,-0.1981,2,"EXEL,CIEN",Bull_LowVol
2011-03-10,15176.62,0.0,9760.0,24936.62,1.64,-0.2113,2,"EXEL,ECHO",Bull_LowVol
2011-03-11,15063.72,-1.22,9760.0,24824.94,1.65,-0.2172,2,"EXEL,ECHO",Bull_LowVol
2011-03-14,15035.5,-2.44,9760.0,24797.94,1.65,-0.2187,2,"EXEL,ECHO",Bull_LowVol
2011-03-15,14751.92,0.0,65.59,14817.52,1.0,-0.2334,2,"ECHO,DINO",Bull_MidVol
2011-03-16,14553.83,-0.01,65.59,14619.43,1.0,-0.2437,2,"ECHO,DINO",Bull_MidVol
2011-03-17,14741.5,-0.02,65.59,14807.11,1.0,-0.2339,2,"ECHO,DINO",Bull_MidVol
2011-03-18,14848.33,-0.02,65.59,14913.95,1.0,-0.2284,2,"ECHO,DINO",Bull_MidVol
2011-03-21,15126.44,-0.03,65.59,15192.07,1.0,-0.2139,2,"ECHO,DINO",Bull_MidVol
2011-03-22,15044.54,-0.04,65.59,15110.18,1.0,-0.2182,2,"ECHO,DINO",Bull_MidVol
2011-03-23,15150.17,-0.05,65.59,15215.81,1.0,-0.2127,2,"ECHO,DINO",Bull_MidVol
2011-03-24,15285.16,-0.06,65.59,15350.81,1.0,-0.2057,2,"ECHO,DINO",Bull_MidVol
2011-03-25,15839.9,-0.07,65.59,15905.56,1.0,-0.1769,2,"ECHO,DINO",Bull_MidVol
2011-03-28,15777.12,-0.07,65.59,15842.79,1.0,-0.1801,2,"ECHO,DINO",Bull_MidVol
2011-03-29,15980.79,0.0,12768.85,28749.64,1.8,-0.1695,2,"ECHO,DINO",Bull_MidVol
2011-03-30,16170.94,-1.6,12768.85,28941.39,1.79,-0.1597,2,"ECHO,DINO",Bull_MidVol
2011-03-31,16067.69,-3.19,12768.85,28839.74,1.79,-0.165,2,"ECHO,DINO",Bull_LowVol
2011-04-01,16034.99,-4.79,12768.85,28808.64,1.8,-0.1667,2,"ECHO,DINO",Bull_LowVol
2011-04-04,16561.99,-6.38,12768.85,29337.23,1.77,-0.1393,2,"ECHO,DINO",Bull_LowVol
2011-04-05,16312.65,-7.98,12768.85,29089.49,1.78,-0.1523,2,"ECHO,DINO",Bull_LowVol
2011-04-06,16117.87,-9.58,12768.85,28896.3,1.79,-0.1624,2,"ECHO,DINO",Bull_LowVol
2011-04-07,15732.85,-11.17,12768.85,28512.88,1.81,-0.1824,2,"ECHO,DINO",Bull_LowVol
2011-04-08,15366.44,-12.77,12768.85,28148.06,1.83,-0.2015,2,"ECHO,DINO",Bull_LowVol
2011-04-11,14902.93,-14.36,12768.85,27686.15,1.86,-0.2255,2,"ECHO,DINO",Bull_LowVol
2011-04-12,14295.52,0.0,6264.9,20560.42,1.44,-0.2571,2,"ECHO,CDE",Bull_LowVol
2011-04-13,14683.52,-0.78,6264.9,20949.21,1.43,-0.2369,2,"ECHO,CDE",Bull_LowVol
2011-04-14,14328.3,0.0,6705.8,21034.11,1.47,-0.2554,2,"ECHO,IPGP",Bull_LowVol
2011-04-15,14787.43,-0.84,6705.8,21494.07,1.45,-0.2315,2,"ECHO,IPGP",Bull_LowVol
2011-04-18,14657.53,-1.68,6705.8,21365.01,1.46,-0.2383,2,"ECHO,IPGP",Bull_LowVol
2011-04-19,15205.04,-2.51,6705.8,21913.36,1.44,-0.2098,2,"ECHO,IPGP",Bull_LowVol
2011-04-20,15967.66,-3.35,6705.8,22676.82,1.42,-0.1702,2,"ECHO,IPGP",Bull_LowVol
2011-04-21,16330.13,-4.19,6705.8,23040.13,1.41,-0.1514,2,"ECHO,IPGP",Bull_LowVol
2011-04-25,16285.61,-5.03,6705.8,22996.44,1.41,-0.1537,2,"ECHO,IPGP",Bull_LowVol
2011-04-26,16227.63,-5.87,6705.8,22939.31,1.41,-0.1567,2,"ECHO,IPGP",Bull_LowVol
2011-04-27,16517.33,0.0,16490.7,33008.03,2.0,-0.1416,2,"IPGP,JAZZ",Bull_LowVol
2011-04-28,16449.66,-2.06,16490.7,32942.42,2.0,-0.1452,2,"IPGP,JAZZ",Bull_LowVol
2011-04-29,16263.86,-4.12,16490.7,32758.68,2.01,-0.1548,2,"IPGP,JAZZ",Bull_LowVol
2011-05-02,16533.48,-6.18,16490.7,33030.36,2.0,-0.1408,2,"IPGP,JAZZ",Bull_LowVol
2011-05-03,16333.85,-8.25,16490.7,32832.79,2.01,-0.1512,2,"IPGP,JAZZ",Bull_LowVol
2011-05-04,14327.66,-10.31,16490.7,30828.66,2.15,-0.2554,2,"IPGP,JAZZ",Bull_LowVol
2011-05-05,14363.14,-12.37,16490.7,30866.2,2.15,-0.2536,2,"IPGP,JAZZ",Bull_LowVol
2011-05-06,14798.12,0.0,16395.42,31193.54,2.11,-0.231,2,"IPGP,WLK",Bull_LowVol
2011-05-09,14898.61,-2.05,16395.42,31296.07,2.1,-0.2258,2,"IPGP,WLK",Bull_LowVol
2011-05-10,15474.21,-4.1,16395.42,31873.73,2.06,-0.1959,2,"IPGP,WLK",Bull_LowVol
2011-05-11,14113.6,0.0,14021.65,28135.25,1.99,-0.2666,2,"BIIB,OLN",Bull_LowVol
2011-05-12,14090.83,-1.75,14021.65,28114.23,2.0,-0.2677,2,"BIIB,OLN",Bull_LowVol
2011-05-13,13586.68,-3.51,14021.65,27611.83,2.03,-0.2939,2,"BIIB,OLN",Bull_LowVol
2011-05-16,13296.99,-5.26,14021.65,27323.9,2.05,-0.309,2,"BIIB,OLN",Bull_LowVol
2011-05-17,13282.8,-7.01,14021.65,27311.46,2.06,-0.3097,2,"BIIB,OLN",Bull_LowVol
2011-05-18,13545.74,-8.76,14021.65,27576.15,2.04,-0.2961,2,"BIIB,OLN",Bull_LowVol
2011-05-19,13479.94,-10.52,14021.65,27512.1,2.04,-0.2995,2,"BIIB,OLN",Bull_LowVol
2011-05-20,13384.36,-12.27,14021.65,27418.28,2.05,-0.3045,2,"BIIB,OLN",Bull_LowVol
2011-05-23,12751.45,-14.02,14021.65,26787.11,2.1,-0.3373,2,"BIIB,OLN",Bull_LowVol
2011-05-24,12602.03,-15.77,14021.65,26639.45,2.11,-0.3451,2,"BIIB,OLN",Bull_LowVol
2011-05-25,12777.09,1.16,0.0,12775.93,1.0,-0.336,2,"SGI,BBWI",Bull_LowVol
2011-05-26,13006.73,1.16,0.0,13005.57,1.0,-0.3241,2,"SGI,BBWI",Bull_LowVol
2011-05-27,12960.0,1.16,0.0,12958.84,1.0,-0.3265,2,"SGI,BBWI",Bull_LowVol
2011-05-31,13054.19,1.16,0.0,13053.03,1.0,-0.3216,2,"SGI,BBWI",Bull_LowVol
2011-06-01,12650.32,1.16,0.0,12649.17,1.0,-0.3426,2,"SGI,BBWI",Bull_LowVol
2011-06-02,12400.66,1.16,0.0,12399.5,1.0,-0.3556,2,"SGI,BBWI",Bull_LowVol
2011-06-03,12153.74,1.16,0.0,12152.58,1.0,-0.3684,2,"SGI,BBWI",Bull_LowVol
2011-06-06,11748.44,1.16,0.0,11747.28,1.0,-0.3895,2,"SGI,BBWI",Bull_LowVol
2011-06-07,11732.09,1.16,0.0,11730.93,1.0,-0.3903,2,"SGI,BBWI",Bull_LowVol
2011-06-08,11406.13,0.0,159.97,11566.1,1.01,-0.4073,2,"BBWI,DDS",Bull_LowVol
2011-06-09,11463.59,41.47,0.0,11422.12,1.0,-0.4043,2,"DDS,DPZ",Bull_LowVol
2011-06-10,11205.73,41.47,0.0,11164.26,1.0,-0.4177,2,"DDS,DPZ",Bull_LowVol
2011-06-13,11204.1,41.47,0.0,11162.63,1.0,-0.4178,2,"DDS,DPZ",Bull_LowVol
2011-06-14,11541.36,41.47,0.0,11499.89,1.0,-0.4002,2,"DDS,DPZ",Bull_LowVol
2011-06-15,11354.59,11354.59,0.0,0.0,0.0,-0.4099,0,CASH_BIL,Bear_HighVol
2011-06-16,11354.59,11354.59,0.0,0.0,0.0,-0.4099,0,CASH_BIL,Bear_HighVol
2011-06-17,11354.59,11354.59,0.0,0.0,0.0,-0.4099,0,CASH_BIL,Bear_HighVol
2011-06-20,11352.12,11352.12,0.0,0.0,0.0,-0.4101,0,CASH_BIL,Bear_HighVol
2011-06-21,11352.12,11352.12,0.0,0.0,0.0,-0.4101,0,CASH_BIL,Bull_LowVol
2011-06-22,11352.12,11352.12,0.0,0.0,0.0,-0.4101,0,CASH_BIL,Bull_MidVol
2011-06-23,11311.29,0.0,1.06,11312.36,1.0,-0.4122,2,"DPZ,CROX",Bull_MidVol
2011-06-24,11216.03,11216.03,0.0,0.0,0.0,-0.4171,0,CASH_BIL,Bear_HighVol
2011-06-27,11216.03,11216.03,0.0,0.0,0.0,-0.4171,0,CASH_BIL,Bull_MidVol
2011-06-28,11216.03,11216.03,0.0,0.0,0.0,-0.4171,0,CASH_BIL,Bull_MidVol
2011-06-29,11216.03,11216.03,0.0,0.0,0.0,-0.4171,0,CASH_BIL,Bull_MidVol
2011-06-30,11216.03,11216.03,0.0,0.0,0.0,-0.4171,0,CASH_BIL,Bull_MidVol
2011-07-01,11216.03,11216.03,0.0,0.0,0.0,-0.4171,0,CASH_BIL,Bull_MidVol
2011-07-05,11216.03,11216.03,0.0,0.0,0.0,-0.4171,0,CASH_BIL,Bull_MidVol
2011-07-06,11216.03,11216.03,0.0,0.0,0.0,-0.4171,0,CASH_BIL,Bull_MidVol
2011-07-07,11216.03,11216.03,0.0,0.0,0.0,-0.4171,0,CASH_BIL,Bull_MidVol
2011-07-08,11326.7,0.0,8986.84,20313.54,1.79,-0.4114,2,"INSM,DPZ",Bull_MidVol
2011-07-11,11028.86,-1.12,8986.84,20016.82,1.81,-0.4269,2,"INSM,DPZ",Bull_MidVol
2011-07-12,11063.77,-2.25,8986.84,20052.85,1.81,-0.4251,2,"INSM,DPZ",Bull_MidVol
2011-07-13,11009.1,-3.37,8986.84,19999.3,1.82,-0.4279,2,"INSM,DPZ",Bull_MidVol
2011-07-14,10936.0,-4.49,8986.84,19927.33,1.82,-0.4317,2,"INSM,DPZ",Bull_MidVol
2011-07-15,10625.99,-5.62,8986.84,19618.45,1.85,-0.4478,2,"INSM,DPZ",Bull_MidVol
2011-07-18,10336.4,-6.74,8986.84,19329.98,1.87,-0.4629,2,"INSM,DPZ",Bull_MidVol
2011-07-19,11020.16,-7.86,8986.84,20014.86,1.82,-0.4273,2,"INSM,DPZ",Bull_MidVol
2011-07-20,10817.67,-8.99,8986.84,19813.49,1.83,-0.4378,2,"INSM,DPZ",Bull_MidVol
2011-07-21,10829.66,-10.11,8986.84,19826.61,1.83,-0.4372,2,"INSM,DPZ",Bull_MidVol
2011-07-22,10507.01,0.0,9024.48,19531.49,1.86,-0.454,2,"DPZ,XPO",Bull_MidVol
2011-07-25,10109.79,-1.13,9024.48,19135.4,1.89,-0.4746,2,"DPZ,XPO",Bull_LowVol
2011-07-26,10368.91,-2.26,9024.48,19395.64,1.87,-0.4612,2,"DPZ,XPO",Bull_LowVol
2011-07-27,9943.75,-3.38,9024.48,18971.62,1.91,-0.4833,2,"DPZ,XPO",Bull_MidVol
2011-07-28,9795.92,-4.51,9024.48,18824.91,1.92,-0.4909,2,"DPZ,XPO",Bull_MidVol
2011-07-29,10169.86,-5.64,9024.48,19199.98,1.89,-0.4715,2,"DPZ,XPO",Bull_MidVol
2011-08-01,10322.73,-6.77,9024.48,19353.98,1.87,-0.4636,2,"DPZ,XPO",Bull_LowVol
2011-08-02,9456.11,0.0,5280.53,14736.64,1.56,-0.5086,2,"DPZ,CROX",Bull_MidVol
2011-08-03,9884.09,-0.66,5280.53,15165.28,1.53,-0.4864,2,"DPZ,CROX",Bull_MidVol
2011-08-04,9001.84,9001.84,0.0,0.0,0.0,-0.5322,0,CASH_BIL,Bear_HighVol
2011-08-05,9001.84,9001.84,0.0,0.0,0.0,-0.5322,0,CASH_BIL,Bear_HighVol
2011-08-08,9001.84,9001.84,0.0,0.0,0.0,-0.5322,0,CASH_BIL,Bear_HighVol
2011-08-09,9001.84,9001.84,0.0,0.0,0.0,-0.5322,0,CASH_BIL,Bear_HighVol
2011-08-10,9001.84,9001.84,0.0,0.0,0.0,-0.5322,0,CASH_BIL,Bear_HighVol
2011-08-11,9001.84,9001.84,0.0,0.0,0.0,-0.5322,0,CASH_BIL,Bear_HighVol
2011-08-12,9001.84,9001.84,0.0,0.0,0.0,-0.5322,0,CASH_BIL,Bear_HighVol
2011-08-15,9001.84,9001.84,0.0,0.0,0.0,-0.5322,0,CASH_BIL,Bear_HighVol
2011-08-16,9001.84,9001.84,0.0,0.0,0.0,-0.5322,0,CASH_BIL,Bear_HighVol
2011-08-17,8997.91,8997.91,0.0,0.0,0.0,-0.5324,0,CASH_BIL,Bear_HighVol
2011-08-18,9001.84,9001.84,0.0,0.0,0.0,-0.5322,0,CASH_BIL,Bear_HighVol
2011-08-19,8997.91,8997.91,0.0,0.0,0.0,-0.5324,0,CASH_BIL,Bear_HighVol
2011-08-22,9001.84,9001.84,0.0,0.0,0.0,-0.5322,0,CASH_BIL,Bear_HighVol
2011-08-23,9001.84,9001.84,0.0,0.0,0.0,-0.5322,0,CASH_BIL,Bear_HighVol
2011-08-24,8997.91,8997.91,0.0,0.0,0.0,-0.5324,0,CASH_BIL,Bear_HighVol
2011-08-25,9001.84,9001.84,0.0,0.0,0.0,-0.5322,0,CASH_BIL,Bear_HighVol
2011-08-26,9001.84,9001.84,0.0,0.0,0.0,-0.5322,0,CASH_BIL,Bear_HighVol
2011-08-29,9001.84,9001.84,0.0,0.0,0.0,-0.5322,0,CASH_BIL,Bear_HighVol
2011-08-30,9001.84,9001.84,0.0,0.0,0.0,-0.5322,0,CASH_BIL,Bear_HighVol
2011-08-31,9001.84,9001.84,0.0,0.0,0.0,-0.5322,0,CASH_BIL,Bear_HighVol
2011-09-01,9001.84,9001.84,0.0,0.0,0.0,-0.5322,0,CASH_BIL,Bear_HighVol
2011-09-02,8999.88,8999.88,0.0,0.0,0.0,-0.5323,0,CASH_BIL,Bear_HighVol
2011-09-06,8997.91,8997.91,0.0,0.0,0.0,-0.5324,0,CASH_BIL,Bear_HighVol
2011-09-07,8997.91,8997.91,0.0,0.0,0.0,-0.5324,0,CASH_BIL,Bear_HighVol
2011-09-08,8999.88,8999.88,0.0,0.0,0.0,-0.5323,0,CASH_BIL,Bear_HighVol
2011-09-09,8999.88,8999.88,0.0,0.0,0.0,-0.5323,0,CASH_BIL,Bear_HighVol
2011-09-12,8997.91,8997.91,0.0,0.0,0.0,-0.5324,0,CASH_BIL,Bear_HighVol
2011-09-13,8997.91,8997.91,0.0,0.0,0.0,-0.5324,0,CASH_BIL,Bear_HighVol
2011-09-14,8997.91,8997.91,0.0,0.0,0.0,-0.5324,0,CASH_BIL,Bear_HighVol
2011-09-15,8997.91,8997.91,0.0,0.0,0.0,-0.5324,0,CASH_BIL,Bear_HighVol
2011-09-16,8999.88,8999.88,0.0,0.0,0.0,-0.5323,0,CASH_BIL,Bear_HighVol
2011-09-19,8999.88,8999.88,0.0,0.0,0.0,-0.5323,0,CASH_BIL,Bear_HighVol
2011-09-20,8999.88,8999.88,0.0,0.0,0.0,-0.5323,0,CASH_BIL,Bear_HighVol
2011-09-21,8997.91,8997.91,0.0,0.0,0.0,-0.5324,0,CASH_BIL,Bear_HighVol
2011-09-22,8999.88,8999.88,0.0,0.0,0.0,-0.5323,0,CASH_BIL,Bear_HighVol
2011-09-23,8999.88,8999.88,0.0,0.0,0.0,-0.5323,0,CASH_BIL,Bear_HighVol
2011-09-26,8997.91,8997.91,0.0,0.0,0.0,-0.5324,0,CASH_BIL,Bear_HighVol
2011-09-27,8999.88,8999.88,0.0,0.0,0.0,-0.5323,0,CASH_BIL,Bear_HighVol
2011-09-28,8999.88,8999.88,0.0,0.0,0.0,-0.5323,0,CASH_BIL,Bear_HighVol
2011-09-29,8999.88,8999.88,0.0,0.0,0.0,-0.5323,0,CASH_BIL,Bear_HighVol
2011-09-30,8999.88,8999.88,0.0,0.0,0.0,-0.5323,0,CASH_BIL,Bear_HighVol
2011-10-03,8999.88,8999.88,0.0,0.0,0.0,-0.5323,0,CASH_BIL,Bear_HighVol
2011-10-04,8999.88,8999.88,0.0,0.0,0.0,-0.5323,0,CASH_BIL,Bear_HighVol
2011-10-05,8997.91,8997.91,0.0,0.0,0.0,-0.5324,0,CASH_BIL,Bear_HighVol
2011-10-06,8999.88,8999.88,0.0,0.0,0.0,-0.5323,0,CASH_BIL,Bear_HighVol
2011-10-07,8997.91,8997.91,0.0,0.0,0.0,-0.5324,0,CASH_BIL,Bear_HighVol
2011-10-10,8999.88,8999.88,0.0,0.0,0.0,-0.5323,0,CASH_BIL,Bear_HighVol
2011-10-11,8997.91,8997.91,0.0,0.0,0.0,-0.5324,0,CASH_BIL,Bear_HighVol
2011-10-12,8999.88,8999.88,0.0,0.0,0.0,-0.5323,0,CASH_BIL,Bear_HighVol
2011-10-13,8997.91,8997.91,0.0,0.0,0.0,-0.5324,0,CASH_BIL,Bear_HighVol
2011-10-14,8997.91,8997.91,0.0,0.0,0.0,-0.5324,0,CASH_BIL,Bear_HighVol
2011-10-17,8999.88,8999.88,0.0,0.0,0.0,-0.5323,0,CASH_BIL,Bear_HighVol
2011-10-18,8999.88,8999.88,0.0,0.0,0.0,-0.5323,0,CASH_BIL,Bear_HighVol
2011-10-19,8999.88,8999.88,0.0,0.0,0.0,-0.5323,0,CASH_BIL,Bear_HighVol
2011-10-20,8997.91,8997.91,0.0,0.0,0.0,-0.5324,0,CASH_BIL,Bear_HighVol
2011-10-21,8997.91,8997.91,0.0,0.0,0.0,-0.5324,0,CASH_BIL,Bear_HighVol
2011-10-24,8999.88,8999.88,0.0,0.0,0.0,-0.5323,0,CASH_BIL,Bear_HighVol
2011-10-25,8999.88,8999.88,0.0,0.0,0.0,-0.5323,0,CASH_BIL,Bear_HighVol
2011-10-26,8997.91,8997.91,0.0,0.0,0.0,-0.5324,0,CASH_BIL,Bear_HighVol
2011-10-27,8997.91,8997.91,0.0,0.0,0.0,-0.5324,0,CASH_BIL,Bear_HighVol
2011-10-28,8995.95,8995.95,0.0,0.0,0.0,-0.5325,0,CASH_BIL,Bear_HighVol
2011-10-31,8999.88,8999.88,0.0,0.0,0.0,-0.5323,0,CASH_BIL,Bear_HighVol
2011-11-01,8997.91,8997.91,0.0,0.0,0.0,-0.5324,0,CASH_BIL,Bear_HighVol
2011-11-02,8995.95,8995.95,0.0,0.0,0.0,-0.5325,0,CASH_BIL,Bear_HighVol
2011-11-03,8997.91,8997.91,0.0,0.0,0.0,-0.5324,0,CASH_BIL,Bear_HighVol
2011-11-04,8999.88,8999.88,0.0,0.0,0.0,-0.5323,0,CASH_BIL,Bear_HighVol
2011-11-07,8999.88,8999.88,0.0,0.0,0.0,-0.5323,0,CASH_BIL,Bull_MidVol
2011-11-08,8999.88,8999.88,0.0,0.0,0.0,-0.5323,0,CASH_BIL,Bull_MidVol
2011-11-09,9001.84,9001.84,0.0,0.0,0.0,-0.5322,0,CASH_BIL,Bear_HighVol
2011-11-10,8999.88,8999.88,0.0,0.0,0.0,-0.5323,0,CASH_BIL,Bear_HighVol
2011-11-11,9001.84,9001.84,0.0,0.0,0.0,-0.5322,0,CASH_BIL,Bear_HighVol
2011-11-14,8999.88,8999.88,0.0,0.0,0.0,-0.5323,0,CASH_BIL,Bear_HighVol
2011-11-15,9001.84,9001.84,0.0,0.0,0.0,-0.5322,0,CASH_BIL,Bear_HighVol
2011-11-16,9001.84,9001.84,0.0,0.0,0.0,-0.5322,0,CASH_BIL,Bear_HighVol
2011-11-17,9001.84,9001.84,0.0,0.0,0.0,-0.5322,0,CASH_BIL,Bear_HighVol
2011-11-18,9001.84,9001.84,0.0,0.0,0.0,-0.5322,0,CASH_BIL,Bear_HighVol
2011-11-21,8999.88,8999.88,0.0,0.0,0.0,-0.5323,0,CASH_BIL,Bear_HighVol
2011-11-22,9001.84,9001.84,0.0,0.0,0.0,-0.5322,0,CASH_BIL,Bear_HighVol
2011-11-23,9001.84,9001.84,0.0,0.0,0.0,-0.5322,0,CASH_BIL,Bear_HighVol
2011-11-25,9001.84,9001.84,0.0,0.0,0.0,-0.5322,0,CASH_BIL,Bear_HighVol
2011-11-28,8997.91,8997.91,0.0,0.0,0.0,-0.5324,0,CASH_BIL,Bear_HighVol
2011-11-29,8999.88,8999.88,0.0,0.0,0.0,-0.5323,0,CASH_BIL,Bear_HighVol
2011-11-30,8997.91,8997.91,0.0,0.0,0.0,-0.5324,0,CASH_BIL,Bear_HighVol
2011-12-01,8999.88,8999.88,0.0,0.0,0.0,-0.5323,0,CASH_BIL,Bear_HighVol
2011-12-02,8999.88,8999.88,0.0,0.0,0.0,-0.5323,0,CASH_BIL,Bear_HighVol
2011-12-05,9001.84,9001.84,0.0,0.0,0.0,-0.5322,0,CASH_BIL,Bear_HighVol
2011-12-06,8999.88,8999.88,0.0,0.0,0.0,-0.5323,0,CASH_BIL,Bear_HighVol
2011-12-07,8999.88,8999.88,0.0,0.0,0.0,-0.5323,0,CASH_BIL,Bear_HighVol
2011-12-08,8997.91,8997.91,0.0,0.0,0.0,-0.5324,0,CASH_BIL,Bear_HighVol
2011-12-09,8997.91,8997.91,0.0,0.0,0.0,-0.5324,0,CASH_BIL,Bear_HighVol
2011-12-12,8997.91,8997.91,0.0,0.0,0.0,-0.5324,0,CASH_BIL,Bear_HighVol
2011-12-13,8999.88,8999.88,0.0,0.0,0.0,-0.5323,0,CASH_BIL,Bear_HighVol
2011-12-14,8997.91,8997.91,0.0,0.0,0.0,-0.5324,0,CASH_BIL,Bear_HighVol
2011-12-15,8999.88,8999.88,0.0,0.0,0.0,-0.5323,0,CASH_BIL,Bear_HighVol
2011-12-16,8999.88,8999.88,0.0,0.0,0.0,-0.5323,0,CASH_BIL,Bear_HighVol
2011-12-19,8999.88,8999.88,0.0,0.0,0.0,-0.5323,0,CASH_BIL,Bear_HighVol
2011-12-20,8999.88,8999.88,0.0,0.0,0.0,-0.5323,0,CASH_BIL,Bear_HighVol
2011-12-21,8999.88,8999.88,0.0,0.0,0.0,-0.5323,0,CASH_BIL,Bear_HighVol
2011-12-22,8999.88,8999.88,0.0,0.0,0.0,-0.5323,0,CASH_BIL,Bear_HighVol
2011-12-23,8997.91,8997.91,0.0,0.0,0.0,-0.5324,0,CASH_BIL,Bear_HighVol
2011-12-27,8997.91,8997.91,0.0,0.0,0.0,-0.5324,0,CASH_BIL,Bull_MidVol
2011-12-28,8997.91,8997.91,0.0,0.0,0.0,-0.5324,0,CASH_BIL,Bear_HighVol
2011-12-29,8997.91,8997.91,0.0,0.0,0.0,-0.5324,0,CASH_BIL,Bull_MidVol
2011-12-30,8995.95,8995.95,0.0,0.0,0.0,-0.5325,0,CASH_BIL,Bear_HighVol
2012-01-03,8995.95,8995.95,0.0,0.0,0.0,-0.5325,0,CASH_BIL,Bull_MidVol
2012-01-04,8995.95,8995.95,0.0,0.0,0.0,-0.5325,0,CASH_BIL,Bull_MidVol
2012-01-05,8995.95,8995.95,0.0,0.0,0.0,-0.5325,0,CASH_BIL,Bull_MidVol
2012-01-06,8995.95,8995.95,0.0,0.0,0.0,-0.5325,0,CASH_BIL,Bull_MidVol
2012-01-09,8995.95,8995.95,0.0,0.0,0.0,-0.5325,0,CASH_BIL,Bull_MidVol
2012-01-10,8995.95,8995.95,0.0,0.0,0.0,-0.5325,0,CASH_BIL,Bull_MidVol
2012-01-11,8995.95,8995.95,0.0,0.0,0.0,-0.5325,0,CASH_BIL,Bull_LowVol
2012-01-12,9174.97,0.0,9025.36,18200.33,1.98,-0.5232,2,"CNC,GNRC",Bull_LowVol
2012-01-13,9094.73,-1.13,9025.36,18121.22,1.99,-0.5274,2,"CNC,GNRC",Bull_LowVol
2012-01-17,9249.36,-2.26,9025.36,18276.98,1.98,-0.5193,2,"CNC,GNRC",Bull_LowVol
2012-01-18,9362.82,-3.38,9025.36,18391.57,1.96,-0.5134,2,"CNC,GNRC",Bull_LowVol
2012-01-19,9253.93,-4.51,9025.36,18283.8,1.98,-0.5191,2,"CNC,GNRC",Bull_LowVol
2012-01-20,9056.51,-5.64,9025.36,18087.51,2.0,-0.5294,2,"CNC,GNRC",Bull_LowVol
2012-01-23,9019.41,-6.77,9025.36,18051.54,2.0,-0.5313,2,"CNC,GNRC",Bull_LowVol
2012-01-24,9065.89,-7.9,9025.36,18099.14,2.0,-0.5289,2,"CNC,GNRC",Bull_LowVol
2012-01-25,9211.93,-9.03,9025.36,18246.32,1.98,-0.5213,2,"CNC,GNRC",Bull_LowVol
2012-01-26,9018.2,-10.15,9025.36,18053.72,2.0,-0.5314,2,"CNC,GNRC",Bull_LowVol
2012-01-27,9270.45,-11.28,9025.36,18307.1,1.97,-0.5182,2,"CNC,GNRC",Bull_LowVol
2012-01-30,8966.72,-12.41,9025.36,18004.49,2.01,-0.534,2,"CNC,GNRC",Bull_LowVol
2012-01-31,9210.22,-13.54,9025.36,18249.12,1.98,-0.5214,2,"CNC,GNRC",Bull_LowVol
2012-02-01,9472.37,-14.67,9025.36,18512.39,1.95,-0.5078,2,"CNC,GNRC",Bull_LowVol
2012-02-02,9257.5,-15.79,9025.36,18298.66,1.98,-0.5189,2,"CNC,GNRC",Bull_LowVol
2012-02-03,9439.32,-16.92,9025.36,18481.6,1.96,-0.5095,2,"CNC,GNRC",Bull_LowVol
2012-02-06,9239.38,-18.05,9025.36,18282.8,1.98,-0.5199,2,"CNC,GNRC",Bull_LowVol
2012-02-07,9132.46,-19.18,9025.36,18177.0,1.99,-0.5254,2,"CNC,GNRC",Bull_LowVol
2012-02-08,9782.53,-20.31,9025.36,18828.2,1.92,-0.4916,2,"CNC,GNRC",Bull_LowVol
2012-02-09,9557.31,-21.44,9025.36,18604.11,1.95,-0.5033,2,"CNC,GNRC",Bull_LowVol
2012-02-10,8644.26,0.0,9614.6,18258.86,2.11,-0.5508,2,"ALNY,REGN",Bull_LowVol
2012-02-13,9902.85,-1.2,9614.6,19518.65,1.97,-0.4854,2,"ALNY,REGN",Bull_LowVol
2012-02-14,8511.62,0.0,9386.19,17897.81,2.1,-0.5577,2,"REGN,AGO",Bull_LowVol
2012-02-15,8238.87,-1.17,9386.19,17626.23,2.14,-0.5719,2,"REGN,AGO",Bull_LowVol
2012-02-16,8116.05,-2.35,9386.19,17504.58,2.16,-0.5782,2,"REGN,AGO",Bull_LowVol
2012-02-17,8005.57,-3.52,9386.19,17395.27,2.17,-0.584,2,"REGN,AGO",Bull_LowVol
2012-02-21,7790.68,0.0,8826.46,16617.14,2.13,-0.5951,2,"AGO,ALNY",Bull_LowVol
2012-02-22,7656.61,-1.1,8826.46,16484.18,2.15,-0.6021,2,"AGO,ALNY",Bull_LowVol
2012-02-23,8207.48,-2.21,8826.46,17036.15,2.08,-0.5735,2,"AGO,ALNY",Bull_LowVol
2012-02-24,8640.97,-3.31,8826.46,17470.74,2.02,-0.551,2,"AGO,ALNY",Bull_LowVol
2012-02-27,8546.75,-4.41,8826.46,17377.62,2.03,-0.5559,2,"AGO,ALNY",Bull_LowVol
2012-02-28,8422.75,-5.52,8826.46,17254.72,2.05,-0.5623,2,"AGO,ALNY",Bull_LowVol
2012-02-29,8136.78,-6.62,8826.46,16969.86,2.09,-0.5772,2,"AGO,ALNY",Bull_LowVol
2012-03-01,8444.41,-7.72,8826.46,17278.6,2.05,-0.5612,2,"AGO,ALNY",Bull_LowVol
2012-03-02,7855.63,-8.83,8826.46,16690.92,2.12,-0.5918,2,"AGO,ALNY",Bull_LowVol
2012-03-05,7950.6,-9.93,8826.46,16786.99,2.11,-0.5868,2,"AGO,ALNY",Bull_LowVol
2012-03-06,6962.93,-11.03,8826.46,15800.43,2.27,-0.6382,2,"AGO,ALNY",Bull_LowVol
2012-03-07,7212.76,-12.14,8826.46,16051.36,2.23,-0.6252,2,"AGO,ALNY",Bull_LowVol
2012-03-08,7482.12,-13.24,8826.46,16321.82,2.18,-0.6112,2,"AGO,ALNY",Bull_LowVol
2012-03-09,7645.15,-14.34,8826.46,16485.95,2.16,-0.6027,2,"AGO,ALNY",Bull_LowVol
2012-03-12,7610.97,0.0,7682.45,15293.42,2.01,-0.6045,2,"REGN,LNG",Bull_LowVol
2012-03-13,7810.68,-0.96,7682.45,15494.09,1.98,-0.5941,2,"REGN,LNG",Bull_LowVol
2012-03-14,7470.8,-1.92,7682.45,15155.17,2.03,-0.6118,2,"REGN,LNG",Bull_LowVol
2012-03-15,7919.25,-2.88,7682.45,15604.58,1.97,-0.5885,2,"REGN,LNG",Bull_LowVol
2012-03-16,7971.17,-3.84,7682.45,15657.45,1.96,-0.5858,2,"REGN,LNG",Bull_LowVol
2012-03-19,7822.06,-4.8,7682.45,15509.31,1.98,-0.5935,2,"REGN,LNG",Bull_LowVol
2012-03-20,7748.54,-5.76,7682.45,15436.75,1.99,-0.5973,2,"REGN,LNG",Bull_LowVol
2012-03-21,7699.08,-6.72,7682.45,15388.25,2.0,-0.5999,2,"REGN,LNG",Bull_LowVol
2012-03-22,7496.47,-7.68,7682.45,15186.6,2.03,-0.6104,2,"REGN,LNG",Bull_LowVol
2012-03-23,7514.63,-8.64,7682.45,15205.72,2.02,-0.6095,2,"REGN,LNG",Bull_LowVol
2012-03-26,8059.77,-9.6,7682.45,15751.82,1.95,-0.5812,2,"REGN,LNG",Bull_LowVol
2012-03-27,7652.67,-10.56,7682.45,15345.68,2.01,-0.6023,2,"REGN,LNG",Bull_LowVol
2012-03-28,7464.25,-11.52,7682.45,15158.22,2.03,-0.6121,2,"REGN,LNG",Bull_LowVol
2012-03-29,7229.73,-12.48,7682.45,14924.66,2.06,-0.6243,2,"REGN,LNG",Bull_LowVol
2012-03-30,7616.9,-13.44,7682.45,15312.79,2.01,-0.6042,2,"REGN,LNG",Bull_LowVol
2012-04-02,8153.61,-14.4,7682.45,15850.46,1.94,-0.5763,2,"REGN,LNG",Bull_LowVol
2012-04-03,8623.79,-15.36,7682.45,16321.6,1.89,-0.5519,2,"REGN,LNG",Bull_LowVol
2012-04-04,8366.8,-16.33,7682.45,16065.57,1.92,-0.5652,2,"REGN,LNG",Bull_LowVol
2012-04-05,8766.12,-17.29,7682.45,16465.85,1.88,-0.5445,2,"REGN,LNG",Bull_LowVol
2012-04-09,8547.08,-18.25,7682.45,16247.78,1.9,-0.5558,2,"REGN,LNG",Bull_LowVol
2012-04-10,7794.18,0.0,8104.25,15898.42,2.04,-0.595,2,"REGN,RGEN",Bull_LowVol
2012-04-11,8135.87,-1.01,8104.25,16241.13,2.0,-0.5772,2,"REGN,RGEN",Bull_LowVol
2012-04-12,8296.16,-2.03,8104.25,16402.43,1.98,-0.5689,2,"REGN,RGEN",Bull_LowVol
2012-04-13,8331.21,-3.04,8104.25,16438.49,1.97,-0.5671,2,"REGN,RGEN",Bull_LowVol
2012-04-16,8491.91,-4.05,8104.25,16600.21,1.95,-0.5587,2,"REGN,RGEN",Bull_LowVol
2012-04-17,8579.52,-5.07,8104.25,16688.83,1.95,-0.5542,2,"REGN,RGEN",Bull_LowVol
2012-04-18,8342.17,-6.08,8104.25,16452.5,1.97,-0.5665,2,"REGN,RGEN",Bull_LowVol
2012-04-19,8587.76,-7.09,8104.25,16699.09,1.94,-0.5537,2,"REGN,RGEN",Bull_LowVol
2012-04-20,8537.23,-8.1,8104.25,16649.58,1.95,-0.5563,2,"REGN,RGEN",Bull_LowVol
2012-04-23,8671.03,-9.12,8104.25,16784.39,1.94,-0.5494,2,"REGN,RGEN",Bull_LowVol
2012-04-24,8498.59,-10.13,8104.25,16612.97,1.95,-0.5584,2,"REGN,RGEN",Bull_LowVol
2012-04-25,9962.89,-11.14,8104.25,18078.28,1.81,-0.4823,2,"REGN,RGEN",Bull_MidVol
2012-04-26,6774.54,0.0,8910.89,15685.42,2.32,-0.6479,2,"REGN,BKNG",Bull_MidVol
2012-04-27,7110.26,-1.11,8910.89,16022.26,2.25,-0.6305,2,"REGN,BKNG",Bull_MidVol
2012-04-30,6768.91,-2.23,8910.89,15682.02,2.32,-0.6482,2,"REGN,BKNG",Bull_MidVol
2012-05-01,6659.97,-3.34,8910.89,15574.2,2.34,-0.6539,2,"REGN,BKNG",Bull_MidVol
2012-05-02,6910.82,-4.46,8910.89,15826.17,2.29,-0.6409,2,"REGN,BKNG",Bull_MidVol
2012-05-03,6580.78,-5.57,8910.89,15497.23,2.35,-0.658,2,"REGN,BKNG",Bull_MidVol
2012-05-04,6291.76,-6.68,8910.89,15209.33,2.42,-0.673,2,"REGN,BKNG",Bull_MidVol
2012-05-07,6226.76,-7.8,8910.89,15145.44,2.43,-0.6764,2,"REGN,BKNG",Bull_MidVol
2012-05-08,6092.34,-8.91,8910.89,15012.14,2.46,-0.6834,2,"REGN,BKNG",Bull_MidVol
2012-05-09,6052.32,0.0,2923.9,8976.22,1.48,-0.6855,2,"BKNG,TPL",Bull_MidVol
2012-05-10,5794.62,-0.37,2923.9,8718.88,1.5,-0.6989,2,"BKNG,TPL",Bull_MidVol
2012-05-11,5705.87,0.0,159.5,5865.37,1.03,-0.7035,2,"TPL,REGN",Bull_LowVol
2012-05-14,5665.06,-0.02,159.5,5824.59,1.03,-0.7056,2,"TPL,REGN",Bull_LowVol
2012-05-15,5637.45,-0.04,159.5,5796.99,1.03,-0.707,2,"TPL,REGN",Bull_LowVol
2012-05-16,5560.11,-0.06,159.5,5719.67,1.03,-0.7111,2,"TPL,REGN",Bull_LowVol
2012-05-17,5349.33,-0.08,159.5,5508.91,1.03,-0.722,2,"TPL,REGN",Bull_LowVol
2012-05-18,5215.12,-0.1,159.5,5374.72,1.03,-0.729,2,"TPL,REGN",Bull_LowVol
2012-05-21,5433.91,-0.12,159.5,5593.53,1.03,-0.7176,2,"TPL,REGN",Bull_MidVol
2012-05-22,5427.89,9.53,0.0,5418.36,1.0,-0.7179,2,"AAL,INCY",Bull_MidVol
2012-05-23,5493.48,9.53,0.0,5483.94,1.0,-0.7145,2,"AAL,INCY",Bull_LowVol
2012-05-24,5801.55,9.53,0.0,5792.02,1.0,-0.6985,2,"AAL,INCY",Bull_LowVol
2012-05-25,5807.95,9.53,0.0,5798.42,1.0,-0.6982,2,"AAL,INCY",Bull_LowVol
2012-05-29,5886.46,9.53,0.0,5876.93,1.0,-0.6941,2,"AAL,INCY",Bull_LowVol
2012-05-30,5865.47,9.53,0.0,5855.94,1.0,-0.6952,2,"AAL,INCY",Bull_LowVol
2012-05-31,5914.06,9.53,0.0,5904.53,1.0,-0.6927,2,"AAL,INCY",Bull_LowVol
2012-06-01,5672.11,9.53,0.0,5662.58,1.0,-0.7052,2,"AAL,INCY",Bull_MidVol
2012-06-04,5334.31,9.53,0.0,5324.78,1.0,-0.7228,2,"AAL,INCY",Bull_MidVol
2012-06-05,5554.52,9.53,0.0,5544.99,1.0,-0.7114,2,"AAL,INCY",Bull_MidVol
2012-06-06,5769.01,9.53,0.0,5759.47,1.0,-0.7002,2,"AAL,INCY",Bull_MidVol
2012-06-07,5639.61,9.53,0.0,5630.08,1.0,-0.7069,2,"AAL,INCY",Bull_MidVol
2012-06-08,5813.15,9.53,0.0,5803.61,1.0,-0.6979,2,"AAL,INCY",Bull_MidVol
2012-06-11,5519.71,9.53,0.0,5510.18,1.0,-0.7132,2,"AAL,INCY",Bull_MidVol
2012-06-12,5534.12,9.53,0.0,5524.59,1.0,-0.7124,2,"AAL,INCY",Bull_MidVol
2012-06-13,5608.87,9.53,0.0,5599.33,1.0,-0.7085,2,"AAL,INCY",Bull_MidVol
2012-06-14,5804.54,9.53,0.0,5795.01,1.0,-0.6984,2,"AAL,INCY",Bull_MidVol
2012-06-15,5767.03,9.53,0.0,5757.5,1.0,-0.7003,2,"AAL,INCY",Bull_MidVol
2012-06-18,5913.51,9.53,0.0,5903.98,1.0,-0.6927,2,"AAL,INCY",Bull_MidVol
2012-06-19,6046.22,9.53,0.0,6036.69,1.0,-0.6858,2,"AAL,INCY",Bull_MidVol
2012-06-20,6031.78,0.0,4801.94,10833.73,1.8,-0.6865,2,"AAL,INCY",Bull_MidVol
2012-06-21,6160.73,-0.6,4801.94,10963.27,1.78,-0.6798,2,"AAL,INCY",Bull_MidVol
2012-06-22,6166.6,-1.2,4801.94,10969.75,1.78,-0.6795,2,"AAL,INCY",Bull_MidVol
2012-06-25,5816.19,-1.8,4801.94,10619.94,1.83,-0.6978,2,"AAL,INCY",Bull_MidVol
2012-06-26,5872.65,-2.4,4801.94,10676.99,1.82,-0.6948,2,"AAL,INCY",Bull_MidVol
2012-06-27,6177.58,-3.0,4801.94,10982.53,1.78,-0.679,2,"AAL,INCY",Bull_MidVol
2012-06-28,6024.54,-3.6,4801.94,10830.09,1.8,-0.6869,2,"AAL,INCY",Bull_MidVol
2012-06-29,6077.99,-4.2,4801.94,10884.13,1.79,-0.6841,2,"AAL,INCY",Bull_MidVol
2012-07-02,6675.41,-4.8,4801.94,11482.16,1.72,-0.6531,2,"AAL,INCY",Bull_MidVol
2012-07-03,6489.39,-5.4,4801.94,11296.73,1.74,-0.6628,2,"AAL,INCY",Bull_MidVol
2012-07-05,6732.04,0.0,4899.97,11632.0,1.73,-0.6502,2,"AAL,IONS",Bull_MidVol
2012-07-06,6990.19,-0.61,4899.97,11890.77,1.7,-0.6367,2,"AAL,IONS",Bull_MidVol
2012-07-09,7216.43,-1.22,4899.97,12117.62,1.68,-0.625,2,"AAL,IONS",Bull_MidVol
2012-07-10,7188.0,-1.84,4899.97,12089.81,1.68,-0.6265,2,"AAL,IONS",Bull_MidVol
2012-07-11,6838.87,-2.45,4899.97,11741.28,1.72,-0.6446,2,"AAL,IONS",Bull_MidVol
2012-07-12,7038.39,-3.06,4899.97,11941.42,1.7,-0.6342,2,"AAL,IONS",Bull_MidVol
2012-07-13,7338.94,-3.67,4899.97,12242.59,1.67,-0.6186,2,"AAL,IONS",Bull_MidVol
2012-07-16,7236.48,-4.29,4899.97,12140.73,1.68,-0.6239,2,"AAL,IONS",Bull_MidVol
2012-07-17,7335.25,-4.9,4899.97,12240.12,1.67,-0.6188,2,"AAL,IONS",Bull_MidVol
2012-07-18,7168.78,0.0,5849.57,13018.35,1.82,-0.6275,2,"IONS,AAL",Bull_MidVol
2012-07-19,6163.64,0.0,5453.92,11617.56,1.88,-0.6797,2,"IONS,EW",Bull_MidVol
2012-07-20,6074.22,-0.68,5453.92,11528.82,1.9,-0.6843,2,"IONS,EW",Bull_MidVol
2012-07-23,5858.62,-1.36,5453.92,11313.9,1.93,-0.6955,2,"IONS,EW",Bull_MidVol
2012-07-24,5627.54,-2.05,5453.92,11083.5,1.97,-0.7076,2,"IONS,EW",Bull_MidVol
2012-07-25,6057.24,-2.73,5453.92,11513.88,1.9,-0.6852,2,"IONS,EW",Bull_MidVol
2012-07-26,6046.83,-3.41,5453.92,11504.16,1.9,-0.6858,2,"IONS,EW",Bull_MidVol
2012-07-27,6324.97,-4.09,5453.92,11782.98,1.86,-0.6713,2,"IONS,EW",Bull_MidVol
2012-07-30,5995.79,-4.77,5453.92,11454.48,1.91,-0.6884,2,"IONS,EW",Bull_LowVol
2012-07-31,5677.59,-5.45,5453.92,11136.96,1.96,-0.705,2,"IONS,EW",Bull_LowVol
2012-08-01,5465.05,-6.14,5453.92,10925.1,2.0,-0.716,2,"IONS,EW",Bull_LowVol
2012-08-02,5412.28,0.0,5361.78,10774.06,1.99,-0.7187,2,"EW,STZ",Bull_LowVol
2012-08-03,5677.01,-0.67,5361.78,11039.46,1.94,-0.705,2,"EW,STZ",Bull_LowVol
2012-08-06,5625.88,-1.34,5361.78,10989.0,1.95,-0.7076,2,"EW,STZ",Bull_LowVol
2012-08-07,5617.81,-2.01,5361.78,10981.6,1.95,-0.7081,2,"EW,STZ",Bull_LowVol
2012-08-08,5595.19,-2.68,5361.78,10959.65,1.96,-0.7092,2,"EW,STZ",Bull_LowVol
2012-08-09,5498.23,-3.35,5361.78,10863.36,1.98,-0.7143,2,"EW,STZ",Bull_LowVol
2012-08-10,5507.29,-4.02,5361.78,10873.09,1.97,-0.7138,2,"EW,STZ",Bull_LowVol
2012-08-13,5454.51,-4.69,5361.78,10820.99,1.98,-0.7165,2,"EW,STZ",Bull_LowVol
2012-08-14,5611.26,-5.36,5361.78,10978.4,1.96,-0.7084,2,"EW,STZ",Bull_LowVol
2012-08-15,5824.05,-6.03,5361.78,11191.86,1.92,-0.6973,2,"EW,STZ",Bull_LowVol
2012-08-16,5853.82,0.0,5947.29,11801.1,2.02,-0.6958,2,"STZ,PHM",Bull_LowVol
2012-08-17,5864.38,-0.74,5947.29,11812.41,2.01,-0.6952,2,"STZ,PHM",Bull_LowVol
2012-08-20,5603.74,-1.49,5947.29,11552.51,2.06,-0.7088,2,"STZ,PHM",Bull_LowVol
2012-08-21,5552.89,-2.23,5947.29,11502.4,2.07,-0.7114,2,"STZ,PHM",Bull_LowVol
2012-08-22,5773.13,-2.97,5947.29,11723.39,2.03,-0.7,2,"STZ,PHM",Bull_LowVol
2012-08-23,5794.61,-3.72,5947.29,11745.61,2.03,-0.6989,2,"STZ,PHM",Bull_LowVol
2012-08-24,5957.61,-4.46,5947.29,11909.35,2.0,-0.6904,2,"STZ,PHM",Bull_LowVol
2012-08-27,5790.3,-5.2,5947.29,11742.79,2.03,-0.6991,2,"STZ,PHM",Bull_LowVol
2012-08-28,5804.92,-5.95,5947.29,11758.16,2.03,-0.6983,2,"STZ,PHM",Bull_LowVol
2012-08-29,5932.18,-6.69,5947.29,11886.16,2.0,-0.6917,2,"STZ,PHM",Bull_LowVol
2012-08-30,5904.31,-7.43,5947.29,11859.03,2.01,-0.6932,2,"STZ,PHM",Bull_LowVol
2012-08-31,6068.07,-8.18,5947.29,12023.53,1.98,-0.6847,2,"STZ,PHM",Bull_LowVol
2012-09-04,6149.59,-8.92,5947.29,12105.8,1.97,-0.6804,2,"STZ,PHM",Bull_LowVol
2012-09-05,6262.61,-9.66,5947.29,12219.56,1.95,-0.6746,2,"STZ,PHM",Bull_LowVol
2012-09-06,6674.91,-10.41,5947.29,12632.61,1.89,-0.6531,2,"STZ,PHM",Bull_LowVol
2012-09-07,6658.18,-11.15,5947.29,12616.62,1.89,-0.654,2,"STZ,PHM",Bull_LowVol
2012-09-10,6388.41,-11.89,5947.29,12347.59,1.93,-0.668,2,"STZ,PHM",Bull_LowVol
2012-09-11,6464.04,-12.64,5947.29,12423.97,1.92,-0.6641,2,"STZ,PHM",Bull_LowVol
2012-09-12,6784.71,-13.38,5947.29,12745.38,1.88,-0.6474,2,"STZ,PHM",Bull_LowVol
2012-09-13,7036.69,-14.12,5947.29,12998.1,1.85,-0.6343,2,"STZ,PHM",Bull_LowVol
2012-09-14,7158.78,0.0,7082.01,14240.78,1.99,-0.628,2,"STZ,PHM",Bull_LowVol
2012-09-17,7155.86,-0.89,7082.01,14238.75,1.99,-0.6281,2,"STZ,PHM",Bull_LowVol
2012-09-18,6964.6,-1.77,7082.01,14048.38,2.02,-0.6381,2,"STZ,PHM",Bull_LowVol
2012-09-19,7332.02,-2.66,7082.01,14416.68,1.97,-0.619,2,"STZ,PHM",Bull_LowVol
2012-09-20,7582.21,-3.54,7082.01,14667.76,1.93,-0.606,2,"STZ,PHM",Bull_LowVol
2012-09-21,7589.32,-4.43,7082.01,14675.75,1.93,-0.6056,2,"STZ,PHM",Bull_LowVol
2012-09-24,7405.13,-5.31,7082.01,14492.45,1.96,-0.6152,2,"STZ,PHM",Bull_LowVol
2012-09-25,6949.98,-6.2,7082.01,14038.19,2.02,-0.6388,2,"STZ,PHM",Bull_LowVol
2012-09-26,6599.61,0.0,7115.97,13715.57,2.08,-0.657,2,"STZ,TMUS",Bull_LowVol
2012-09-27,7101.95,-0.89,7115.97,14218.8,2.0,-0.6309,2,"STZ,TMUS",Bull_LowVol
2012-09-28,6968.29,0.0,6875.4,13843.69,1.99,-0.6379,2,"TMUS,PHM",Bull_LowVol
2012-10-01,6770.5,-0.86,6875.4,13646.76,2.02,-0.6482,2,"TMUS,PHM",Bull_LowVol
2012-10-02,8083.76,-1.72,6875.4,14960.88,1.85,-0.5799,2,"TMUS,PHM",Bull_LowVol
2012-10-03,7726.69,-2.58,6875.4,14604.67,1.89,-0.5985,2,"TMUS,PHM",Bull_LowVol
2012-10-04,8021.11,-3.44,6875.4,14899.94,1.86,-0.5832,2,"TMUS,PHM",Bull_LowVol
2012-10-05,8023.82,-4.3,6875.4,14903.52,1.86,-0.583,2,"TMUS,PHM",Bull_LowVol
2012-10-08,7715.31,-5.16,6875.4,14595.86,1.89,-0.5991,2,"TMUS,PHM",Bull_LowVol
2012-10-09,7552.76,-6.02,6875.4,14434.17,1.91,-0.6075,2,"TMUS,PHM",Bull_LowVol
2012-10-10,7330.46,-6.88,6875.4,14212.74,1.94,-0.6191,2,"TMUS,PHM",Bull_LowVol
2012-10-11,7005.09,-7.73,6875.4,13888.22,1.98,-0.636,2,"TMUS,PHM",Bull_LowVol
2012-10-12,7044.55,0.0,3509.56,10554.11,1.5,-0.6339,2,"PHM,CDE",Bull_LowVol
2012-10-15,7403.54,-0.44,3509.56,10913.53,1.47,-0.6153,2,"PHM,CDE",Bull_LowVol
2012-10-16,7571.42,-0.88,3509.56,11081.86,1.46,-0.6065,2,"PHM,CDE",Bull_LowVol
2012-10-17,8031.87,-1.32,3509.56,11542.75,1.44,-0.5826,2,"PHM,CDE",Bull_LowVol
2012-10-18,8032.17,-1.75,3509.56,11543.48,1.44,-0.5826,2,"PHM,CDE",Bull_LowVol
2012-10-19,8106.91,-2.19,3509.56,11618.66,1.43,-0.5787,2,"PHM,CDE",Bull_LowVol
2012-10-22,8212.55,-2.63,3509.56,11724.74,1.43,-0.5732,2,"PHM,CDE",Bull_LowVol
2012-10-23,7824.12,-3.07,3509.56,11336.75,1.45,-0.5934,2,"PHM,CDE",Bull_LowVol
2012-10-24,7891.6,-3.51,3509.56,11404.67,1.45,-0.5899,2,"PHM,CDE",Bull_LowVol
2012-10-25,7863.62,-3.95,3509.56,11377.13,1.45,-0.5914,2,"PHM,CDE",Bull_LowVol
2012-10-26,7956.75,-4.39,3509.56,11470.69,1.44,-0.5865,2,"PHM,CDE",Bull_LowVol
2012-10-31,8061.32,-4.83,3509.56,11575.7,1.44,-0.5811,2,"PHM,CDE",Bull_LowVol
2012-11-01,8374.8,-5.26,3509.56,11889.62,1.42,-0.5648,2,"PHM,CDE",Bull_LowVol
2012-11-02,8101.98,-5.7,3509.56,11617.24,1.43,-0.579,2,"PHM,CDE",Bull_LowVol
2012-11-05,8219.37,-6.14,3509.56,11735.07,1.43,-0.5729,2,"PHM,CDE",Bull_LowVol
2012-11-06,7558.41,0.0,4280.5,11838.91,1.57,-0.6072,2,"PHM,INSM",Bull_LowVol
2012-11-07,7605.55,7605.55,0.0,0.0,0.0,-0.6048,0,CASH_BIL,Bear_HighVol
2012-11-08,7605.55,7605.55,0.0,0.0,0.0,-0.6048,0,CASH_BIL,Bear_HighVol
2012-11-09,7605.55,7605.55,0.0,0.0,0.0,-0.6048,0,CASH_BIL,Bear_HighVol
2012-11-12,7605.55,7605.55,0.0,0.0,0.0,-0.6048,0,CASH_BIL,Bear_HighVol
2012-11-13,7605.55,7605.55,0.0,0.0,0.0,-0.6048,0,CASH_BIL,Bear_HighVol
2012-11-14,7605.55,7605.55,0.0,0.0,0.0,-0.6048,0,CASH_BIL,Bear_HighVol
2012-11-15,7605.55,7605.55,0.0,0.0,0.0,-0.6048,0,CASH_BIL,Bear_HighVol
2012-11-16,7605.55,7605.55,0.0,0.0,0.0,-0.6048,0,CASH_BIL,Bear_HighVol
2012-11-19,7603.89,7603.89,0.0,0.0,0.0,-0.6049,0,CASH_BIL,Bear_HighVol
2012-11-20,7603.89,7603.89,0.0,0.0,0.0,-0.6049,0,CASH_BIL,Bear_HighVol
2012-11-21,7603.89,7603.89,0.0,0.0,0.0,-0.6049,0,CASH_BIL,Bear_HighVol
2012-11-23,7603.89,7603.89,0.0,0.0,0.0,-0.6049,0,CASH_BIL,Bear_HighVol
2012-11-26,7603.89,7603.89,0.0,0.0,0.0,-0.6049,0,CASH_BIL,Bear_HighVol
2012-11-27,7603.89,7603.89,0.0,0.0,0.0,-0.6049,0,CASH_BIL,Bear_HighVol
2012-11-28,7790.83,0.0,2.79,7793.62,1.0,-0.5951,2,"INSM,AXON",Bull_LowVol
2012-11-29,7329.15,-0.0,2.79,7331.94,1.0,-0.6191,2,"INSM,AXON",Bull_LowVol
2012-11-30,7111.37,-0.0,2.79,7114.16,1.0,-0.6304,2,"INSM,AXON",Bull_LowVol
2012-12-03,7059.49,-0.0,2.79,7062.28,1.0,-0.6331,2,"INSM,AXON",Bull_LowVol
2012-12-04,7143.55,-0.0,2.79,7146.34,1.0,-0.6288,2,"INSM,AXON",Bull_LowVol
2012-12-05,6979.81,6979.81,0.0,0.0,0.0,-0.6373,0,CASH_BIL,Bear_HighVol
2012-12-06,6979.81,6979.81,0.0,0.0,0.0,-0.6373,0,CASH_BIL,Bear_HighVol
2012-12-07,6979.81,6979.81,0.0,0.0,0.0,-0.6373,0,CASH_BIL,Bear_HighVol
2012-12-10,6979.81,6979.81,0.0,0.0,0.0,-0.6373,0,CASH_BIL,Bear_HighVol
2012-12-11,6979.81,6979.81,0.0,0.0,0.0,-0.6373,0,CASH_BIL,Bull_LowVol
2012-12-12,6953.83,0.0,6988.39,13942.22,2.0,-0.6386,2,"LPX,ALK",Bull_LowVol
2012-12-13,6802.69,6802.69,0.0,0.0,0.0,-0.6465,0,CASH_BIL,Bear_HighVol
2012-12-14,6802.69,6802.69,0.0,0.0,0.0,-0.6465,0,CASH_BIL,Bear_HighVol
2012-12-17,6802.69,6802.69,0.0,0.0,0.0,-0.6465,0,CASH_BIL,Bull_LowVol
2012-12-18,6802.69,6802.69,0.0,0.0,0.0,-0.6465,0,CASH_BIL,Bull_LowVol
2012-12-19,6802.69,6802.69,0.0,0.0,0.0,-0.6465,0,CASH_BIL,Bull_LowVol
2012-12-20,6802.69,6802.69,0.0,0.0,0.0,-0.6465,0,CASH_BIL,Bull_LowVol
2012-12-21,6802.69,6802.69,0.0,0.0,0.0,-0.6465,0,CASH_BIL,Bull_LowVol
2012-12-24,6802.69,6802.69,0.0,0.0,0.0,-0.6465,0,CASH_BIL,Bear_HighVol
2012-12-26,6802.69,6802.69,0.0,0.0,0.0,-0.6465,0,CASH_BIL,Bear_HighVol
2012-12-27,6804.17,6804.17,0.0,0.0,0.0,-0.6464,0,CASH_BIL,Bear_HighVol
2012-12-28,6802.69,6802.69,0.0,0.0,0.0,-0.6465,0,CASH_BIL,Bear_HighVol
2012-12-31,6802.69,6802.69,0.0,0.0,0.0,-0.6465,0,CASH_BIL,Bull_LowVol
2013-01-02,6802.69,6802.69,0.0,0.0,0.0,-0.6465,0,CASH_BIL,Bull_MidVol
2013-01-03,6802.69,6802.69,0.0,0.0,0.0,-0.6465,0,CASH_BIL,Bull_MidVol
2013-01-04,6802.69,6802.69,0.0,0.0,0.0,-0.6465,0,CASH_BIL,Bull_MidVol
2013-01-07,6802.69,6802.69,0.0,0.0,0.0,-0.6465,0,CASH_BIL,Bull_MidVol
2013-01-08,6802.69,6802.69,0.0,0.0,0.0,-0.6465,0,CASH_BIL,Bull_MidVol
2013-01-09,6802.69,6802.69,0.0,0.0,0.0,-0.6465,0,CASH_BIL,Bull_MidVol
2013-01-10,6802.69,6802.69,0.0,0.0,0.0,-0.6465,0,CASH_BIL,Bull_LowVol
2013-01-11,6805.8,0.0,6820.28,13626.08,2.0,-0.6463,2,"PPC,THC",Bull_LowVol
2013-01-14,7360.89,-0.85,6820.28,14182.03,1.93,-0.6175,2,"PPC,THC",Bull_LowVol
2013-01-15,7306.58,-1.71,6820.28,14128.57,1.93,-0.6203,2,"PPC,THC",Bull_LowVol
2013-01-16,7454.14,-2.56,6820.28,14276.98,1.92,-0.6126,2,"PPC,THC",Bull_LowVol
2013-01-17,7843.89,-3.41,6820.28,14667.59,1.87,-0.5924,2,"PPC,THC",Bull_LowVol
2013-01-18,8203.08,-4.26,6820.28,15027.63,1.83,-0.5737,2,"PPC,THC",Bull_LowVol
2013-01-22,8118.08,-5.12,6820.28,14943.48,1.84,-0.5781,2,"PPC,THC",Bull_LowVol
2013-01-23,8103.52,-5.97,6820.28,14929.77,1.84,-0.5789,2,"PPC,THC",Bull_LowVol
2013-01-24,7966.0,-6.82,6820.28,14793.1,1.86,-0.586,2,"PPC,THC",Bull_LowVol
2013-01-25,8232.13,-7.67,6820.28,15060.08,1.83,-0.5722,2,"PPC,THC",Bull_LowVol
2013-01-28,8134.35,-8.53,6820.28,14963.16,1.84,-0.5773,2,"PPC,THC",Bull_LowVol
2013-01-29,7923.15,-9.38,6820.28,14752.81,1.86,-0.5883,2,"PPC,THC",Bull_LowVol
2013-01-30,8070.61,-10.23,6820.28,14901.13,1.85,-0.5806,2,"PPC,THC",Bull_LowVol
2013-01-31,8016.4,-11.08,6820.28,14847.77,1.85,-0.5834,2,"PPC,THC",Bull_LowVol
2013-02-01,8814.47,-11.94,6820.28,15646.69,1.78,-0.5419,2,"PPC,THC",Bull_LowVol
2013-02-04,8391.44,-12.79,6820.28,15224.52,1.81,-0.5639,2,"PPC,THC",Bull_LowVol
2013-02-05,8462.45,-13.64,6820.28,15296.38,1.81,-0.5602,2,"PPC,THC",Bull_LowVol
2013-02-06,8475.77,-14.49,6820.28,15310.55,1.81,-0.5595,2,"PPC,THC",Bull_LowVol
2013-02-07,8532.85,-15.35,6820.28,15368.48,1.8,-0.5566,2,"PPC,THC",Bull_LowVol
2013-02-08,8804.14,-16.2,6820.28,15640.62,1.78,-0.5425,2,"PPC,THC",Bull_LowVol
2013-02-11,8821.42,-17.05,6820.28,15658.75,1.78,-0.5416,2,"PPC,THC",Bull_LowVol
2013-02-12,8639.72,-17.9,6820.28,15477.91,1.79,-0.551,2,"PPC,THC",Bull_LowVol
2013-02-13,8693.19,-18.76,6820.28,15532.23,1.79,-0.5482,2,"PPC,THC",Bull_LowVol
2013-02-14,8818.76,-19.61,6820.28,15658.65,1.78,-0.5417,2,"PPC,THC",Bull_LowVol
2013-02-15,8276.61,-20.46,6820.28,15117.35,1.83,-0.5699,2,"PPC,THC",Bull_LowVol
2013-02-19,9086.15,-21.31,6820.28,15927.74,1.75,-0.5278,2,"PPC,THC",Bull_LowVol
2013-02-20,8459.68,-22.17,6820.28,15302.13,1.81,-0.5604,2,"PPC,THC",Bull_LowVol
2013-02-21,8213.27,-23.02,6820.28,15056.57,1.83,-0.5732,2,"PPC,THC",Bull_LowVol
2013-02-22,8427.78,-23.87,6820.28,15271.93,1.81,-0.562,2,"PPC,THC",Bull_LowVol
2013-02-25,7991.48,-24.72,6820.28,14836.49,1.86,-0.5847,2,"PPC,THC",Bull_LowVol
2013-02-26,7856.71,0.0,2.9,7859.62,1.0,-0.5917,2,"IONS,NXST",Bull_LowVol
2013-02-27,7991.16,-0.0,2.9,7994.06,1.0,-0.5847,2,"IONS,NXST",Bull_LowVol
2013-02-28,8131.31,-0.0,2.9,8134.21,1.0,-0.5774,2,"IONS,NXST",Bull_LowVol
2013-03-01,8440.12,-0.0,2.9,8443.03,1.0,-0.5614,2,"IONS,NXST",Bull_LowVol
2013-03-04,8893.98,-0.0,2.9,8896.89,1.0,-0.5378,2,"IONS,NXST",Bull_LowVol
2013-03-05,9161.92,-0.0,2.9,9164.82,1.0,-0.5239,2,"IONS,NXST",Bull_LowVol
2013-03-06,9239.9,-0.0,2.9,9242.81,1.0,-0.5198,2,"IONS,NXST",Bull_LowVol
2013-03-07,9518.18,-0.0,2.9,9521.09,1.0,-0.5054,2,"IONS,NXST",Bull_LowVol
2013-03-08,9548.16,-0.0,2.9,9551.07,1.0,-0.5038,2,"IONS,NXST",Bull_LowVol
2013-03-11,9615.52,-0.0,2.9,9618.42,1.0,-0.5003,2,"IONS,NXST",Bull_LowVol
2013-03-12,9560.73,0.0,9581.81,19142.54,2.0,-0.5032,2,"IONS,NXST",Bull_LowVol
2013-03-13,9348.08,-1.2,9581.81,18931.08,2.03,-0.5142,2,"IONS,NXST",Bull_LowVol
2013-03-14,9530.91,-2.4,9581.81,19115.11,2.01,-0.5047,2,"IONS,NXST",Bull_LowVol
2013-03-15,9537.98,-3.59,9581.81,19123.37,2.0,-0.5043,2,"IONS,NXST",Bull_LowVol
2013-03-18,9486.85,-4.79,9581.81,19073.45,2.01,-0.507,2,"IONS,NXST",Bull_LowVol
2013-03-19,9357.86,-5.99,9581.81,18945.65,2.02,-0.5137,2,"IONS,NXST",Bull_LowVol
2013-03-20,9703.84,-7.19,9581.81,19292.84,1.99,-0.4957,2,"IONS,NXST",Bull_LowVol
2013-03-21,9709.73,-8.38,9581.81,19299.92,1.99,-0.4954,2,"IONS,NXST",Bull_LowVol
2013-03-22,9038.7,-9.58,9581.81,18630.08,2.06,-0.5303,2,"IONS,NXST",Bull_LowVol
2013-03-25,9704.98,-10.78,9581.81,19297.56,1.99,-0.4957,2,"IONS,NXST",Bull_LowVol
2013-03-26,9216.06,0.0,10031.96,19248.02,2.09,-0.5211,2,"NXST,ZG",Bull_LowVol
2013-03-27,9198.28,-1.25,10031.96,19231.5,2.09,-0.522,2,"NXST,ZG",Bull_LowVol
2013-03-28,9231.63,-2.51,10031.96,19266.1,2.09,-0.5203,2,"NXST,ZG",Bull_LowVol
2013-04-01,8881.31,-3.76,10031.96,18917.03,2.13,-0.5385,2,"NXST,ZG",Bull_LowVol
2013-04-02,8915.97,-5.02,10031.96,18952.95,2.13,-0.5367,2,"NXST,ZG",Bull_LowVol
2013-04-03,8141.19,0.0,9923.59,18064.78,2.22,-0.5769,2,"NXST,BBY",Bull_LowVol
2013-04-04,9324.73,-1.24,9923.59,19249.56,2.06,-0.5154,2,"NXST,BBY",Bull_LowVol
2013-04-05,9788.87,-2.48,9923.59,19714.94,2.01,-0.4913,2,"NXST,BBY",Bull_LowVol
2013-04-08,10460.21,-3.72,9923.59,20387.53,1.95,-0.4564,2,"NXST,BBY",Bull_LowVol
2013-04-09,10195.23,-4.96,9923.59,20123.78,1.97,-0.4702,2,"NXST,BBY",Bull_LowVol
2013-04-10,10289.01,-6.2,9923.59,20218.81,1.97,-0.4653,2,"NXST,BBY",Bull_LowVol
2013-04-11,10823.76,-7.44,9923.59,20754.79,1.92,-0.4375,2,"NXST,BBY",Bull_LowVol
2013-04-12,11527.59,-8.68,9923.59,21459.86,1.86,-0.4009,2,"NXST,BBY",Bull_LowVol
2013-04-15,10087.02,-9.92,9923.59,20020.53,1.98,-0.4758,2,"NXST,BBY",Bull_LowVol
2013-04-16,10814.74,-11.16,9923.59,20749.5,1.92,-0.438,2,"NXST,BBY",Bull_LowVol
2013-04-17,10651.61,-12.4,9923.59,20587.61,1.93,-0.4465,2,"NXST,BBY",Bull_LowVol
2013-04-18,10586.62,-13.64,9923.59,20523.86,1.94,-0.4498,2,"NXST,BBY",Bull_LowVol
2013-04-19,11194.06,-14.89,9923.59,21132.54,1.89,-0.4183,2,"NXST,BBY",Bull_LowVol
2013-04-22,11512.94,-16.13,9923.59,21452.66,1.86,-0.4017,2,"NXST,BBY",Bull_LowVol
2013-04-23,11980.74,-17.37,9923.59,21921.7,1.83,-0.3774,2,"NXST,BBY",Bull_LowVol
2013-04-24,11709.49,0.0,12667.53,24377.02,2.08,-0.3915,2,"NXST,BBY",Bull_LowVol
2013-04-25,13184.84,-1.58,12667.53,25853.96,1.96,-0.3148,2,"NXST,BBY",Bull_LowVol
2013-04-26,12750.01,-3.17,12667.53,25420.71,1.99,-0.3374,2,"NXST,BBY",Bull_LowVol
2013-04-29,12798.31,-4.75,12667.53,25470.59,1.99,-0.3349,2,"NXST,BBY",Bull_LowVol
2013-04-30,13868.6,-6.33,12667.53,26542.46,1.91,-0.2793,2,"NXST,BBY",Bull_LowVol
2013-05-01,14179.08,-7.92,12667.53,26854.53,1.89,-0.2632,2,"NXST,BBY",Bull_LowVol
2013-05-02,14461.86,-9.5,12667.53,27138.89,1.88,-0.2485,2,"NXST,BBY",Bull_LowVol
2013-05-03,14672.87,-11.08,12667.53,27351.49,1.86,-0.2375,2,"NXST,BBY",Bull_LowVol
2013-05-06,15510.35,-12.67,12667.53,28190.55,1.82,-0.194,2,"NXST,BBY",Bull_LowVol
2013-05-07,15270.58,-14.25,12667.53,27952.36,1.83,-0.2064,2,"NXST,BBY",Bull_LowVol
2013-05-08,15242.45,0.0,15369.01,30611.46,2.01,-0.2079,2,"NXST,BBY",Bull_LowVol
2013-05-09,16040.8,-1.92,15369.01,31411.73,1.96,-0.1664,2,"NXST,BBY",Bull_LowVol
2013-05-10,16534.96,-3.84,15369.01,31907.81,1.93,-0.1407,2,"NXST,BBY",Bull_LowVol
2013-05-13,16050.42,-5.76,15369.01,31425.19,1.96,-0.1659,2,"NXST,BBY",Bull_LowVol
2013-05-14,17083.44,-7.68,15369.01,32460.13,1.9,-0.1122,2,"NXST,BBY",Bull_LowVol
2013-05-15,16850.09,-9.61,15369.01,32228.7,1.91,-0.1244,2,"NXST,BBY",Bull_LowVol
2013-05-16,16186.12,-11.53,15369.01,31566.65,1.95,-0.1589,2,"NXST,BBY",Bull_LowVol
2013-05-17,17184.58,-13.45,15369.01,32567.04,1.9,-0.107,2,"NXST,BBY",Bull_LowVol
2013-05-20,16526.94,-15.37,15369.01,31911.32,1.93,-0.1411,2,"NXST,BBY",Bull_LowVol
2013-05-21,15722.1,0.0,15626.12,31348.21,1.99,-0.183,2,"NXST,TSLA",Bull_LowVol
2013-05-22,15424.45,-1.95,15626.12,31052.52,2.01,-0.1984,2,"NXST,TSLA",Bull_LowVol
2013-05-23,17089.97,-3.91,15626.12,32719.99,1.91,-0.1119,2,"NXST,TSLA",Bull_LowVol
2013-05-24,17744.34,-5.86,15626.12,33376.32,1.88,-0.0779,2,"NXST,TSLA",Bull_LowVol
2013-05-28,19980.12,-7.81,15626.12,35614.05,1.78,0.0,2,"NXST,TSLA",Bull_LowVol
2013-05-29,18625.06,-9.77,15626.12,34260.95,1.84,-0.0678,2,"NXST,TSLA",Bull_LowVol
2013-05-30,18885.03,-11.72,15626.12,34522.87,1.83,-0.0548,2,"NXST,TSLA",Bull_LowVol
2013-05-31,17818.91,-13.67,15626.12,33458.69,1.88,-0.1082,2,"NXST,TSLA",Bull_LowVol
2013-06-03,17019.04,-15.63,15626.12,32660.78,1.92,-0.1482,2,"NXST,TSLA",Bull_LowVol
2013-06-04,17449.58,-17.58,15626.12,33093.27,1.9,-0.1267,2,"NXST,TSLA",Bull_LowVol
2013-06-05,16818.28,0.0,17129.67,33947.96,2.02,-0.1582,2,"TSLA,NXST",Bull_LowVol
2013-06-06,17790.82,0.0,17569.62,35360.44,1.99,-0.1096,2,"NXST,FSLR",Bull_LowVol
2013-06-07,17887.23,-2.2,17569.62,35459.05,1.98,-0.1047,2,"NXST,FSLR",Bull_LowVol
2013-06-10,18847.62,-4.39,17569.62,36421.63,1.93,-0.0567,2,"NXST,FSLR",Bull_LowVol
2013-06-11,17230.27,-6.59,17569.62,34806.48,2.02,-0.1376,2,"NXST,FSLR",Bull_LowVol
2013-06-12,14096.52,0.0,16844.04,30940.56,2.19,-0.2945,2,"NXST,VRTX",Bull_LowVol
2013-06-13,16247.61,-2.11,16844.04,33093.75,2.04,-0.1868,2,"NXST,VRTX",Bull_LowVol
2013-06-14,16256.91,-4.21,16844.04,33105.16,2.04,-0.1863,2,"NXST,VRTX",Bull_LowVol
2013-06-17,16932.8,-6.32,16844.04,33783.15,2.0,-0.1525,2,"NXST,VRTX",Bull_LowVol
2013-06-18,17672.89,-8.42,16844.04,34525.35,1.95,-0.1155,2,"NXST,VRTX",Bull_LowVol
2013-06-19,17762.88,-10.53,16844.04,34617.45,1.95,-0.111,2,"NXST,VRTX",Bull_LowVol
2013-06-20,16868.49,0.0,12055.29,28923.78,1.71,-0.1557,2,"NXST,PPC",Bull_LowVol
2013-06-21,17337.54,-1.51,12055.29,29394.34,1.7,-0.1323,2,"NXST,PPC",Bull_LowVol
2013-06-24,17013.52,-3.01,12055.29,29071.82,1.71,-0.1485,2,"NXST,PPC",Bull_LowVol
2013-06-25,17564.89,-4.52,12055.29,29624.7,1.69,-0.1209,2,"NXST,PPC",Bull_LowVol
2013-06-26,18421.91,-6.03,12055.29,30483.23,1.65,-0.078,2,"NXST,PPC",Bull_LowVol
2013-06-27,18851.14,-7.53,12055.29,30913.97,1.64,-0.0565,2,"NXST,PPC",Bull_LowVol
2013-06-28,19810.69,-9.04,12055.29,31875.03,1.61,-0.0085,2,"NXST,PPC",Bull_LowVol
2013-07-01,19443.25,-10.55,12055.29,31509.09,1.62,-0.0269,2,"NXST,PPC",Bull_LowVol
2013-07-02,19230.73,-12.06,12055.29,31298.08,1.63,-0.0375,2,"NXST,PPC",Bull_LowVol
2013-07-03,19697.55,-13.56,12055.29,31766.4,1.61,-0.0141,2,"NXST,PPC",Bull_LowVol
2013-07-05,20452.38,0.0,22426.25,42878.62,2.1,0.0,2,"NXST,PPC",Bull_LowVol
2013-07-08,21633.55,-2.8,22426.25,44062.6,2.04,0.0,2,"NXST,PPC",Bull_LowVol
2013-07-09,21886.61,-5.61,22426.25,44318.46,2.02,0.0,2,"NXST,PPC",Bull_LowVol
2013-07-10,21810.02,-8.41,22426.25,44244.68,2.03,-0.0035,2,"NXST,PPC",Bull_LowVol
2013-07-11,22270.54,-11.21,22426.25,44707.99,2.01,0.0,2,"NXST,PPC",Bull_LowVol
2013-07-12,22499.69,-14.02,22426.25,44939.95,2.0,0.0,2,"NXST,PPC",Bull_LowVol
2013-07-15,23017.6,-16.82,22426.25,45460.66,1.98,0.0,2,"NXST,PPC",Bull_LowVol
2013-07-16,21964.73,-19.62,22426.25,44410.6,2.02,-0.0457,2,"NXST,PPC",Bull_LowVol
2013-07-17,21686.83,-22.43,22426.25,44135.5,2.04,-0.0578,2,"NXST,PPC",Bull_LowVol
2013-07-18,21772.51,-25.23,22426.25,44223.99,2.03,-0.0541,2,"NXST,PPC",Bull_LowVol
2013-07-19,21116.36,0.0,21378.7,42495.06,2.01,-0.0826,2,"PPC,TSLA",Bull_LowVol
2013-07-22,21466.61,-2.67,21378.7,42847.98,2.0,-0.0674,2,"PPC,TSLA",Bull_LowVol
2013-07-23,21823.07,-5.34,21378.7,43207.11,1.98,-0.0519,2,"PPC,TSLA",Bull_LowVol
2013-07-24,21557.45,-8.02,21378.7,42944.17,1.99,-0.0634,2,"PPC,TSLA",Bull_LowVol
2013-07-25,22211.25,-10.69,21378.7,43600.64,1.96,-0.035,2,"PPC,TSLA",Bull_LowVol
2013-07-26,23187.09,-13.36,21378.7,44579.15,1.92,0.0,2,"PPC,TSLA",Bull_LowVol
2013-07-29,24001.45,-16.03,21378.7,45396.19,1.89,0.0,2,"PPC,TSLA",Bull_LowVol
2013-07-30,23450.85,-18.71,21378.7,44848.25,1.91,-0.0229,2,"PPC,TSLA",Bull_LowVol
2013-07-31,24293.47,-21.38,21378.7,45693.55,1.88,0.0,2,"PPC,TSLA",Bull_LowVol
2013-08-01,26063.48,-24.05,21378.7,47466.23,1.82,0.0,2,"PPC,TSLA",Bull_LowVol
2013-08-02,27274.05,-26.72,21378.7,48679.47,1.78,0.0,2,"PPC,TSLA",Bull_LowVol
2013-08-05,28542.83,-29.4,21378.7,49950.92,1.75,0.0,2,"PPC,TSLA",Bull_LowVol
2013-08-06,28146.63,-32.07,21378.7,49557.4,1.76,-0.0139,2,"PPC,TSLA",Bull_LowVol
2013-08-07,26256.63,-34.74,21378.7,47670.07,1.82,-0.0801,2,"PPC,TSLA",Bull_LowVol
2013-08-08,29849.48,-37.41,21378.7,51265.59,1.72,0.0,2,"PPC,TSLA",Bull_LowVol
2013-08-09,29470.91,-40.09,21378.7,50889.7,1.73,-0.0127,2,"PPC,TSLA",Bull_LowVol
2013-08-12,28675.04,-42.76,21378.7,50096.49,1.75,-0.0393,2,"PPC,TSLA",Bull_LowVol
2013-08-13,28606.2,-45.43,21378.7,50030.33,1.75,-0.0417,2,"PPC,TSLA",Bull_LowVol
2013-08-14,27757.38,-48.1,21378.7,49184.18,1.77,-0.0701,2,"PPC,TSLA",Bull_LowVol
2013-08-15,25088.23,0.0,24645.61,49733.84,1.98,-0.1595,2,"TSLA,ALNY",Bull_LowVol
2013-08-16,25408.26,-3.08,24645.61,50056.95,1.97,-0.1488,2,"TSLA,ALNY",Bull_LowVol
2013-08-19,25797.79,-6.16,24645.61,50449.56,1.96,-0.1357,2,"TSLA,ALNY",Bull_LowVol
2013-08-20,27257.71,-9.24,24645.61,51912.56,1.9,-0.0868,2,"TSLA,ALNY",Bull_LowVol
2013-08-21,27370.69,-12.32,24645.61,52028.62,1.9,-0.083,2,"TSLA,ALNY",Bull_LowVol
2013-08-22,29790.7,-15.4,24645.61,54451.71,1.83,-0.002,2,"TSLA,ALNY",Bull_LowVol
2013-08-23,30795.01,-18.48,24645.61,55459.11,1.8,0.0,2,"TSLA,ALNY",Bull_LowVol
2013-08-26,32605.34,-21.56,24645.61,57272.52,1.76,0.0,2,"TSLA,ALNY",Bull_LowVol
2013-08-27,31343.77,-24.65,24645.61,56014.02,1.79,-0.0387,2,"TSLA,ALNY",Bull_LowVol
2013-08-28,31117.54,-27.73,24645.61,55790.88,1.79,-0.0456,2,"TSLA,ALNY",Bull_LowVol
2013-08-29,31724.22,-30.81,24645.61,56400.64,1.78,-0.027,2,"TSLA,ALNY",Bull_LowVol
2013-08-30,31918.49,0.0,29295.17,61213.67,1.92,-0.0211,2,"TSLA,ALNY",Bull_LowVol
2013-09-03,32279.96,-3.66,29295.17,61578.8,1.91,-0.01,2,"TSLA,ALNY",Bull_LowVol
2013-09-04,33899.91,-7.32,29295.17,63202.4,1.86,0.0,2,"TSLA,ALNY",Bull_LowVol
2013-09-05,34041.12,-10.99,29295.17,63347.28,1.86,0.0,2,"TSLA,ALNY",Bull_LowVol
2013-09-06,34030.22,-14.65,29295.17,63340.04,1.86,-0.0003,2,"TSLA,ALNY",Bull_LowVol
2013-09-09,33889.71,-18.31,29295.17,63203.19,1.86,-0.0044,2,"TSLA,ALNY",Bull_LowVol
2013-09-10,34704.81,-21.97,29295.17,64021.96,1.84,0.0,2,"TSLA,ALNY",Bull_LowVol
2013-09-11,33446.78,-25.63,29295.17,62767.59,1.88,-0.0362,2,"TSLA,ALNY",Bull_LowVol
2013-09-12,33425.3,-29.3,29295.17,62749.77,1.88,-0.0369,2,"TSLA,ALNY",Bull_LowVol
2013-09-13,33292.94,-32.96,29295.17,62621.07,1.88,-0.0407,2,"TSLA,ALNY",Bull_LowVol
2013-09-16,33097.08,-36.62,29295.17,62428.88,1.89,-0.0463,2,"TSLA,ALNY",Bull_LowVol
2013-09-17,33025.6,-40.28,29295.17,62361.05,1.89,-0.0484,2,"TSLA,ALNY",Bull_LowVol
2013-09-18,33747.37,-43.94,29295.17,63086.49,1.87,-0.0276,2,"TSLA,ALNY",Bull_LowVol
2013-09-19,36965.83,-47.6,29295.17,66308.61,1.79,0.0,2,"TSLA,ALNY",Bull_LowVol
2013-09-20,37697.16,-51.27,29295.17,67043.6,1.78,0.0,2,"TSLA,ALNY",Bull_LowVol
2013-09-23,40818.08,-54.93,29295.17,70168.18,1.72,0.0,2,"TSLA,ALNY",Bull_LowVol
2013-09-24,41363.0,-58.59,29295.17,70716.76,1.71,0.0,2,"TSLA,ALNY",Bull_LowVol
2013-09-25,41454.72,-62.25,29295.17,70812.14,1.71,0.0,2,"TSLA,ALNY",Bull_LowVol
2013-09-26,42578.26,-65.91,29295.17,71939.35,1.69,0.0,2,"TSLA,ALNY",Bull_LowVol
2013-09-27,43149.16,-69.58,29295.17,72513.91,1.68,0.0,2,"TSLA,ALNY",Bull_LowVol
2013-09-30,43572.98,0.0,38622.2,82195.18,1.89,0.0,2,"TSLA,ALNY",Bull_LowVol
2013-10-01,44569.84,-4.83,38622.2,83196.87,1.87,0.0,2,"TSLA,ALNY",Bull_LowVol
2013-10-02,42066.23,-9.66,38622.2,80698.08,1.92,-0.0562,2,"TSLA,ALNY",Bull_LowVol
2013-10-03,39732.28,0.0,39098.56,78830.84,1.98,-0.1085,2,"ALNY,ARWR",Bull_LowVol
2013-10-04,39968.61,-4.89,39098.56,79072.06,1.98,-0.1032,2,"ALNY,ARWR",Bull_LowVol
2013-10-07,35207.61,0.0,38739.61,73947.22,2.1,-0.2101,2,"ARWR,GSAT",Bull_LowVol
2013-10-08,38481.41,0.0,45086.02,83567.43,2.17,-0.1366,2,"ARWR,UI",Bull_LowVol
2013-10-09,42781.22,-5.64,45086.02,87872.87,2.05,-0.0401,2,"ARWR,UI",Bull_LowVol
2013-10-10,46957.71,-11.27,45086.02,92054.99,1.96,0.0,2,"ARWR,UI",Bull_LowVol
2013-10-11,49493.98,-16.91,45086.02,94596.91,1.91,0.0,2,"ARWR,UI",Bull_LowVol
2013-10-14,51879.74,0.0,53839.37,105719.1,2.04,0.0,2,"ARWR,UI",Bull_LowVol
2013-10-15,50300.45,-6.73,53839.37,104146.54,2.07,-0.0304,2,"ARWR,UI",Bull_LowVol
2013-10-16,52760.82,-13.46,53839.37,106613.65,2.02,0.0,2,"ARWR,UI",Bull_LowVol
2013-10-17,53903.42,-20.19,53839.37,107762.97,2.0,0.0,2,"ARWR,UI",Bull_LowVol
2013-10-18,53323.21,-26.92,53839.37,107189.5,2.01,-0.0108,2,"ARWR,UI",Bull_LowVol
2013-10-21,59777.92,-33.65,53839.37,113650.94,1.9,0.0,2,"ARWR,UI",Bull_LowVol
2013-10-22,51873.93,-40.38,53839.37,105753.68,2.04,-0.1322,2,"ARWR,UI",Bull_LowVol
2013-10-23,50767.38,-47.11,53839.37,104653.86,2.06,-0.1507,2,"ARWR,UI",Bull_LowVol
2013-10-24,52435.69,-53.84,53839.37,106328.9,2.03,-0.1228,2,"ARWR,UI",Bull_LowVol
2013-10-25,50618.62,-60.57,53839.37,104518.55,2.06,-0.1532,2,"ARWR,UI",Bull_LowVol
2013-10-28,45778.55,0.0,47563.15,93341.7,2.04,-0.2342,2,"GSAT,AXON",Bull_LowVol
2013-10-29,49325.75,-5.95,47563.15,96894.84,1.96,-0.1749,2,"GSAT,AXON",Bull_LowVol
2013-10-30,53911.54,-11.89,47563.15,101486.58,1.88,-0.0981,2,"GSAT,AXON",Bull_LowVol
2013-10-31,52988.74,-17.84,47563.15,100569.72,1.9,-0.1136,2,"GSAT,AXON",Bull_LowVol
2013-11-01,50443.11,-23.78,47563.15,98030.04,1.94,-0.1562,2,"GSAT,AXON",Bull_LowVol
2013-11-04,59999.6,-29.73,47563.15,107592.48,1.79,0.0,2,"GSAT,AXON",Bull_LowVol
2013-11-05,63467.18,-35.67,47563.15,111066.0,1.75,0.0,2,"GSAT,AXON",Bull_LowVol
2013-11-06,60496.21,-41.62,47563.15,108100.98,1.79,-0.0468,2,"GSAT,AXON",Bull_LowVol
2013-11-07,56552.83,-47.56,47563.15,104163.54,1.84,-0.1089,2,"GSAT,AXON",Bull_LowVol
2013-11-08,56298.13,-53.51,47563.15,103914.78,1.85,-0.113,2,"GSAT,AXON",Bull_LowVol
2013-11-11,54925.24,0.0,52232.21,107157.45,1.95,-0.1346,2,"AXON,HALO",Bull_LowVol
2013-11-12,53069.09,-6.53,52232.21,105307.83,1.98,-0.1638,2,"AXON,HALO",Bull_LowVol
2013-11-13,58744.29,-13.06,52232.21,110989.56,1.89,-0.0744,2,"AXON,HALO",Bull_LowVol
2013-11-14,56909.62,-19.59,52232.21,109161.42,1.92,-0.1033,2,"AXON,HALO",Bull_LowVol
2013-11-15,58503.86,-26.12,52232.21,110762.19,1.89,-0.0782,2,"AXON,HALO",Bull_LowVol
2013-11-18,54932.04,-32.65,52232.21,107196.9,1.95,-0.1345,2,"AXON,HALO",Bull_LowVol
2013-11-19,54532.79,-39.17,52232.21,106804.17,1.96,-0.1408,2,"AXON,HALO",Bull_LowVol
2013-11-20,54577.53,-45.7,52232.21,106855.44,1.96,-0.1401,2,"AXON,HALO",Bull_LowVol
2013-11-21,58709.98,-52.23,52232.21,110994.42,1.89,-0.075,2,"AXON,HALO",Bull_LowVol
2013-11-22,60832.52,-58.76,52232.21,113123.49,1.86,-0.0415,2,"AXON,HALO",Bull_LowVol
2013-11-25,62426.22,-65.29,52232.21,114723.72,1.84,-0.0164,2,"AXON,HALO",Bull_LowVol
2013-11-26,63792.82,-71.82,52232.21,116096.85,1.82,0.0,2,"AXON,HALO",Bull_LowVol
2013-11-27,64619.57,-78.35,52232.21,116930.13,1.81,0.0,2,"AXON,HALO",Bull_LowVol
2013-11-29,62628.93,-84.88,52232.21,114946.02,1.84,-0.0308,2,"AXON,HALO",Bull_LowVol
2013-12-02,62241.49,-91.41,52232.21,114565.11,1.84,-0.0368,2,"AXON,HALO",Bull_LowVol
2013-12-03,59720.39,-97.94,52232.21,112050.54,1.88,-0.0758,2,"AXON,HALO",Bull_LowVol
2013-12-04,58851.6,-104.46,52232.21,111188.28,1.89,-0.0893,2,"AXON,HALO",Bull_LowVol
2013-12-05,58945.73,-110.99,52232.21,111288.93,1.89,-0.0878,2,"AXON,HALO",Bull_LowVol
2013-12-06,59471.8,0.0,60204.26,119676.06,2.01,-0.0797,2,"HALO,GSAT",Bull_LowVol
2013-12-09,56301.91,-7.53,60204.26,116513.7,2.07,-0.1287,2,"HALO,GSAT",Bull_LowVol
2013-12-10,56900.3,-15.05,60204.26,117119.61,2.06,-0.1195,2,"HALO,GSAT",Bull_LowVol
2013-12-11,55578.35,-22.58,60204.26,115805.19,2.08,-0.1399,2,"HALO,GSAT",Bull_LowVol
2013-12-12,63372.99,-30.1,60204.26,123607.35,1.95,-0.0193,2,"HALO,GSAT",Bull_LowVol
2013-12-13,61641.21,-37.63,60204.26,121883.1,1.98,-0.0461,2,"HALO,GSAT",Bull_LowVol
2013-12-16,59498.46,-45.15,60204.26,119747.88,2.01,-0.0793,2,"HALO,GSAT",Bull_LowVol
2013-12-17,57701.71,-52.68,60204.26,117958.65,2.04,-0.1071,2,"HALO,GSAT",Bull_LowVol
2013-12-18,65406.28,-60.2,60204.26,125670.75,1.92,0.0,2,"HALO,GSAT",Bull_LowVol
2013-12-19,65172.46,-67.73,60204.26,125444.46,1.92,-0.0036,2,"HALO,GSAT",Bull_LowVol
2013-12-20,66833.33,-75.26,60204.26,127112.85,1.9,0.0,2,"HALO,GSAT",Bull_LowVol
2013-12-23,67321.14,-82.78,60204.26,127608.18,1.9,0.0,2,"HALO,GSAT",Bull_LowVol
2013-12-24,67762.2,-90.31,60204.26,128056.77,1.89,0.0,2,"HALO,GSAT",Bull_LowVol
2013-12-26,68295.6,-97.83,60204.26,128597.7,1.88,0.0,2,"HALO,GSAT",Bull_LowVol
2013-12-27,65389.63,-105.36,60204.26,125699.25,1.92,-0.0425,2,"HALO,GSAT",Bull_LowVol
2013-12-30,64231.28,-112.88,60204.26,124548.42,1.94,-0.0595,2,"HALO,GSAT",Bull_LowVol
2013-12-31,52255.68,-9763.44,60204.26,122223.39,2.34,-0.2349,2,"HALO,GSAT",Bull_LowVol
2014-01-02,51305.38,-9770.97,60204.26,121280.61,2.36,-0.2488,2,"HALO,GSAT",Bull_LowVol
2014-01-03,52065.07,-9778.49,60204.26,122047.83,2.34,-0.2377,2,"HALO,GSAT",Bull_LowVol
2014-01-06,56802.06,0.0,48633.29,105435.35,1.86,-0.1683,2,"GSAT,JAZZ",Bull_LowVol
2014-01-07,60738.33,-6.08,48633.29,109377.7,1.8,-0.1107,2,"GSAT,JAZZ",Bull_LowVol
2014-01-08,63239.25,-12.16,48633.29,111884.7,1.77,-0.074,2,"GSAT,JAZZ",Bull_LowVol
2014-01-09,64624.59,0.0,64405.49,129030.08,2.0,-0.0538,2,"JAZZ,TKO",Bull_LowVol
2014-01-10,67190.87,-8.05,64405.49,131604.41,1.96,-0.0162,2,"JAZZ,TKO",Bull_LowVol
2014-01-13,70478.56,-16.1,64405.49,134900.14,1.91,0.0,2,"JAZZ,TKO",Bull_LowVol
2014-01-14,72271.22,-24.15,64405.49,136700.86,1.89,0.0,2,"JAZZ,TKO",Bull_LowVol
2014-01-15,76563.42,-32.2,64405.49,141001.11,1.84,0.0,2,"JAZZ,TKO",Bull_LowVol
2014-01-16,79691.83,-40.25,64405.49,144137.57,1.81,0.0,2,"JAZZ,TKO",Bull_LowVol
2014-01-17,82347.2,-48.3,64405.49,146800.99,1.78,0.0,2,"JAZZ,TKO",Bull_LowVol
2014-01-21,84061.86,-56.35,64405.49,148523.7,1.77,0.0,2,"JAZZ,TKO",Bull_LowVol
2014-01-22,88720.08,-64.41,64405.49,153189.98,1.73,0.0,2,"JAZZ,TKO",Bull_LowVol
2014-01-23,91258.94,-72.46,64405.49,155736.89,1.71,0.0,2,"JAZZ,TKO",Bull_LowVol
2014-01-24,86927.87,0.0,80448.25,167376.12,1.93,-0.0475,2,"JAZZ,TKO",Bull_LowVol
2014-01-27,85370.65,-10.06,80448.25,165828.95,1.94,-0.0645,2,"JAZZ,TKO",Bull_LowVol
2014-01-28,92557.63,-20.11,80448.25,173025.99,1.87,0.0,2,"JAZZ,TKO",Bull_LowVol
2014-01-29,90595.92,-30.17,80448.25,171074.34,1.89,-0.0212,2,"JAZZ,TKO",Bull_LowVol
2014-01-30,100400.92,-40.22,80448.25,180889.4,1.8,0.0,2,"JAZZ,TKO",Bull_LowVol
2014-01-31,101306.02,-50.28,80448.25,181804.55,1.79,0.0,2,"JAZZ,TKO",Bull_LowVol
2014-02-03,98284.26,-60.34,80448.25,178792.85,1.82,-0.0298,2,"JAZZ,TKO",Bull_LowVol
2014-02-04,94090.28,-70.39,80448.25,174608.92,1.86,-0.0712,2,"JAZZ,TKO",Bull_LowVol
2014-02-05,93233.73,-80.45,80448.25,173762.43,1.86,-0.0797,2,"JAZZ,TKO",Bull_LowVol
2014-02-06,90915.16,-90.5,80448.25,171453.92,1.89,-0.1026,2,"JAZZ,TKO",Bull_MidVol
2014-02-07,98017.63,-100.56,80448.25,178566.44,1.82,-0.0325,2,"JAZZ,TKO",Bull_MidVol
2014-02-10,95336.88,-110.62,80448.25,175895.75,1.84,-0.0589,2,"JAZZ,TKO",Bull_MidVol
2014-02-11,98713.29,-120.67,80448.25,179282.22,1.82,-0.0256,2,"JAZZ,TKO",Bull_MidVol
2014-02-12,100200.26,-130.73,80448.25,180779.24,1.8,-0.0109,2,"JAZZ,TKO",Bull_LowVol
2014-02-13,101489.14,-140.78,80448.25,182078.17,1.79,0.0,2,"JAZZ,TKO",Bull_LowVol
2014-02-14,103423.93,-150.84,80448.25,184023.02,1.78,0.0,2,"JAZZ,TKO",Bull_LowVol
2014-02-18,109255.01,-160.9,80448.25,189864.16,1.74,0.0,2,"JAZZ,TKO",Bull_LowVol
2014-02-19,107368.54,-170.95,80448.25,187987.74,1.75,-0.0173,2,"JAZZ,TKO",Bull_LowVol
2014-02-20,114114.34,-181.01,80448.25,194743.6,1.71,0.0,2,"JAZZ,TKO",Bull_LowVol
2014-02-21,113681.94,-191.06,80448.25,194321.26,1.71,-0.0038,2,"JAZZ,TKO",Bull_LowVol
2014-02-24,112193.28,0.0,99399.8,211593.08,1.89,-0.0168,2,"JAZZ,TKO",Bull_LowVol
2014-02-25,112747.31,-12.42,99399.8,212159.53,1.88,-0.012,2,"JAZZ,TKO",Bull_LowVol
2014-02-26,101740.51,-24.85,99399.8,201165.16,1.98,-0.1084,2,"JAZZ,TKO",Bull_LowVol
2014-02-27,108269.99,0.0,96705.14,204975.13,1.89,-0.0512,2,"JAZZ,ARWR",Bull_LowVol
2014-02-28,89399.21,0.0,100831.65,190230.86,2.13,-0.2166,2,"ARWR,ILMN",Bull_LowVol
2014-03-03,93482.53,-12.6,100831.65,194326.78,2.08,-0.1808,2,"ARWR,ILMN",Bull_LowVol
2014-03-04,102017.28,-25.21,100831.65,202874.13,1.99,-0.106,2,"ARWR,ILMN",Bull_LowVol
2014-03-05,128493.03,-37.81,100831.65,229362.49,1.79,0.0,2,"ARWR,ILMN",Bull_LowVol
2014-03-06,119624.33,-50.42,100831.65,220506.39,1.84,-0.069,2,"ARWR,ILMN",Bull_LowVol
2014-03-07,114873.63,-63.02,100831.65,215768.3,1.88,-0.106,2,"ARWR,ILMN",Bull_LowVol
2014-03-10,123615.64,0.0,137306.73,260922.37,2.11,-0.038,2,"ARWR,ILMN",Bull_LowVol
2014-03-11,116945.4,-17.16,137306.73,254269.29,2.17,-0.0899,2,"ARWR,ILMN",Bull_LowVol
2014-03-12,117947.26,-34.33,137306.73,255288.32,2.16,-0.0821,2,"ARWR,ILMN",Bull_LowVol
2014-03-13,99927.44,-51.49,137306.73,237285.66,2.37,-0.2223,2,"ARWR,ILMN",Bull_LowVol
2014-03-14,103783.77,-68.65,137306.73,241159.15,2.32,-0.1923,2,"ARWR,ILMN",Bull_LowVol
2014-03-17,98255.0,-85.82,137306.73,235647.55,2.4,-0.2353,2,"ARWR,ILMN",Bull_LowVol
2014-03-18,107361.72,-102.98,137306.73,244771.43,2.28,-0.1645,2,"ARWR,ILMN",Bull_LowVol
2014-03-19,104018.66,-120.14,137306.73,241445.54,2.32,-0.1905,2,"ARWR,ILMN",Bull_LowVol
2014-03-20,105320.61,-137.31,137306.73,242764.64,2.31,-0.1803,2,"ARWR,ILMN",Bull_LowVol
2014-03-21,82262.64,0.0,107238.63,189501.28,2.3,-0.3598,2,"ARWR,TKO",Bull_LowVol
2014-03-24,64077.52,0.0,80106.61,144184.13,2.25,-0.5013,2,"TKO,GSAT",Bull_LowVol
2014-03-25,63161.55,-10.01,80106.61,143278.17,2.27,-0.5084,2,"TKO,GSAT",Bull_LowVol
2014-03-26,53878.61,0.0,34122.49,88001.1,1.63,-0.5807,2,"GSAT,LSCC",Bull_LowVol
2014-03-27,52425.28,-4.27,34122.49,86552.04,1.65,-0.592,2,"GSAT,LSCC",Bull_LowVol
2014-03-28,55419.43,-8.53,34122.49,89550.45,1.62,-0.5687,2,"GSAT,LSCC",Bull_LowVol
2014-03-31,57177.6,-12.8,34122.49,91312.89,1.6,-0.555,2,"GSAT,LSCC",Bull_LowVol
2014-04-01,60118.86,-17.06,34122.49,94258.41,1.57,-0.5321,2,"GSAT,LSCC",Bull_LowVol
2014-04-02,62452.88,-21.33,34122.49,96596.7,1.55,-0.514,2,"GSAT,LSCC",Bull_LowVol
2014-04-03,61993.9,-25.59,34122.49,96141.99,1.55,-0.5175,2,"GSAT,LSCC",Bull_LowVol
2014-04-04,59889.46,-29.86,34122.49,94041.81,1.57,-0.5339,2,"GSAT,LSCC",Bull_LowVol
2014-04-07,56303.25,-34.12,34122.49,90459.87,1.61,-0.5618,2,"GSAT,LSCC",Bull_LowVol
2014-04-08,56785.74,-38.39,34122.49,90946.62,1.6,-0.5581,2,"GSAT,LSCC",Bull_LowVol
2014-04-09,58032.8,-42.65,34122.49,92197.95,1.59,-0.5484,2,"GSAT,LSCC",Bull_MidVol
2014-04-10,58358.6,-46.92,34122.49,92528.01,1.59,-0.5458,2,"GSAT,LSCC",Bull_MidVol
2014-04-11,55002.17,-51.18,34122.49,89175.84,1.62,-0.5719,2,"GSAT,LSCC",Bull_MidVol
2014-04-14,55291.75,-55.45,34122.49,89469.69,1.62,-0.5697,2,"GSAT,LSCC",Bull_MidVol
2014-04-15,51636.09,0.0,2517.9,54153.99,1.05,-0.5981,2,"LSCC,FSLR",Bull_MidVol
2014-04-16,51955.34,-0.31,2517.9,54473.55,1.05,-0.5957,2,"LSCC,FSLR",Bull_MidVol
2014-04-17,52502.31,-0.63,2517.9,55020.84,1.05,-0.5914,2,"LSCC,FSLR",Bull_MidVol
2014-04-21,53378.27,-0.94,2517.9,55897.11,1.05,-0.5846,2,"LSCC,FSLR",Bull_MidVol
2014-04-22,54537.86,0.0,236.87,54774.72,1.0,-0.5756,2,"FSLR,PPC",Bull_MidVol
2014-04-23,54168.38,-0.03,236.87,54405.27,1.0,-0.5784,2,"FSLR,PPC",Bull_MidVol
2014-04-24,54174.51,-0.06,236.87,54411.43,1.0,-0.5784,2,"FSLR,PPC",Bull_MidVol
2014-04-25,52616.03,-0.09,236.87,52852.99,1.0,-0.5905,2,"FSLR,PPC",Bull_MidVol
2014-04-28,51373.19,-0.12,236.87,51610.17,1.0,-0.6002,2,"FSLR,PPC",Bull_MidVol
2014-04-29,51488.22,-0.15,236.87,51725.24,1.0,-0.5993,2,"FSLR,PPC",Bull_MidVol
2014-04-30,52393.07,-0.18,236.87,52630.11,1.0,-0.5922,2,"FSLR,PPC",Bull_MidVol
2014-05-01,52538.33,-0.21,236.87,52775.4,1.0,-0.5911,2,"FSLR,PPC",Bull_MidVol
2014-05-02,54312.02,-0.24,236.87,54549.12,1.0,-0.5773,2,"FSLR,PPC",Bull_MidVol
2014-05-05,54596.32,-0.27,236.87,54833.45,1.0,-0.5751,2,"FSLR,PPC",Bull_MidVol
2014-05-06,54184.52,-0.3,236.87,54421.68,1.0,-0.5783,2,"FSLR,PPC",Bull_MidVol
2014-05-07,53192.3,-0.33,236.87,53429.49,1.0,-0.586,2,"FSLR,PPC",Bull_MidVol
2014-05-08,53041.07,-0.36,236.87,53278.29,1.0,-0.5872,2,"FSLR,PPC",Bull_LowVol
2014-05-09,53016.54,-0.38,236.87,53253.79,1.0,-0.5874,2,"FSLR,PPC",Bull_LowVol
2014-05-12,54360.08,-0.41,236.87,54597.36,1.0,-0.5769,2,"FSLR,PPC",Bull_LowVol
2014-05-13,54240.11,-0.44,236.87,54477.42,1.0,-0.5779,2,"FSLR,PPC",Bull_LowVol
2014-05-14,53439.45,-0.47,236.87,53676.79,1.0,-0.5841,2,"FSLR,PPC",Bull_LowVol
2014-05-15,52511.21,0.0,3563.02,56074.23,1.07,-0.5913,2,"PPC,AMKR",Bull_LowVol
2014-05-16,52840.23,-0.45,3563.02,56403.7,1.07,-0.5888,2,"PPC,AMKR",Bull_LowVol
2014-05-19,53302.25,-0.89,3563.02,56866.17,1.07,-0.5852,2,"PPC,AMKR",Bull_LowVol
2014-05-20,52603.5,0.0,52717.59,105321.1,2.0,-0.5906,2,"PPC,AMKR",Bull_LowVol
2014-05-21,54016.48,-6.59,52717.59,106740.66,1.98,-0.5796,2,"PPC,AMKR",Bull_LowVol
2014-05-22,53748.8,-13.18,52717.59,106479.58,1.98,-0.5817,2,"PPC,AMKR",Bull_LowVol
2014-05-23,54733.77,-19.77,52717.59,107471.13,1.96,-0.574,2,"PPC,AMKR",Bull_LowVol
2014-05-27,57708.48,-26.36,52717.59,110452.43,1.91,-0.5509,2,"PPC,AMKR",Bull_LowVol
2014-05-28,57682.06,-32.95,52717.59,110432.6,1.91,-0.5511,2,"PPC,AMKR",Bull_LowVol
2014-05-29,58007.69,-39.54,52717.59,110764.82,1.91,-0.5486,2,"PPC,AMKR",Bull_LowVol
2014-05-30,58696.82,-46.13,52717.59,111460.54,1.9,-0.5432,2,"PPC,AMKR",Bull_LowVol
2014-06-02,60901.41,-52.72,52717.59,113671.72,1.87,-0.526,2,"PPC,AMKR",Bull_LowVol
2014-06-03,61278.29,-59.31,52717.59,114055.19,1.86,-0.5231,2,"PPC,AMKR",Bull_LowVol
2014-06-04,64543.8,-65.9,52717.59,117327.29,1.82,-0.4977,2,"PPC,AMKR",Bull_LowVol
2014-06-05,66280.7,-72.49,52717.59,119070.78,1.8,-0.4842,2,"PPC,AMKR",Bull_LowVol
2014-06-06,64043.1,-79.08,52717.59,116839.77,1.82,-0.5016,2,"PPC,AMKR",Bull_LowVol
2014-06-09,63345.9,-85.67,52717.59,116149.16,1.83,-0.507,2,"PPC,AMKR",Bull_LowVol
2014-06-10,64772.09,-92.26,52717.59,117581.94,1.82,-0.4959,2,"PPC,AMKR",Bull_LowVol
2014-06-11,66613.13,-98.85,52717.59,119429.57,1.79,-0.4816,2,"PPC,AMKR",Bull_LowVol
2014-06-12,65869.52,-105.44,52717.59,118692.55,1.8,-0.4874,2,"PPC,AMKR",Bull_LowVol
2014-06-13,65352.31,-112.02,52717.59,118181.92,1.81,-0.4914,2,"PPC,AMKR",Bull_LowVol
2014-06-16,66953.68,-118.61,52717.59,119789.89,1.79,-0.4789,2,"PPC,AMKR",Bull_LowVol
2014-06-17,69622.66,-125.2,52717.59,122465.45,1.76,-0.4582,2,"PPC,AMKR",Bull_LowVol
2014-06-18,71110.99,0.0,68211.79,139322.78,1.96,-0.4466,2,"PPC,AMKR",Bull_LowVol
2014-06-19,67686.27,-8.53,68211.79,135906.59,2.01,-0.4732,2,"PPC,AMKR",Bull_LowVol
2014-06-20,63942.3,0.0,71272.85,135215.16,2.11,-0.5024,2,"PPC,AMKR",Bull_LowVol
2014-06-23,63489.01,-8.91,71272.85,134770.77,2.12,-0.5059,2,"PPC,AMKR",Bull_LowVol
2014-06-24,61073.85,-17.82,71272.85,132364.52,2.17,-0.5247,2,"PPC,AMKR",Bull_LowVol
2014-06-25,63392.85,-26.73,71272.85,134692.43,2.12,-0.5066,2,"PPC,AMKR",Bull_LowVol
2014-06-26,63778.96,-35.64,71272.85,135087.45,2.12,-0.5036,2,"PPC,AMKR",Bull_LowVol
2014-06-27,66518.91,-44.55,71272.85,137836.31,2.07,-0.4823,2,"PPC,AMKR",Bull_LowVol
2014-06-30,69734.45,-53.45,71272.85,141060.76,2.02,-0.4573,2,"PPC,AMKR",Bull_LowVol
2014-07-01,69570.53,-62.36,71272.85,140905.75,2.03,-0.4586,2,"PPC,AMKR",Bull_LowVol
2014-07-02,72096.53,0.0,65608.22,137704.75,1.91,-0.4389,2,"AMKR,GSAT",Bull_LowVol
2014-07-03,73700.75,-8.2,65608.22,139317.18,1.89,-0.4264,2,"AMKR,GSAT",Bull_LowVol
2014-07-07,73080.51,-16.4,65608.22,138705.13,1.9,-0.4312,2,"AMKR,GSAT",Bull_LowVol
2014-07-08,69786.55,-24.6,65608.22,135419.38,1.94,-0.4569,2,"AMKR,GSAT",Bull_LowVol
2014-07-09,72358.55,-32.8,65608.22,137999.57,1.91,-0.4369,2,"AMKR,GSAT",Bull_LowVol
2014-07-10,68820.49,-41.01,65608.22,134469.72,1.95,-0.4644,2,"AMKR,GSAT",Bull_LowVol
2014-07-11,71000.15,-49.21,65608.22,136657.58,1.92,-0.4474,2,"AMKR,GSAT",Bull_LowVol
2014-07-14,71949.5,-57.41,65608.22,137615.13,1.91,-0.4401,2,"AMKR,GSAT",Bull_LowVol
2014-07-15,68478.66,-65.61,65608.22,134152.49,1.96,-0.4671,2,"AMKR,GSAT",Bull_LowVol
2014-07-16,65867.88,-73.81,65608.22,131549.91,2.0,-0.4874,2,"AMKR,GSAT",Bull_LowVol
2014-07-17,62149.54,0.0,62241.36,124390.9,2.0,-0.5163,2,"RGEN,ENSG",Bull_LowVol
2014-07-18,65734.81,-7.78,62241.36,127983.95,1.95,-0.4884,2,"RGEN,ENSG",Bull_LowVol
2014-07-21,65692.3,-15.56,62241.36,127949.22,1.95,-0.4887,2,"RGEN,ENSG",Bull_LowVol
2014-07-22,67657.54,-23.34,62241.36,129922.24,1.92,-0.4735,2,"RGEN,ENSG",Bull_LowVol
2014-07-23,68435.1,-31.12,62241.36,130707.58,1.91,-0.4674,2,"RGEN,ENSG",Bull_LowVol
2014-07-24,66014.57,-38.9,62241.36,128294.83,1.94,-0.4862,2,"RGEN,ENSG",Bull_LowVol
2014-07-25,64623.96,-46.68,62241.36,126912.0,1.96,-0.4971,2,"RGEN,ENSG",Bull_LowVol
2014-07-28,63941.94,-54.46,62241.36,126237.76,1.97,-0.5024,2,"RGEN,ENSG",Bull_LowVol
2014-07-29,63956.82,-62.24,62241.36,126260.42,1.97,-0.5023,2,"RGEN,ENSG",Bull_LowVol
2014-07-30,65509.73,-70.02,62241.36,127821.11,1.95,-0.4902,2,"RGEN,ENSG",Bull_LowVol
2014-07-31,59659.88,0.0,63740.56,123400.44,2.07,-0.5357,2,"ENSG,VRTX",Bull_LowVol
2014-08-01,58514.08,-7.97,63740.56,122262.61,2.09,-0.5446,2,"ENSG,VRTX",Bull_LowVol
2014-08-04,58893.12,-15.94,63740.56,122649.61,2.08,-0.5417,2,"ENSG,VRTX",Bull_LowVol
2014-08-05,59267.33,-23.9,63740.56,123031.79,2.08,-0.5388,2,"ENSG,VRTX",Bull_LowVol
2014-08-06,59384.04,-31.87,63740.56,123156.47,2.07,-0.5378,2,"ENSG,VRTX",Bull_LowVol
2014-08-07,58124.85,-39.84,63740.56,121905.25,2.1,-0.5476,2,"ENSG,VRTX",Bull_LowVol
2014-08-08,57866.24,-47.81,63740.56,121654.61,2.1,-0.5497,2,"ENSG,VRTX",Bull_LowVol
2014-08-11,61025.51,-55.77,63740.56,124821.84,2.05,-0.5251,2,"ENSG,VRTX",Bull_LowVol
2014-08-12,59732.26,-63.74,63740.56,123536.56,2.07,-0.5351,2,"ENSG,VRTX",Bull_LowVol
2014-08-13,63415.9,-71.71,63740.56,127228.16,2.01,-0.5065,2,"ENSG,VRTX",Bull_LowVol
2014-08-14,63601.66,-79.68,63740.56,127421.89,2.0,-0.505,2,"ENSG,VRTX",Bull_LowVol
2014-08-15,64051.7,-87.64,63740.56,127879.9,2.0,-0.5015,2,"ENSG,VRTX",Bull_LowVol
2014-08-18,65895.22,-95.61,63740.56,129731.39,1.97,-0.4872,2,"ENSG,VRTX",Bull_LowVol
2014-08-19,66826.01,-103.58,63740.56,130670.15,1.96,-0.4799,2,"ENSG,VRTX",Bull_LowVol
2014-08-20,66596.47,-111.55,63740.56,130448.58,1.96,-0.4817,2,"ENSG,VRTX",Bull_LowVol
2014-08-21,64808.2,-119.51,63740.56,128668.27,1.99,-0.4956,2,"ENSG,VRTX",Bull_LowVol
2014-08-22,64693.9,-127.48,63740.56,128561.94,1.99,-0.4965,2,"ENSG,VRTX",Bull_LowVol
2014-08-25,64651.66,-135.45,63740.56,128527.67,1.99,-0.4968,2,"ENSG,VRTX",Bull_LowVol
2014-08-26,67512.12,-143.42,63740.56,131396.1,1.95,-0.4746,2,"ENSG,VRTX",Bull_LowVol
2014-08-27,66320.1,-151.38,63740.56,130212.05,1.96,-0.4839,2,"ENSG,VRTX",Bull_LowVol
2014-08-28,65606.82,0.0,67170.53,132777.35,2.02,-0.4894,2,"ENSG,ENPH",Bull_LowVol
2014-08-29,66629.07,-8.4,67170.53,133808.0,2.01,-0.4815,2,"ENSG,ENPH",Bull_LowVol
2014-09-02,69659.26,-16.79,67170.53,136846.58,1.96,-0.4579,2,"ENSG,ENPH",Bull_LowVol
2014-09-03,69621.9,-25.19,67170.53,136817.62,1.97,-0.4582,2,"ENSG,ENPH",Bull_LowVol
2014-09-04,70927.15,-33.59,67170.53,138131.27,1.95,-0.448,2,"ENSG,ENPH",Bull_LowVol
2014-09-05,69844.42,-41.98,67170.53,137056.94,1.96,-0.4564,2,"ENSG,ENPH",Bull_LowVol
2014-09-08,71516.13,-50.38,67170.53,138737.04,1.94,-0.4434,2,"ENSG,ENPH",Bull_LowVol
2014-09-09,71454.49,-58.77,67170.53,138683.8,1.94,-0.4439,2,"ENSG,ENPH",Bull_LowVol
2014-09-10,77040.43,-67.17,67170.53,144278.13,1.87,-0.4004,2,"ENSG,ENPH",Bull_LowVol
2014-09-11,80038.46,-75.57,67170.53,147284.56,1.84,-0.3771,2,"ENSG,ENPH",Bull_LowVol
2014-09-12,78417.86,0.0,78712.06,157129.92,2.0,-0.3897,2,"ENPH,STLD",Bull_LowVol
2014-09-15,74456.51,-9.84,78712.06,153178.41,2.06,-0.4205,2,"ENPH,STLD",Bull_LowVol
2014-09-16,79882.84,-19.68,78712.06,158614.58,1.99,-0.3783,2,"ENPH,STLD",Bull_LowVol
2014-09-17,84799.14,-29.52,78712.06,163540.71,1.93,-0.34,2,"ENPH,STLD",Bull_LowVol
2014-09-18,84932.18,-39.36,78712.06,163683.6,1.93,-0.339,2,"ENPH,STLD",Bull_LowVol
2014-09-19,80664.36,-49.2,78712.06,159425.62,1.98,-0.3722,2,"ENPH,STLD",Bull_LowVol
2014-09-22,75599.31,-59.03,78712.06,154370.4,2.04,-0.4116,2,"ENPH,STLD",Bull_LowVol
2014-09-23,73023.44,0.0,78863.1,151886.53,2.08,-0.4317,2,"STLD,THC",Bull_LowVol
2014-09-24,72133.99,-9.86,78863.1,151006.94,2.09,-0.4386,2,"STLD,THC",Bull_LowVol
2014-09-25,70151.2,-19.72,78863.1,149034.01,2.12,-0.454,2,"STLD,THC",Bull_LowVol
2014-09-26,68682.4,-29.57,78863.1,147575.07,2.15,-0.4655,2,"STLD,THC",Bull_LowVol
2014-09-29,67714.0,-39.43,78863.1,146616.53,2.17,-0.473,2,"STLD,THC",Bull_LowVol
2014-09-30,65676.15,-49.29,78863.1,144588.53,2.2,-0.4889,2,"STLD,THC",Bull_LowVol
2014-10-01,62008.25,-59.15,78863.1,140930.49,2.27,-0.5174,2,"STLD,THC",Bull_LowVol
2014-10-02,62578.04,-69.01,78863.1,141510.14,2.26,-0.513,2,"STLD,THC",Bull_LowVol
2014-10-03,61749.86,-78.86,78863.1,140691.82,2.28,-0.5194,2,"STLD,THC",Bull_LowVol
2014-10-06,60246.95,-88.72,78863.1,139198.77,2.31,-0.5311,2,"STLD,THC",Bull_LowVol
2014-10-07,57703.73,0.0,37839.34,95543.07,1.66,-0.5509,2,"THC,UTHR",Bull_LowVol
2014-10-08,59468.42,-4.73,37839.34,97312.49,1.64,-0.5372,2,"THC,UTHR",Bull_LowVol
2014-10-09,55701.75,0.0,561.18,56262.92,1.01,-0.5665,2,"UTHR,MNST",Bull_LowVol
2014-10-10,54949.9,-0.07,561.18,55511.15,1.01,-0.5724,2,"UTHR,MNST",Bull_MidVol
2014-10-13,53565.34,-0.14,561.18,54126.66,1.01,-0.5831,2,"UTHR,MNST",Bull_MidVol
2014-10-14,53989.46,-0.21,561.18,54550.85,1.01,-0.5798,2,"UTHR,MNST",Bull_MidVol
2014-10-15,53523.17,-0.28,561.18,54084.62,1.01,-0.5835,2,"UTHR,MNST",Bull_MidVol
2014-10-16,53426.11,-0.35,561.18,53987.63,1.01,-0.5842,2,"UTHR,MNST",Bull_MidVol
2014-10-17,53861.36,-0.42,561.18,54422.95,1.01,-0.5808,2,"UTHR,MNST",Bull_MidVol
2014-10-20,55198.52,-0.49,561.18,55760.19,1.01,-0.5704,2,"UTHR,MNST",Bull_MidVol
2014-10-21,56336.6,-0.56,561.18,56898.34,1.01,-0.5616,2,"UTHR,MNST",Bull_MidVol
2014-10-22,56594.12,-0.63,561.18,57155.93,1.01,-0.5596,2,"UTHR,MNST",Bull_MidVol
2014-10-23,56382.05,-0.7,561.18,56943.93,1.01,-0.5612,2,"UTHR,MNST",Bull_MidVol
2014-10-24,57416.0,0.0,46057.73,103473.73,1.8,-0.5532,2,"UTHR,MNST",Bull_MidVol
2014-10-27,57722.24,-5.76,46057.73,103785.73,1.8,-0.5508,2,"UTHR,MNST",Bull_MidVol
2014-10-28,56445.99,-11.51,46057.73,102515.24,1.82,-0.5607,2,"UTHR,MNST",Bull_MidVol
2014-10-29,57118.83,-17.27,46057.73,103193.84,1.81,-0.5555,2,"UTHR,MNST",Bull_MidVol
2014-10-30,57285.16,-23.03,46057.73,103365.92,1.8,-0.5542,2,"UTHR,MNST",Bull_MidVol
2014-10-31,58432.96,-28.79,46057.73,104519.48,1.79,-0.5452,2,"UTHR,MNST",Bull_MidVol
2014-11-03,58398.11,-34.54,46057.73,104490.39,1.79,-0.5455,2,"UTHR,MNST",Bull_MidVol
2014-11-04,55574.06,-40.3,46057.73,101672.09,1.83,-0.5675,2,"UTHR,MNST",Bull_MidVol
2014-11-05,54483.42,-46.06,46057.73,100587.21,1.85,-0.576,2,"UTHR,MNST",Bull_MidVol
2014-11-06,55998.43,-51.81,46057.73,102107.98,1.82,-0.5642,2,"UTHR,MNST",Bull_MidVol
2014-11-07,59638.67,0.0,59816.68,119455.35,2.0,-0.5359,2,"MANH,ULTA",Bull_LowVol
2014-11-10,61015.48,-7.48,59816.68,120839.63,1.98,-0.5251,2,"MANH,ULTA",Bull_LowVol
2014-11-11,59597.36,-14.95,59816.68,119428.99,2.0,-0.5362,2,"MANH,ULTA",Bull_LowVol
2014-11-12,61383.63,-22.43,59816.68,121222.73,1.97,-0.5223,2,"MANH,ULTA",Bull_LowVol
2014-11-13,60706.14,-29.91,59816.68,120552.73,1.99,-0.5276,2,"MANH,ULTA",Bull_LowVol
2014-11-14,59886.4,-37.39,59816.68,119740.46,2.0,-0.5339,2,"MANH,ULTA",Bull_LowVol
2014-11-17,58955.33,-44.86,59816.68,118816.87,2.02,-0.5412,2,"MANH,ULTA",Bull_LowVol
2014-11-18,59490.59,-52.34,59816.68,119359.61,2.01,-0.537,2,"MANH,ULTA",Bull_LowVol
2014-11-19,58750.72,-59.82,59816.68,118627.21,2.02,-0.5428,2,"MANH,ULTA",Bull_LowVol
2014-11-20,59333.89,-67.29,59816.68,119217.86,2.01,-0.5382,2,"MANH,ULTA",Bull_LowVol
2014-11-21,57937.26,0.0,56512.08,114449.34,1.98,-0.5491,2,"MANH,EPAM",Bull_LowVol
2014-11-24,60221.09,-7.06,56512.08,116740.24,1.94,-0.5313,2,"MANH,EPAM",Bull_LowVol
2014-11-25,61067.88,-14.13,56512.08,117594.09,1.93,-0.5247,2,"MANH,EPAM",Bull_LowVol
2014-11-26,62402.52,-21.19,56512.08,118935.79,1.91,-0.5144,2,"MANH,EPAM",Bull_LowVol
2014-11-28,62857.99,-28.26,56512.08,119398.33,1.9,-0.5108,2,"MANH,EPAM",Bull_LowVol
2014-12-01,60184.49,-35.32,56512.08,116731.89,1.94,-0.5316,2,"MANH,EPAM",Bull_LowVol
2014-12-02,61948.27,-42.38,56512.08,118502.73,1.91,-0.5179,2,"MANH,EPAM",Bull_LowVol
2014-12-03,61341.31,-49.45,56512.08,117902.84,1.92,-0.5226,2,"MANH,EPAM",Bull_LowVol
2014-12-04,62769.99,-56.51,56512.08,119338.58,1.9,-0.5115,2,"MANH,EPAM",Bull_LowVol
2014-12-05,66422.51,-63.58,56512.08,122998.17,1.85,-0.4831,2,"MANH,EPAM",Bull_LowVol
2014-12-08,63870.32,0.0,59589.89,123460.21,1.93,-0.5029,2,"EPAM,INCY",Bull_LowVol
2014-12-09,67309.34,-7.45,59589.89,126906.68,1.89,-0.4762,2,"EPAM,INCY",Bull_LowVol
2014-12-10,62249.08,-14.9,59589.89,121853.87,1.96,-0.5155,2,"EPAM,INCY",Bull_LowVol
2014-12-11,63983.61,-22.35,59589.89,123595.85,1.93,-0.502,2,"EPAM,INCY",Bull_LowVol
2014-12-12,62542.44,-29.79,59589.89,122162.12,1.95,-0.5133,2,"EPAM,INCY",Bull_LowVol
2014-12-15,58801.02,-37.24,59589.89,118428.15,2.01,-0.5424,2,"EPAM,INCY",Bull_LowVol
2014-12-16,54482.04,-44.69,59589.89,114116.62,2.09,-0.576,2,"EPAM,INCY",Bull_LowVol
2014-12-17,60277.82,-52.14,59589.89,119919.85,1.99,-0.5309,2,"EPAM,INCY",Bull_LowVol
2014-12-18,61391.11,-59.59,59589.89,121040.58,1.97,-0.5222,2,"EPAM,INCY",Bull_LowVol
2014-12-19,61167.18,-67.04,59589.89,120824.1,1.98,-0.524,2,"EPAM,INCY",Bull_LowVol
2014-12-22,59021.78,0.0,62655.14,121676.92,2.06,-0.5407,2,"INCY,AXON",Bull_LowVol
2014-12-23,53762.95,-7.83,62655.14,116425.92,2.17,-0.5816,2,"INCY,AXON",Bull_LowVol
2014-12-24,57324.4,-15.66,62655.14,119995.2,2.09,-0.5539,2,"INCY,AXON",Bull_LowVol
2014-12-26,59325.72,-23.5,62655.14,122004.36,2.06,-0.5383,2,"INCY,AXON",Bull_LowVol
2014-12-29,59171.28,-31.33,62655.14,121857.75,2.06,-0.5395,2,"INCY,AXON",Bull_LowVol
2014-12-30,58386.89,-39.16,62655.14,121081.2,2.07,-0.5456,2,"INCY,AXON",Bull_LowVol
2014-12-31,56418.91,-1312.16,62655.14,120386.21,2.13,-0.5609,2,"INCY,AXON",Bull_LowVol
2015-01-02,57016.52,-1319.99,62655.14,120991.65,2.12,-0.5563,2,"INCY,AXON",Bull_LowVol
2015-01-05,55533.45,-1327.82,62655.14,119516.41,2.15,-0.5678,2,"INCY,AXON",Bull_LowVol
2015-01-06,52996.34,-1335.65,62655.14,116987.14,2.21,-0.5876,2,"INCY,AXON",Bull_LowVol
2015-01-07,56364.26,-1343.49,62655.14,120362.89,2.14,-0.5613,2,"INCY,AXON",Bull_MidVol
2015-01-08,56801.9,-1351.32,62655.14,120808.36,2.13,-0.5579,2,"INCY,AXON",Bull_MidVol
2015-01-09,55003.53,-1359.15,62655.14,119017.82,2.16,-0.5719,2,"INCY,AXON",Bull_MidVol
2015-01-12,55072.9,-1366.98,62655.14,119095.02,2.16,-0.5714,2,"INCY,AXON",Bull_MidVol
2015-01-13,57175.26,-1374.81,62655.14,121205.22,2.12,-0.555,2,"INCY,AXON",Bull_MidVol
2015-01-14,57266.6,-1382.64,62655.14,121304.39,2.12,-0.5543,2,"INCY,AXON",Bull_MidVol
2015-01-15,53338.17,-1390.48,62655.14,117383.79,2.2,-0.5849,2,"INCY,AXON",Bull_LowVol
2015-01-16,54848.49,-1398.31,62655.14,118901.94,2.17,-0.5731,2,"INCY,AXON",Bull_LowVol
2015-01-20,60845.85,-1406.14,62655.14,124907.13,2.05,-0.5265,2,"INCY,AXON",Bull_LowVol
2015-01-21,60613.89,-1413.97,62655.14,124683.01,2.06,-0.5283,2,"INCY,AXON",Bull_LowVol
2015-01-22,62464.77,0.0,61881.41,124346.18,1.99,-0.5139,2,"AXON,IONS",Bull_LowVol
2015-01-23,63104.84,-7.74,61881.41,124993.99,1.98,-0.5089,2,"AXON,IONS",Bull_LowVol
2015-01-26,65151.49,-15.47,61881.41,127048.37,1.95,-0.493,2,"AXON,IONS",Bull_LowVol
2015-01-27,64252.65,-23.21,61881.41,126157.27,1.96,-0.5,2,"AXON,IONS",Bull_MidVol
2015-01-28,59966.95,-30.94,61881.41,121879.3,2.03,-0.5333,2,"AXON,IONS",Bull_MidVol
2015-01-29,62281.16,-38.68,61881.41,124201.25,1.99,-0.5153,2,"AXON,IONS",Bull_MidVol
2015-01-30,59279.08,-46.41,61881.41,121206.9,2.04,-0.5387,2,"AXON,IONS",Bull_MidVol
2015-02-02,59162.73,-54.15,61881.41,121098.29,2.05,-0.5396,2,"AXON,IONS",Bull_MidVol
2015-02-03,53184.0,-61.88,61881.41,115127.3,2.16,-0.5861,2,"AXON,IONS",Bull_MidVol
2015-02-04,51412.67,0.0,33739.59,85152.26,1.66,-0.5999,2,"AXON,NBIX",Bull_LowVol
2015-02-05,54025.88,0.0,61310.2,115336.08,2.13,-0.5795,2,"AXON,NBIX",Bull_LowVol
2015-02-06,52412.99,-7.66,61310.2,113730.85,2.17,-0.5921,2,"AXON,NBIX",Bull_LowVol
2015-02-09,51038.7,-15.33,61310.2,112364.22,2.2,-0.6028,2,"AXON,NBIX",Bull_LowVol
2015-02-10,55321.26,-22.99,61310.2,116654.45,2.11,-0.5695,2,"AXON,NBIX",Bull_LowVol
2015-02-11,55889.44,-30.66,61310.2,117230.29,2.1,-0.565,2,"AXON,NBIX",Bull_LowVol
2015-02-12,58882.57,-38.32,61310.2,120231.09,2.04,-0.5417,2,"AXON,NBIX",Bull_LowVol
2015-02-13,58350.24,-45.98,61310.2,119706.42,2.05,-0.5459,2,"AXON,NBIX",Bull_LowVol
2015-02-17,58328.15,-53.65,61310.2,119691.99,2.05,-0.5461,2,"AXON,NBIX",Bull_LowVol
2015-02-18,57361.98,-61.31,61310.2,118733.49,2.07,-0.5536,2,"AXON,NBIX",Bull_LowVol
2015-02-19,59095.25,-68.97,61310.2,120474.42,2.04,-0.5401,2,"AXON,NBIX",Bull_LowVol
2015-02-20,63326.9,0.0,62177.41,125504.31,1.98,-0.5072,2,"NBIX,HALO",Bull_LowVol
2015-02-23,63464.48,-7.77,62177.41,125649.66,1.98,-0.5061,2,"NBIX,HALO",Bull_LowVol
2015-02-24,60555.79,-15.54,62177.41,122748.74,2.03,-0.5287,2,"NBIX,HALO",Bull_LowVol
2015-02-25,62778.62,-23.32,62177.41,124979.34,1.99,-0.5114,2,"NBIX,HALO",Bull_LowVol
2015-02-26,63949.79,-31.09,62177.41,126158.29,1.97,-0.5023,2,"NBIX,HALO",Bull_LowVol
2015-02-27,61499.19,-38.86,62177.41,123715.46,2.01,-0.5214,2,"NBIX,HALO",Bull_LowVol
2015-03-02,64286.13,-46.63,62177.41,126510.17,1.97,-0.4997,2,"NBIX,HALO",Bull_LowVol
2015-03-03,64997.7,-54.41,62177.41,127229.51,1.96,-0.4942,2,"NBIX,HALO",Bull_LowVol
2015-03-04,67574.31,-62.18,62177.41,129813.89,1.92,-0.4741,2,"NBIX,HALO",Bull_LowVol
2015-03-05,65736.45,-69.95,62177.41,127983.81,1.95,-0.4884,2,"NBIX,HALO",Bull_LowVol
2015-03-06,64551.06,-77.72,62177.41,126806.19,1.96,-0.4976,2,"NBIX,HALO",Bull_LowVol
2015-03-09,63692.66,-85.49,62177.41,125955.56,1.98,-0.5043,2,"NBIX,HALO",Bull_LowVol
2015-03-10,64708.79,-93.27,62177.41,126979.47,1.96,-0.4964,2,"NBIX,HALO",Bull_LowVol
2015-03-11,65172.79,-101.04,62177.41,127451.24,1.96,-0.4928,2,"NBIX,HALO",Bull_LowVol
2015-03-12,65945.92,-108.81,62177.41,128232.14,1.94,-0.4868,2,"NBIX,HALO",Bull_LowVol
2015-03-13,67979.32,-116.58,62177.41,130273.31,1.92,-0.4709,2,"NBIX,HALO",Bull_LowVol
2015-03-16,70211.84,-124.35,62177.41,132513.6,1.89,-0.4536,2,"NBIX,HALO",Bull_LowVol
2015-03-17,71552.88,-132.13,62177.41,133862.41,1.87,-0.4431,2,"NBIX,HALO",Bull_LowVol
2015-03-18,71069.73,-139.9,62177.41,133387.03,1.88,-0.4469,2,"NBIX,HALO",Bull_LowVol
2015-03-19,73672.55,-147.67,62177.41,135997.63,1.85,-0.4266,2,"NBIX,HALO",Bull_LowVol
2015-03-20,64990.7,0.0,68621.77,133612.47,2.06,-0.4942,2,"NBIX,OLED",Bull_LowVol
2015-03-23,65428.02,-8.58,68621.77,134058.36,2.05,-0.4908,2,"NBIX,OLED",Bull_LowVol
2015-03-24,64908.18,0.0,68984.48,133892.65,2.06,-0.4949,2,"OLED,NBIX",Bull_LowVol
2015-03-25,54688.63,0.0,67336.17,122024.8,2.23,-0.5744,2,"OLED,CACC",Bull_LowVol
2015-03-26,55086.28,-8.42,67336.17,122430.87,2.22,-0.5713,2,"OLED,CACC",Bull_LowVol
2015-03-27,56519.77,-16.83,67336.17,123872.78,2.19,-0.5601,2,"OLED,CACC",Bull_LowVol
2015-03-30,56905.04,-25.25,67336.17,124266.46,2.18,-0.5571,2,"OLED,CACC",Bull_LowVol
2015-03-31,57242.32,-33.67,67336.17,124612.16,2.18,-0.5545,2,"OLED,CACC",Bull_LowVol
2015-04-01,57642.15,-42.09,67336.17,125020.4,2.17,-0.5514,2,"OLED,CACC",Bull_LowVol
2015-04-02,58858.75,-50.5,67336.17,126245.42,2.14,-0.5419,2,"OLED,CACC",Bull_LowVol
2015-04-06,58309.15,-58.92,67336.17,125704.24,2.16,-0.5462,2,"OLED,CACC",Bull_LowVol
2015-04-07,57062.25,-67.34,67336.17,124465.76,2.18,-0.5559,2,"OLED,CACC",Bull_LowVol
2015-04-08,59543.69,-75.75,67336.17,126955.61,2.13,-0.5366,2,"OLED,CACC",Bull_LowVol
2015-04-09,59473.45,-84.17,67336.17,126893.79,2.13,-0.5371,2,"OLED,CACC",Bull_LowVol
2015-04-10,60364.5,-92.59,67336.17,127793.26,2.12,-0.5302,2,"OLED,CACC",Bull_LowVol
2015-04-13,58454.42,-101.0,67336.17,125891.6,2.15,-0.5451,2,"OLED,CACC",Bull_LowVol
2015-04-14,58728.72,-109.42,67336.17,126174.31,2.15,-0.5429,2,"OLED,CACC",Bull_LowVol
2015-04-15,61989.02,-117.84,67336.17,129443.03,2.09,-0.5176,2,"OLED,CACC",Bull_LowVol
2015-04-16,62697.85,-126.26,67336.17,130160.27,2.08,-0.5121,2,"OLED,CACC",Bull_LowVol
2015-04-17,59899.97,-134.67,67336.17,127370.82,2.13,-0.5338,2,"OLED,CACC",Bull_LowVol
2015-04-20,60397.92,-143.09,67336.17,127877.18,2.12,-0.53,2,"OLED,CACC",Bull_LowVol
2015-04-21,61517.94,-151.51,67336.17,129005.62,2.1,-0.5212,2,"OLED,CACC",Bull_LowVol
2015-04-22,62220.4,-159.92,67336.17,129716.49,2.08,-0.5158,2,"OLED,CACC",Bull_LowVol
2015-04-23,62590.2,-168.34,67336.17,130094.72,2.08,-0.5129,2,"OLED,CACC",Bull_LowVol
2015-04-24,64519.1,-176.76,67336.17,132032.03,2.05,-0.4979,2,"OLED,CACC",Bull_LowVol
2015-04-27,63070.86,-185.17,67336.17,130592.21,2.07,-0.5091,2,"OLED,CACC",Bull_LowVol
2015-04-28,61770.26,-193.59,67336.17,129300.02,2.09,-0.5193,2,"OLED,CACC",Bull_LowVol
2015-04-29,61429.88,-202.01,67336.17,128968.06,2.1,-0.5219,2,"OLED,CACC",Bull_LowVol
2015-04-30,65059.44,-210.43,67336.17,132606.03,2.04,-0.4937,2,"OLED,CACC",Bull_LowVol
2015-05-01,64307.46,-218.84,67336.17,131862.47,2.05,-0.4995,2,"OLED,CACC",Bull_LowVol
2015-05-04,65011.76,-227.26,67336.17,132575.2,2.04,-0.494,2,"OLED,CACC",Bull_LowVol
2015-05-05,63948.61,-235.68,67336.17,131520.46,2.06,-0.5023,2,"OLED,CACC",Bull_LowVol
2015-05-06,63796.03,-244.09,67336.17,131376.3,2.06,-0.5035,2,"OLED,CACC",Bull_LowVol
2015-05-07,64242.51,-252.51,67336.17,131831.19,2.05,-0.5,2,"OLED,CACC",Bull_LowVol
2015-05-08,71507.9,-260.93,67336.17,139105.0,1.95,-0.4435,2,"OLED,CACC",Bull_LowVol
2015-05-11,70449.89,-269.34,67336.17,138055.41,1.96,-0.4517,2,"OLED,CACC",Bull_LowVol
2015-05-12,69716.28,-277.76,67336.17,137330.22,1.97,-0.4574,2,"OLED,CACC",Bull_LowVol
2015-05-13,71453.83,-286.18,67336.17,139076.18,1.95,-0.4439,2,"OLED,CACC",Bull_LowVol
2015-05-14,74140.77,-294.6,67336.17,141771.54,1.91,-0.423,2,"OLED,CACC",Bull_LowVol
2015-05-15,72471.93,-303.01,67336.17,140111.11,1.93,-0.436,2,"OLED,CACC",Bull_LowVol
2015-05-18,73315.47,-311.43,67336.17,140963.07,1.92,-0.4294,2,"OLED,CACC",Bull_LowVol
2015-05-19,73457.45,-319.85,67336.17,141113.47,1.92,-0.4283,2,"OLED,CACC",Bull_LowVol
2015-05-20,76968.07,-328.26,67336.17,144632.51,1.88,-0.401,2,"OLED,CACC",Bull_LowVol
2015-05-21,76941.59,-336.68,67336.17,144614.44,1.88,-0.4012,2,"OLED,CACC",Bull_LowVol
2015-05-22,78316.71,-345.1,67336.17,145997.98,1.86,-0.3905,2,"OLED,CACC",Bull_LowVol
2015-05-26,77776.5,-353.51,67336.17,145466.18,1.87,-0.3947,2,"OLED,CACC",Bull_LowVol
2015-05-27,79783.7,-361.93,67336.17,147481.81,1.85,-0.3791,2,"OLED,CACC",Bull_LowVol
2015-05-28,79517.95,-370.35,67336.17,147224.47,1.85,-0.3811,2,"OLED,CACC",Bull_LowVol
2015-05-29,77295.53,-378.77,67336.17,145010.47,1.88,-0.3984,2,"OLED,CACC",Bull_LowVol
2015-06-01,78986.86,-387.18,67336.17,146710.21,1.86,-0.3853,2,"OLED,CACC",Bull_LowVol
2015-06-02,77740.37,0.0,79919.18,157659.56,2.03,-0.395,2,"OLED,BLDR",Bull_LowVol
2015-06-03,79882.93,-9.99,79919.18,159812.11,2.0,-0.3783,2,"OLED,BLDR",Bull_LowVol
2015-06-04,76454.84,-19.98,79919.18,156394.01,2.05,-0.405,2,"OLED,BLDR",Bull_LowVol
2015-06-05,77734.12,-29.97,79919.18,157683.27,2.03,-0.395,2,"OLED,BLDR",Bull_LowVol
2015-06-08,77671.2,-39.96,79919.18,157630.34,2.03,-0.3955,2,"OLED,BLDR",Bull_LowVol
2015-06-09,76448.59,-49.95,79919.18,156417.73,2.05,-0.405,2,"OLED,BLDR",Bull_LowVol
2015-06-10,78499.93,-59.94,79919.18,158479.06,2.02,-0.3891,2,"OLED,BLDR",Bull_LowVol
2015-06-11,78325.29,-69.93,79919.18,158314.4,2.02,-0.3904,2,"OLED,BLDR",Bull_LowVol
2015-06-12,75391.89,-79.92,79919.18,155390.99,2.06,-0.4133,2,"OLED,BLDR",Bull_LowVol
2015-06-15,80099.16,-89.91,79919.18,160108.25,2.0,-0.3766,2,"OLED,BLDR",Bull_LowVol
2015-06-16,80349.85,0.0,82849.39,163199.25,2.03,-0.3747,2,"BLDR,NFLX",Bull_LowVol
2015-06-17,79308.14,-10.36,82849.39,162167.89,2.04,-0.3828,2,"BLDR,NFLX",Bull_LowVol
2015-06-18,80069.67,-20.71,82849.39,162939.78,2.03,-0.3769,2,"BLDR,NFLX",Bull_LowVol
2015-06-19,81696.74,-31.07,82849.39,164577.21,2.01,-0.3642,2,"BLDR,NFLX",Bull_LowVol
2015-06-22,83143.15,-41.42,82849.39,166033.96,2.0,-0.3529,2,"BLDR,NFLX",Bull_LowVol
2015-06-23,85575.54,-51.78,82849.39,168476.71,1.97,-0.334,2,"BLDR,NFLX",Bull_LowVol
2015-06-24,83694.02,-62.14,82849.39,166605.55,1.99,-0.3486,2,"BLDR,NFLX",Bull_LowVol
2015-06-25,82078.14,-72.49,82849.39,165000.03,2.01,-0.3612,2,"BLDR,NFLX",Bull_LowVol
2015-06-26,79112.49,-82.85,82849.39,162044.74,2.05,-0.3843,2,"BLDR,NFLX",Bull_LowVol
2015-06-29,74572.03,-93.21,82849.39,157514.63,2.11,-0.4196,2,"BLDR,NFLX",Bull_LowVol
2015-06-30,76820.2,0.0,40286.9,117107.1,1.52,-0.4021,2,"NFLX,HALO",Bull_LowVol
2015-07-01,76501.1,-5.04,40286.9,116793.04,1.53,-0.4046,2,"NFLX,HALO",Bull_LowVol
2015-07-02,76167.26,-10.07,40286.9,116464.24,1.53,-0.4072,2,"NFLX,HALO",Bull_LowVol
2015-07-06,77750.99,-15.11,40286.9,118053.0,1.52,-0.3949,2,"NFLX,HALO",Bull_LowVol
2015-07-07,75927.64,-20.14,40286.9,116234.69,1.53,-0.4091,2,"NFLX,HALO",Bull_LowVol
2015-07-08,74437.13,-25.18,40286.9,114749.22,1.54,-0.4207,2,"NFLX,HALO",Bull_LowVol
2015-07-09,78070.48,-30.22,40286.9,118387.6,1.52,-0.3924,2,"NFLX,HALO",Bull_LowVol
2015-07-10,79970.55,-35.25,40286.9,120292.71,1.5,-0.3776,2,"NFLX,HALO",Bull_LowVol
2015-07-13,84328.68,-40.29,40286.9,124655.87,1.48,-0.3437,2,"NFLX,HALO",Bull_LowVol
2015-07-14,84612.36,-45.32,40286.9,124944.59,1.48,-0.3415,2,"NFLX,HALO",Bull_LowVol
2015-07-15,81560.69,0.0,82259.28,163819.97,2.01,-0.3653,2,"NFLX,HALO",Bull_LowVol
2015-07-16,99828.01,-10.28,82259.28,182097.57,1.82,-0.2231,2,"NFLX,HALO",Bull_LowVol
2015-07-17,99388.83,-20.56,82259.28,181668.67,1.83,-0.2265,2,"NFLX,HALO",Bull_LowVol
2015-07-20,95408.24,-30.85,82259.28,177698.36,1.86,-0.2575,2,"NFLX,HALO",Bull_LowVol
2015-07-21,94398.16,-41.13,82259.28,176698.56,1.87,-0.2653,2,"NFLX,HALO",Bull_LowVol
2015-07-22,96911.66,-51.41,82259.28,179222.35,1.85,-0.2458,2,"NFLX,HALO",Bull_LowVol
2015-07-23,93172.76,-61.69,82259.28,175493.73,1.88,-0.2749,2,"NFLX,HALO",Bull_LowVol
2015-07-24,89869.99,-71.98,82259.28,172201.25,1.92,-0.3006,2,"NFLX,HALO",Bull_LowVol
2015-07-27,85891.5,-82.26,82259.28,168233.04,1.96,-0.3315,2,"NFLX,HALO",Bull_LowVol
2015-07-28,89411.42,-92.54,82259.28,171763.24,1.92,-0.3042,2,"NFLX,HALO",Bull_LowVol
2015-07-29,88588.55,-102.82,82259.28,170950.65,1.93,-0.3106,2,"NFLX,HALO",Bull_LowVol
2015-07-30,91321.26,-113.11,82259.28,173693.64,1.9,-0.2893,2,"NFLX,HALO",Bull_LowVol
2015-07-31,94352.19,-123.39,82259.28,176734.86,1.87,-0.2657,2,"NFLX,HALO",Bull_LowVol
2015-08-03,91799.19,-133.67,82259.28,174192.14,1.9,-0.2856,2,"NFLX,HALO",Bull_LowVol
2015-08-04,99993.74,-143.95,82259.28,182396.97,1.82,-0.2218,2,"NFLX,HALO",Bull_LowVol
2015-08-05,102520.13,-154.24,82259.28,184933.64,1.8,-0.2021,2,"NFLX,HALO",Bull_LowVol
2015-08-06,101409.83,-164.52,82259.28,183833.63,1.81,-0.2108,2,"NFLX,HALO",Bull_LowVol
2015-08-07,94418.21,-174.8,82259.28,176852.29,1.87,-0.2652,2,"NFLX,HALO",Bull_LowVol
2015-08-10,93960.47,-185.08,82259.28,176404.83,1.88,-0.2688,2,"NFLX,HALO",Bull_LowVol
2015-08-11,91351.94,0.0,103317.04,194668.98,2.13,-0.2891,2,"NFLX,COKE",Bull_LowVol
2015-08-12,88672.37,-12.91,103317.04,192002.33,2.17,-0.3099,2,"NFLX,COKE",Bull_LowVol
2015-08-13,91210.57,-25.83,103317.04,194553.44,2.13,-0.2902,2,"NFLX,COKE",Bull_LowVol
2015-08-14,92192.73,-38.74,103317.04,195548.51,2.12,-0.2825,2,"NFLX,COKE",Bull_LowVol
2015-08-17,95790.96,-51.66,103317.04,199159.66,2.08,-0.2545,2,"NFLX,COKE",Bull_LowVol
2015-08-18,93763.18,-64.57,103317.04,197144.8,2.1,-0.2703,2,"NFLX,COKE",Bull_LowVol
2015-08-19,90133.53,-77.49,103317.04,193528.06,2.15,-0.2985,2,"NFLX,COKE",Bull_LowVol
2015-08-20,75804.6,0.0,51512.54,127317.14,1.68,-0.41,2,"COKE,POST",Bull_LowVol
2015-08-21,65775.42,65775.42,0.0,0.0,0.0,-0.4881,0,CASH_BIL,Bear_HighVol
2015-08-24,65775.42,65775.42,0.0,0.0,0.0,-0.4881,0,CASH_BIL,Bear_HighVol
2015-08-25,65789.78,65789.78,0.0,0.0,0.0,-0.488,0,CASH_BIL,Bear_HighVol
2015-08-26,65775.42,65775.42,0.0,0.0,0.0,-0.4881,0,CASH_BIL,Bear_HighVol
2015-08-27,65789.78,65789.78,0.0,0.0,0.0,-0.488,0,CASH_BIL,Bear_HighVol
2015-08-28,65789.78,65789.78,0.0,0.0,0.0,-0.488,0,CASH_BIL,Bear_HighVol
2015-08-31,65789.78,65789.78,0.0,0.0,0.0,-0.488,0,CASH_BIL,Bear_HighVol
2015-09-01,65775.42,65775.42,0.0,0.0,0.0,-0.4881,0,CASH_BIL,Bear_HighVol
2015-09-02,65789.78,65789.78,0.0,0.0,0.0,-0.488,0,CASH_BIL,Bear_HighVol
2015-09-03,65775.42,65775.42,0.0,0.0,0.0,-0.4881,0,CASH_BIL,Bear_HighVol
2015-09-04,65775.42,65775.42,0.0,0.0,0.0,-0.4881,0,CASH_BIL,Bear_HighVol
2015-09-08,65775.42,65775.42,0.0,0.0,0.0,-0.4881,0,CASH_BIL,Bear_HighVol
2015-09-09,65760.97,65760.97,0.0,0.0,0.0,-0.4882,0,CASH_BIL,Bear_HighVol
2015-09-10,65775.42,65775.42,0.0,0.0,0.0,-0.4881,0,CASH_BIL,Bear_HighVol
2015-09-11,65775.42,65775.42,0.0,0.0,0.0,-0.4881,0,CASH_BIL,Bear_HighVol
2015-09-14,65760.97,65760.97,0.0,0.0,0.0,-0.4882,0,CASH_BIL,Bear_HighVol
2015-09-15,65760.97,65760.97,0.0,0.0,0.0,-0.4882,0,CASH_BIL,Bear_HighVol
2015-09-16,65760.97,65760.97,0.0,0.0,0.0,-0.4882,0,CASH_BIL,Bear_HighVol
2015-09-17,65760.97,65760.97,0.0,0.0,0.0,-0.4882,0,CASH_BIL,Bear_HighVol
2015-09-18,65775.42,65775.42,0.0,0.0,0.0,-0.4881,0,CASH_BIL,Bear_HighVol
2015-09-21,65775.42,65775.42,0.0,0.0,0.0,-0.4881,0,CASH_BIL,Bear_HighVol
2015-09-22,65760.97,65760.97,0.0,0.0,0.0,-0.4882,0,CASH_BIL,Bear_HighVol
2015-09-23,65760.97,65760.97,0.0,0.0,0.0,-0.4882,0,CASH_BIL,Bear_HighVol
2015-09-24,65760.97,65760.97,0.0,0.0,0.0,-0.4882,0,CASH_BIL,Bear_HighVol
2015-09-25,65775.42,65775.42,0.0,0.0,0.0,-0.4881,0,CASH_BIL,Bear_HighVol
2015-09-28,65775.42,65775.42,0.0,0.0,0.0,-0.4881,0,CASH_BIL,Bear_HighVol
2015-09-29,65760.97,65760.97,0.0,0.0,0.0,-0.4882,0,CASH_BIL,Bear_HighVol
2015-09-30,65775.42,65775.42,0.0,0.0,0.0,-0.4881,0,CASH_BIL,Bear_HighVol
2015-10-01,65775.42,65775.42,0.0,0.0,0.0,-0.4881,0,CASH_BIL,Bear_HighVol
2015-10-02,65760.97,65760.97,0.0,0.0,0.0,-0.4882,0,CASH_BIL,Bear_HighVol
2015-10-05,65760.97,65760.97,0.0,0.0,0.0,-0.4882,0,CASH_BIL,Bear_HighVol
2015-10-06,65760.97,65760.97,0.0,0.0,0.0,-0.4882,0,CASH_BIL,Bear_HighVol
2015-10-07,65760.97,65760.97,0.0,0.0,0.0,-0.4882,0,CASH_BIL,Bear_HighVol
2015-10-08,65760.97,65760.97,0.0,0.0,0.0,-0.4882,0,CASH_BIL,Bear_HighVol
2015-10-09,65760.97,65760.97,0.0,0.0,0.0,-0.4882,0,CASH_BIL,Bull_MidVol
2015-10-12,65760.97,65760.97,0.0,0.0,0.0,-0.4882,0,CASH_BIL,Bull_MidVol
2015-10-13,65760.97,65760.97,0.0,0.0,0.0,-0.4882,0,CASH_BIL,Bear_HighVol
2015-10-14,65760.97,65760.97,0.0,0.0,0.0,-0.4882,0,CASH_BIL,Bear_HighVol
2015-10-15,65760.97,65760.97,0.0,0.0,0.0,-0.4882,0,CASH_BIL,Bull_MidVol
2015-10-16,65760.97,65760.97,0.0,0.0,0.0,-0.4882,0,CASH_BIL,Bull_MidVol
2015-10-19,65760.97,65760.97,0.0,0.0,0.0,-0.4882,0,CASH_BIL,Bull_MidVol
2015-10-20,65760.97,65760.97,0.0,0.0,0.0,-0.4882,0,CASH_BIL,Bull_LowVol
2015-10-21,65760.97,65760.97,0.0,0.0,0.0,-0.4882,0,CASH_BIL,Bull_MidVol
2015-10-22,64862.99,0.0,52682.36,117545.35,1.81,-0.4952,2,"COKE,SNX",Bull_MidVol
2015-10-23,65979.27,-6.59,52682.36,118668.21,1.8,-0.4865,2,"COKE,SNX",Bull_MidVol
2015-10-26,63553.1,-13.17,52682.36,116248.62,1.83,-0.5054,2,"COKE,SNX",Bull_LowVol
2015-10-27,62914.66,-19.76,52682.36,115616.77,1.84,-0.5104,2,"COKE,SNX",Bull_LowVol
2015-10-28,64599.65,-26.34,52682.36,117308.35,1.82,-0.4973,2,"COKE,SNX",Bull_LowVol
2015-10-29,62801.42,-32.93,52682.36,115516.7,1.84,-0.5112,2,"COKE,SNX",Bull_LowVol
2015-10-30,61988.12,-39.51,52682.36,114709.99,1.85,-0.5176,2,"COKE,SNX",Bull_LowVol
2015-11-02,62054.14,-46.1,52682.36,114782.6,1.85,-0.5171,2,"COKE,SNX",Bull_LowVol
2015-11-03,63302.84,-52.68,52682.36,116037.88,1.83,-0.5073,2,"COKE,SNX",Bull_LowVol
2015-11-04,55775.86,0.0,59851.66,115627.52,2.07,-0.5659,2,"SNX,TYL",Bull_LowVol
2015-11-05,55356.18,-7.48,59851.66,115215.33,2.08,-0.5692,2,"SNX,TYL",Bull_LowVol
2015-11-06,56627.0,-14.96,59851.66,116493.62,2.06,-0.5593,2,"SNX,TYL",Bull_LowVol
2015-11-09,55414.97,-22.44,59851.66,115289.08,2.08,-0.5687,2,"SNX,TYL",Bull_LowVol
2015-11-10,56356.33,-29.93,59851.66,116237.92,2.06,-0.5614,2,"SNX,TYL",Bull_LowVol
2015-11-11,57800.27,-37.41,59851.66,117689.34,2.04,-0.5502,2,"SNX,TYL",Bull_LowVol
2015-11-12,56317.77,-44.89,59851.66,116214.32,2.06,-0.5617,2,"SNX,TYL",Bull_LowVol
2015-11-13,54465.51,-52.37,59851.66,114369.54,2.1,-0.5761,2,"SNX,TYL",Bull_LowVol
2015-11-16,55594.08,-59.85,59851.66,115505.59,2.08,-0.5673,2,"SNX,TYL",Bull_LowVol
2015-11-17,56381.83,-67.33,59851.66,116300.82,2.06,-0.5612,2,"SNX,TYL",Bull_LowVol
2015-11-18,57096.05,-74.81,59851.66,117022.52,2.05,-0.5556,2,"SNX,TYL",Bull_MidVol
2015-11-19,57339.01,0.0,55889.95,113228.97,1.97,-0.5538,2,"TYL,KLAC",Bull_LowVol
2015-11-20,58031.12,-6.99,55889.95,113928.06,1.96,-0.5484,2,"TYL,KLAC",Bull_LowVol
2015-11-23,56957.19,-13.97,55889.95,112861.12,1.98,-0.5567,2,"TYL,KLAC",Bull_LowVol
2015-11-24,57734.44,-20.96,55889.95,113645.35,1.97,-0.5507,2,"TYL,KLAC",Bull_LowVol
2015-11-25,57209.62,-27.94,55889.95,113127.51,1.98,-0.5548,2,"TYL,KLAC",Bull_LowVol
2015-11-27,57824.73,-34.93,55889.95,113749.62,1.97,-0.55,2,"TYL,KLAC",Bull_LowVol
2015-11-30,58898.18,-41.92,55889.95,114830.05,1.95,-0.5416,2,"TYL,KLAC",Bull_LowVol
2015-12-01,59586.44,-48.9,55889.95,115525.29,1.94,-0.5363,2,"TYL,KLAC",Bull_LowVol
2015-12-02,60043.89,-55.89,55889.95,115989.74,1.93,-0.5327,2,"TYL,KLAC",Bull_LowVol
2015-12-03,58002.6,-62.88,55889.95,113955.44,1.96,-0.5486,2,"TYL,KLAC",Bull_LowVol
2015-12-04,59772.67,0.0,57992.0,117764.68,1.97,-0.5348,2,"KLAC,ADSK",Bull_LowVol
2015-12-07,58277.59,-7.25,57992.0,116276.84,2.0,-0.5465,2,"KLAC,ADSK",Bull_LowVol
2015-12-08,59534.9,-14.5,57992.0,117541.39,1.97,-0.5367,2,"KLAC,ADSK",Bull_LowVol
2015-12-09,57890.85,-21.75,57992.0,115904.6,2.0,-0.5495,2,"KLAC,ADSK",Bull_LowVol
2015-12-10,58655.0,-29.0,57992.0,116676.0,1.99,-0.5435,2,"KLAC,ADSK",Bull_LowVol
2015-12-11,56155.72,-36.25,57992.0,114183.97,2.03,-0.563,2,"KLAC,ADSK",Bull_MidVol
2015-12-14,55612.84,-43.49,57992.0,113648.33,2.04,-0.5672,2,"KLAC,ADSK",Bull_MidVol
2015-12-15,56998.4,-50.74,57992.0,115041.15,2.02,-0.5564,2,"KLAC,ADSK",Bull_LowVol
2015-12-16,57932.15,-57.99,57992.0,115982.14,2.0,-0.5491,2,"KLAC,ADSK",Bull_MidVol
2015-12-17,55951.36,-65.24,57992.0,114008.6,2.04,-0.5646,2,"KLAC,ADSK",Bull_LowVol
2015-12-18,53805.84,-72.49,57992.0,111870.33,2.08,-0.5813,2,"KLAC,ADSK",Bull_MidVol
2015-12-21,55680.06,-79.74,57992.0,113751.8,2.04,-0.5667,2,"KLAC,ADSK",Bull_MidVol
2015-12-22,57042.11,-86.99,57992.0,115121.1,2.02,-0.5561,2,"KLAC,ADSK",Bull_MidVol
2015-12-23,58142.49,-94.24,57992.0,116228.73,2.0,-0.5475,2,"KLAC,ADSK",Bull_MidVol
2015-12-24,58184.21,-101.49,57992.0,116277.7,2.0,-0.5472,2,"KLAC,ADSK",Bull_MidVol
2015-12-28,58091.76,-108.74,57992.0,116192.5,2.0,-0.5479,2,"KLAC,ADSK",Bull_MidVol
2015-12-29,58843.15,-115.98,57992.0,116951.14,1.99,-0.5421,2,"KLAC,ADSK",Bull_MidVol
2015-12-30,58683.26,-123.23,57992.0,116798.49,1.99,-0.5433,2,"KLAC,ADSK",Bull_MidVol
2015-12-31,57175.24,-130.48,57992.0,115297.72,2.02,-0.555,2,"KLAC,ADSK",Bull_MidVol
2016-01-04,56033.94,-137.73,57992.0,114163.67,2.04,-0.5639,2,"KLAC,ADSK",Bull_MidVol
2016-01-05,55865.61,0.0,31185.91,87051.52,1.56,-0.5652,2,"KLAC,OLED",Bull_MidVol
2016-01-06,51801.91,51801.91,0.0,0.0,0.0,-0.5969,0,CASH_BIL,Bear_HighVol
2016-01-07,51801.91,51801.91,0.0,0.0,0.0,-0.5969,0,CASH_BIL,Bear_HighVol
2016-01-08,51801.91,51801.91,0.0,0.0,0.0,-0.5969,0,CASH_BIL,Bear_HighVol
2016-01-11,51813.22,51813.22,0.0,0.0,0.0,-0.5968,0,CASH_BIL,Bear_HighVol
2016-01-12,51801.91,51801.91,0.0,0.0,0.0,-0.5969,0,CASH_BIL,Bear_HighVol
2016-01-13,51790.5,51790.5,0.0,0.0,0.0,-0.5969,0,CASH_BIL,Bear_HighVol
2016-01-14,51790.5,51790.5,0.0,0.0,0.0,-0.5969,0,CASH_BIL,Bear_HighVol
2016-01-15,51801.91,51801.91,0.0,0.0,0.0,-0.5969,0,CASH_BIL,Bear_HighVol
2016-01-19,51801.91,51801.91,0.0,0.0,0.0,-0.5969,0,CASH_BIL,Bear_HighVol
2016-01-20,51813.22,51813.22,0.0,0.0,0.0,-0.5968,0,CASH_BIL,Bear_HighVol
2016-01-21,51790.5,51790.5,0.0,0.0,0.0,-0.5969,0,CASH_BIL,Bear_HighVol
2016-01-22,51801.91,51801.91,0.0,0.0,0.0,-0.5969,0,CASH_BIL,Bear_HighVol
2016-01-25,51790.5,51790.5,0.0,0.0,0.0,-0.5969,0,CASH_BIL,Bear_HighVol
2016-01-26,51801.91,51801.91,0.0,0.0,0.0,-0.5969,0,CASH_BIL,Bear_HighVol
2016-01-27,51801.91,51801.91,0.0,0.0,0.0,-0.5969,0,CASH_BIL,Bear_HighVol
2016-01-28,51813.22,51813.22,0.0,0.0,0.0,-0.5968,0,CASH_BIL,Bear_HighVol
2016-01-29,51790.5,51790.5,0.0,0.0,0.0,-0.5969,0,CASH_BIL,Bear_HighVol
2016-02-01,51790.5,51790.5,0.0,0.0,0.0,-0.5969,0,CASH_BIL,Bear_HighVol
2016-02-02,51801.91,51801.91,0.0,0.0,0.0,-0.5969,0,CASH_BIL,Bear_HighVol
2016-02-03,51813.22,51813.22,0.0,0.0,0.0,-0.5968,0,CASH_BIL,Bear_HighVol
2016-02-04,51813.22,51813.22,0.0,0.0,0.0,-0.5968,0,CASH_BIL,Bear_HighVol
2016-02-05,51801.91,51801.91,0.0,0.0,0.0,-0.5969,0,CASH_BIL,Bear_HighVol
2016-02-08,51813.22,51813.22,0.0,0.0,0.0,-0.5968,0,CASH_BIL,Bear_HighVol
2016-02-09,51801.91,51801.91,0.0,0.0,0.0,-0.5969,0,CASH_BIL,Bear_HighVol
2016-02-10,51813.22,51813.22,0.0,0.0,0.0,-0.5968,0,CASH_BIL,Bear_HighVol
2016-02-11,51801.91,51801.91,0.0,0.0,0.0,-0.5969,0,CASH_BIL,Bear_HighVol
2016-02-12,51801.91,51801.91,0.0,0.0,0.0,-0.5969,0,CASH_BIL,Bear_HighVol
2016-02-16,51801.91,51801.91,0.0,0.0,0.0,-0.5969,0,CASH_BIL,Bear_HighVol
2016-02-17,51813.22,51813.22,0.0,0.0,0.0,-0.5968,0,CASH_BIL,Bear_HighVol
2016-02-18,51813.22,51813.22,0.0,0.0,0.0,-0.5968,0,CASH_BIL,Bear_HighVol
2016-02-19,51813.22,51813.22,0.0,0.0,0.0,-0.5968,0,CASH_BIL,Bear_HighVol
2016-02-22,51801.91,51801.91,0.0,0.0,0.0,-0.5969,0,CASH_BIL,Bear_HighVol
2016-02-23,51813.22,51813.22,0.0,0.0,0.0,-0.5968,0,CASH_BIL,Bear_HighVol
2016-02-24,51801.91,51801.91,0.0,0.0,0.0,-0.5969,0,CASH_BIL,Bear_HighVol
2016-02-25,51801.91,51801.91,0.0,0.0,0.0,-0.5969,0,CASH_BIL,Bear_HighVol
2016-02-26,51813.22,51813.22,0.0,0.0,0.0,-0.5968,0,CASH_BIL,Bear_HighVol
2016-02-29,51813.22,51813.22,0.0,0.0,0.0,-0.5968,0,CASH_BIL,Bear_HighVol
2016-03-01,51801.91,51801.91,0.0,0.0,0.0,-0.5969,0,CASH_BIL,Bear_HighVol
2016-03-02,51813.22,51813.22,0.0,0.0,0.0,-0.5968,0,CASH_BIL,Bear_HighVol
2016-03-03,51813.22,51813.22,0.0,0.0,0.0,-0.5968,0,CASH_BIL,Bear_HighVol
2016-03-04,51813.22,51813.22,0.0,0.0,0.0,-0.5968,0,CASH_BIL,Bear_HighVol
2016-03-07,51801.91,51801.91,0.0,0.0,0.0,-0.5969,0,CASH_BIL,Bear_HighVol
2016-03-08,51813.22,51813.22,0.0,0.0,0.0,-0.5968,0,CASH_BIL,Bear_HighVol
2016-03-09,51813.22,51813.22,0.0,0.0,0.0,-0.5968,0,CASH_BIL,Bear_HighVol
2016-03-10,51801.91,51801.91,0.0,0.0,0.0,-0.5969,0,CASH_BIL,Bear_HighVol
2016-03-11,51801.91,51801.91,0.0,0.0,0.0,-0.5969,0,CASH_BIL,Bear_HighVol
2016-03-14,51801.91,51801.91,0.0,0.0,0.0,-0.5969,0,CASH_BIL,Bear_HighVol
2016-03-15,51813.22,51813.22,0.0,0.0,0.0,-0.5968,0,CASH_BIL,Bear_HighVol
2016-03-16,51813.22,51813.22,0.0,0.0,0.0,-0.5968,0,CASH_BIL,Bull_LowVol
2016-03-17,51193.47,0.0,51902.06,103095.53,2.01,-0.6016,2,"AU,MSM",Bull_LowVol
2016-03-18,52900.16,-6.49,51902.06,104808.71,1.98,-0.5883,2,"AU,MSM",Bull_LowVol
2016-03-21,52400.93,-12.98,51902.06,104315.97,1.99,-0.5922,2,"AU,MSM",Bull_LowVol
2016-03-22,52709.84,-19.46,51902.06,104631.36,1.99,-0.5898,2,"AU,MSM",Bull_LowVol
2016-03-23,50063.32,-25.95,51902.06,101991.33,2.04,-0.6104,2,"AU,MSM",Bull_LowVol
2016-03-24,50655.96,-32.44,51902.06,102590.46,2.03,-0.6058,2,"AU,MSM",Bull_LowVol
2016-03-28,50612.1,50612.1,0.0,0.0,0.0,-0.6061,0,CASH_BIL,Bear_HighVol
2016-03-29,50612.1,50612.1,0.0,0.0,0.0,-0.6061,0,CASH_BIL,Bull_LowVol
2016-03-30,50612.1,50612.1,0.0,0.0,0.0,-0.6061,0,CASH_BIL,Bull_LowVol
2016-03-31,50612.1,50612.1,0.0,0.0,0.0,-0.6061,0,CASH_BIL,Bull_LowVol
2016-04-01,51114.09,0.0,50697.98,101812.07,1.99,-0.6022,2,"AU,NEM",Bull_LowVol
2016-04-04,48711.55,-6.34,50697.98,99415.86,2.04,-0.6209,2,"AU,NEM",Bull_LowVol
2016-04-05,52432.46,-12.67,50697.98,103143.11,1.97,-0.5919,2,"AU,NEM",Bull_LowVol
2016-04-06,53784.63,-19.01,50697.98,104501.62,1.94,-0.5814,2,"AU,NEM",Bull_LowVol
2016-04-07,55388.43,-25.35,50697.98,106111.76,1.92,-0.5689,2,"AU,NEM",Bull_LowVol
2016-04-08,58854.43,-31.69,50697.98,109584.09,1.86,-0.542,2,"AU,NEM",Bull_LowVol
2016-04-11,66433.36,-38.02,50697.98,117169.36,1.76,-0.483,2,"AU,NEM",Bull_LowVol
2016-04-12,66332.94,-44.36,50697.98,117075.27,1.76,-0.4838,2,"AU,NEM",Bull_LowVol
2016-04-13,62053.27,-50.7,50697.98,112801.94,1.82,-0.5171,2,"AU,NEM",Bull_LowVol
2016-04-14,58216.14,-57.04,50697.98,108971.15,1.87,-0.5469,2,"AU,NEM",Bull_LowVol
2016-04-15,60825.95,-63.37,50697.98,111587.29,1.83,-0.5266,2,"AU,NEM",Bull_LowVol
2016-04-18,60618.46,-69.71,50697.98,111386.15,1.84,-0.5282,2,"AU,NEM",Bull_LowVol
2016-04-19,64972.17,-76.05,50697.98,115746.19,1.78,-0.4944,2,"AU,NEM",Bull_LowVol
2016-04-20,62899.05,-82.38,50697.98,113679.4,1.81,-0.5105,2,"AU,NEM",Bull_LowVol
2016-04-21,66724.67,-88.72,50697.98,117511.37,1.76,-0.4807,2,"AU,NEM",Bull_LowVol
2016-04-22,63402.3,-95.06,50697.98,114195.34,1.8,-0.5066,2,"AU,NEM",Bull_LowVol
2016-04-25,62758.05,-101.4,50697.98,113557.42,1.81,-0.5116,2,"AU,NEM",Bull_LowVol
2016-04-26,63717.76,-107.73,50697.98,114523.47,1.8,-0.5041,2,"AU,NEM",Bull_LowVol
2016-04-27,64368.38,-114.07,50697.98,115180.42,1.79,-0.4991,2,"AU,NEM",Bull_LowVol
2016-04-28,71392.67,71392.67,0.0,0.0,0.0,-0.4444,0,CASH_BIL,Bear_HighVol
2016-04-29,71377.09,71377.09,0.0,0.0,0.0,-0.4445,0,CASH_BIL,Bear_HighVol
2016-05-02,71392.67,71392.67,0.0,0.0,0.0,-0.4444,0,CASH_BIL,Bear_HighVol
2016-05-03,71377.09,71377.09,0.0,0.0,0.0,-0.4445,0,CASH_BIL,Bear_HighVol
2016-05-04,71377.09,71377.09,0.0,0.0,0.0,-0.4445,0,CASH_BIL,Bear_HighVol
2016-05-05,71392.67,71392.67,0.0,0.0,0.0,-0.4444,0,CASH_BIL,Bear_HighVol
2016-05-06,71392.67,71392.67,0.0,0.0,0.0,-0.4444,0,CASH_BIL,Bear_HighVol
2016-05-09,71392.67,71392.67,0.0,0.0,0.0,-0.4444,0,CASH_BIL,Bear_HighVol
2016-05-10,71392.67,71392.67,0.0,0.0,0.0,-0.4444,0,CASH_BIL,Bull_LowVol
2016-05-11,71392.67,71392.67,0.0,0.0,0.0,-0.4444,0,CASH_BIL,Bear_HighVol
2016-05-12,71392.67,71392.67,0.0,0.0,0.0,-0.4444,0,CASH_BIL,Bear_HighVol
2016-05-13,71392.67,71392.67,0.0,0.0,0.0,-0.4444,0,CASH_BIL,Bear_HighVol
2016-05-16,71392.67,71392.67,0.0,0.0,0.0,-0.4444,0,CASH_BIL,Bear_HighVol
2016-05-17,71408.35,71408.35,0.0,0.0,0.0,-0.4443,0,CASH_BIL,Bear_HighVol
2016-05-18,71392.67,71392.67,0.0,0.0,0.0,-0.4444,0,CASH_BIL,Bear_HighVol
2016-05-19,71408.35,71408.35,0.0,0.0,0.0,-0.4443,0,CASH_BIL,Bear_HighVol
2016-05-20,71423.95,71423.95,0.0,0.0,0.0,-0.4441,0,CASH_BIL,Bear_HighVol
2016-05-23,71392.67,71392.67,0.0,0.0,0.0,-0.4444,0,CASH_BIL,Bear_HighVol
2016-05-24,71392.67,71392.67,0.0,0.0,0.0,-0.4444,0,CASH_BIL,Bull_LowVol
2016-05-25,71392.67,71392.67,0.0,0.0,0.0,-0.4444,0,CASH_BIL,Bull_LowVol
2016-05-26,71392.67,71392.67,0.0,0.0,0.0,-0.4444,0,CASH_BIL,Bull_LowVol
2016-05-27,70403.54,0.0,71496.39,141899.93,2.02,-0.4521,2,"OKE,CZR",Bull_LowVol
2016-05-31,73719.24,-8.94,71496.39,145224.57,1.97,-0.4263,2,"OKE,CZR",Bull_LowVol
2016-06-01,74082.97,-17.87,71496.39,145597.24,1.97,-0.4234,2,"OKE,CZR",Bull_LowVol
2016-06-02,74105.92,-26.81,71496.39,145629.12,1.97,-0.4233,2,"OKE,CZR",Bull_LowVol
2016-06-03,74743.44,-35.75,71496.39,146275.57,1.96,-0.4183,2,"OKE,CZR",Bull_LowVol
2016-06-06,76612.12,-44.69,71496.39,148153.19,1.93,-0.4038,2,"OKE,CZR",Bull_LowVol
2016-06-07,79521.05,-53.62,71496.39,151071.06,1.9,-0.3811,2,"OKE,CZR",Bull_LowVol
2016-06-08,79247.4,-62.56,71496.39,150806.35,1.9,-0.3833,2,"OKE,CZR",Bull_LowVol
2016-06-09,80931.14,-71.5,71496.39,152499.02,1.88,-0.3702,2,"OKE,CZR",Bull_LowVol
2016-06-10,77956.01,-80.43,71496.39,149532.83,1.92,-0.3933,2,"OKE,CZR",Bull_LowVol
2016-06-13,76909.09,-89.37,71496.39,148494.84,1.93,-0.4015,2,"OKE,CZR",Bull_LowVol
2016-06-14,77178.51,-98.31,71496.39,148773.2,1.93,-0.3994,2,"OKE,CZR",Bull_LowVol
2016-06-15,75826.11,-107.24,71496.39,147429.75,1.94,-0.4099,2,"OKE,CZR",Bull_LowVol
2016-06-16,74928.84,-116.18,71496.39,146541.41,1.96,-0.4169,2,"OKE,CZR",Bull_LowVol
2016-06-17,76550.57,76550.57,0.0,0.0,0.0,-0.4042,0,CASH_BIL,Bear_HighVol
2016-06-20,76550.57,76550.57,0.0,0.0,0.0,-0.4042,0,CASH_BIL,Bull_LowVol
2016-06-21,76550.57,76550.57,0.0,0.0,0.0,-0.4042,0,CASH_BIL,Bull_LowVol
2016-06-22,76550.57,76550.57,0.0,0.0,0.0,-0.4042,0,CASH_BIL,Bull_LowVol
2016-06-23,76550.57,76550.57,0.0,0.0,0.0,-0.4042,0,CASH_BIL,Bull_LowVol
2016-06-24,76550.57,76550.57,0.0,0.0,0.0,-0.4042,0,CASH_BIL,Bear_HighVol
2016-06-27,76550.57,76550.57,0.0,0.0,0.0,-0.4042,0,CASH_BIL,Bear_HighVol
2016-06-28,76550.57,76550.57,0.0,0.0,0.0,-0.4042,0,CASH_BIL,Bear_HighVol
2016-06-29,76550.57,76550.57,0.0,0.0,0.0,-0.4042,0,CASH_BIL,Bear_HighVol
2016-06-30,76550.57,76550.57,0.0,0.0,0.0,-0.4042,0,CASH_BIL,Bull_MidVol
2016-07-01,76550.57,76550.57,0.0,0.0,0.0,-0.4042,0,CASH_BIL,Bull_MidVol
2016-07-05,76550.57,76550.57,0.0,0.0,0.0,-0.4042,0,CASH_BIL,Bull_MidVol
2016-07-06,76550.57,76550.57,0.0,0.0,0.0,-0.4042,0,CASH_BIL,Bull_MidVol
2016-07-07,76550.57,76550.57,0.0,0.0,0.0,-0.4042,0,CASH_BIL,Bull_MidVol
2016-07-08,76550.57,76550.57,0.0,0.0,0.0,-0.4042,0,CASH_BIL,Bull_MidVol
2016-07-11,76550.57,76550.57,0.0,0.0,0.0,-0.4042,0,CASH_BIL,Bull_MidVol
2016-07-12,76184.72,0.0,61343.18,137527.9,1.81,-0.4071,2,"EXEL,AMD",Bull_MidVol
2016-07-13,74663.7,-7.67,61343.18,136014.55,1.82,-0.4189,2,"EXEL,AMD",Bull_MidVol
2016-07-14,77246.03,-15.34,61343.18,138604.55,1.79,-0.3988,2,"EXEL,AMD",Bull_MidVol
2016-07-15,78691.31,-23.0,61343.18,140057.49,1.78,-0.3876,2,"EXEL,AMD",Bull_MidVol
2016-07-18,83474.12,-30.67,61343.18,144847.97,1.74,-0.3504,2,"EXEL,AMD",Bull_MidVol
2016-07-19,81704.54,-38.34,61343.18,143086.07,1.75,-0.3641,2,"EXEL,AMD",Bull_MidVol
2016-07-20,83046.0,-46.01,61343.18,144435.19,1.74,-0.3537,2,"EXEL,AMD",Bull_MidVol
2016-07-21,80997.68,-53.68,61343.18,142394.54,1.76,-0.3696,2,"EXEL,AMD",Bull_MidVol
2016-07-22,90058.76,-61.34,61343.18,151463.28,1.68,-0.2991,2,"EXEL,AMD",Bull_MidVol
2016-07-25,101830.62,-69.01,61343.18,163242.82,1.6,-0.2075,2,"EXEL,AMD",Bull_LowVol
2016-07-26,104950.44,0.0,93345.22,198295.66,1.89,-0.1832,2,"EXEL,AMD",Bull_LowVol
2016-07-27,104651.14,-11.67,93345.22,198008.03,1.89,-0.1856,2,"EXEL,AMD",Bull_LowVol
2016-07-28,106540.75,-23.34,93345.22,199909.31,1.88,-0.1708,2,"EXEL,AMD",Bull_LowVol
2016-07-29,109853.5,-35.0,93345.22,203233.73,1.85,-0.1451,2,"EXEL,AMD",Bull_LowVol
2016-08-01,107984.24,-46.67,93345.22,201376.13,1.86,-0.1596,2,"EXEL,AMD",Bull_LowVol
2016-08-02,101424.66,-58.34,93345.22,194828.23,1.92,-0.2107,2,"EXEL,AMD",Bull_LowVol
2016-08-03,104858.64,-70.01,93345.22,198273.88,1.89,-0.1839,2,"EXEL,AMD",Bull_LowVol
2016-08-04,127492.11,-81.68,93345.22,220919.01,1.73,-0.0078,2,"EXEL,AMD",Bull_LowVol
2016-08-05,130569.17,-93.35,93345.22,224007.74,1.72,0.0,2,"EXEL,AMD",Bull_LowVol
2016-08-08,128586.19,-105.01,93345.22,222036.43,1.73,-0.0152,2,"EXEL,AMD",Bull_LowVol
2016-08-09,128489.0,0.0,135050.41,263539.41,2.05,-0.0159,2,"EXEL,AMD",Bull_LowVol
2016-08-10,120214.58,-16.88,135050.41,255281.86,2.12,-0.0793,2,"EXEL,AMD",Bull_LowVol
2016-08-11,125510.13,-33.76,135050.41,260594.3,2.08,-0.0387,2,"EXEL,AMD",Bull_LowVol
2016-08-12,128487.85,-50.64,135050.41,263588.9,2.05,-0.0159,2,"EXEL,AMD",Bull_LowVol
2016-08-15,134075.35,-67.53,135050.41,269193.28,2.01,0.0,2,"EXEL,AMD",Bull_LowVol
2016-08-16,127876.3,-84.41,135050.41,263011.11,2.06,-0.0462,2,"EXEL,AMD",Bull_LowVol
2016-08-17,126954.08,-101.29,135050.41,262105.78,2.06,-0.0531,2,"EXEL,AMD",Bull_LowVol
2016-08-18,138367.3,-118.17,135050.41,273535.87,1.98,0.0,2,"EXEL,AMD",Bull_LowVol
2016-08-19,150293.22,-135.05,135050.41,285478.68,1.9,0.0,2,"EXEL,AMD",Bull_LowVol
2016-08-22,154811.9,-151.93,135050.41,290014.23,1.87,0.0,2,"EXEL,AMD",Bull_LowVol
2016-08-23,158652.69,-168.81,135050.41,293871.91,1.85,0.0,2,"EXEL,AMD",Bull_LowVol
2016-08-24,144873.43,-185.69,135050.41,280109.53,1.93,-0.0869,2,"EXEL,AMD",Bull_LowVol
2016-08-25,146140.02,-202.58,135050.41,281393.0,1.93,-0.0789,2,"EXEL,AMD",Bull_LowVol
2016-08-26,150722.1,-219.46,135050.41,285991.96,1.9,-0.05,2,"EXEL,AMD",Bull_LowVol
2016-08-29,149350.55,-236.34,135050.41,284637.3,1.91,-0.0586,2,"EXEL,AMD",Bull_LowVol
2016-08-30,148064.65,-253.22,135050.41,283368.27,1.91,-0.0667,2,"EXEL,AMD",Bull_LowVol
2016-08-31,147584.54,-270.1,135050.41,282905.05,1.92,-0.0698,2,"EXEL,AMD",Bull_LowVol
2016-09-01,148994.07,-286.98,135050.41,284331.45,1.91,-0.0609,2,"EXEL,AMD",Bull_LowVol
2016-09-02,154474.8,-303.86,135050.41,289829.06,1.88,-0.0263,2,"EXEL,AMD",Bull_LowVol
2016-09-06,157610.45,-320.74,135050.41,292981.6,1.86,-0.0066,2,"EXEL,AMD",Bull_LowVol
2016-09-07,142868.15,0.0,144257.42,287125.56,2.01,-0.0995,2,"EXEL,KTOS",Bull_LowVol
2016-09-08,149102.5,-18.03,144257.42,293377.95,1.97,-0.0602,2,"EXEL,KTOS",Bull_LowVol
2016-09-09,136698.76,-36.06,144257.42,280992.24,2.06,-0.1384,2,"EXEL,KTOS",Bull_LowVol
2016-09-12,143435.59,-54.1,144257.42,287747.1,2.01,-0.0959,2,"EXEL,KTOS",Bull_LowVol
2016-09-13,144197.59,-72.13,144257.42,288527.13,2.0,-0.0911,2,"EXEL,KTOS",Bull_LowVol
2016-09-14,150586.65,-90.16,144257.42,294934.23,1.96,-0.0508,2,"EXEL,KTOS",Bull_LowVol
2016-09-15,155192.91,-108.19,144257.42,299558.52,1.93,-0.0218,2,"EXEL,KTOS",Bull_LowVol
2016-09-16,155225.92,-126.23,144257.42,299609.56,1.93,-0.0216,2,"EXEL,KTOS",Bull_LowVol
2016-09-19,157130.55,-144.26,144257.42,301532.23,1.92,-0.0096,2,"EXEL,KTOS",Bull_LowVol
2016-09-20,161961.17,-162.29,144257.42,306380.88,1.89,0.0,2,"EXEL,KTOS",Bull_LowVol
2016-09-21,172039.81,0.0,178600.73,350640.54,2.04,0.0,2,"EXEL,AAOI",Bull_LowVol
2016-09-22,164747.64,-22.33,178600.73,343370.7,2.08,-0.0424,2,"EXEL,AAOI",Bull_LowVol
2016-09-23,168914.37,-44.65,178600.73,347559.75,2.06,-0.0182,2,"EXEL,AAOI",Bull_LowVol
2016-09-26,172956.45,-66.98,178600.73,351624.16,2.03,0.0,2,"EXEL,AAOI",Bull_LowVol
2016-09-27,177365.62,-89.3,178600.73,356055.65,2.01,0.0,2,"EXEL,AAOI",Bull_LowVol
2016-09-28,145250.01,0.0,167649.56,312899.57,2.15,-0.1811,2,"AAOI,ASND",Bull_LowVol
2016-09-29,140714.38,-20.96,167649.56,308384.9,2.19,-0.2066,2,"AAOI,ASND",Bull_LowVol
2016-09-30,149094.84,-41.91,167649.56,316786.32,2.12,-0.1594,2,"AAOI,ASND",Bull_LowVol
2016-10-03,141653.85,-62.87,167649.56,309366.27,2.18,-0.2013,2,"AAOI,ASND",Bull_LowVol
2016-10-04,143696.58,-83.82,167649.56,311429.96,2.17,-0.1898,2,"AAOI,ASND",Bull_LowVol
2016-10-05,158429.24,0.0,183758.52,342187.76,2.16,-0.1068,2,"AAOI,LITE",Bull_LowVol
2016-10-06,160800.56,-22.97,183758.52,344582.05,2.14,-0.0934,2,"AAOI,LITE",Bull_LowVol
2016-10-07,157293.46,-45.94,183758.52,341097.92,2.17,-0.1132,2,"AAOI,LITE",Bull_LowVol
2016-10-10,161617.87,-68.91,183758.52,345445.3,2.14,-0.0888,2,"AAOI,LITE",Bull_LowVol
2016-10-11,139055.64,-91.88,183758.52,322906.05,2.32,-0.216,2,"AAOI,LITE",Bull_LowVol
2016-10-12,135088.94,-114.85,183758.52,318962.31,2.36,-0.2384,2,"AAOI,LITE",Bull_LowVol
2016-10-13,124153.94,-137.82,183758.52,308050.28,2.48,-0.3,2,"AAOI,LITE",Bull_LowVol
2016-10-14,124208.72,-160.79,183758.52,308128.03,2.48,-0.2997,2,"AAOI,LITE",Bull_LowVol
2016-10-17,121327.78,-183.76,183758.52,305270.07,2.52,-0.3159,2,"AAOI,LITE",Bull_LowVol
2016-10-18,121974.12,-206.73,183758.52,305939.37,2.51,-0.3123,2,"AAOI,LITE",Bull_LowVol
2016-10-19,123114.25,0.0,148249.15,271363.4,2.2,-0.3059,2,"LITE,TPL",Bull_LowVol
2016-10-20,123465.05,-18.53,148249.15,271732.73,2.2,-0.3039,2,"LITE,TPL",Bull_LowVol
2016-10-21,124177.62,-37.06,148249.15,272463.83,2.19,-0.2999,2,"LITE,TPL",Bull_LowVol
2016-10-24,133079.99,-55.59,148249.15,281384.73,2.11,-0.2497,2,"LITE,TPL",Bull_LowVol
2016-10-25,134336.0,-74.12,148249.15,282659.27,2.1,-0.2426,2,"LITE,TPL",Bull_LowVol
2016-10-26,126354.46,-92.66,148249.15,274696.27,2.17,-0.2876,2,"LITE,TPL",Bull_LowVol
2016-10-27,102497.22,0.0,113922.05,216419.27,2.11,-0.4221,2,"TPL,FWONA",Bull_LowVol
2016-10-28,106625.33,-14.24,113922.05,220561.62,2.07,-0.3988,2,"TPL,FWONA",Bull_LowVol
2016-10-31,106968.28,-28.48,113922.05,220918.81,2.07,-0.3969,2,"TPL,FWONA",Bull_LowVol
2016-11-01,105072.59,-42.72,113922.05,219037.36,2.08,-0.4076,2,"TPL,FWONA",Bull_LowVol
2016-11-02,103637.42,0.0,50486.46,154123.88,1.49,-0.4157,2,"FWONA,FWONK",Bull_LowVol
2016-11-03,102494.0,-6.31,50486.46,152986.78,1.49,-0.4221,2,"FWONA,FWONK",Bull_LowVol
2016-11-04,103760.97,-12.62,50486.46,154260.05,1.49,-0.415,2,"FWONA,FWONK",Bull_LowVol
2016-11-07,107384.46,-18.93,50486.46,157889.86,1.47,-0.3946,2,"FWONA,FWONK",Bull_LowVol
2016-11-08,109043.66,-25.24,50486.46,159555.37,1.46,-0.3852,2,"FWONA,FWONK",Bull_LowVol
2016-11-09,111329.85,-31.55,50486.46,161847.87,1.45,-0.3723,2,"FWONA,FWONK",Bull_LowVol
2016-11-10,110097.02,-37.86,50486.46,160621.35,1.46,-0.3793,2,"FWONA,FWONK",Bull_LowVol
2016-11-11,116822.9,-44.18,50486.46,167353.54,1.43,-0.3413,2,"FWONA,FWONK",Bull_LowVol
2016-11-14,121276.6,-50.49,50486.46,171813.55,1.42,-0.3162,2,"FWONA,FWONK",Bull_LowVol
2016-11-15,126009.75,-56.8,50486.46,176553.0,1.4,-0.2895,2,"FWONA,FWONK",Bull_LowVol
2016-11-16,129607.82,-63.11,50486.46,180157.39,1.39,-0.2693,2,"FWONA,FWONK",Bull_LowVol
2016-11-17,135540.06,-69.42,50486.46,186095.94,1.37,-0.2358,2,"FWONA,FWONK",Bull_LowVol
2016-11-18,137168.79,-75.73,50486.46,187730.98,1.37,-0.2266,2,"FWONA,FWONK",Bull_LowVol
2016-11-21,130487.2,-82.04,50486.46,181055.7,1.39,-0.2643,2,"FWONA,FWONK",Bull_LowVol
2016-11-22,127898.78,-88.35,50486.46,178473.59,1.4,-0.2789,2,"FWONA,FWONK",Bull_LowVol
2016-11-23,129924.83,-94.66,50486.46,180505.95,1.39,-0.2675,2,"FWONA,FWONK",Bull_LowVol
2016-11-25,130712.15,-100.97,50486.46,181299.58,1.39,-0.263,2,"FWONA,FWONK",Bull_LowVol
2016-11-28,128259.9,-107.28,50486.46,178853.64,1.39,-0.2769,2,"FWONA,FWONK",Bull_LowVol
2016-11-29,128894.79,-113.59,50486.46,179494.85,1.39,-0.2733,2,"FWONA,FWONK",Bull_LowVol
2016-11-30,127182.31,-119.91,50486.46,177788.68,1.4,-0.2829,2,"FWONA,FWONK",Bull_LowVol
2016-12-01,122748.79,0.0,70.63,122819.42,1.0,-0.3079,2,"STLD,KEY",Bull_LowVol
2016-12-02,124031.0,-0.01,70.63,124101.64,1.0,-0.3007,2,"STLD,KEY",Bull_LowVol
2016-12-05,125822.72,-0.02,70.63,125893.37,1.0,-0.2906,2,"STLD,KEY",Bull_LowVol
2016-12-06,127928.04,-0.03,70.63,127998.7,1.0,-0.2787,2,"STLD,KEY",Bull_LowVol
2016-12-07,129247.91,-0.04,70.63,129318.58,1.0,-0.2713,2,"STLD,KEY",Bull_LowVol
2016-12-08,129215.32,-0.04,70.63,129286.0,1.0,-0.2715,2,"STLD,KEY",Bull_LowVol
2016-12-09,126687.26,-0.05,70.63,126757.94,1.0,-0.2857,2,"STLD,KEY",Bull_LowVol
2016-12-12,125572.96,-0.06,70.63,125643.66,1.0,-0.292,2,"STLD,KEY",Bull_LowVol
2016-12-13,124221.32,-0.07,70.63,124292.03,1.0,-0.2996,2,"STLD,KEY",Bull_LowVol
2016-12-14,125179.1,-0.08,70.63,125249.82,1.0,-0.2942,2,"STLD,KEY",Bull_LowVol
2016-12-15,126473.72,0.0,126676.33,253150.06,2.0,-0.2869,2,"STLD,KEY",Bull_LowVol
2016-12-16,122671.07,-15.83,126676.33,249363.24,2.03,-0.3084,2,"STLD,KEY",Bull_LowVol
2016-12-19,122927.86,-31.67,126676.33,249635.87,2.03,-0.3069,2,"STLD,KEY",Bull_LowVol
2016-12-20,127757.89,-47.5,126676.33,254481.72,1.99,-0.2797,2,"STLD,KEY",Bull_LowVol
2016-12-21,125727.17,-63.34,126676.33,252466.84,2.01,-0.2911,2,"STLD,KEY",Bull_LowVol
2016-12-22,124729.14,-79.17,126676.33,251484.65,2.02,-0.2968,2,"STLD,KEY",Bull_LowVol
2016-12-23,125706.78,-95.01,126676.33,252478.13,2.01,-0.2913,2,"STLD,KEY",Bull_LowVol
2016-12-27,126511.5,-110.84,126676.33,253298.68,2.0,-0.2867,2,"STLD,KEY",Bull_LowVol
2016-12-28,122798.9,-126.68,126676.33,249601.91,2.03,-0.3077,2,"STLD,KEY",Bull_LowVol
2016-12-29,121241.06,-142.51,126676.33,248059.91,2.05,-0.3164,2,"STLD,KEY",Bull_LowVol
2016-12-30,107481.16,-12682.72,126676.33,246840.21,2.3,-0.394,2,"STLD,KEY",Bull_LowVol
2017-01-03,109545.0,-12698.55,126676.33,248919.89,2.27,-0.3824,2,"STLD,KEY",Bull_LowVol
2017-01-04,116600.49,-12714.39,126676.33,255991.21,2.2,-0.3426,2,"STLD,KEY",Bull_LowVol
2017-01-05,115720.79,-12730.22,126676.33,255127.35,2.2,-0.3476,2,"STLD,KEY",Bull_LowVol
2017-01-06,111819.35,-12746.06,126676.33,251241.74,2.25,-0.3696,2,"STLD,KEY",Bull_LowVol
2017-01-09,109106.61,-12761.89,126676.33,248544.83,2.28,-0.3848,2,"STLD,KEY",Bull_LowVol
2017-01-10,114114.51,-12777.73,126676.33,253568.57,2.22,-0.3566,2,"STLD,KEY",Bull_LowVol
2017-01-11,114649.7,-12793.56,126676.33,254119.6,2.22,-0.3536,2,"STLD,KEY",Bull_LowVol
2017-01-12,108037.45,-12809.4,126676.33,247523.18,2.29,-0.3909,2,"STLD,KEY",Bull_LowVol
2017-01-13,110320.79,-12825.23,126676.33,249822.35,2.26,-0.378,2,"STLD,KEY",Bull_LowVol
2017-01-17,103578.12,-12841.06,126676.33,243095.52,2.35,-0.416,2,"STLD,KEY",Bull_LowVol
2017-01-18,112108.33,-12856.9,126676.33,251641.56,2.24,-0.3679,2,"STLD,KEY",Bull_LowVol
2017-01-19,105053.33,-12872.73,126676.33,244602.4,2.33,-0.4077,2,"STLD,KEY",Bull_LowVol
2017-01-20,105208.96,-12888.57,126676.33,244773.86,2.33,-0.4068,2,"STLD,KEY",Bull_LowVol
2017-01-23,103002.32,-12904.4,126676.33,242583.05,2.36,-0.4193,2,"STLD,KEY",Bull_LowVol
2017-01-24,108017.09,-12920.24,126676.33,247613.67,2.29,-0.391,2,"STLD,KEY",Bull_LowVol
2017-01-25,102255.37,-12936.07,126676.33,241867.78,2.37,-0.4235,2,"STLD,KEY",Bull_LowVol
2017-01-26,108755.35,-12951.91,126676.33,248383.59,2.28,-0.3868,2,"STLD,KEY",Bull_LowVol
2017-01-27,109618.81,-12967.74,126676.33,249262.88,2.27,-0.382,2,"STLD,KEY",Bull_LowVol
2017-01-30,104374.08,-12983.58,126676.33,244033.99,2.34,-0.4115,2,"STLD,KEY",Bull_LowVol
2017-01-31,100424.96,0.0,101971.1,202396.06,2.02,-0.4338,2,"ESI,SLM",Bull_LowVol
2017-02-01,102158.5,-12.75,101971.1,204142.35,2.0,-0.424,2,"ESI,SLM",Bull_LowVol
2017-02-02,101731.62,-25.49,101971.1,203728.21,2.0,-0.4264,2,"ESI,SLM",Bull_LowVol
2017-02-03,103917.99,-38.24,101971.1,205927.33,1.98,-0.4141,2,"ESI,SLM",Bull_LowVol
2017-02-06,105903.56,-50.99,101971.1,207925.65,1.96,-0.4029,2,"ESI,SLM",Bull_LowVol
2017-02-07,104208.6,-63.73,101971.1,206243.44,1.98,-0.4125,2,"ESI,SLM",Bull_LowVol
2017-02-08,105547.43,-76.48,101971.1,207595.01,1.97,-0.4049,2,"ESI,SLM",Bull_LowVol
2017-02-09,109684.07,-89.22,101971.1,211744.39,1.93,-0.3816,2,"ESI,SLM",Bull_LowVol
2017-02-10,110510.79,-101.97,101971.1,212583.86,1.92,-0.3769,2,"ESI,SLM",Bull_LowVol
2017-02-13,110916.98,-114.72,101971.1,213002.8,1.92,-0.3746,2,"ESI,SLM",Bull_LowVol
2017-02-14,112000.27,0.0,108067.7,220067.98,1.96,-0.3685,2,"ESI,NRG",Bull_LowVol
2017-02-15,117243.17,-13.51,108067.7,225324.38,1.92,-0.339,2,"ESI,NRG",Bull_LowVol
2017-02-16,114276.07,-27.02,108067.7,222370.79,1.95,-0.3557,2,"ESI,NRG",Bull_LowVol
2017-02-17,117450.9,-40.53,108067.7,225559.12,1.92,-0.3378,2,"ESI,NRG",Bull_LowVol
2017-02-21,117153.58,-54.03,108067.7,225275.31,1.92,-0.3395,2,"ESI,NRG",Bull_LowVol
2017-02-22,113284.75,-67.54,108067.7,221420.0,1.95,-0.3613,2,"ESI,NRG",Bull_LowVol
2017-02-23,113921.72,-81.05,108067.7,222070.48,1.95,-0.3577,2,"ESI,NRG",Bull_LowVol
2017-02-24,117295.79,-94.56,108067.7,225458.05,1.92,-0.3387,2,"ESI,NRG",Bull_LowVol
2017-02-27,114763.44,-108.07,108067.7,222939.21,1.94,-0.353,2,"ESI,NRG",Bull_LowVol
2017-02-28,112430.17,-121.58,108067.7,220619.45,1.96,-0.3661,2,"ESI,NRG",Bull_LowVol
2017-03-01,116689.27,-135.08,108067.7,224892.06,1.93,-0.3421,2,"ESI,NRG",Bull_LowVol
2017-03-02,115456.7,-148.59,108067.7,223673.0,1.94,-0.349,2,"ESI,NRG",Bull_LowVol
2017-03-03,118079.95,-162.1,108067.7,226309.75,1.92,-0.3343,2,"ESI,NRG",Bull_LowVol
2017-03-06,118049.67,-175.61,108067.7,226292.99,1.92,-0.3344,2,"ESI,NRG",Bull_LowVol
2017-03-07,114714.9,-189.12,108067.7,222971.72,1.94,-0.3532,2,"ESI,NRG",Bull_LowVol
2017-03-08,114083.56,-202.63,108067.7,222353.89,1.95,-0.3568,2,"ESI,NRG",Bull_LowVol
2017-03-09,117340.05,-216.14,108067.7,225623.88,1.92,-0.3384,2,"ESI,NRG",Bull_LowVol
2017-03-10,118161.18,-229.64,108067.7,226458.52,1.92,-0.3338,2,"ESI,NRG",Bull_LowVol
2017-03-13,115778.71,-243.15,108067.7,224089.56,1.94,-0.3472,2,"ESI,NRG",Bull_LowVol
2017-03-14,113712.77,-256.66,108067.7,222037.13,1.95,-0.3589,2,"ESI,NRG",Bull_LowVol
2017-03-15,117036.72,-270.17,108067.7,225374.59,1.93,-0.3401,2,"ESI,NRG",Bull_LowVol
2017-03-16,119809.75,-283.68,108067.7,228161.13,1.9,-0.3245,2,"ESI,NRG",Bull_LowVol
2017-03-17,121431.74,-297.19,108067.7,229796.63,1.89,-0.3154,2,"ESI,NRG",Bull_LowVol
2017-03-20,121884.89,-310.69,108067.7,230263.28,1.89,-0.3128,2,"ESI,NRG",Bull_LowVol
2017-03-21,115511.63,-324.2,108067.7,223903.54,1.94,-0.3487,2,"ESI,NRG",Bull_LowVol
2017-03-22,115882.68,-337.71,108067.7,224288.09,1.94,-0.3466,2,"ESI,NRG",Bull_LowVol
2017-03-23,117988.8,-351.22,108067.7,226407.72,1.92,-0.3348,2,"ESI,NRG",Bull_LowVol
2017-03-24,117524.59,-364.73,108067.7,225957.02,1.92,-0.3374,2,"ESI,NRG",Bull_LowVol
2017-03-27,119146.93,-378.24,108067.7,227592.87,1.91,-0.3282,2,"ESI,NRG",Bull_LowVol
2017-03-28,120502.41,-391.75,108067.7,228961.86,1.9,-0.3206,2,"ESI,NRG",Bull_LowVol
2017-03-29,124854.91,0.0,125076.17,249931.09,2.0,-0.2961,2,"NRG,AAOI",Bull_LowVol
2017-03-30,116687.94,-15.63,125076.17,241779.75,2.07,-0.3421,2,"NRG,AAOI",Bull_LowVol
2017-03-31,120597.3,-31.27,125076.17,245704.74,2.04,-0.3201,2,"NRG,AAOI",Bull_LowVol
2017-04-03,115011.86,-46.9,125076.17,240134.94,2.09,-0.3516,2,"NRG,AAOI",Bull_LowVol
2017-04-04,110316.88,0.0,126018.19,236335.07,2.14,-0.378,2,"NRG,OLED",Bull_LowVol
2017-04-05,108250.54,-15.75,126018.19,234284.48,2.16,-0.3897,2,"NRG,OLED",Bull_LowVol
2017-04-06,109831.98,-31.5,126018.19,235881.68,2.15,-0.3808,2,"NRG,OLED",Bull_LowVol
2017-04-07,107604.44,-47.26,126018.19,233669.88,2.17,-0.3933,2,"NRG,OLED",Bull_LowVol
2017-04-10,110430.91,-63.01,126018.19,236512.11,2.14,-0.3774,2,"NRG,OLED",Bull_LowVol
2017-04-11,108125.39,-78.76,126018.19,234222.34,2.17,-0.3904,2,"NRG,OLED",Bull_LowVol
2017-04-12,105134.36,0.0,106448.86,211583.22,2.01,-0.4072,2,"OLED,ANET",Bull_LowVol
2017-04-13,104185.49,-13.31,106448.86,210647.66,2.02,-0.4126,2,"OLED,ANET",Bull_LowVol
2017-04-17,106326.72,-26.61,106448.86,212802.19,2.0,-0.4005,2,"OLED,ANET",Bull_LowVol
2017-04-18,106090.09,-39.92,106448.86,212578.86,2.0,-0.4019,2,"OLED,ANET",Bull_LowVol
2017-04-19,108597.97,-53.22,106448.86,215100.06,1.98,-0.3877,2,"OLED,ANET",Bull_LowVol
2017-04-20,116302.62,-66.53,106448.86,222818.0,1.92,-0.3443,2,"OLED,ANET",Bull_LowVol
2017-04-21,113702.82,-79.84,106448.86,220231.52,1.94,-0.3589,2,"OLED,ANET",Bull_LowVol
2017-04-24,117190.33,-93.14,106448.86,223732.33,1.91,-0.3393,2,"OLED,ANET",Bull_LowVol
2017-04-25,120251.26,-106.45,106448.86,226806.56,1.89,-0.322,2,"OLED,ANET",Bull_LowVol
2017-04-26,121168.02,-119.75,106448.86,227736.63,1.88,-0.3168,2,"OLED,ANET",Bull_LowVol
2017-04-27,123798.99,-133.06,106448.86,230380.91,1.86,-0.302,2,"OLED,ANET",Bull_LowVol
2017-04-28,121560.85,-146.37,106448.86,228156.08,1.88,-0.3146,2,"OLED,ANET",Bull_LowVol
2017-05-01,123432.02,-159.67,106448.86,230040.56,1.86,-0.3041,2,"OLED,ANET",Bull_LowVol
2017-05-02,123099.48,-172.98,106448.86,229721.32,1.87,-0.306,2,"OLED,ANET",Bull_LowVol
2017-05-03,123852.02,-186.29,106448.86,230487.16,1.86,-0.3017,2,"OLED,ANET",Bull_LowVol
2017-05-04,122607.38,-199.59,106448.86,229255.83,1.87,-0.3087,2,"OLED,ANET",Bull_LowVol
2017-05-05,154178.96,-212.9,106448.86,260840.71,1.69,-0.1307,2,"OLED,ANET",Bull_LowVol
2017-05-08,154611.84,-226.2,106448.86,261286.9,1.69,-0.1283,2,"OLED,ANET",Bull_LowVol
2017-05-09,157580.27,-239.51,106448.86,264268.64,1.68,-0.1116,2,"OLED,ANET",Bull_LowVol
2017-05-10,159531.53,-252.82,106448.86,266233.2,1.67,-0.1005,2,"OLED,ANET",Bull_LowVol
2017-05-11,158484.93,0.0,148183.5,306668.43,1.94,-0.1065,2,"OLED,ANET",Bull_LowVol
2017-05-12,160117.31,-18.52,148183.5,308319.33,1.93,-0.0972,2,"OLED,ANET",Bull_LowVol
2017-05-15,164271.11,-37.05,148183.5,312491.65,1.9,-0.0738,2,"OLED,ANET",Bull_LowVol
2017-05-16,164480.74,-55.57,148183.5,312719.81,1.9,-0.0726,2,"OLED,ANET",Bull_LowVol
2017-05-17,150851.16,-74.09,148183.5,299108.75,1.98,-0.1495,2,"OLED,ANET",Bull_LowVol
2017-05-18,155830.21,-92.61,148183.5,304106.33,1.95,-0.1214,2,"OLED,ANET",Bull_LowVol
2017-05-19,157560.7,-111.14,148183.5,305855.34,1.94,-0.1117,2,"OLED,ANET",Bull_LowVol
2017-05-22,159607.75,-129.66,148183.5,307920.91,1.93,-0.1001,2,"OLED,ANET",Bull_LowVol
2017-05-23,155601.07,-148.18,148183.5,303932.75,1.95,-0.1227,2,"OLED,ANET",Bull_LowVol
2017-05-24,157407.07,-166.71,148183.5,305757.27,1.94,-0.1125,2,"OLED,ANET",Bull_LowVol
2017-05-25,160536.4,0.0,149729.22,310265.61,1.93,-0.0949,2,"OLED,W",Bull_LowVol
2017-05-26,164663.99,-18.72,149729.22,314411.92,1.91,-0.0716,2,"OLED,W",Bull_LowVol
2017-05-30,160973.7,-37.43,149729.22,310740.35,1.93,-0.0924,2,"OLED,W",Bull_LowVol
2017-05-31,157353.64,-56.15,149729.22,307139.0,1.95,-0.1128,2,"OLED,W",Bull_LowVol
2017-06-01,169199.84,-74.86,149729.22,319003.92,1.89,-0.046,2,"OLED,W",Bull_LowVol
2017-06-02,175372.96,-93.58,149729.22,325195.76,1.85,-0.0112,2,"OLED,W",Bull_LowVol
2017-06-05,180890.44,-112.3,149729.22,330731.95,1.83,0.0,2,"OLED,W",Bull_LowVol
2017-06-06,188335.54,-131.01,149729.22,338195.77,1.8,0.0,2,"OLED,W",Bull_LowVol
2017-06-07,186733.64,-149.73,149729.22,336612.59,1.8,-0.0085,2,"OLED,W",Bull_LowVol
2017-06-08,200937.68,-168.45,149729.22,350835.34,1.75,0.0,2,"OLED,W",Bull_LowVol
2017-06-09,191050.64,0.0,181141.58,372192.22,1.95,-0.0492,2,"OLED,W",Bull_LowVol
2017-06-12,185993.74,0.0,178558.18,364551.92,1.96,-0.0744,2,"W,MOH",Bull_LowVol
2017-06-13,187986.07,-22.32,178558.18,366566.57,1.95,-0.0645,2,"W,MOH",Bull_LowVol
2017-06-14,194255.44,-44.64,178558.18,372858.26,1.92,-0.0333,2,"W,MOH",Bull_LowVol
2017-06-15,197862.37,-66.96,178558.18,376487.51,1.9,-0.0153,2,"W,MOH",Bull_LowVol
2017-06-16,204129.41,-89.28,178558.18,382776.87,1.88,0.0,2,"W,MOH",Bull_LowVol
2017-06-19,199599.34,-111.6,178558.18,378269.12,1.9,-0.0222,2,"W,MOH",Bull_LowVol
2017-06-20,202318.75,-133.92,178558.18,381010.84,1.88,-0.0089,2,"W,MOH",Bull_LowVol
2017-06-21,204736.89,-156.24,178558.18,383451.31,1.87,0.0,2,"W,MOH",Bull_LowVol
2017-06-22,211382.39,-178.56,178558.18,390119.12,1.85,0.0,2,"W,MOH",Bull_LowVol
2017-06-23,213085.15,-200.88,178558.18,391844.2,1.84,0.0,2,"W,MOH",Bull_LowVol
2017-06-26,209568.42,-223.2,178558.18,388349.79,1.85,-0.0165,2,"W,MOH",Bull_LowVol
2017-06-27,205840.67,-245.52,178558.18,384644.36,1.87,-0.034,2,"W,MOH",Bull_LowVol
2017-06-28,208155.61,-267.84,178558.18,386981.62,1.86,-0.0231,2,"W,MOH",Bull_LowVol
2017-06-29,200697.11,-290.16,178558.18,379545.44,1.89,-0.0581,2,"W,MOH",Bull_LowVol
2017-06-30,206780.08,-312.48,178558.18,385650.73,1.87,-0.0296,2,"W,MOH",Bull_LowVol
2017-07-03,199281.3,-334.8,178558.18,378174.27,1.9,-0.0648,2,"W,MOH",Bull_LowVol
2017-07-05,203386.87,-357.12,178558.18,382302.16,1.88,-0.0455,2,"W,MOH",Bull_LowVol
2017-07-06,199923.4,-379.44,178558.18,378861.01,1.9,-0.0618,2,"W,MOH",Bull_LowVol
2017-07-07,201656.09,-401.76,178558.18,380616.02,1.89,-0.0536,2,"W,MOH",Bull_LowVol
2017-07-10,200684.57,0.0,92735.97,293420.54,1.46,-0.0582,2,"MOH,W",Bull_LowVol
2017-07-11,203293.21,-11.59,92735.97,296040.77,1.46,-0.046,2,"MOH,W",Bull_LowVol
2017-07-12,206630.7,-23.18,92735.97,299389.85,1.45,-0.0303,2,"MOH,W",Bull_LowVol
2017-07-13,210127.91,-34.78,92735.97,302898.65,1.44,-0.0139,2,"MOH,W",Bull_LowVol
2017-07-14,205546.65,-46.37,92735.97,298328.99,1.45,-0.0354,2,"MOH,W",Bull_LowVol
2017-07-17,203402.46,-57.96,92735.97,296196.39,1.46,-0.0454,2,"MOH,W",Bull_LowVol
2017-07-18,205103.34,-69.55,92735.97,297908.86,1.45,-0.0375,2,"MOH,W",Bull_LowVol
2017-07-19,206719.75,-81.14,92735.97,299536.86,1.45,-0.0299,2,"MOH,W",Bull_LowVol
2017-07-20,210625.45,-92.74,92735.97,303454.16,1.44,-0.0115,2,"MOH,W",Bull_LowVol
2017-07-21,207188.75,-104.33,92735.97,300029.05,1.45,-0.0277,2,"MOH,W",Bull_LowVol
2017-07-24,203467.06,0.0,204681.91,408148.96,2.01,-0.0451,2,"W,KTOS",Bull_LowVol
2017-07-25,208903.75,-25.59,204681.91,413611.24,1.98,-0.0196,2,"W,KTOS",Bull_LowVol
2017-07-26,213324.52,-51.17,204681.91,418057.59,1.96,0.0,2,"W,KTOS",Bull_LowVol
2017-07-27,202825.61,-76.76,204681.91,407584.27,2.01,-0.0492,2,"W,KTOS",Bull_LowVol
2017-07-28,185980.5,0.0,210042.77,396023.27,2.13,-0.1282,2,"W,NRG",Bull_LowVol
2017-07-31,176921.29,-26.26,210042.77,386990.32,2.19,-0.1706,2,"W,NRG",Bull_LowVol
2017-08-01,174699.05,-52.51,210042.77,384794.33,2.2,-0.1811,2,"W,NRG",Bull_LowVol
2017-08-02,168991.68,-78.77,210042.77,379113.22,2.24,-0.2078,2,"W,NRG",Bull_LowVol
2017-08-03,174745.91,-105.02,210042.77,384893.71,2.2,-0.1808,2,"W,NRG",Bull_LowVol
2017-08-04,186331.01,-131.28,210042.77,396505.06,2.13,-0.1265,2,"W,NRG",Bull_LowVol
2017-08-07,187238.3,-157.53,210042.77,397438.6,2.12,-0.1223,2,"W,NRG",Bull_LowVol
2017-08-08,171800.45,-183.79,210042.77,382027.0,2.22,-0.1947,2,"W,NRG",Bull_LowVol
2017-08-09,165113.13,-210.04,210042.77,375365.95,2.27,-0.226,2,"W,NRG",Bull_LowVol
2017-08-10,155296.58,-236.3,210042.77,365575.65,2.35,-0.272,2,"W,NRG",Bull_LowVol
2017-08-11,159165.71,-262.55,210042.77,369471.04,2.32,-0.2539,2,"W,NRG",Bull_LowVol
2017-08-14,168058.79,-288.81,210042.77,378390.37,2.25,-0.2122,2,"W,NRG",Bull_LowVol
2017-08-15,168139.98,-315.06,210042.77,378497.82,2.25,-0.2118,2,"W,NRG",Bull_LowVol
2017-08-16,169134.9,-341.32,210042.77,379518.99,2.24,-0.2071,2,"W,NRG",Bull_LowVol
2017-08-17,157803.6,0.0,107604.64,265408.24,1.68,-0.2603,2,"NRG,EXEL",Bull_LowVol
2017-08-18,160019.21,-13.45,107604.64,267637.3,1.67,-0.2499,2,"NRG,EXEL",Bull_LowVol
2017-08-21,159753.62,-26.9,107604.64,267385.16,1.67,-0.2511,2,"NRG,EXEL",Bull_LowVol
2017-08-22,162622.42,-40.35,107604.64,270267.41,1.66,-0.2377,2,"NRG,EXEL",Bull_LowVol
2017-08-23,160145.81,-53.8,107604.64,267804.25,1.67,-0.2493,2,"NRG,EXEL",Bull_LowVol
2017-08-24,160356.84,-67.25,107604.64,268028.73,1.67,-0.2483,2,"NRG,EXEL",Bull_LowVol
2017-08-25,153593.57,-80.7,107604.64,261278.91,1.7,-0.28,2,"NRG,EXEL",Bull_LowVol
2017-08-28,153975.5,-94.15,107604.64,261674.29,1.7,-0.2782,2,"NRG,EXEL",Bull_LowVol
2017-08-29,157473.78,-107.6,107604.64,265186.02,1.68,-0.2618,2,"NRG,EXEL",Bull_LowVol
2017-08-30,158833.21,-121.06,107604.64,266558.9,1.68,-0.2554,2,"NRG,EXEL",Bull_LowVol
2017-08-31,162078.73,-134.51,107604.64,269817.88,1.66,-0.2402,2,"NRG,EXEL",Bull_LowVol
2017-09-01,160563.85,-147.96,107604.64,268316.45,1.67,-0.2473,2,"NRG,EXEL",Bull_LowVol
2017-09-05,154914.03,0.0,179625.15,334539.18,2.16,-0.2738,2,"NRG,EXEL",Bull_LowVol
2017-09-06,151219.42,-22.45,179625.15,330867.03,2.19,-0.2911,2,"NRG,EXEL",Bull_LowVol
2017-09-07,138881.13,-44.91,179625.15,318551.18,2.29,-0.349,2,"NRG,EXEL",Bull_LowVol
2017-09-08,139001.48,-67.36,179625.15,318693.99,2.29,-0.3484,2,"NRG,EXEL",Bull_LowVol
2017-09-11,140159.31,-89.81,179625.15,319874.28,2.28,-0.343,2,"NRG,EXEL",Bull_LowVol
2017-09-12,144017.73,-112.27,179625.15,323755.14,2.25,-0.3249,2,"NRG,EXEL",Bull_LowVol
2017-09-13,142505.36,-134.72,179625.15,322265.22,2.26,-0.332,2,"NRG,EXEL",Bull_LowVol
2017-09-14,139794.6,-157.17,179625.15,319576.92,2.29,-0.3447,2,"NRG,EXEL",Bull_LowVol
2017-09-15,140319.86,-179.63,179625.15,320124.63,2.28,-0.3422,2,"NRG,EXEL",Bull_LowVol
2017-09-18,147075.94,-202.08,179625.15,326903.17,2.22,-0.3106,2,"NRG,EXEL",Bull_LowVol
2017-09-19,155538.56,0.0,181776.79,337315.36,2.17,-0.2709,2,"NRG,CORT",Bull_LowVol
2017-09-20,151104.9,-22.72,181776.79,332904.41,2.2,-0.2917,2,"NRG,CORT",Bull_LowVol
2017-09-21,148253.66,-45.44,181776.79,330075.89,2.23,-0.305,2,"NRG,CORT",Bull_LowVol
2017-09-22,152347.45,-68.17,181776.79,334192.41,2.19,-0.2858,2,"NRG,CORT",Bull_LowVol
2017-09-25,156298.74,-90.89,181776.79,338166.42,2.16,-0.2673,2,"NRG,CORT",Bull_LowVol
2017-09-26,158064.96,-113.61,181776.79,339955.36,2.15,-0.259,2,"NRG,CORT",Bull_LowVol
2017-09-27,168534.12,-136.33,181776.79,350447.24,2.08,-0.21,2,"NRG,CORT",Bull_LowVol
2017-09-28,165745.64,-159.05,181776.79,347681.48,2.1,-0.223,2,"NRG,CORT",Bull_LowVol
2017-09-29,173932.72,-181.78,181776.79,355891.28,2.05,-0.1847,2,"NRG,CORT",Bull_LowVol
2017-10-02,177552.6,-204.5,181776.79,359533.89,2.02,-0.1677,2,"NRG,CORT",Bull_LowVol
2017-10-03,180594.23,0.0,169069.05,349663.28,1.94,-0.1534,2,"CORT,MDGL",Bull_LowVol
2017-10-04,179155.93,-21.13,169069.05,348246.12,1.94,-0.1602,2,"CORT,MDGL",Bull_LowVol
2017-10-05,198736.73,-42.27,169069.05,367848.05,1.85,-0.0684,2,"CORT,MDGL",Bull_LowVol
2017-10-06,198259.07,-63.4,169069.05,367391.53,1.85,-0.0706,2,"CORT,MDGL",Bull_LowVol
2017-10-09,194201.83,-84.53,169069.05,363355.42,1.87,-0.0896,2,"CORT,MDGL",Bull_LowVol
2017-10-10,189771.29,-105.67,169069.05,358946.01,1.89,-0.1104,2,"CORT,MDGL",Bull_LowVol
2017-10-11,203145.21,-126.8,169069.05,372341.06,1.83,-0.0477,2,"CORT,MDGL",Bull_LowVol
2017-10-12,196532.73,-147.94,169069.05,365749.72,1.86,-0.0787,2,"CORT,MDGL",Bull_LowVol
2017-10-13,191818.33,-169.07,169069.05,361056.45,1.88,-0.1008,2,"CORT,MDGL",Bull_LowVol
2017-10-16,197969.55,-190.2,169069.05,367228.81,1.85,-0.072,2,"CORT,MDGL",Bull_LowVol
2017-10-17,180459.85,-211.34,169069.05,349740.24,1.94,-0.1541,2,"CORT,MDGL",Bull_LowVol
2017-10-18,184073.72,-232.47,169069.05,353375.25,1.92,-0.1371,2,"CORT,MDGL",Bull_LowVol
2017-10-19,179647.83,-253.6,169069.05,348970.49,1.94,-0.1579,2,"CORT,MDGL",Bull_LowVol
2017-10-20,173106.74,-274.74,169069.05,342450.53,1.98,-0.1885,2,"CORT,MDGL",Bull_LowVol
2017-10-23,180970.36,-295.87,169069.05,350335.29,1.94,-0.1517,2,"CORT,MDGL",Bull_LowVol
2017-10-24,176660.25,-317.0,169069.05,346046.3,1.96,-0.1719,2,"CORT,MDGL",Bull_LowVol
2017-10-25,173204.65,-338.14,169069.05,342611.84,1.98,-0.1881,2,"CORT,MDGL",Bull_LowVol
2017-10-26,173402.23,-359.27,169069.05,342830.56,1.98,-0.1871,2,"CORT,MDGL",Bull_LowVol
2017-10-27,178994.21,-380.41,169069.05,348443.67,1.95,-0.1609,2,"CORT,MDGL",Bull_LowVol
2017-10-30,180894.09,-401.54,169069.05,350364.68,1.94,-0.152,2,"CORT,MDGL",Bull_LowVol
2017-10-31,202124.43,0.0,203817.36,405941.79,2.01,-0.0525,2,"MDGL,ALNY",Bull_LowVol
2017-11-01,189724.48,-25.48,203817.36,393567.32,2.07,-0.1106,2,"MDGL,ALNY",Bull_LowVol
2017-11-02,203301.75,-50.95,203817.36,407170.07,2.0,-0.047,2,"MDGL,ALNY",Bull_LowVol
2017-11-03,207351.21,-76.43,203817.36,411245.0,1.98,-0.028,2,"MDGL,ALNY",Bull_LowVol
2017-11-06,208194.69,-101.91,203817.36,412113.96,1.98,-0.024,2,"MDGL,ALNY",Bull_LowVol
2017-11-07,187348.31,-127.39,203817.36,391293.06,2.09,-0.1218,2,"MDGL,ALNY",Bull_LowVol
2017-11-08,195646.33,-152.86,203817.36,399616.56,2.04,-0.0829,2,"MDGL,ALNY",Bull_LowVol
2017-11-09,206738.85,-178.34,203817.36,410734.55,1.99,-0.0309,2,"MDGL,ALNY",Bull_LowVol
2017-11-10,207919.8,-203.82,203817.36,411940.98,1.98,-0.0253,2,"MDGL,ALNY",Bull_LowVol
2017-11-13,185865.53,-229.29,203817.36,389912.18,2.1,-0.1287,2,"MDGL,ALNY",Bull_LowVol
2017-11-14,174045.33,0.0,216018.07,390063.4,2.24,-0.1841,2,"ALNY,XYZ",Bull_LowVol
2017-11-15,170793.48,-27.0,216018.07,386838.54,2.26,-0.1994,2,"ALNY,XYZ",Bull_LowVol
2017-11-16,176904.85,-54.0,216018.07,392976.92,2.22,-0.1707,2,"ALNY,XYZ",Bull_LowVol
2017-11-17,188727.52,-81.01,216018.07,404826.59,2.15,-0.1153,2,"ALNY,XYZ",Bull_LowVol
2017-11-20,194268.51,-108.01,216018.07,410394.59,2.11,-0.0893,2,"ALNY,XYZ",Bull_LowVol
2017-11-21,213114.01,-135.01,216018.07,429267.09,2.01,-0.001,2,"ALNY,XYZ",Bull_LowVol
2017-11-22,216899.15,-162.01,216018.07,433079.23,2.0,0.0,2,"ALNY,XYZ",Bull_LowVol
2017-11-24,217953.58,-189.02,216018.07,434160.66,1.99,0.0,2,"ALNY,XYZ",Bull_LowVol
2017-11-27,181287.38,-216.02,216018.07,397521.47,2.19,-0.1682,2,"ALNY,XYZ",Bull_LowVol
2017-11-28,185133.83,-243.02,216018.07,401394.92,2.17,-0.1506,2,"ALNY,XYZ",Bull_LowVol
2017-11-29,166742.1,0.0,169943.95,336686.05,2.02,-0.235,2,"ALGN,TREX",Bull_LowVol
2017-11-30,169581.13,-21.24,169943.95,339546.33,2.0,-0.2219,2,"ALGN,TREX",Bull_LowVol
2017-12-01,158532.64,-42.49,169943.95,328519.08,2.07,-0.2726,2,"ALGN,TREX",Bull_LowVol
2017-12-04,135759.78,0.0,159488.5,295248.28,2.17,-0.3771,2,"TREX,MDGL",Bull_LowVol
2017-12-05,129218.25,-19.94,159488.5,288726.68,2.23,-0.4071,2,"TREX,MDGL",Bull_LowVol
2017-12-06,246282.37,-39.87,159488.5,405810.73,1.65,0.0,2,"TREX,MDGL",Bull_LowVol
2017-12-07,234086.89,-59.81,159488.5,393635.19,1.68,-0.0495,2,"TREX,MDGL",Bull_LowVol
2017-12-08,232779.93,-79.74,159488.5,392348.17,1.69,-0.0548,2,"TREX,MDGL",Bull_LowVol
2017-12-11,229349.68,-99.68,159488.5,388937.86,1.7,-0.0688,2,"TREX,MDGL",Bull_LowVol
2017-12-12,225059.07,-119.62,159488.5,384667.19,1.71,-0.0862,2,"TREX,MDGL",Bull_LowVol
2017-12-13,225331.74,0.0,225606.7,450938.44,2.0,-0.0851,2,"TREX,NTNX",Bull_LowVol
2017-12-14,223142.07,-28.2,225606.7,448776.97,2.01,-0.094,2,"TREX,NTNX",Bull_LowVol
2017-12-15,228634.82,-56.4,225606.7,454297.93,1.99,-0.0717,2,"TREX,NTNX",Bull_LowVol
2017-12-18,234607.87,-84.6,225606.7,460299.17,1.96,-0.0474,2,"TREX,NTNX",Bull_LowVol
2017-12-19,224310.63,-112.8,225606.7,450030.14,2.01,-0.0892,2,"TREX,NTNX",Bull_LowVol
2017-12-20,224568.31,-141.0,225606.7,450316.01,2.01,-0.0882,2,"TREX,NTNX",Bull_LowVol
2017-12-21,224247.82,-169.21,225606.7,450023.72,2.01,-0.0895,2,"TREX,NTNX",Bull_LowVol
2017-12-22,218459.26,-197.41,225606.7,444263.36,2.03,-0.113,2,"TREX,NTNX",Bull_LowVol
2017-12-26,225052.2,-225.61,225606.7,450884.51,2.0,-0.0862,2,"TREX,NTNX",Bull_LowVol
2017-12-27,226647.29,-253.81,225606.7,452507.8,2.0,-0.0797,2,"TREX,NTNX",Bull_LowVol
2017-12-28,227386.49,0.0,228803.64,456190.13,2.01,-0.0767,2,"NTNX,MDGL",Bull_LowVol
2017-12-29,199048.19,-23553.42,228803.64,451405.25,2.27,-0.1918,2,"NTNX,MDGL",Bull_LowVol
2018-01-02,217177.11,-23582.02,228803.64,469562.77,2.16,-0.1182,2,"NTNX,MDGL",Bull_LowVol
2018-01-03,226053.64,-23610.62,228803.64,478467.9,2.12,-0.0821,2,"NTNX,MDGL",Bull_LowVol
2018-01-04,220104.18,-23639.22,228803.64,472547.04,2.15,-0.1063,2,"NTNX,MDGL",Bull_LowVol
2018-01-05,221020.4,-23667.83,228803.64,473491.87,2.14,-0.1026,2,"NTNX,MDGL",Bull_LowVol
2018-01-08,222718.42,-23696.43,228803.64,475218.49,2.13,-0.0957,2,"NTNX,MDGL",Bull_LowVol
2018-01-09,226504.56,-23725.03,228803.64,479033.23,2.11,-0.0803,2,"NTNX,MDGL",Bull_LowVol
2018-01-10,226247.72,-23753.63,228803.64,478804.99,2.12,-0.0813,2,"NTNX,MDGL",Bull_LowVol
2018-01-11,233236.62,-23782.23,228803.64,485822.49,2.08,-0.053,2,"NTNX,MDGL",Bull_LowVol
2018-01-12,252628.89,-23810.83,228803.64,505243.36,2.0,0.0,2,"NTNX,MDGL",Bull_LowVol
2018-01-16,219620.47,-23839.43,228803.64,472263.54,2.15,-0.1307,2,"NTNX,MDGL",Bull_LowVol
2018-01-17,239646.57,-23868.03,228803.64,492318.24,2.05,-0.0514,2,"NTNX,MDGL",Bull_LowVol
2018-01-18,253533.95,-23896.63,228803.64,506234.22,2.0,0.0,2,"NTNX,MDGL",Bull_LowVol
2018-01-19,283707.53,-23925.23,228803.64,536436.4,1.89,0.0,2,"NTNX,MDGL",Bull_LowVol
2018-01-22,295166.23,-23953.83,228803.64,547923.7,1.86,0.0,2,"NTNX,MDGL",Bull_LowVol
2018-01-23,296782.72,-23982.43,228803.64,549568.79,1.85,0.0,2,"NTNX,MDGL",Bull_LowVol
2018-01-24,290738.1,-24011.03,228803.64,543552.78,1.87,-0.0204,2,"NTNX,MDGL",Bull_LowVol
2018-01-25,267524.57,-24039.63,228803.64,520367.85,1.95,-0.0986,2,"NTNX,MDGL",Bull_LowVol
2018-01-26,257930.16,-24068.23,228803.64,510802.03,1.98,-0.1309,2,"NTNX,MDGL",Bull_LowVol
2018-01-29,285206.24,0.0,287356.94,572563.18,2.01,-0.039,2,"MDGL,VKTX",Bull_LowVol
2018-01-30,295398.05,-35.92,287356.94,582790.91,1.97,-0.0047,2,"MDGL,VKTX",Bull_LowVol
2018-01-31,321528.68,-71.84,287356.94,608957.45,1.89,0.0,2,"MDGL,VKTX",Bull_LowVol
2018-02-01,323021.66,-107.76,287356.94,610486.36,1.89,0.0,2,"MDGL,VKTX",Bull_LowVol
2018-02-02,355169.52,-143.68,287356.94,642670.14,1.81,0.0,2,"MDGL,VKTX",Bull_LowVol
2018-02-05,353981.84,-179.6,287356.94,641518.38,1.81,-0.0033,2,"MDGL,VKTX",Bull_MidVol
2018-02-06,347217.8,-215.52,287356.94,634790.26,1.83,-0.0224,2,"MDGL,VKTX",Bull_MidVol
2018-02-07,389478.19,-251.44,287356.94,677086.57,1.74,0.0,2,"MDGL,VKTX",Bull_MidVol
2018-02-08,331565.36,331565.36,0.0,0.0,0.0,-0.1487,0,CASH_BIL,Bear_HighVol
2018-02-09,331565.36,331565.36,0.0,0.0,0.0,-0.1487,0,CASH_BIL,Bear_HighVol
2018-02-12,331565.36,331565.36,0.0,0.0,0.0,-0.1487,0,CASH_BIL,Bear_HighVol
2018-02-13,331565.36,331565.36,0.0,0.0,0.0,-0.1487,0,CASH_BIL,Bear_HighVol
2018-02-14,331601.39,331601.39,0.0,0.0,0.0,-0.1486,0,CASH_BIL,Bear_HighVol
2018-02-15,331637.82,331637.82,0.0,0.0,0.0,-0.1485,0,CASH_BIL,Bear_HighVol
2018-02-16,331637.82,331637.82,0.0,0.0,0.0,-0.1485,0,CASH_BIL,Bear_HighVol
2018-02-20,331601.39,331601.39,0.0,0.0,0.0,-0.1486,0,CASH_BIL,Bear_HighVol
2018-02-21,331637.82,331637.82,0.0,0.0,0.0,-0.1485,0,CASH_BIL,Bear_HighVol
2018-02-22,331710.19,331710.19,0.0,0.0,0.0,-0.1483,0,CASH_BIL,Bear_HighVol
2018-02-23,331637.82,331637.82,0.0,0.0,0.0,-0.1485,0,CASH_BIL,Bear_HighVol
2018-02-26,331710.19,331710.19,0.0,0.0,0.0,-0.1483,0,CASH_BIL,Bear_HighVol
2018-02-27,331746.56,331746.56,0.0,0.0,0.0,-0.1482,0,CASH_BIL,Bear_HighVol
2018-02-28,331779.18,331779.18,0.0,0.0,0.0,-0.1481,0,CASH_BIL,Bear_HighVol
2018-03-01,331815.59,331815.59,0.0,0.0,0.0,-0.1481,0,CASH_BIL,Bear_HighVol
2018-03-02,331815.59,331815.59,0.0,0.0,0.0,-0.1481,0,CASH_BIL,Bear_HighVol
2018-03-05,331815.59,331815.59,0.0,0.0,0.0,-0.1481,0,CASH_BIL,Bear_HighVol
2018-03-06,331815.59,331815.59,0.0,0.0,0.0,-0.1481,0,CASH_BIL,Bear_HighVol
2018-03-07,331815.59,331815.59,0.0,0.0,0.0,-0.1481,0,CASH_BIL,Bull_MidVol
2018-03-08,331815.59,331815.59,0.0,0.0,0.0,-0.1481,0,CASH_BIL,Bull_MidVol
2018-03-09,331815.59,331815.59,0.0,0.0,0.0,-0.1481,0,CASH_BIL,Bull_LowVol
2018-03-12,331815.59,331815.59,0.0,0.0,0.0,-0.1481,0,CASH_BIL,Bull_LowVol
2018-03-13,326355.77,0.0,332171.01,658526.78,2.02,-0.1621,2,"ARWR,VIRT",Bull_LowVol
2018-03-14,319676.41,-41.52,332171.01,651888.94,2.04,-0.1792,2,"ARWR,VIRT",Bull_LowVol
2018-03-15,323755.97,-83.04,332171.01,656010.02,2.03,-0.1687,2,"ARWR,VIRT",Bull_LowVol
2018-03-16,316494.04,-124.56,332171.01,648789.61,2.05,-0.1874,2,"ARWR,VIRT",Bull_LowVol
2018-03-19,305436.73,-166.09,332171.01,637773.82,2.09,-0.2158,2,"ARWR,VIRT",Bull_LowVol
2018-03-20,312753.11,-207.61,332171.01,645131.73,2.06,-0.197,2,"ARWR,VIRT",Bull_LowVol
2018-03-21,310318.43,-249.13,332171.01,642738.57,2.07,-0.2032,2,"ARWR,VIRT",Bull_LowVol
2018-03-22,290484.38,0.0,178279.69,468764.07,1.61,-0.2542,2,"VIRT,ASND",Bull_MidVol
2018-03-23,289468.17,-22.28,178279.69,467770.15,1.62,-0.2568,2,"VIRT,ASND",Bull_MidVol
2018-03-26,293920.73,-44.57,178279.69,472244.99,1.61,-0.2453,2,"VIRT,ASND",Bull_MidVol
2018-03-27,296507.52,296507.52,0.0,0.0,0.0,-0.2387,0,CASH_BIL,Bear_HighVol
2018-03-28,296572.34,296572.34,0.0,0.0,0.0,-0.2385,0,CASH_BIL,Bear_HighVol
2018-03-29,296556.18,296556.18,0.0,0.0,0.0,-0.2386,0,CASH_BIL,Bear_HighVol
2018-04-02,296523.68,296523.68,0.0,0.0,0.0,-0.2387,0,CASH_BIL,Bear_HighVol
2018-04-03,296588.5,296588.5,0.0,0.0,0.0,-0.2385,0,CASH_BIL,Bear_HighVol
2018-04-04,296621.0,296621.0,0.0,0.0,0.0,-0.2384,0,CASH_BIL,Bear_HighVol
2018-04-05,296621.0,296621.0,0.0,0.0,0.0,-0.2384,0,CASH_BIL,Bear_HighVol
2018-04-06,296653.38,296653.38,0.0,0.0,0.0,-0.2383,0,CASH_BIL,Bear_HighVol
2018-04-09,296621.0,296621.0,0.0,0.0,0.0,-0.2384,0,CASH_BIL,Bear_HighVol
2018-04-10,296685.76,296685.76,0.0,0.0,0.0,-0.2382,0,CASH_BIL,Bear_HighVol
2018-04-11,296685.76,296685.76,0.0,0.0,0.0,-0.2382,0,CASH_BIL,Bear_HighVol
2018-04-12,296685.76,296685.76,0.0,0.0,0.0,-0.2382,0,CASH_BIL,Bear_HighVol
2018-04-13,296750.7,296750.7,0.0,0.0,0.0,-0.2381,0,CASH_BIL,Bear_HighVol
2018-04-16,296750.7,296750.7,0.0,0.0,0.0,-0.2381,0,CASH_BIL,Bear_HighVol
2018-04-17,296718.29,296718.29,0.0,0.0,0.0,-0.2382,0,CASH_BIL,Bear_HighVol
2018-04-18,296783.11,296783.11,0.0,0.0,0.0,-0.238,0,CASH_BIL,Bear_HighVol
2018-04-19,296783.11,296783.11,0.0,0.0,0.0,-0.238,0,CASH_BIL,Bear_HighVol
2018-04-20,296783.11,296783.11,0.0,0.0,0.0,-0.238,0,CASH_BIL,Bear_HighVol
2018-04-23,296815.49,296815.49,0.0,0.0,0.0,-0.2379,0,CASH_BIL,Bear_HighVol
2018-04-24,296847.96,296847.96,0.0,0.0,0.0,-0.2378,0,CASH_BIL,Bear_HighVol
2018-04-25,294379.19,0.0,135.1,294514.29,1.0,-0.2442,2,"NTNX,VICR",Bull_MidVol
2018-04-26,296807.33,-0.02,135.1,296942.45,1.0,-0.2379,2,"NTNX,VICR",Bull_MidVol
2018-04-27,286829.93,-0.03,135.1,286965.06,1.0,-0.2636,2,"NTNX,VICR",Bull_MidVol
2018-04-30,289307.81,-0.05,135.1,289442.95,1.0,-0.2572,2,"NTNX,VICR",Bull_MidVol
2018-05-01,288896.52,-0.07,135.1,289031.69,1.0,-0.2582,2,"NTNX,VICR",Bull_MidVol
2018-05-02,291850.12,-0.08,135.1,291985.3,1.0,-0.2507,2,"NTNX,VICR",Bull_MidVol
2018-05-03,289795.84,-0.1,135.1,289931.04,1.0,-0.2559,2,"NTNX,VICR",Bull_MidVol
2018-05-04,294833.09,-0.12,135.1,294968.31,1.0,-0.243,2,"NTNX,VICR",Bull_MidVol
2018-05-07,306283.06,-0.14,135.1,306418.29,1.0,-0.2136,2,"NTNX,VICR",Bull_MidVol
2018-05-08,308795.6,-0.15,135.1,308930.85,1.0,-0.2072,2,"NTNX,VICR",Bull_MidVol
2018-05-09,315202.79,0.0,251734.81,566937.61,1.8,-0.1907,2,"NTNX,VICR",Bull_MidVol
2018-05-10,329375.71,-31.47,251734.81,581141.99,1.76,-0.1543,2,"NTNX,VICR",Bull_MidVol
2018-05-11,331893.65,-62.93,251734.81,583691.39,1.76,-0.1479,2,"NTNX,VICR",Bull_MidVol
2018-05-14,321390.37,-94.4,251734.81,573219.58,1.78,-0.1748,2,"NTNX,VICR",Bull_MidVol
2018-05-15,325686.53,-125.87,251734.81,577547.22,1.77,-0.1638,2,"NTNX,VICR",Bull_LowVol
2018-05-16,322963.6,-157.33,251734.81,574855.75,1.78,-0.1708,2,"NTNX,VICR",Bull_LowVol
2018-05-17,335987.48,-188.8,251734.81,587911.09,1.75,-0.1373,2,"NTNX,VICR",Bull_LowVol
2018-05-18,339515.28,-220.27,251734.81,591470.36,1.74,-0.1283,2,"NTNX,VICR",Bull_LowVol
2018-05-21,327283.48,-251.73,251734.81,579270.03,1.77,-0.1597,2,"NTNX,VICR",Bull_LowVol
2018-05-22,324408.59,-283.2,251734.81,576426.61,1.78,-0.1671,2,"NTNX,VICR",Bull_LowVol
2018-05-23,326217.02,0.0,307302.69,633519.71,1.94,-0.1624,2,"VICR,DINO",Bull_LowVol
2018-05-24,340665.8,-38.41,307302.69,648006.9,1.9,-0.1253,2,"VICR,DINO",Bull_LowVol
2018-05-25,327572.16,-76.83,307302.69,634951.68,1.94,-0.1589,2,"VICR,DINO",Bull_LowVol
2018-05-29,343261.37,-115.24,307302.69,650679.3,1.9,-0.1187,2,"VICR,DINO",Bull_LowVol
2018-05-30,369602.85,-153.65,307302.69,677059.19,1.83,-0.051,2,"VICR,DINO",Bull_LowVol
2018-05-31,371981.94,-192.06,307302.69,679476.69,1.83,-0.0449,2,"VICR,DINO",Bull_LowVol
2018-06-01,396365.1,-230.48,307302.69,703898.27,1.78,0.0,2,"VICR,DINO",Bull_LowVol
2018-06-04,410382.7,-268.89,307302.69,717954.28,1.75,0.0,2,"VICR,DINO",Bull_LowVol
2018-06-05,405850.81,-307.3,307302.69,713460.81,1.76,-0.011,2,"VICR,DINO",Bull_LowVol
2018-06-06,411354.38,-345.72,307302.69,719002.79,1.75,0.0,2,"VICR,DINO",Bull_LowVol
2018-06-07,413077.71,0.0,380582.03,793659.74,1.92,0.0,2,"VICR,DINO",Bull_LowVol
2018-06-08,425407.44,-47.57,380582.03,806037.04,1.89,0.0,2,"VICR,DINO",Bull_LowVol
2018-06-11,393515.55,-95.15,380582.03,774192.72,1.97,-0.075,2,"VICR,DINO",Bull_LowVol
2018-06-12,372461.2,-142.72,380582.03,753185.95,2.02,-0.1245,2,"VICR,DINO",Bull_LowVol
2018-06-13,372559.35,-190.29,380582.03,753331.67,2.02,-0.1242,2,"VICR,DINO",Bull_LowVol
2018-06-14,383189.15,-237.86,380582.03,764009.05,1.99,-0.0992,2,"VICR,DINO",Bull_LowVol
2018-06-15,371503.98,-285.44,380582.03,752371.45,2.03,-0.1267,2,"VICR,DINO",Bull_LowVol
2018-06-18,386308.67,-333.01,380582.03,767223.71,1.99,-0.0919,2,"VICR,DINO",Bull_LowVol
2018-06-19,382410.74,-380.58,380582.03,763373.35,2.0,-0.1011,2,"VICR,DINO",Bull_LowVol
2018-06-20,385619.71,-428.15,380582.03,766629.9,1.99,-0.0935,2,"VICR,DINO",Bull_LowVol
2018-06-21,370525.79,0.0,359313.78,729839.57,1.97,-0.129,2,"VICR,TTD",Bull_LowVol
2018-06-22,369122.72,-44.91,359313.78,728481.41,1.97,-0.1323,2,"VICR,TTD",Bull_LowVol
2018-06-25,345050.7,0.0,361909.19,706959.88,2.05,-0.1889,2,"TTD,ARWR",Bull_LowVol
2018-06-26,350517.26,-45.24,361909.19,712471.69,2.03,-0.176,2,"TTD,ARWR",Bull_LowVol
2018-06-27,339526.45,-90.48,361909.19,701526.12,2.07,-0.2019,2,"TTD,ARWR",Bull_LowVol
2018-06-28,343214.21,-135.72,361909.19,705259.11,2.05,-0.1932,2,"TTD,ARWR",Bull_LowVol
2018-06-29,366263.29,-180.95,361909.19,728353.43,1.99,-0.139,2,"TTD,ARWR",Bull_LowVol
2018-07-02,400379.21,-226.19,361909.19,762514.59,1.9,-0.0588,2,"TTD,ARWR",Bull_LowVol
2018-07-03,391217.77,-271.43,361909.19,753398.39,1.93,-0.0804,2,"TTD,ARWR",Bull_LowVol
2018-07-05,405515.29,-316.67,361909.19,767741.15,1.89,-0.0468,2,"TTD,ARWR",Bull_LowVol
2018-07-06,424031.58,-361.91,361909.19,786302.67,1.85,-0.0032,2,"TTD,ARWR",Bull_LowVol
2018-07-09,440818.9,-407.15,361909.19,803135.23,1.82,0.0,2,"TTD,ARWR",Bull_LowVol
2018-07-10,425810.2,-452.39,361909.19,788171.78,1.85,-0.034,2,"TTD,ARWR",Bull_LowVol
2018-07-11,429455.67,-497.63,361909.19,791862.48,1.84,-0.0258,2,"TTD,ARWR",Bull_LowVol
2018-07-12,442073.38,-542.86,361909.19,804525.44,1.82,0.0,2,"TTD,ARWR",Bull_LowVol
2018-07-13,439233.7,-588.1,361909.19,801730.99,1.83,-0.0064,2,"TTD,ARWR",Bull_LowVol
2018-07-16,420278.05,-633.34,361909.19,782820.58,1.86,-0.0493,2,"TTD,ARWR",Bull_LowVol
2018-07-17,443246.1,-678.58,361909.19,805833.87,1.82,0.0,2,"TTD,ARWR",Bull_LowVol
2018-07-18,449971.87,-723.82,361909.19,812604.88,1.81,0.0,2,"TTD,ARWR",Bull_LowVol
2018-07-19,438758.41,-769.06,361909.19,801436.66,1.83,-0.0249,2,"TTD,ARWR",Bull_LowVol
2018-07-20,442068.48,-814.3,361909.19,804791.96,1.82,-0.0176,2,"TTD,ARWR",Bull_LowVol
2018-07-23,444521.52,-859.53,361909.19,807290.24,1.82,-0.0121,2,"TTD,ARWR",Bull_LowVol
2018-07-24,428031.31,-904.77,361909.19,790845.27,1.85,-0.0488,2,"TTD,ARWR",Bull_LowVol
2018-07-25,447120.95,-950.01,361909.19,809980.15,1.81,-0.0063,2,"TTD,ARWR",Bull_LowVol
2018-07-26,459750.93,-995.25,361909.19,822655.37,1.79,0.0,2,"TTD,ARWR",Bull_LowVol
2018-07-27,411277.97,-1040.49,361909.19,774227.64,1.88,-0.1054,2,"TTD,ARWR",Bull_LowVol
2018-07-30,343856.48,-1085.73,361909.19,706851.39,2.06,-0.2521,2,"TTD,ARWR",Bull_LowVol
2018-07-31,351774.52,-1130.97,361909.19,714814.68,2.03,-0.2349,2,"TTD,ARWR",Bull_LowVol
2018-08-01,372467.8,0.0,351887.59,724355.4,1.94,-0.1898,2,"TTD,NTRA",Bull_LowVol
2018-08-02,375546.68,-43.99,351887.59,727478.26,1.94,-0.1832,2,"TTD,NTRA",Bull_LowVol
2018-08-03,364423.63,0.0,366054.07,730477.69,2.0,-0.2073,2,"NTRA,CVNA",Bull_LowVol
2018-08-06,380646.38,-45.76,366054.07,746746.2,1.96,-0.1721,2,"NTRA,CVNA",Bull_LowVol
2018-08-07,390051.2,-91.51,366054.07,756196.78,1.94,-0.1516,2,"NTRA,CVNA",Bull_LowVol
2018-08-08,377825.23,-137.27,366054.07,744016.56,1.97,-0.1782,2,"NTRA,CVNA",Bull_LowVol
2018-08-09,422918.32,-183.03,366054.07,789155.42,1.87,-0.0801,2,"NTRA,CVNA",Bull_LowVol
2018-08-10,461280.77,-228.78,366054.07,827563.62,1.79,0.0,2,"NTRA,CVNA",Bull_LowVol
2018-08-13,462016.39,-274.54,366054.07,828345.0,1.79,0.0,2,"NTRA,CVNA",Bull_LowVol
2018-08-14,466091.35,-320.3,366054.07,832465.72,1.79,0.0,2,"NTRA,CVNA",Bull_LowVol
2018-08-15,446034.28,-366.05,366054.07,812454.4,1.82,-0.043,2,"NTRA,CVNA",Bull_LowVol
2018-08-16,463686.04,-411.81,366054.07,830151.92,1.79,-0.0052,2,"NTRA,CVNA",Bull_LowVol
2018-08-17,472879.82,0.0,449868.36,922748.18,1.95,0.0,2,"NTRA,CVNA",Bull_LowVol
2018-08-20,493463.18,-56.23,449868.36,943387.78,1.91,0.0,2,"NTRA,CVNA",Bull_LowVol
2018-08-21,511007.66,-112.47,449868.36,960988.49,1.88,0.0,2,"NTRA,CVNA",Bull_LowVol
2018-08-22,519488.03,-168.7,449868.36,969525.09,1.87,0.0,2,"NTRA,CVNA",Bull_LowVol
2018-08-23,539527.55,-224.93,449868.36,989620.85,1.83,0.0,2,"NTRA,CVNA",Bull_LowVol
2018-08-24,580654.95,-281.17,449868.36,1030804.49,1.78,0.0,2,"NTRA,CVNA",Bull_LowVol
2018-08-27,598718.52,-337.4,449868.36,1048924.29,1.75,0.0,2,"NTRA,CVNA",Bull_LowVol
2018-08-28,590588.18,-393.63,449868.36,1040850.18,1.76,-0.0136,2,"NTRA,CVNA",Bull_LowVol
2018-08-29,578276.47,-449.87,449868.36,1028594.7,1.78,-0.0341,2,"NTRA,CVNA",Bull_LowVol
2018-08-30,568466.72,-506.1,449868.36,1018841.19,1.79,-0.0505,2,"NTRA,CVNA",Bull_LowVol
2018-08-31,593231.26,-562.34,449868.36,1043661.96,1.76,-0.0092,2,"NTRA,CVNA",Bull_LowVol
2018-09-04,616086.3,-618.57,449868.36,1066573.23,1.73,0.0,2,"NTRA,CVNA",Bull_LowVol
2018-09-05,562951.0,-674.8,449868.36,1013494.17,1.8,-0.0862,2,"NTRA,CVNA",Bull_LowVol
2018-09-06,534998.54,0.0,498287.71,1033286.25,1.93,-0.1316,2,"NTRA,AMD",Bull_LowVol
2018-09-07,521952.75,-62.29,498287.71,1020302.74,1.95,-0.1528,2,"NTRA,AMD",Bull_LowVol
2018-09-10,556039.74,-124.57,498287.71,1054452.02,1.9,-0.0975,2,"NTRA,AMD",Bull_LowVol
2018-09-11,553806.52,-186.86,498287.71,1052281.09,1.9,-0.1011,2,"NTRA,AMD",Bull_LowVol
2018-09-12,590738.51,-249.14,498287.71,1089275.36,1.84,-0.0411,2,"NTRA,AMD",Bull_LowVol
2018-09-13,565127.26,-311.43,498287.71,1063726.4,1.88,-0.0827,2,"NTRA,AMD",Bull_LowVol
2018-09-14,589883.92,-373.72,498287.71,1088545.34,1.85,-0.0425,2,"NTRA,AMD",Bull_LowVol
2018-09-17,573264.01,0.0,623392.52,1196656.53,2.09,-0.0695,2,"AMD,TTD",Bull_LowVol
2018-09-18,571929.37,-77.92,623392.52,1195399.82,2.09,-0.0717,2,"AMD,TTD",Bull_LowVol
2018-09-19,558490.11,-155.85,623392.52,1182038.48,2.12,-0.0935,2,"AMD,TTD",Bull_LowVol
2018-09-20,551326.74,-233.77,623392.52,1174953.04,2.13,-0.1051,2,"AMD,TTD",Bull_LowVol
2018-09-21,542668.25,-311.7,623392.52,1166372.47,2.15,-0.1192,2,"AMD,TTD",Bull_LowVol
2018-09-24,563036.66,-389.62,623392.52,1186818.8,2.11,-0.0861,2,"AMD,TTD",Bull_LowVol
2018-09-25,623821.17,-467.54,623392.52,1247681.24,2.0,0.0,2,"AMD,TTD",Bull_LowVol
2018-09-26,620735.88,-545.47,623392.52,1244673.87,2.01,-0.0049,2,"AMD,TTD",Bull_LowVol
2018-09-27,625014.09,-623.39,623392.52,1249030.0,2.0,0.0,2,"AMD,TTD",Bull_LowVol
2018-09-28,576139.27,-701.32,623392.52,1200233.11,2.08,-0.0782,2,"AMD,TTD",Bull_LowVol
2018-10-01,556560.89,-779.24,623392.52,1180732.65,2.12,-0.1095,2,"AMD,TTD",Bull_LowVol
2018-10-02,469558.51,-857.16,623392.52,1093808.19,2.33,-0.2487,2,"AMD,TTD",Bull_LowVol
2018-10-03,480153.66,-935.09,623392.52,1104481.27,2.3,-0.2318,2,"AMD,TTD",Bull_LowVol
2018-10-04,457051.82,-1013.01,623392.52,1081457.35,2.37,-0.2687,2,"AMD,TTD",Bull_LowVol
2018-10-05,437336.18,-1090.94,623392.52,1061819.64,2.43,-0.3003,2,"AMD,TTD",Bull_LowVol
2018-10-08,414119.63,-1168.86,623392.52,1038681.02,2.51,-0.3374,2,"AMD,TTD",Bull_LowVol
2018-10-09,417066.06,-1246.79,623392.52,1041705.37,2.5,-0.3327,2,"AMD,TTD",Bull_LowVol
2018-10-10,334964.36,0.0,314568.51,649532.87,1.94,-0.4641,2,"AMD,VNOM",Bull_MidVol
2018-10-11,367864.01,367864.01,0.0,0.0,0.0,-0.4114,0,CASH_BIL,Bear_HighVol
2018-10-12,367864.01,367864.01,0.0,0.0,0.0,-0.4114,0,CASH_BIL,Bull_MidVol
2018-10-15,363939.19,0.0,161.16,364100.35,1.0,-0.4177,2,"MTCH,OLLI",Bull_MidVol
2018-10-16,381354.52,-0.02,161.16,381515.7,1.0,-0.3898,2,"MTCH,OLLI",Bull_MidVol
2018-10-17,380013.55,-0.04,161.16,380174.75,1.0,-0.392,2,"MTCH,OLLI",Bull_MidVol
2018-10-18,367485.35,367485.35,0.0,0.0,0.0,-0.412,0,CASH_BIL,Bear_HighVol
2018-10-19,367565.62,367565.62,0.0,0.0,0.0,-0.4119,0,CASH_BIL,Bear_HighVol
2018-10-22,367565.62,367565.62,0.0,0.0,0.0,-0.4119,0,CASH_BIL,Bear_HighVol
2018-10-23,367605.82,367605.82,0.0,0.0,0.0,-0.4118,0,CASH_BIL,Bear_HighVol
2018-10-24,367646.05,367646.05,0.0,0.0,0.0,-0.4118,0,CASH_BIL,Bear_HighVol
2018-10-25,367686.1,367686.1,0.0,0.0,0.0,-0.4117,0,CASH_BIL,Bear_HighVol
2018-10-26,367686.1,367686.1,0.0,0.0,0.0,-0.4117,0,CASH_BIL,Bear_HighVol
2018-10-29,367686.1,367686.1,0.0,0.0,0.0,-0.4117,0,CASH_BIL,Bear_HighVol
2018-10-30,367726.26,367726.26,0.0,0.0,0.0,-0.4117,0,CASH_BIL,Bear_HighVol
2018-10-31,367806.84,367806.84,0.0,0.0,0.0,-0.4115,0,CASH_BIL,Bear_HighVol
2018-11-01,367806.84,367806.84,0.0,0.0,0.0,-0.4115,0,CASH_BIL,Bear_HighVol
2018-11-02,367846.92,367846.92,0.0,0.0,0.0,-0.4115,0,CASH_BIL,Bear_HighVol
2018-11-05,367846.92,367846.92,0.0,0.0,0.0,-0.4115,0,CASH_BIL,Bear_HighVol
2018-11-06,367887.16,367887.16,0.0,0.0,0.0,-0.4114,0,CASH_BIL,Bear_HighVol
2018-11-07,367927.35,367927.35,0.0,0.0,0.0,-0.4113,0,CASH_BIL,Bear_HighVol
2018-11-08,368007.86,368007.86,0.0,0.0,0.0,-0.4112,0,CASH_BIL,Bear_HighVol
2018-11-09,367967.51,367967.51,0.0,0.0,0.0,-0.4113,0,CASH_BIL,Bear_HighVol
2018-11-12,368007.86,368007.86,0.0,0.0,0.0,-0.4112,0,CASH_BIL,Bear_HighVol
2018-11-13,367967.51,367967.51,0.0,0.0,0.0,-0.4113,0,CASH_BIL,Bear_HighVol
2018-11-14,368088.14,368088.14,0.0,0.0,0.0,-0.4111,0,CASH_BIL,Bear_HighVol
2018-11-15,368128.45,368128.45,0.0,0.0,0.0,-0.411,0,CASH_BIL,Bear_HighVol
2018-11-16,368088.14,368088.14,0.0,0.0,0.0,-0.4111,0,CASH_BIL,Bear_HighVol
2018-11-19,368168.6,368168.6,0.0,0.0,0.0,-0.4109,0,CASH_BIL,Bear_HighVol
2018-11-20,368249.0,368249.0,0.0,0.0,0.0,-0.4108,0,CASH_BIL,Bear_HighVol
2018-11-21,368249.0,368249.0,0.0,0.0,0.0,-0.4108,0,CASH_BIL,Bear_HighVol
2018-11-23,368289.46,368289.46,0.0,0.0,0.0,-0.4108,0,CASH_BIL,Bear_HighVol
2018-11-26,368289.46,368289.46,0.0,0.0,0.0,-0.4108,0,CASH_BIL,Bear_HighVol
2018-11-27,368329.5,368329.5,0.0,0.0,0.0,-0.4107,0,CASH_BIL,Bear_HighVol
2018-11-28,368369.7,368369.7,0.0,0.0,0.0,-0.4106,0,CASH_BIL,Bear_HighVol
2018-11-29,368409.93,368409.93,0.0,0.0,0.0,-0.4106,0,CASH_BIL,Bear_HighVol
2018-11-30,368397.93,368397.93,0.0,0.0,0.0,-0.4106,0,CASH_BIL,Bear_HighVol
2018-12-03,368438.27,368438.27,0.0,0.0,0.0,-0.4105,0,CASH_BIL,Bear_HighVol
2018-12-04,368518.63,368518.63,0.0,0.0,0.0,-0.4104,0,CASH_BIL,Bear_HighVol
2018-12-06,368559.01,368559.01,0.0,0.0,0.0,-0.4103,0,CASH_BIL,Bear_HighVol
2018-12-07,368599.21,368599.21,0.0,0.0,0.0,-0.4103,0,CASH_BIL,Bear_HighVol
2018-12-10,368559.01,368559.01,0.0,0.0,0.0,-0.4103,0,CASH_BIL,Bear_HighVol
2018-12-11,368639.74,368639.74,0.0,0.0,0.0,-0.4102,0,CASH_BIL,Bear_HighVol
2018-12-12,368679.82,368679.82,0.0,0.0,0.0,-0.4101,0,CASH_BIL,Bear_HighVol
2018-12-13,368720.06,368720.06,0.0,0.0,0.0,-0.4101,0,CASH_BIL,Bear_HighVol
2018-12-14,368760.44,368760.44,0.0,0.0,0.0,-0.41,0,CASH_BIL,Bear_HighVol
2018-12-17,368760.44,368760.44,0.0,0.0,0.0,-0.41,0,CASH_BIL,Bear_HighVol
2018-12-18,368720.02,368720.02,0.0,0.0,0.0,-0.4101,0,CASH_BIL,Bear_HighVol
2018-12-19,368800.64,368800.64,0.0,0.0,0.0,-0.4099,0,CASH_BIL,Bear_HighVol
2018-12-20,368881.45,368881.45,0.0,0.0,0.0,-0.4098,0,CASH_BIL,Bear_HighVol
2018-12-21,368921.9,368921.9,0.0,0.0,0.0,-0.4097,0,CASH_BIL,Bear_HighVol
2018-12-24,368881.45,368881.45,0.0,0.0,0.0,-0.4098,0,CASH_BIL,Bear_HighVol
2018-12-26,369002.6,369002.6,0.0,0.0,0.0,-0.4096,0,CASH_BIL,Bear_HighVol
2018-12-27,369042.91,369042.91,0.0,0.0,0.0,-0.4095,0,CASH_BIL,Bear_HighVol
2018-12-28,369083.29,369083.29,0.0,0.0,0.0,-0.4095,0,CASH_BIL,Bear_HighVol
2018-12-31,341507.15,341507.15,0.0,0.0,0.0,-0.4536,0,CASH_BIL,Bear_HighVol
2019-01-02,341619.19,341619.19,0.0,0.0,0.0,-0.4534,0,CASH_BIL,Bear_HighVol
2019-01-03,341656.53,341656.53,0.0,0.0,0.0,-0.4534,0,CASH_BIL,Bear_HighVol
2019-01-04,341656.53,341656.53,0.0,0.0,0.0,-0.4534,0,CASH_BIL,Bear_HighVol
2019-01-07,341656.53,341656.53,0.0,0.0,0.0,-0.4534,0,CASH_BIL,Bear_HighVol
2019-01-08,341656.53,341656.53,0.0,0.0,0.0,-0.4534,0,CASH_BIL,Bear_HighVol
2019-01-09,341693.9,341693.9,0.0,0.0,0.0,-0.4533,0,CASH_BIL,Bear_HighVol
2019-01-10,341768.54,341768.54,0.0,0.0,0.0,-0.4532,0,CASH_BIL,Bear_HighVol
2019-01-11,341731.23,341731.23,0.0,0.0,0.0,-0.4532,0,CASH_BIL,Bear_HighVol
2019-01-14,341805.91,341805.91,0.0,0.0,0.0,-0.4531,0,CASH_BIL,Bear_HighVol
2019-01-15,341843.28,341843.28,0.0,0.0,0.0,-0.4531,0,CASH_BIL,Bear_HighVol
2019-01-16,341917.88,341917.88,0.0,0.0,0.0,-0.4529,0,CASH_BIL,Bear_HighVol
2019-01-17,341917.88,341917.88,0.0,0.0,0.0,-0.4529,0,CASH_BIL,Bear_HighVol
2019-01-18,341955.29,341955.29,0.0,0.0,0.0,-0.4529,0,CASH_BIL,Bear_HighVol
2019-01-22,341955.29,341955.29,0.0,0.0,0.0,-0.4529,0,CASH_BIL,Bear_HighVol
2019-01-23,342067.16,342067.16,0.0,0.0,0.0,-0.4527,0,CASH_BIL,Bear_HighVol
2019-01-24,342029.99,342029.99,0.0,0.0,0.0,-0.4528,0,CASH_BIL,Bear_HighVol
2019-01-25,342067.16,342067.16,0.0,0.0,0.0,-0.4527,0,CASH_BIL,Bear_HighVol
2019-01-28,342067.16,342067.16,0.0,0.0,0.0,-0.4527,0,CASH_BIL,Bear_HighVol
2019-01-29,342142.07,342142.07,0.0,0.0,0.0,-0.4526,0,CASH_BIL,Bear_HighVol
2019-01-30,342142.07,342142.07,0.0,0.0,0.0,-0.4526,0,CASH_BIL,Bear_HighVol
2019-01-31,342175.68,342175.68,0.0,0.0,0.0,-0.4525,0,CASH_BIL,Bear_HighVol
2019-02-01,342213.02,342213.02,0.0,0.0,0.0,-0.4525,0,CASH_BIL,Bear_HighVol
2019-02-04,342213.02,342213.02,0.0,0.0,0.0,-0.4525,0,CASH_BIL,Bear_HighVol
2019-02-05,342213.02,342213.02,0.0,0.0,0.0,-0.4525,0,CASH_BIL,Bull_LowVol
2019-02-06,342213.02,342213.02,0.0,0.0,0.0,-0.4525,0,CASH_BIL,Bear_HighVol
2019-02-07,342287.64,342287.64,0.0,0.0,0.0,-0.4524,0,CASH_BIL,Bear_HighVol
2019-02-08,342250.42,342250.42,0.0,0.0,0.0,-0.4524,0,CASH_BIL,Bear_HighVol
2019-02-11,342325.25,342325.25,0.0,0.0,0.0,-0.4523,0,CASH_BIL,Bear_HighVol
2019-02-12,342325.25,342325.25,0.0,0.0,0.0,-0.4523,0,CASH_BIL,Bear_HighVol
2019-02-13,342400.15,342400.15,0.0,0.0,0.0,-0.4522,0,CASH_BIL,Bear_HighVol
2019-02-14,342400.15,342400.15,0.0,0.0,0.0,-0.4522,0,CASH_BIL,Bull_LowVol
2019-02-15,342400.15,342400.15,0.0,0.0,0.0,-0.4522,0,CASH_BIL,Bull_LowVol
2019-02-19,342400.15,342400.15,0.0,0.0,0.0,-0.4522,0,CASH_BIL,Bull_LowVol
2019-02-20,342400.15,342400.15,0.0,0.0,0.0,-0.4522,0,CASH_BIL,Bull_LowVol
2019-02-21,342400.15,342400.15,0.0,0.0,0.0,-0.4522,0,CASH_BIL,Bull_LowVol
2019-02-22,342400.15,342400.15,0.0,0.0,0.0,-0.4522,0,CASH_BIL,Bull_LowVol
2019-02-25,342400.15,342400.15,0.0,0.0,0.0,-0.4522,0,CASH_BIL,Bull_LowVol
2019-02-26,347323.02,0.0,342750.68,690073.7,1.99,-0.4443,2,"LSCC,MTCH",Bull_LowVol
2019-02-27,349961.3,-42.84,342750.68,692754.82,1.98,-0.4401,2,"LSCC,MTCH",Bull_LowVol
2019-02-28,338871.71,-85.69,342750.68,681708.08,2.01,-0.4578,2,"LSCC,MTCH",Bull_LowVol
2019-03-01,358731.44,-128.53,342750.68,701610.65,1.96,-0.426,2,"LSCC,MTCH",Bull_LowVol
2019-03-04,357407.06,-171.38,342750.68,700329.11,1.96,-0.4282,2,"LSCC,MTCH",Bull_LowVol
2019-03-05,362307.99,-214.22,342750.68,705272.89,1.95,-0.4203,2,"LSCC,MTCH",Bull_LowVol
2019-03-06,357552.72,-257.06,342750.68,700560.46,1.96,-0.4279,2,"LSCC,MTCH",Bull_LowVol
2019-03-07,341974.55,341974.55,0.0,0.0,0.0,-0.4529,0,CASH_BIL,Bear_HighVol
2019-03-08,341974.55,341974.55,0.0,0.0,0.0,-0.4529,0,CASH_BIL,Bear_HighVol
2019-03-11,341974.55,341974.55,0.0,0.0,0.0,-0.4529,0,CASH_BIL,Bull_LowVol
2019-03-12,338694.72,0.0,342343.79,681038.51,2.01,-0.4581,2,"AXSM,INSM",Bull_LowVol
2019-03-13,353718.55,-42.79,342343.79,696105.14,1.97,-0.4341,2,"AXSM,INSM",Bull_LowVol
2019-03-14,352640.74,-85.59,342343.79,695070.12,1.97,-0.4358,2,"AXSM,INSM",Bull_LowVol
2019-03-15,352758.82,-128.38,342343.79,695231.0,1.97,-0.4356,2,"AXSM,INSM",Bull_LowVol
2019-03-18,373307.78,-171.17,342343.79,715822.75,1.92,-0.4027,2,"AXSM,INSM",Bull_LowVol
2019-03-19,414315.33,-213.96,342343.79,756873.09,1.83,-0.3371,2,"AXSM,INSM",Bull_LowVol
2019-03-20,379363.08,-256.76,342343.79,721963.63,1.9,-0.393,2,"AXSM,INSM",Bull_LowVol
2019-03-21,426193.43,-299.55,342343.79,768836.77,1.8,-0.3181,2,"AXSM,INSM",Bull_LowVol
2019-03-22,407422.95,-342.34,342343.79,750109.09,1.84,-0.3481,2,"AXSM,INSM",Bull_LowVol
2019-03-25,520577.35,-385.14,342343.79,863306.28,1.66,-0.1671,2,"AXSM,INSM",Bull_LowVol
2019-03-26,512068.83,0.0,515270.18,1027339.01,2.01,-0.1807,2,"INSM,LSCC",Bull_LowVol
2019-03-27,491200.4,-64.41,515270.18,1006534.99,2.05,-0.2141,2,"INSM,LSCC",Bull_LowVol
2019-03-28,493871.9,-128.82,515270.18,1009270.91,2.04,-0.2098,2,"INSM,LSCC",Bull_LowVol
2019-03-29,519234.44,-193.23,515270.18,1034697.85,1.99,-0.1692,2,"INSM,LSCC",Bull_LowVol
2019-04-01,527090.45,-257.64,515270.18,1042618.27,1.98,-0.1567,2,"INSM,LSCC",Bull_LowVol
2019-04-02,533250.42,-322.04,515270.18,1048842.65,1.97,-0.1468,2,"INSM,LSCC",Bull_LowVol
2019-04-03,567653.39,-386.45,515270.18,1083310.02,1.91,-0.0918,2,"INSM,LSCC",Bull_LowVol
2019-04-04,566432.08,-450.86,515270.18,1082153.12,1.91,-0.0937,2,"INSM,LSCC",Bull_LowVol
2019-04-05,581269.81,-515.27,515270.18,1097055.27,1.89,-0.07,2,"INSM,LSCC",Bull_LowVol
2019-04-08,595486.59,-579.68,515270.18,1111336.45,1.87,-0.0472,2,"INSM,LSCC",Bull_LowVol
2019-04-09,599673.7,0.0,536576.21,1136249.91,1.89,-0.0405,2,"LSCC,MDB",Bull_LowVol
2019-04-10,649557.12,-67.07,536576.21,1186200.4,1.83,0.0,2,"LSCC,MDB",Bull_LowVol
2019-04-11,638732.71,-134.14,536576.21,1175443.06,1.84,-0.0167,2,"LSCC,MDB",Bull_LowVol
2019-04-12,645614.56,-201.22,536576.21,1182391.99,1.83,-0.0061,2,"LSCC,MDB",Bull_LowVol
2019-04-15,639155.51,-268.29,536576.21,1176000.01,1.84,-0.016,2,"LSCC,MDB",Bull_LowVol
2019-04-16,618633.62,-335.36,536576.21,1155545.2,1.87,-0.0476,2,"LSCC,MDB",Bull_LowVol
2019-04-17,573917.75,-402.43,536576.21,1110896.4,1.94,-0.1164,2,"LSCC,MDB",Bull_LowVol
2019-04-18,545977.91,-469.5,536576.21,1083023.62,1.98,-0.1595,2,"LSCC,MDB",Bull_LowVol
2019-04-22,580636.2,-536.58,536576.21,1117748.99,1.93,-0.1061,2,"LSCC,MDB",Bull_LowVol
2019-04-23,618577.03,-603.65,536576.21,1155756.89,1.87,-0.0477,2,"LSCC,MDB",Bull_LowVol
2019-04-24,629711.78,0.0,561767.03,1191478.81,1.89,-0.0306,2,"LSCC,CVNA",Bull_LowVol
2019-04-25,599311.09,-70.22,561767.03,1161148.34,1.94,-0.0774,2,"LSCC,CVNA",Bull_LowVol
2019-04-26,633179.31,-140.44,561767.03,1195086.77,1.89,-0.0252,2,"LSCC,CVNA",Bull_LowVol
2019-04-29,636812.78,-210.66,561767.03,1198790.47,1.88,-0.0196,2,"LSCC,CVNA",Bull_LowVol
2019-04-30,658920.06,-280.88,561767.03,1220967.97,1.85,0.0,2,"LSCC,CVNA",Bull_LowVol
2019-05-01,673271.06,-351.1,561767.03,1235389.19,1.83,0.0,2,"LSCC,CVNA",Bull_LowVol
2019-05-02,687618.15,-421.33,561767.03,1249806.5,1.82,0.0,2,"LSCC,CVNA",Bull_LowVol
2019-05-03,741788.16,-491.55,561767.03,1304046.73,1.76,0.0,2,"LSCC,CVNA",Bull_LowVol
2019-05-06,739972.72,-561.77,561767.03,1302301.51,1.76,-0.0024,2,"LSCC,CVNA",Bull_LowVol
2019-05-07,710712.27,-631.99,561767.03,1273111.28,1.79,-0.0419,2,"LSCC,CVNA",Bull_LowVol
2019-05-08,725995.51,0.0,678775.77,1404771.28,1.93,-0.0213,2,"CVNA,AXSM",Bull_LowVol
2019-05-09,766095.35,-84.85,678775.77,1444955.97,1.89,0.0,2,"CVNA,AXSM",Bull_LowVol
2019-05-10,731670.4,-169.69,678775.77,1410615.87,1.93,-0.0449,2,"CVNA,AXSM",Bull_LowVol
2019-05-13,711716.96,-254.54,678775.77,1390747.27,1.95,-0.071,2,"CVNA,AXSM",Bull_LowVol
2019-05-14,746792.88,-339.39,678775.77,1425908.04,1.91,-0.0252,2,"CVNA,AXSM",Bull_LowVol
2019-05-15,791412.91,-424.23,678775.77,1470612.91,1.86,0.0,2,"CVNA,AXSM",Bull_MidVol
2019-05-16,842670.06,-509.08,678775.77,1521954.91,1.81,0.0,2,"CVNA,AXSM",Bull_MidVol
2019-05-17,819293.67,-593.93,678775.77,1498663.37,1.83,-0.0277,2,"CVNA,AXSM",Bull_MidVol
2019-05-20,796160.12,-678.78,678775.77,1475614.67,1.85,-0.0552,2,"CVNA,AXSM",Bull_MidVol
2019-05-21,827939.68,-763.62,678775.77,1507479.08,1.82,-0.0175,2,"CVNA,AXSM",Bull_MidVol
2019-05-22,864575.05,0.0,497007.11,1361582.16,1.57,0.0,2,"AXSM,ENPH",Bull_MidVol
2019-05-23,792911.99,-62.13,497007.11,1289981.23,1.63,-0.0829,2,"AXSM,ENPH",Bull_MidVol
2019-05-24,855126.04,-124.25,497007.11,1352257.4,1.58,-0.0109,2,"AXSM,ENPH",Bull_MidVol
2019-05-28,885268.29,-186.38,497007.11,1382461.78,1.56,0.0,2,"AXSM,ENPH",Bull_MidVol
2019-05-29,888158.19,-248.5,497007.11,1385413.81,1.56,0.0,2,"AXSM,ENPH",Bull_MidVol
2019-05-30,855157.51,-310.63,497007.11,1352475.26,1.58,-0.0372,2,"AXSM,ENPH",Bull_MidVol
2019-05-31,784003.76,-372.76,497007.11,1281383.63,1.63,-0.1173,2,"AXSM,ENPH",Bull_MidVol
2019-06-03,812140.24,812140.24,0.0,0.0,0.0,-0.0856,0,CASH_BIL,Bear_HighVol
2019-06-04,812140.24,812140.24,0.0,0.0,0.0,-0.0856,0,CASH_BIL,Bull_MidVol
2019-06-05,812140.24,812140.24,0.0,0.0,0.0,-0.0856,0,CASH_BIL,Bull_MidVol
2019-06-06,806881.09,0.0,373.09,807254.18,1.0,-0.0915,2,"ENPH,OKTA",Bull_MidVol
2019-06-07,836623.22,-0.05,373.09,836996.36,1.0,-0.058,2,"ENPH,OKTA",Bull_MidVol
2019-06-10,840719.52,-0.09,373.09,841092.7,1.0,-0.0534,2,"ENPH,OKTA",Bull_MidVol
2019-06-11,855104.6,-0.14,373.09,855477.83,1.0,-0.0372,2,"ENPH,OKTA",Bull_MidVol
2019-06-12,862714.81,-0.19,373.09,863088.09,1.0,-0.0286,2,"ENPH,OKTA",Bull_MidVol
2019-06-13,876236.22,-0.23,373.09,876609.55,1.0,-0.0134,2,"ENPH,OKTA",Bull_MidVol
2019-06-14,867029.48,-0.28,373.09,867402.85,1.0,-0.0238,2,"ENPH,OKTA",Bull_MidVol
2019-06-17,874144.24,-0.33,373.09,874517.66,1.0,-0.0158,2,"ENPH,OKTA",Bull_MidVol
2019-06-18,904308.79,-0.37,373.09,904682.26,1.0,0.0,2,"ENPH,OKTA",Bull_MidVol
2019-06-19,911853.26,-0.42,373.09,912226.77,1.0,0.0,2,"ENPH,OKTA",Bull_MidVol
2019-06-20,913218.22,0.0,733454.17,1646672.39,1.8,0.0,2,"ENPH,OKTA",Bull_MidVol
2019-06-21,865281.93,-91.68,733454.17,1598827.79,1.85,-0.0525,2,"ENPH,OKTA",Bull_MidVol
2019-06-24,820625.9,-183.36,733454.17,1554263.44,1.89,-0.1014,2,"ENPH,OKTA",Bull_MidVol
2019-06-25,742044.27,-275.05,733454.17,1475773.49,1.99,-0.1874,2,"ENPH,OKTA",Bull_MidVol
2019-06-26,756531.82,-366.73,733454.17,1490352.72,1.97,-0.1716,2,"ENPH,OKTA",Bull_MidVol
2019-06-27,825758.75,-458.41,733454.17,1559671.33,1.89,-0.0958,2,"ENPH,OKTA",Bull_MidVol
2019-06-28,844323.89,-550.09,733454.17,1578328.15,1.87,-0.0754,2,"ENPH,OKTA",Bull_LowVol
2019-07-01,840670.93,-641.77,733454.17,1574766.87,1.87,-0.0794,2,"ENPH,OKTA",Bull_LowVol
2019-07-02,874152.15,-733.45,733454.17,1608339.78,1.84,-0.0428,2,"ENPH,OKTA",Bull_LowVol
2019-07-03,901821.01,-825.14,733454.17,1636100.32,1.81,-0.0125,2,"ENPH,OKTA",Bull_LowVol
2019-07-05,935471.85,0.0,888834.41,1824306.26,1.95,0.0,2,"ENPH,OKTA",Bull_LowVol
2019-07-08,967667.64,-111.1,888834.41,1856613.15,1.92,0.0,2,"ENPH,OKTA",Bull_LowVol
2019-07-09,1015951.54,-222.21,888834.41,1905008.16,1.88,0.0,2,"ENPH,OKTA",Bull_LowVol
2019-07-10,1003699.59,-333.31,888834.41,1892867.31,1.89,-0.0121,2,"ENPH,OKTA",Bull_LowVol
2019-07-11,993515.75,-444.42,888834.41,1882794.57,1.9,-0.0221,2,"ENPH,OKTA",Bull_LowVol
2019-07-12,992196.28,-555.52,888834.41,1881586.21,1.9,-0.0234,2,"ENPH,OKTA",Bull_LowVol
2019-07-15,1012149.84,-666.63,888834.41,1901650.88,1.88,-0.0037,2,"ENPH,OKTA",Bull_LowVol
2019-07-16,1019262.82,-777.73,888834.41,1908874.96,1.87,0.0,2,"ENPH,OKTA",Bull_LowVol
2019-07-17,1035358.34,-888.83,888834.41,1925081.59,1.86,0.0,2,"ENPH,OKTA",Bull_LowVol
2019-07-18,1061075.11,-999.94,888834.41,1950909.46,1.84,0.0,2,"ENPH,OKTA",Bull_LowVol
2019-07-19,1049473.6,-1111.04,888834.41,1939419.05,1.85,-0.0109,2,"ENPH,OKTA",Bull_LowVol
2019-07-22,1076432.2,-1222.15,888834.41,1966488.75,1.83,0.0,2,"ENPH,OKTA",Bull_LowVol
2019-07-23,993103.13,-1333.25,888834.41,1883270.79,1.9,-0.0774,2,"ENPH,OKTA",Bull_LowVol
2019-07-24,1019789.97,-1444.36,888834.41,1910068.73,1.87,-0.0526,2,"ENPH,OKTA",Bull_LowVol
2019-07-25,1006848.04,-1555.46,888834.41,1897237.91,1.88,-0.0646,2,"ENPH,OKTA",Bull_LowVol
2019-07-26,1080493.85,-1666.56,888834.41,1970994.83,1.82,0.0,2,"ENPH,OKTA",Bull_LowVol
2019-07-29,1040050.76,-1777.67,888834.41,1930662.84,1.86,-0.0374,2,"ENPH,OKTA",Bull_LowVol
2019-07-30,1055424.3,-1888.77,888834.41,1946147.48,1.84,-0.0232,2,"ENPH,OKTA",Bull_LowVol
2019-07-31,1338636.03,-1999.88,888834.41,2229470.32,1.67,0.0,2,"ENPH,OKTA",Bull_LowVol
2019-08-01,1442692.46,-2110.98,888834.41,2333637.85,1.62,0.0,2,"ENPH,OKTA",Bull_LowVol
2019-08-02,1412823.77,0.0,1339292.66,2752116.44,1.95,-0.0207,2,"ENPH,OKTA",Bull_LowVol
2019-08-05,1269020.09,-167.41,1339292.66,2608480.17,2.06,-0.1204,2,"ENPH,OKTA",Bull_LowVol
2019-08-06,1365761.28,-334.82,1339292.66,2705388.77,1.98,-0.0533,2,"ENPH,OKTA",Bull_LowVol
2019-08-07,1485351.53,-502.23,1339292.66,2825146.42,1.9,0.0,2,"ENPH,OKTA",Bull_LowVol
2019-08-08,1561845.89,-669.65,1339292.66,2901808.2,1.86,0.0,2,"ENPH,OKTA",Bull_MidVol
2019-08-09,1552337.71,-837.06,1339292.66,2892467.43,1.86,-0.0061,2,"ENPH,OKTA",Bull_MidVol
2019-08-12,1469195.35,-1004.47,1339292.66,2809492.48,1.91,-0.0593,2,"ENPH,OKTA",Bull_MidVol
2019-08-13,1554822.66,-1171.88,1339292.66,2895287.2,1.86,-0.0045,2,"ENPH,OKTA",Bull_MidVol
2019-08-14,1398772.66,-1339.29,1339292.66,2739404.62,1.96,-0.1044,2,"ENPH,OKTA",Bull_MidVol
2019-08-15,1384186.13,-1506.7,1339292.66,2724985.5,1.97,-0.1137,2,"ENPH,OKTA",Bull_MidVol
2019-08-16,1541774.15,0.0,682177.15,2223951.3,1.44,-0.0129,2,"ENPH,AU",Bull_MidVol
2019-08-19,1579336.43,1579336.43,0.0,0.0,0.0,0.0,0,CASH_BIL,Bear_HighVol
2019-08-20,1579163.51,1579163.51,0.0,0.0,0.0,-0.0001,0,CASH_BIL,Bear_HighVol
2019-08-21,1579680.84,1579680.84,0.0,0.0,0.0,0.0,0,CASH_BIL,Bear_HighVol
2019-08-22,1579509.19,1579509.19,0.0,0.0,0.0,-0.0001,0,CASH_BIL,Bear_HighVol
2019-08-23,1579680.84,1579680.84,0.0,0.0,0.0,0.0,0,CASH_BIL,Bear_HighVol
2019-08-26,1579853.92,1579853.92,0.0,0.0,0.0,0.0,0,CASH_BIL,Bear_HighVol
2019-08-27,1579680.84,1579680.84,0.0,0.0,0.0,-0.0001,0,CASH_BIL,Bear_HighVol
2019-08-28,1580027.32,1580027.32,0.0,0.0,0.0,0.0,0,CASH_BIL,Bear_HighVol
2019-08-29,1580199.13,1580199.13,0.0,0.0,0.0,0.0,0,CASH_BIL,Bear_HighVol
2019-08-30,1580509.87,1580509.87,0.0,0.0,0.0,0.0,0,CASH_BIL,Bear_HighVol
2019-09-03,1580509.87,1580509.87,0.0,0.0,0.0,0.0,0,CASH_BIL,Bull_MidVol
2019-09-04,1580509.87,1580509.87,0.0,0.0,0.0,0.0,0,CASH_BIL,Bull_MidVol
2019-09-05,1580682.95,1580682.95,0.0,0.0,0.0,0.0,0,CASH_BIL,Bear_HighVol
2019-09-06,1580682.95,1580682.95,0.0,0.0,0.0,0.0,0,CASH_BIL,Bull_MidVol
2019-09-09,1580682.95,1580682.95,0.0,0.0,0.0,0.0,0,CASH_BIL,Bull_MidVol
2019-09-10,1580682.95,1580682.95,0.0,0.0,0.0,0.0,0,CASH_BIL,Bull_MidVol
2019-09-11,1580682.95,1580682.95,0.0,0.0,0.0,0.0,0,CASH_BIL,Bull_MidVol
2019-09-12,1580682.95,1580682.95,0.0,0.0,0.0,0.0,0,CASH_BIL,Bull_MidVol
2019-09-13,1580682.95,1580682.95,0.0,0.0,0.0,0.0,0,CASH_BIL,Bull_MidVol
2019-09-16,1596314.08,0.0,1266001.72,2862315.8,1.79,0.0,2,"DRS,SAIA",Bull_MidVol
2019-09-17,1618793.15,-158.25,1266001.72,2884953.11,1.78,0.0,2,"DRS,SAIA",Bull_LowVol
2019-09-18,1533210.85,-316.5,1266001.72,2799529.07,1.83,-0.0529,2,"DRS,SAIA",Bull_LowVol
2019-09-19,1520064.88,-474.75,1266001.72,2786541.34,1.83,-0.061,2,"DRS,SAIA",Bull_LowVol
2019-09-20,1516155.58,-633.0,1266001.72,2782790.3,1.84,-0.0634,2,"DRS,SAIA",Bull_LowVol
2019-09-23,1553490.24,-791.25,1266001.72,2820283.21,1.82,-0.0403,2,"DRS,SAIA",Bull_LowVol
2019-09-24,1484123.73,-949.5,1266001.72,2751074.95,1.85,-0.0832,2,"DRS,SAIA",Bull_LowVol
2019-09-25,1538460.43,-1107.75,1266001.72,2805569.9,1.82,-0.0496,2,"DRS,SAIA",Bull_LowVol
2019-09-26,1507159.66,-1266.0,1266001.72,2774427.38,1.84,-0.069,2,"DRS,SAIA",Bull_LowVol
2019-09-27,1419206.25,0.0,711278.85,2130485.11,1.5,-0.1233,2,"SAIA,MTSI",Bull_LowVol
2019-09-30,1401482.63,0.0,1410752.22,2812234.85,2.01,-0.1342,2,"SAIA,MTSI",Bull_LowVol
2019-10-01,1309741.85,-176.34,1410752.22,2720670.42,2.08,-0.1909,2,"SAIA,MTSI",Bull_LowVol
2019-10-02,1252282.68,-352.69,1410752.22,2663387.59,2.13,-0.2264,2,"SAIA,MTSI",Bull_LowVol
2019-10-03,1321388.24,-529.03,1410752.22,2732669.49,2.07,-0.1837,2,"SAIA,MTSI",Bull_LowVol
2019-10-04,1355073.06,-705.38,1410752.22,2766530.66,2.04,-0.1629,2,"SAIA,MTSI",Bull_LowVol
2019-10-07,1379810.62,-881.72,1410752.22,2791444.57,2.02,-0.1476,2,"SAIA,MTSI",Bull_LowVol
2019-10-08,1304631.71,-1058.06,1410752.22,2716441.99,2.08,-0.1941,2,"SAIA,MTSI",Bull_LowVol
2019-10-09,1338444.18,-1234.41,1410752.22,2750430.81,2.05,-0.1732,2,"SAIA,MTSI",Bull_LowVol
2019-10-10,1386187.15,-1410.75,1410752.22,2798350.13,2.02,-0.1437,2,"SAIA,MTSI",Bull_LowVol
2019-10-11,1468925.76,-1587.1,1410752.22,2881265.08,1.96,-0.0926,2,"SAIA,MTSI",Bull_LowVol
2019-10-14,1425926.26,0.0,1448583.53,2874509.8,2.02,-0.1191,2,"SAIA,NTRA",Bull_LowVol
2019-10-15,1469007.22,-181.07,1448583.53,2917771.83,1.99,-0.0925,2,"SAIA,NTRA",Bull_LowVol
2019-10-16,1352782.92,-362.15,1448583.53,2801728.6,2.07,-0.1643,2,"SAIA,NTRA",Bull_LowVol
2019-10-17,1436647.72,-543.22,1448583.53,2885774.47,2.01,-0.1125,2,"SAIA,NTRA",Bull_LowVol
2019-10-18,1476557.39,-724.29,1448583.53,2925865.21,1.98,-0.0879,2,"SAIA,NTRA",Bull_LowVol
2019-10-21,1541091.87,-905.36,1448583.53,2990580.77,1.94,-0.048,2,"SAIA,NTRA",Bull_LowVol
2019-10-22,1436975.36,-1086.44,1448583.53,2886645.33,2.01,-0.1123,2,"SAIA,NTRA",Bull_LowVol
2019-10-23,1432148.48,-1267.51,1448583.53,2881999.53,2.01,-0.1153,2,"SAIA,NTRA",Bull_LowVol
2019-10-24,1443969.12,-1448.58,1448583.53,2894001.23,2.0,-0.108,2,"SAIA,NTRA",Bull_LowVol
2019-10-25,1547111.05,-1629.66,1448583.53,2997324.24,1.94,-0.0443,2,"SAIA,NTRA",Bull_LowVol
2019-10-28,1592457.89,-1810.73,1448583.53,3042852.15,1.91,-0.0163,2,"SAIA,NTRA",Bull_LowVol
2019-10-29,1574252.54,-1991.8,1448583.53,3024827.88,1.92,-0.0275,2,"SAIA,NTRA",Bull_LowVol
2019-10-30,1360396.44,-2172.88,1448583.53,2811152.85,2.07,-0.1596,2,"SAIA,NTRA",Bull_LowVol
2019-10-31,1333342.09,-2353.95,1448583.53,2784279.57,2.09,-0.1763,2,"SAIA,NTRA",Bull_LowVol
2019-11-01,1411202.48,-2535.02,1448583.53,2862321.04,2.03,-0.1282,2,"SAIA,NTRA",Bull_LowVol
2019-11-04,1433319.63,-2716.09,1448583.53,2884619.26,2.01,-0.1146,2,"SAIA,NTRA",Bull_LowVol
2019-11-05,1388499.72,-2897.17,1448583.53,2839980.42,2.05,-0.1423,2,"SAIA,NTRA",Bull_LowVol
2019-11-06,1380279.53,-3078.24,1448583.53,2831941.31,2.05,-0.1473,2,"SAIA,NTRA",Bull_LowVol
2019-11-07,1372130.6,-3259.31,1448583.53,2823973.45,2.06,-0.1524,2,"SAIA,NTRA",Bull_LowVol
2019-11-08,1406985.27,-3440.39,1448583.53,2859009.19,2.03,-0.1308,2,"SAIA,NTRA",Bull_LowVol
2019-11-11,1455746.92,0.0,1446037.14,2901784.05,1.99,-0.1007,2,"ADT,CROX",Bull_LowVol
2019-11-12,1448803.22,-180.75,1446037.14,2895021.11,2.0,-0.105,2,"ADT,CROX",Bull_LowVol
2019-11-13,1572867.81,-361.51,1446037.14,3019266.45,1.92,-0.0284,2,"ADT,CROX",Bull_LowVol
2019-11-14,1582623.45,-542.26,1446037.14,3029202.85,1.91,-0.0223,2,"ADT,CROX",Bull_LowVol
2019-11-15,1626775.61,-723.02,1446037.14,3073535.77,1.89,0.0,2,"ADT,CROX",Bull_LowVol
2019-11-18,1559369.88,-903.77,1446037.14,3006310.79,1.93,-0.0414,2,"ADT,CROX",Bull_LowVol
2019-11-19,1565961.47,-1084.53,1446037.14,3013083.13,1.92,-0.0374,2,"ADT,CROX",Bull_LowVol
2019-11-20,1559160.54,-1265.28,1446037.14,3006462.96,1.93,-0.0416,2,"ADT,CROX",Bull_LowVol
2019-11-21,1562975.53,-1446.04,1446037.14,3010458.7,1.93,-0.0392,2,"ADT,CROX",Bull_LowVol
2019-11-22,1582994.95,-1626.79,1446037.14,3030658.87,1.91,-0.0269,2,"ADT,CROX",Bull_LowVol
2019-11-25,1705068.92,0.0,1722097.6,3427166.53,2.01,0.0,2,"ADT,CROX",Bull_LowVol
2019-11-26,1804519.89,-215.26,1722097.6,3526832.76,1.95,0.0,2,"ADT,CROX",Bull_LowVol
2019-11-27,1777615.96,-430.52,1722097.6,3500144.09,1.97,-0.0149,2,"ADT,CROX",Bull_LowVol
2019-11-29,1713662.92,-645.79,1722097.6,3436406.31,2.01,-0.0503,2,"ADT,CROX",Bull_LowVol
2019-12-02,1574217.14,-861.05,1722097.6,3297175.8,2.09,-0.1276,2,"ADT,CROX",Bull_LowVol
2019-12-03,1583968.77,-1076.31,1722097.6,3307142.68,2.09,-0.1222,2,"ADT,CROX",Bull_LowVol
2019-12-04,1727012.72,-1291.57,1722097.6,3450401.9,2.0,-0.043,2,"ADT,CROX",Bull_LowVol
2019-12-05,1796220.53,-1506.84,1722097.6,3519824.97,1.96,-0.0046,2,"ADT,CROX",Bull_LowVol
2019-12-06,1684968.54,-1722.1,1722097.6,3408788.24,2.02,-0.0663,2,"ADT,CROX",Bull_LowVol
2019-12-09,1756115.07,-1937.36,1722097.6,3480150.04,1.98,-0.0268,2,"ADT,CROX",Bull_LowVol
2019-12-10,1753622.72,0.0,1748317.06,3501939.77,2.0,-0.0282,2,"ADT,ARWR",Bull_LowVol
2019-12-11,1672973.63,-218.54,1748317.06,3421509.23,2.05,-0.0729,2,"ADT,ARWR",Bull_LowVol
2019-12-12,1647406.73,-437.08,1748317.06,3396160.86,2.06,-0.0871,2,"ADT,ARWR",Bull_LowVol
2019-12-13,1636171.48,-655.62,1748317.06,3385144.16,2.07,-0.0933,2,"ADT,ARWR",Bull_LowVol
2019-12-16,1510218.18,0.0,1617599.93,3127818.11,2.07,-0.1631,2,"ARWR,AXSM",Bull_LowVol
2019-12-17,1543785.56,-202.2,1617599.93,3161587.7,2.05,-0.1445,2,"ARWR,AXSM",Bull_LowVol
2019-12-18,1722652.26,-404.4,1617599.93,3340656.6,1.94,-0.0454,2,"ARWR,AXSM",Bull_LowVol
2019-12-19,1859829.35,-606.6,1617599.93,3478035.89,1.87,0.0,2,"ARWR,AXSM",Bull_LowVol
2019-12-20,1877260.55,0.0,1905117.21,3782377.76,2.01,0.0,2,"AXSM,UI",Bull_LowVol
2019-12-23,1864044.3,-238.14,1905117.21,3769399.65,2.02,-0.007,2,"AXSM,UI",Bull_LowVol
2019-12-24,1954649.53,-476.28,1905117.21,3860243.03,1.97,0.0,2,"AXSM,UI",Bull_LowVol
2019-12-26,2028629.67,-714.42,1905117.21,3934461.3,1.94,0.0,2,"AXSM,UI",Bull_LowVol
2019-12-27,1937169.25,-952.56,1905117.21,3843239.02,1.98,-0.0451,2,"AXSM,UI",Bull_LowVol
2019-12-30,1969817.4,-1190.7,1905117.21,3876125.32,1.97,-0.029,2,"AXSM,UI",Bull_LowVol
2019-12-31,1727259.48,-233036.01,1905117.21,3865412.7,2.24,-0.1486,2,"AXSM,UI",Bull_LowVol
2020-01-02,1699848.73,-233274.15,1905117.21,3838240.09,2.26,-0.1621,2,"AXSM,UI",Bull_LowVol
2020-01-03,1560800.51,-233512.29,1905117.21,3699430.02,2.37,-0.2306,2,"AXSM,UI",Bull_LowVol
2020-01-06,1553860.64,-233750.43,1905117.21,3692728.28,2.38,-0.234,2,"AXSM,UI",Bull_LowVol
2020-01-07,1482020.7,-233988.57,1905117.21,3621126.48,2.44,-0.2694,2,"AXSM,UI",Bull_LowVol
2020-01-08,1443651.16,-234226.71,1905117.21,3582995.08,2.48,-0.2884,2,"AXSM,UI",Bull_LowVol
2020-01-09,1619066.98,0.0,1649994.45,3269061.44,2.02,-0.2019,2,"UI,THC",Bull_LowVol
2020-01-10,1593092.72,-206.25,1649994.45,3243293.42,2.04,-0.2147,2,"UI,THC",Bull_LowVol
2020-01-13,1642169.31,-412.5,1649994.45,3292576.26,2.01,-0.1905,2,"UI,THC",Bull_LowVol
2020-01-14,1616928.32,-618.75,1649994.45,3267541.53,2.02,-0.2029,2,"UI,THC",Bull_LowVol
2020-01-15,1486627.56,-825.0,1649994.45,3137447.01,2.11,-0.2672,2,"UI,THC",Bull_LowVol
2020-01-16,1493130.7,-1031.25,1649994.45,3144156.4,2.11,-0.264,2,"UI,THC",Bull_LowVol
2020-01-17,1490903.77,-1237.5,1649994.45,3142135.72,2.11,-0.2651,2,"UI,THC",Bull_LowVol
2020-01-21,1450179.24,-1443.75,1649994.45,3101617.44,2.14,-0.2851,2,"UI,THC",Bull_LowVol
2020-01-22,1458611.69,-1649.99,1649994.45,3110256.14,2.13,-0.281,2,"UI,THC",Bull_LowVol
2020-01-23,1469074.14,-1856.24,1649994.45,3120924.84,2.12,-0.2758,2,"UI,THC",Bull_LowVol
2020-01-24,1458756.6,0.0,1355556.63,2814313.24,1.93,-0.2809,2,"TSLA,ENPH",Bull_LowVol
2020-01-27,1323600.08,-169.44,1355556.63,2679326.16,2.02,-0.3475,2,"TSLA,ENPH",Bull_LowVol
2020-01-28,1443876.93,-338.89,1355556.63,2799772.46,1.94,-0.2883,2,"TSLA,ENPH",Bull_LowVol
2020-01-29,1492642.43,-508.33,1355556.63,2848707.4,1.91,-0.2642,2,"TSLA,ENPH",Bull_LowVol
2020-01-30,1681839.8,-677.78,1355556.63,3038074.22,1.81,-0.1709,2,"TSLA,ENPH",Bull_LowVol
2020-01-31,1621527.18,-847.22,1355556.63,2977931.04,1.84,-0.2007,2,"TSLA,ENPH",Bull_LowVol
2020-02-03,2004813.98,-1016.67,1355556.63,3361387.28,1.68,-0.0117,2,"TSLA,ENPH",Bull_LowVol
2020-02-04,2442911.48,-1186.11,1355556.63,3799654.23,1.56,0.0,2,"TSLA,ENPH",Bull_LowVol
2020-02-05,2062494.51,-1355.56,1355556.63,3419406.7,1.66,-0.1557,2,"TSLA,ENPH",Bull_LowVol
2020-02-06,2161458.03,-1525.0,1355556.63,3518539.66,1.63,-0.1152,2,"TSLA,ENPH",Bull_LowVol
2020-02-07,2296309.64,0.0,2285058.6,4581368.24,2.0,-0.06,2,"ENPH,WDC",Bull_LowVol
2020-02-10,2363569.89,-285.63,2285058.6,4648914.12,1.97,-0.0325,2,"ENPH,WDC",Bull_LowVol
2020-02-11,2457156.58,-571.26,2285058.6,4742786.44,1.93,0.0,2,"ENPH,WDC",Bull_LowVol
2020-02-12,2616328.8,-856.9,2285058.6,4902244.3,1.87,0.0,2,"ENPH,WDC",Bull_LowVol
2020-02-13,2580047.29,-1142.53,2285058.6,4866248.41,1.89,-0.0139,2,"ENPH,WDC",Bull_LowVol
2020-02-14,2553444.75,-1428.16,2285058.6,4839931.51,1.9,-0.024,2,"ENPH,WDC",Bull_LowVol
2020-02-18,2465718.59,-1713.79,2285058.6,4752490.99,1.93,-0.0576,2,"ENPH,WDC",Bull_LowVol
2020-02-19,3531686.17,-1999.43,2285058.6,5818744.2,1.65,0.0,2,"ENPH,WDC",Bull_LowVol
2020-02-20,3605499.52,-2285.06,2285058.6,5892843.17,1.63,0.0,2,"ENPH,WDC",Bull_LowVol
2020-02-21,3554929.93,-2570.69,2285058.6,5842559.22,1.64,-0.014,2,"ENPH,WDC",Bull_MidVol
2020-02-24,3185221.03,0.0,2994651.06,6179872.09,1.94,-0.1166,2,"ENPH,ALB",Bull_MidVol
2020-02-25,2802374.88,-374.33,2994651.06,5797400.27,2.07,-0.2227,2,"ENPH,ALB",Bull_MidVol
2020-02-26,2854473.49,-748.66,2994651.06,5849873.21,2.05,-0.2083,2,"ENPH,ALB",Bull_MidVol
2020-02-27,2234389.31,2234389.31,0.0,0.0,0.0,-0.3803,0,CASH_BIL,Bear_HighVol
2020-02-28,2235048.29,2235048.29,0.0,0.0,0.0,-0.3801,0,CASH_BIL,Bear_HighVol
2020-03-02,2235537.07,2235537.07,0.0,0.0,0.0,-0.38,0,CASH_BIL,Bear_HighVol
2020-03-03,2236514.41,2236514.41,0.0,0.0,0.0,-0.3797,0,CASH_BIL,Bear_HighVol
2020-03-04,2237004.3,2237004.3,0.0,0.0,0.0,-0.3796,0,CASH_BIL,Bear_HighVol
2020-03-05,2237004.3,2237004.3,0.0,0.0,0.0,-0.3796,0,CASH_BIL,Bear_HighVol
2020-03-06,2237979.86,2237979.86,0.0,0.0,0.0,-0.3793,0,CASH_BIL,Bear_HighVol
2020-03-09,2237491.97,2237491.97,0.0,0.0,0.0,-0.3794,0,CASH_BIL,Bear_HighVol
2020-03-10,2237979.86,2237979.86,0.0,0.0,0.0,-0.3793,0,CASH_BIL,Bear_HighVol
2020-03-11,2238225.14,2238225.14,0.0,0.0,0.0,-0.3792,0,CASH_BIL,Bear_HighVol
2020-03-12,2238714.36,2238714.36,0.0,0.0,0.0,-0.3791,0,CASH_BIL,Bear_HighVol
2020-03-13,2238958.53,2238958.53,0.0,0.0,0.0,-0.379,0,CASH_BIL,Bear_HighVol
2020-03-16,2238958.53,2238958.53,0.0,0.0,0.0,-0.379,0,CASH_BIL,Bear_HighVol
2020-03-17,2239447.09,2239447.09,0.0,0.0,0.0,-0.3789,0,CASH_BIL,Bear_HighVol
2020-03-18,2238958.53,2238958.53,0.0,0.0,0.0,-0.379,0,CASH_BIL,Bear_HighVol
2020-03-19,2239691.48,2239691.48,0.0,0.0,0.0,-0.3788,0,CASH_BIL,Bear_HighVol
2020-03-20,2239202.47,2239202.47,0.0,0.0,0.0,-0.3789,0,CASH_BIL,Bear_HighVol
2020-03-23,2239202.47,2239202.47,0.0,0.0,0.0,-0.3789,0,CASH_BIL,Bear_HighVol
2020-03-24,2239202.47,2239202.47,0.0,0.0,0.0,-0.3789,0,CASH_BIL,Bear_HighVol
2020-03-25,2239202.47,2239202.47,0.0,0.0,0.0,-0.3789,0,CASH_BIL,Bear_HighVol
2020-03-26,2238714.36,2238714.36,0.0,0.0,0.0,-0.3791,0,CASH_BIL,Bear_HighVol
2020-03-27,2238714.36,2238714.36,0.0,0.0,0.0,-0.3791,0,CASH_BIL,Bear_HighVol
2020-03-30,2238958.53,2238958.53,0.0,0.0,0.0,-0.379,0,CASH_BIL,Bear_HighVol
2020-03-31,2238762.26,2238762.26,0.0,0.0,0.0,-0.3791,0,CASH_BIL,Bear_HighVol
2020-04-01,2239006.87,2239006.87,0.0,0.0,0.0,-0.379,0,CASH_BIL,Bear_HighVol
2020-04-02,2238273.93,2238273.93,0.0,0.0,0.0,-0.3792,0,CASH_BIL,Bear_HighVol
2020-04-03,2238517.87,2238517.87,0.0,0.0,0.0,-0.3791,0,CASH_BIL,Bear_HighVol
2020-04-06,2238029.76,2238029.76,0.0,0.0,0.0,-0.3793,0,CASH_BIL,Bear_HighVol
2020-04-07,2238273.93,2238273.93,0.0,0.0,0.0,-0.3792,0,CASH_BIL,Bear_HighVol
2020-04-08,2237784.03,2237784.03,0.0,0.0,0.0,-0.3793,0,CASH_BIL,Bear_HighVol
2020-04-09,2238273.93,2238273.93,0.0,0.0,0.0,-0.3792,0,CASH_BIL,Bear_HighVol
2020-04-13,2238517.87,2238517.87,0.0,0.0,0.0,-0.3791,0,CASH_BIL,Bear_HighVol
2020-04-14,2238273.93,2238273.93,0.0,0.0,0.0,-0.3792,0,CASH_BIL,Bear_HighVol
2020-04-15,2238029.76,2238029.76,0.0,0.0,0.0,-0.3793,0,CASH_BIL,Bear_HighVol
2020-04-16,2238517.87,2238517.87,0.0,0.0,0.0,-0.3791,0,CASH_BIL,Bear_HighVol
2020-04-17,2238273.93,2238273.93,0.0,0.0,0.0,-0.3792,0,CASH_BIL,Bear_HighVol
2020-04-20,2238273.93,2238273.93,0.0,0.0,0.0,-0.3792,0,CASH_BIL,Bear_HighVol
2020-04-21,2238273.93,2238273.93,0.0,0.0,0.0,-0.3792,0,CASH_BIL,Bear_HighVol
2020-04-22,2238517.87,2238517.87,0.0,0.0,0.0,-0.3791,0,CASH_BIL,Bear_HighVol
2020-04-23,2238273.93,2238273.93,0.0,0.0,0.0,-0.3792,0,CASH_BIL,Bear_HighVol
2020-04-24,2238273.93,2238273.93,0.0,0.0,0.0,-0.3792,0,CASH_BIL,Bear_HighVol
2020-04-27,2238273.93,2238273.93,0.0,0.0,0.0,-0.3792,0,CASH_BIL,Bear_HighVol
2020-04-28,2238029.76,2238029.76,0.0,0.0,0.0,-0.3793,0,CASH_BIL,Bear_HighVol
2020-04-29,2238517.87,2238517.87,0.0,0.0,0.0,-0.3791,0,CASH_BIL,Bear_HighVol
2020-04-30,2238126.0,2238126.0,0.0,0.0,0.0,-0.3792,0,CASH_BIL,Bear_HighVol
2020-05-01,2238126.0,2238126.0,0.0,0.0,0.0,-0.3792,0,CASH_BIL,Bear_HighVol
2020-05-04,2238126.0,2238126.0,0.0,0.0,0.0,-0.3792,0,CASH_BIL,Bear_HighVol
2020-05-05,2238372.17,2238372.17,0.0,0.0,0.0,-0.3792,0,CASH_BIL,Bear_HighVol
2020-05-06,2238126.0,2238126.0,0.0,0.0,0.0,-0.3792,0,CASH_BIL,Bear_HighVol
2020-05-07,2238126.0,2238126.0,0.0,0.0,0.0,-0.3792,0,CASH_BIL,Bear_HighVol
2020-05-08,2238372.17,2238372.17,0.0,0.0,0.0,-0.3792,0,CASH_BIL,Bear_HighVol
2020-05-11,2238372.17,2238372.17,0.0,0.0,0.0,-0.3792,0,CASH_BIL,Bear_HighVol
2020-05-12,2238372.17,2238372.17,0.0,0.0,0.0,-0.3792,0,CASH_BIL,Bear_HighVol
2020-05-13,2238616.12,2238616.12,0.0,0.0,0.0,-0.3791,0,CASH_BIL,Bear_HighVol
2020-05-14,2238126.0,2238126.0,0.0,0.0,0.0,-0.3792,0,CASH_BIL,Bear_HighVol
2020-05-15,2238126.0,2238126.0,0.0,0.0,0.0,-0.3792,0,CASH_BIL,Bear_HighVol
2020-05-18,2238126.0,2238126.0,0.0,0.0,0.0,-0.3792,0,CASH_BIL,Bear_HighVol
2020-05-19,2238126.0,2238126.0,0.0,0.0,0.0,-0.3792,0,CASH_BIL,Bear_HighVol
2020-05-20,2238126.0,2238126.0,0.0,0.0,0.0,-0.3792,0,CASH_BIL,Bull_MidVol
2020-05-21,2237879.86,2237879.86,0.0,0.0,0.0,-0.3793,0,CASH_BIL,Bear_HighVol
2020-05-22,2237879.86,2237879.86,0.0,0.0,0.0,-0.3793,0,CASH_BIL,Bull_MidVol
2020-05-26,2237879.86,2237879.86,0.0,0.0,0.0,-0.3793,0,CASH_BIL,Bull_MidVol
2020-05-27,2237879.86,2237879.86,0.0,0.0,0.0,-0.3793,0,CASH_BIL,Bull_MidVol
2020-05-28,2237879.86,2237879.86,0.0,0.0,0.0,-0.3793,0,CASH_BIL,Bull_MidVol
2020-05-29,2237879.86,2237879.86,0.0,0.0,0.0,-0.3793,0,CASH_BIL,Bull_MidVol
2020-06-01,2237879.86,2237879.86,0.0,0.0,0.0,-0.3793,0,CASH_BIL,Bull_LowVol
2020-06-02,2237879.86,2237879.86,0.0,0.0,0.0,-0.3793,0,CASH_BIL,Bull_LowVol
2020-06-03,2242640.96,0.0,2239915.72,4482556.68,2.0,-0.378,2,"W,TWLO",Bull_LowVol
2020-06-04,2106002.48,-279.99,2239915.72,4346198.19,2.06,-0.4159,2,"W,TWLO",Bull_LowVol
2020-06-05,2062221.48,-559.98,2239915.72,4302697.18,2.09,-0.428,2,"W,TWLO",Bull_LowVol
2020-06-08,2126932.28,-839.97,2239915.72,4367687.97,2.05,-0.4101,2,"W,TWLO",Bull_LowVol
2020-06-09,2055202.61,-1119.96,2239915.72,4296238.29,2.09,-0.43,2,"W,TWLO",Bull_LowVol
2020-06-10,2276137.17,-1399.95,2239915.72,4517452.84,1.98,-0.3687,2,"W,TWLO",Bull_LowVol
2020-06-11,2067220.74,-1679.94,2239915.72,4308816.4,2.08,-0.4266,2,"W,TWLO",Bull_MidVol
2020-06-12,2180584.59,-1959.93,2239915.72,4422460.24,2.03,-0.3952,2,"W,TWLO",Bull_MidVol
2020-06-15,2411615.29,-2239.92,2239915.72,4653770.92,1.93,-0.3311,2,"W,TWLO",Bull_MidVol
2020-06-16,2467178.99,-2519.91,2239915.72,4709614.62,1.91,-0.3157,2,"W,TWLO",Bull_MidVol
2020-06-17,2619693.83,-2799.89,2239915.72,4862409.45,1.86,-0.2734,2,"W,TWLO",Bull_MidVol
2020-06-18,2636524.51,-3079.88,2239915.72,4879520.12,1.85,-0.2687,2,"W,TWLO",Bull_MidVol
2020-06-19,2696296.23,-3359.87,2239915.72,4939571.82,1.83,-0.2522,2,"W,TWLO",Bull_MidVol
2020-06-22,2738408.18,-3639.86,2239915.72,4981963.76,1.82,-0.2405,2,"W,TWLO",Bull_MidVol
2020-06-23,2720441.68,-3919.85,2239915.72,4964277.25,1.82,-0.2455,2,"W,TWLO",Bull_MidVol
2020-06-24,2601444.05,-4199.84,2239915.72,4845559.61,1.86,-0.2785,2,"W,TWLO",Bull_MidVol
2020-06-25,2704162.47,-4479.83,2239915.72,4948558.03,1.83,-0.25,2,"W,TWLO",Bull_MidVol
2020-06-26,2699128.01,2699128.01,0.0,0.0,0.0,-0.2514,0,CASH_BIL,Bear_HighVol
2020-06-29,2699128.01,2699128.01,0.0,0.0,0.0,-0.2514,0,CASH_BIL,Bear_HighVol
2020-06-30,2699128.01,2699128.01,0.0,0.0,0.0,-0.2514,0,CASH_BIL,Bear_HighVol
2020-07-01,2699424.89,2699424.89,0.0,0.0,0.0,-0.2513,0,CASH_BIL,Bear_HighVol
2020-07-02,2699128.01,2699128.01,0.0,0.0,0.0,-0.2514,0,CASH_BIL,Bear_HighVol
2020-07-06,2699128.01,2699128.01,0.0,0.0,0.0,-0.2514,0,CASH_BIL,Bear_HighVol
2020-07-07,2699128.01,2699128.01,0.0,0.0,0.0,-0.2514,0,CASH_BIL,Bear_HighVol
2020-07-08,2699128.01,2699128.01,0.0,0.0,0.0,-0.2514,0,CASH_BIL,Bear_HighVol
2020-07-09,2699424.89,2699424.89,0.0,0.0,0.0,-0.2513,0,CASH_BIL,Bear_HighVol
2020-07-10,2699424.89,2699424.89,0.0,0.0,0.0,-0.2513,0,CASH_BIL,Bull_MidVol
2020-07-13,2699424.89,2699424.89,0.0,0.0,0.0,-0.2513,0,CASH_BIL,Bull_MidVol
2020-07-14,2699424.89,2699424.89,0.0,0.0,0.0,-0.2513,0,CASH_BIL,Bull_MidVol
2020-07-15,2699424.89,2699424.89,0.0,0.0,0.0,-0.2513,0,CASH_BIL,Bull_MidVol
2020-07-16,2690821.61,0.0,2161807.49,4852629.1,1.8,-0.2537,2,"XYZ,SPOT",Bull_MidVol
2020-07-17,2656641.66,-270.23,2161807.49,4818719.38,1.81,-0.2632,2,"XYZ,SPOT",Bull_MidVol
2020-07-20,3064515.89,-540.45,2161807.49,5226863.84,1.71,-0.15,2,"XYZ,SPOT",Bull_MidVol
2020-07-21,2901420.5,-810.68,2161807.49,5064038.67,1.75,-0.1953,2,"XYZ,SPOT",Bull_MidVol
2020-07-22,3065558.51,-1080.9,2161807.49,5228446.91,1.71,-0.1498,2,"XYZ,SPOT",Bull_MidVol
2020-07-23,2738942.63,-1351.13,2161807.49,4902101.25,1.79,-0.2403,2,"XYZ,SPOT",Bull_MidVol
2020-07-24,2719064.39,-1621.36,2161807.49,4882493.23,1.8,-0.2459,2,"XYZ,SPOT",Bull_MidVol
2020-07-27,2840146.67,-1891.58,2161807.49,5003845.75,1.76,-0.2123,2,"XYZ,SPOT",Bull_MidVol
2020-07-28,2745958.53,-2161.81,2161807.49,4909927.83,1.79,-0.2384,2,"XYZ,SPOT",Bull_MidVol
2020-07-29,2802235.17,-2432.03,2161807.49,4966474.69,1.77,-0.2228,2,"XYZ,SPOT",Bull_MidVol
2020-07-30,2833033.39,0.0,2310783.69,5143817.08,1.82,-0.2142,2,"XYZ,LAD",Bull_MidVol
2020-07-31,2807209.91,-288.85,2310783.69,5118282.45,1.82,-0.2214,2,"XYZ,LAD",Bull_MidVol
2020-08-03,2968118.54,-577.7,2310783.69,5279479.93,1.78,-0.1768,2,"XYZ,LAD",Bull_MidVol
2020-08-04,3028097.83,-866.54,2310783.69,5339748.06,1.76,-0.1601,2,"XYZ,LAD",Bull_MidVol
2020-08-05,3287312.89,-1155.39,2310783.69,5599251.97,1.7,-0.0883,2,"XYZ,LAD",Bull_MidVol
2020-08-06,3437284.79,-1444.24,2310783.69,5749512.72,1.67,-0.0467,2,"XYZ,LAD",Bull_MidVol
2020-08-07,3286931.63,-1733.09,2310783.69,5599448.41,1.7,-0.0884,2,"XYZ,LAD",Bull_MidVol
2020-08-10,3108791.93,-2021.94,2310783.69,5421597.55,1.74,-0.1378,2,"XYZ,LAD",Bull_MidVol
2020-08-11,3164189.4,-2310.78,2310783.69,5477283.88,1.73,-0.1224,2,"XYZ,LAD",Bull_MidVol
2020-08-12,3315775.33,-2599.63,2310783.69,5629158.65,1.7,-0.0804,2,"XYZ,LAD",Bull_MidVol
2020-08-13,3406244.95,-2888.48,2310783.69,5719917.12,1.68,-0.0553,2,"XYZ,LAD",Bull_MidVol
2020-08-14,3372042.25,-3177.33,2310783.69,5686003.27,1.69,-0.0648,2,"XYZ,LAD",Bull_MidVol
2020-08-17,3666486.83,-3466.18,2310783.69,5980736.7,1.63,0.0,2,"XYZ,LAD",Bull_MidVol
2020-08-18,3717691.79,-3755.02,2310783.69,6032230.51,1.62,0.0,2,"XYZ,LAD",Bull_MidVol
2020-08-19,3573514.72,-4043.87,2310783.69,5888342.28,1.65,-0.0388,2,"XYZ,LAD",Bull_MidVol
2020-08-20,3669319.4,-4332.72,2310783.69,5984435.82,1.63,-0.013,2,"XYZ,LAD",Bull_MidVol
2020-08-21,3668030.86,-4621.57,2310783.69,5983436.12,1.63,-0.0134,2,"XYZ,LAD",Bull_MidVol
2020-08-24,3612024.33,-4910.42,2310783.69,5927718.44,1.64,-0.0284,2,"XYZ,LAD",Bull_LowVol
2020-08-25,3722708.58,-5199.26,2310783.69,6038691.54,1.62,0.0,2,"XYZ,LAD",Bull_LowVol
2020-08-26,3555604.25,-5488.11,2310783.69,5871876.06,1.65,-0.0449,2,"XYZ,LAD",Bull_LowVol
2020-08-27,3538245.25,0.0,3081011.27,6619256.52,1.87,-0.0496,2,"XYZ,LAD",Bull_LowVol
2020-08-28,3519480.09,-385.13,3081011.27,6600876.49,1.88,-0.0546,2,"XYZ,LAD",Bull_LowVol
2020-08-31,3611469.26,-770.25,3081011.27,6693250.78,1.85,-0.0299,2,"XYZ,LAD",Bull_LowVol
2020-09-01,3884838.49,-1155.38,3081011.27,6967005.14,1.79,0.0,2,"XYZ,LAD",Bull_LowVol
2020-09-02,3800978.68,-1540.51,3081011.27,6883530.45,1.81,-0.0216,2,"XYZ,LAD",Bull_LowVol
2020-09-03,3406686.68,3406686.68,0.0,0.0,0.0,-0.1231,0,CASH_BIL,Bear_HighVol
2020-09-04,3406686.68,3406686.68,0.0,0.0,0.0,-0.1231,0,CASH_BIL,Bear_HighVol
2020-09-08,3406312.02,3406312.02,0.0,0.0,0.0,-0.1232,0,CASH_BIL,Bear_HighVol
2020-09-09,3406312.02,3406312.02,0.0,0.0,0.0,-0.1232,0,CASH_BIL,Bear_HighVol
2020-09-10,3405940.75,3405940.75,0.0,0.0,0.0,-0.1233,0,CASH_BIL,Bear_HighVol
2020-09-11,3406686.68,3406686.68,0.0,0.0,0.0,-0.1231,0,CASH_BIL,Bear_HighVol
2020-09-14,3405940.75,3405940.75,0.0,0.0,0.0,-0.1233,0,CASH_BIL,Bear_HighVol
2020-09-15,3406686.68,3406686.68,0.0,0.0,0.0,-0.1231,0,CASH_BIL,Bear_HighVol
2020-09-16,3406686.68,3406686.68,0.0,0.0,0.0,-0.1231,0,CASH_BIL,Bear_HighVol
2020-09-17,3405940.75,3405940.75,0.0,0.0,0.0,-0.1233,0,CASH_BIL,Bear_HighVol
2020-09-18,3405940.75,3405940.75,0.0,0.0,0.0,-0.1233,0,CASH_BIL,Bear_HighVol
2020-09-21,3405940.75,3405940.75,0.0,0.0,0.0,-0.1233,0,CASH_BIL,Bear_HighVol
2020-09-22,3405940.75,3405940.75,0.0,0.0,0.0,-0.1233,0,CASH_BIL,Bear_HighVol
2020-09-23,3406312.02,3406312.02,0.0,0.0,0.0,-0.1232,0,CASH_BIL,Bear_HighVol
2020-09-24,3405940.75,3405940.75,0.0,0.0,0.0,-0.1233,0,CASH_BIL,Bear_HighVol
2020-09-25,3406312.02,3406312.02,0.0,0.0,0.0,-0.1232,0,CASH_BIL,Bear_HighVol
2020-09-28,3406312.02,3406312.02,0.0,0.0,0.0,-0.1232,0,CASH_BIL,Bear_HighVol
2020-09-29,3405940.75,3405940.75,0.0,0.0,0.0,-0.1233,0,CASH_BIL,Bear_HighVol
2020-09-30,3405940.75,3405940.75,0.0,0.0,0.0,-0.1233,0,CASH_BIL,Bear_HighVol
2020-10-01,3405940.75,3405940.75,0.0,0.0,0.0,-0.1233,0,CASH_BIL,Bear_HighVol
2020-10-02,3405940.75,3405940.75,0.0,0.0,0.0,-0.1233,0,CASH_BIL,Bear_HighVol
2020-10-05,3406312.02,3406312.02,0.0,0.0,0.0,-0.1232,0,CASH_BIL,Bear_HighVol
2020-10-06,3405940.75,3405940.75,0.0,0.0,0.0,-0.1233,0,CASH_BIL,Bear_HighVol
2020-10-07,3405940.75,3405940.75,0.0,0.0,0.0,-0.1233,0,CASH_BIL,Bear_HighVol
2020-10-08,3405940.75,3405940.75,0.0,0.0,0.0,-0.1233,0,CASH_BIL,Bear_HighVol
2020-10-09,3406312.02,3406312.02,0.0,0.0,0.0,-0.1232,0,CASH_BIL,Bear_HighVol
2020-10-12,3405940.75,3405940.75,0.0,0.0,0.0,-0.1233,0,CASH_BIL,Bear_HighVol
2020-10-13,3405940.75,3405940.75,0.0,0.0,0.0,-0.1233,0,CASH_BIL,Bear_HighVol
2020-10-14,3405940.75,3405940.75,0.0,0.0,0.0,-0.1233,0,CASH_BIL,Bear_HighVol
2020-10-15,3406312.02,3406312.02,0.0,0.0,0.0,-0.1232,0,CASH_BIL,Bear_HighVol
2020-10-16,3406312.02,3406312.02,0.0,0.0,0.0,-0.1232,0,CASH_BIL,Bear_HighVol
2020-10-19,3405940.75,3405940.75,0.0,0.0,0.0,-0.1233,0,CASH_BIL,Bear_HighVol
2020-10-20,3405940.75,3405940.75,0.0,0.0,0.0,-0.1233,0,CASH_BIL,Bear_HighVol
2020-10-21,3405940.75,3405940.75,0.0,0.0,0.0,-0.1233,0,CASH_BIL,Bull_MidVol
2020-10-22,3405940.75,3405940.75,0.0,0.0,0.0,-0.1233,0,CASH_BIL,Bull_MidVol
2020-10-23,3465418.77,0.0,2727612.98,6193031.75,1.79,-0.108,2,"FDX,SITM",Bull_MidVol
2020-10-26,3327548.6,-340.95,2727612.98,6055502.53,1.82,-0.1435,2,"FDX,SITM",Bull_MidVol
2020-10-27,3349671.0,-681.9,2727612.98,6077965.89,1.81,-0.1378,2,"FDX,SITM",Bull_MidVol
2020-10-28,3015327.35,3015327.35,0.0,0.0,0.0,-0.2238,0,CASH_BIL,Bear_HighVol
2020-10-29,3015327.35,3015327.35,0.0,0.0,0.0,-0.2238,0,CASH_BIL,Bear_HighVol
2020-10-30,3015327.35,3015327.35,0.0,0.0,0.0,-0.2238,0,CASH_BIL,Bear_HighVol
2020-11-02,3015327.35,3015327.35,0.0,0.0,0.0,-0.2238,0,CASH_BIL,Bear_HighVol
2020-11-03,3014998.7,3014998.7,0.0,0.0,0.0,-0.2239,0,CASH_BIL,Bear_HighVol
2020-11-04,3015327.35,3015327.35,0.0,0.0,0.0,-0.2238,0,CASH_BIL,Bear_HighVol
2020-11-05,3014998.7,3014998.7,0.0,0.0,0.0,-0.2239,0,CASH_BIL,Bear_HighVol
2020-11-06,3015327.35,3015327.35,0.0,0.0,0.0,-0.2238,0,CASH_BIL,Bear_HighVol
2020-11-09,3014998.7,3014998.7,0.0,0.0,0.0,-0.2239,0,CASH_BIL,Bear_HighVol
2020-11-10,3014998.7,3014998.7,0.0,0.0,0.0,-0.2239,0,CASH_BIL,Bear_HighVol
2020-11-11,3014998.7,3014998.7,0.0,0.0,0.0,-0.2239,0,CASH_BIL,Bear_HighVol
2020-11-12,3015327.35,3015327.35,0.0,0.0,0.0,-0.2238,0,CASH_BIL,Bear_HighVol
2020-11-13,3015327.35,3015327.35,0.0,0.0,0.0,-0.2238,0,CASH_BIL,Bear_HighVol
2020-11-16,3015327.35,3015327.35,0.0,0.0,0.0,-0.2238,0,CASH_BIL,Bear_HighVol
2020-11-17,3015327.35,3015327.35,0.0,0.0,0.0,-0.2238,0,CASH_BIL,Bear_HighVol
2020-11-18,3015327.35,3015327.35,0.0,0.0,0.0,-0.2238,0,CASH_BIL,Bear_HighVol
2020-11-19,3015327.35,3015327.35,0.0,0.0,0.0,-0.2238,0,CASH_BIL,Bear_HighVol
2020-11-20,3015327.35,3015327.35,0.0,0.0,0.0,-0.2238,0,CASH_BIL,Bear_HighVol
2020-11-23,3015327.35,3015327.35,0.0,0.0,0.0,-0.2238,0,CASH_BIL,Bear_HighVol
2020-11-24,3014998.7,3014998.7,0.0,0.0,0.0,-0.2239,0,CASH_BIL,Bear_HighVol
2020-11-25,3015327.35,3015327.35,0.0,0.0,0.0,-0.2238,0,CASH_BIL,Bear_HighVol
2020-11-27,3014998.7,3014998.7,0.0,0.0,0.0,-0.2239,0,CASH_BIL,Bear_HighVol
2020-11-30,3014998.7,3014998.7,0.0,0.0,0.0,-0.2239,0,CASH_BIL,Bull_MidVol
2020-12-01,3014998.7,3014998.7,0.0,0.0,0.0,-0.2239,0,CASH_BIL,Bull_MidVol
2020-12-02,3014998.7,3014998.7,0.0,0.0,0.0,-0.2239,0,CASH_BIL,Bull_MidVol
2020-12-03,3014998.7,3014998.7,0.0,0.0,0.0,-0.2239,0,CASH_BIL,Bull_MidVol
2020-12-04,3014998.7,3014998.7,0.0,0.0,0.0,-0.2239,0,CASH_BIL,Bull_LowVol
2020-12-07,3041284.58,0.0,3017999.44,6059284.02,1.99,-0.2171,2,"NET,OLN",Bull_LowVol
2020-12-08,3118277.32,-377.25,3017999.44,6136654.01,1.97,-0.1973,2,"NET,OLN",Bull_LowVol
2020-12-09,3017994.45,-754.5,3017999.44,6036748.39,2.0,-0.2231,2,"NET,OLN",Bull_LowVol
2020-12-10,3282611.81,-1131.75,3017999.44,6301743.0,1.92,-0.155,2,"NET,OLN",Bull_LowVol
2020-12-11,3243792.48,-1509.0,3017999.44,6263300.91,1.93,-0.165,2,"NET,OLN",Bull_LowVol
2020-12-14,3062070.09,-1886.25,3017999.44,6081955.78,1.99,-0.2118,2,"NET,OLN",Bull_LowVol
2020-12-15,3187795.93,-2263.5,3017999.44,6208058.87,1.95,-0.1794,2,"NET,OLN",Bull_LowVol
2020-12-16,3241023.58,-2640.75,3017999.44,6261663.77,1.93,-0.1657,2,"NET,OLN",Bull_LowVol
2020-12-17,3469278.54,-3018.0,3017999.44,6490295.98,1.87,-0.107,2,"NET,OLN",Bull_LowVol
2020-12-18,3556871.73,-3395.25,3017999.44,6578266.42,1.85,-0.0844,2,"NET,OLN",Bull_LowVol
2020-12-21,3654076.09,-3772.5,3017999.44,6675848.03,1.83,-0.0594,2,"NET,OLN",Bull_LowVol
2020-12-22,3648879.02,-4149.75,3017999.44,6671028.2,1.83,-0.0607,2,"NET,OLN",Bull_LowVol
2020-12-23,3535924.16,-4527.0,3017999.44,6558450.6,1.85,-0.0898,2,"NET,OLN",Bull_LowVol
2020-12-24,3621394.66,-4904.25,3017999.44,6644298.34,1.83,-0.0678,2,"NET,OLN",Bull_LowVol
2020-12-28,3186203.97,-5281.5,3017999.44,6209484.91,1.95,-0.1798,2,"NET,OLN",Bull_LowVol
2020-12-29,3101981.34,-5658.75,3017999.44,6125639.53,1.97,-0.2015,2,"NET,OLN",Bull_LowVol
2020-12-30,3206930.99,-6036.0,3017999.44,6230966.42,1.94,-0.1745,2,"NET,OLN",Bull_LowVol
2020-12-31,2796474.93,-311065.44,3017999.44,6125539.81,2.19,-0.2802,2,"NET,OLN",Bull_LowVol
2021-01-04,2706679.18,-311442.69,3017999.44,6036121.3,2.23,-0.3033,2,"NET,OLN",Bull_LowVol
2021-01-05,2880020.27,-311819.94,3017999.44,6209839.65,2.16,-0.2587,2,"NET,OLN",Bull_LowVol
2021-01-06,2919808.72,0.0,3174178.97,6093987.69,2.09,-0.2484,2,"CHRD,MSTR",Bull_LowVol
2021-01-07,3261244.96,-396.77,3174178.97,6435820.7,1.97,-0.1605,2,"CHRD,MSTR",Bull_LowVol
2021-01-08,3265456.43,-793.54,3174178.97,6440428.94,1.97,-0.1594,2,"CHRD,MSTR",Bull_LowVol
2021-01-11,3055801.0,-1190.32,3174178.97,6231170.28,2.04,-0.2134,2,"CHRD,MSTR",Bull_LowVol
2021-01-12,3354687.29,-1587.09,3174178.97,6530453.34,1.95,-0.1365,2,"CHRD,MSTR",Bull_LowVol
2021-01-13,3351422.12,-1983.86,3174178.97,6527584.95,1.95,-0.1373,2,"CHRD,MSTR",Bull_LowVol
2021-01-14,4115720.93,-2380.63,3174178.97,7292280.53,1.77,0.0,2,"CHRD,MSTR",Bull_LowVol
2021-01-15,3710623.78,-2777.41,3174178.97,6887580.15,1.86,-0.0984,2,"CHRD,MSTR",Bull_LowVol
2021-01-19,3717282.42,-3174.18,3174178.97,6894635.56,1.85,-0.0968,2,"CHRD,MSTR",Bull_LowVol
2021-01-20,3341384.88,-3570.95,3174178.97,6519134.79,1.95,-0.1881,2,"CHRD,MSTR",Bull_LowVol
2021-01-21,3116194.41,0.0,3050114.67,6166309.08,1.98,-0.2429,2,"CELH,BE",Bull_LowVol
2021-01-22,3401165.45,-381.26,3050114.67,6451661.39,1.9,-0.1736,2,"CELH,BE",Bull_LowVol
2021-01-25,3176915.66,-762.53,3050114.67,6227792.86,1.96,-0.2281,2,"CELH,BE",Bull_LowVol
2021-01-26,3518636.17,-1143.79,3050114.67,6569894.63,1.87,-0.1451,2,"CELH,BE",Bull_LowVol
2021-01-27,2950729.06,-1525.06,3050114.67,6002368.79,2.03,-0.2831,2,"CELH,BE",Bull_MidVol
2021-01-28,2301954.91,0.0,2725270.5,5027225.41,2.18,-0.4407,2,"BE,MSTR",Bull_MidVol
2021-01-29,2321672.74,-340.66,2725270.5,5047283.89,2.17,-0.4359,2,"BE,MSTR",Bull_MidVol
2021-02-01,2574740.32,-681.32,2725270.5,5300692.14,2.06,-0.3744,2,"BE,MSTR",Bull_MidVol
2021-02-02,2851942.48,-1021.98,2725270.5,5578234.96,1.96,-0.3071,2,"BE,MSTR",Bull_MidVol
2021-02-03,3254826.56,-1362.64,2725270.5,5981459.69,1.84,-0.2092,2,"BE,MSTR",Bull_MidVol
2021-02-04,3405409.91,-1703.29,2725270.5,6132383.7,1.8,-0.1726,2,"BE,MSTR",Bull_MidVol
2021-02-05,3597510.86,-2043.95,2725270.5,6324825.32,1.76,-0.1259,2,"BE,MSTR",Bull_MidVol
2021-02-08,4448040.86,-2384.61,2725270.5,7175695.97,1.61,0.0,2,"BE,MSTR",Bull_MidVol
2021-02-09,5195567.95,-2725.27,2725270.5,7923563.72,1.53,0.0,2,"BE,MSTR",Bull_MidVol
2021-02-10,4111152.38,-3065.93,2725270.5,6839488.81,1.66,-0.2087,2,"BE,MSTR",Bull_MidVol
2021-02-11,4123600.42,-3406.59,2725270.5,6852277.51,1.66,-0.2063,2,"BE,MSTR",Bull_MidVol
2021-02-12,4241137.33,-3747.25,2725270.5,6970155.08,1.64,-0.1837,2,"BE,MSTR",Bull_MidVol
2021-02-16,3542525.17,-4087.91,2725270.5,6271883.57,1.77,-0.3182,2,"BE,MSTR",Bull_MidVol
2021-02-17,3289962.06,0.0,2997182.19,6287144.25,1.91,-0.3668,2,"MSTR,AR",Bull_MidVol
2021-02-18,2990991.85,-374.65,2997182.19,5988548.69,2.0,-0.4243,2,"MSTR,AR",Bull_MidVol
2021-02-19,2823618.28,0.0,2445850.61,5269468.89,1.87,-0.4565,2,"AR,PPLI",Bull_MidVol
2021-02-22,2646465.48,-305.73,2445850.61,5092621.83,1.92,-0.4906,2,"AR,PPLI",Bull_MidVol
2021-02-23,2637109.05,-611.46,2445850.61,5083571.12,1.93,-0.4924,2,"AR,PPLI",Bull_MidVol
2021-02-24,2855372.32,-917.19,2445850.61,5302140.13,1.86,-0.4504,2,"AR,PPLI",Bull_MidVol
2021-02-25,2669119.45,-1222.93,2445850.61,5116192.99,1.92,-0.4863,2,"AR,PPLI",Bull_MidVol
2021-02-26,2666045.27,-1528.66,2445850.61,5113424.55,1.92,-0.4869,2,"AR,PPLI",Bull_MidVol
2021-03-01,2980491.82,-1834.39,2445850.61,5428176.82,1.82,-0.4263,2,"AR,PPLI",Bull_MidVol
2021-03-02,2885721.29,-2140.12,2445850.61,5333712.03,1.85,-0.4446,2,"AR,PPLI",Bull_MidVol
2021-03-03,2777307.08,-2445.85,2445850.61,5225603.55,1.88,-0.4654,2,"AR,PPLI",Bull_MidVol
2021-03-04,2763481.19,0.0,1590407.74,4353888.93,1.58,-0.4681,2,"AR,WBD",Bull_MidVol
2021-03-05,2817601.48,-198.8,1590407.74,4408208.02,1.56,-0.4577,2,"AR,WBD",Bull_MidVol
2021-03-08,2842118.52,2842118.52,0.0,0.0,0.0,-0.453,0,CASH_BIL,Bear_HighVol
2021-03-09,2842118.52,2842118.52,0.0,0.0,0.0,-0.453,0,CASH_BIL,Bear_HighVol
2021-03-10,2842428.39,2842428.39,0.0,0.0,0.0,-0.4529,0,CASH_BIL,Bear_HighVol
2021-03-11,2842118.52,2842118.52,0.0,0.0,0.0,-0.453,0,CASH_BIL,Bear_HighVol
2021-03-12,2842118.52,2842118.52,0.0,0.0,0.0,-0.453,0,CASH_BIL,Bear_HighVol
2021-03-15,2842118.52,2842118.52,0.0,0.0,0.0,-0.453,0,CASH_BIL,Bear_HighVol
2021-03-16,2842428.39,2842428.39,0.0,0.0,0.0,-0.4529,0,CASH_BIL,Bear_HighVol
2021-03-17,2842118.52,2842118.52,0.0,0.0,0.0,-0.453,0,CASH_BIL,Bear_HighVol
2021-03-18,2842118.52,2842118.52,0.0,0.0,0.0,-0.453,0,CASH_BIL,Bear_HighVol
2021-03-19,2842118.52,2842118.52,0.0,0.0,0.0,-0.453,0,CASH_BIL,Bear_HighVol
2021-03-22,2842428.39,2842428.39,0.0,0.0,0.0,-0.4529,0,CASH_BIL,Bear_HighVol
2021-03-23,2842118.52,2842118.52,0.0,0.0,0.0,-0.453,0,CASH_BIL,Bear_HighVol
2021-03-24,2842118.52,2842118.52,0.0,0.0,0.0,-0.453,0,CASH_BIL,Bear_HighVol
2021-03-25,2842118.52,2842118.52,0.0,0.0,0.0,-0.453,0,CASH_BIL,Bear_HighVol
2021-03-26,2842118.52,2842118.52,0.0,0.0,0.0,-0.453,0,CASH_BIL,Bear_HighVol
2021-03-29,2842428.39,2842428.39,0.0,0.0,0.0,-0.4529,0,CASH_BIL,Bear_HighVol
2021-03-30,2842118.52,2842118.52,0.0,0.0,0.0,-0.453,0,CASH_BIL,Bear_HighVol
2021-03-31,2842428.39,2842428.39,0.0,0.0,0.0,-0.4529,0,CASH_BIL,Bear_HighVol
2021-04-01,2842118.52,2842118.52,0.0,0.0,0.0,-0.453,0,CASH_BIL,Bear_HighVol
2021-04-05,2841807.81,2841807.81,0.0,0.0,0.0,-0.453,0,CASH_BIL,Bear_HighVol
2021-04-06,2841807.81,2841807.81,0.0,0.0,0.0,-0.453,0,CASH_BIL,Bull_MidVol
2021-04-07,2841807.81,2841807.81,0.0,0.0,0.0,-0.453,0,CASH_BIL,Bull_MidVol
2021-04-08,2841807.81,2841807.81,0.0,0.0,0.0,-0.453,0,CASH_BIL,Bull_MidVol
2021-04-09,2841807.81,2841807.81,0.0,0.0,0.0,-0.453,0,CASH_BIL,Bull_MidVol
2021-04-12,2841807.81,2841807.81,0.0,0.0,0.0,-0.453,0,CASH_BIL,Bull_MidVol
2021-04-13,2841807.81,2841807.81,0.0,0.0,0.0,-0.453,0,CASH_BIL,Bull_MidVol
2021-04-14,2841807.81,2841807.81,0.0,0.0,0.0,-0.453,0,CASH_BIL,Bull_MidVol
2021-04-15,2841807.81,2841807.81,0.0,0.0,0.0,-0.453,0,CASH_BIL,Bull_MidVol
2021-04-16,2841807.81,2841807.81,0.0,0.0,0.0,-0.453,0,CASH_BIL,Bull_LowVol
2021-04-19,2950909.77,0.0,2844615.68,5795525.45,1.96,-0.432,2,"CAR,TPL",Bull_LowVol
2021-04-20,2676325.51,-355.58,2844615.68,5521296.76,2.06,-0.4849,2,"CAR,TPL",Bull_LowVol
2021-04-21,2816289.62,-711.15,2844615.68,5661616.45,2.01,-0.4579,2,"CAR,TPL",Bull_LowVol
2021-04-22,2847135.82,-1066.73,2844615.68,5692818.23,2.0,-0.452,2,"CAR,TPL",Bull_LowVol
2021-04-23,3003911.9,-1422.31,2844615.68,5849949.89,1.95,-0.4218,2,"CAR,TPL",Bull_LowVol
2021-04-26,3277883.17,-1777.88,2844615.68,6124276.73,1.87,-0.3691,2,"CAR,TPL",Bull_LowVol
2021-04-27,3433679.89,-2133.46,2844615.68,6280429.03,1.83,-0.3391,2,"CAR,TPL",Bull_LowVol
2021-04-28,3545992.55,-2489.04,2844615.68,6393097.27,1.8,-0.3175,2,"CAR,TPL",Bull_LowVol
2021-04-29,3371784.29,-2844.62,2844615.68,6219244.58,1.84,-0.351,2,"CAR,TPL",Bull_LowVol
2021-04-30,3365342.65,-3200.19,2844615.68,6213158.52,1.85,-0.3523,2,"CAR,TPL",Bull_LowVol
2021-05-03,3473463.65,0.0,3325828.77,6799292.42,1.96,-0.3315,2,"CAR,TPL",Bull_LowVol
2021-05-04,3324457.75,-415.73,3325828.77,6650702.25,2.0,-0.3601,2,"CAR,TPL",Bull_LowVol
2021-05-05,3484746.5,-831.46,3325828.77,6811406.73,1.95,-0.3293,2,"CAR,TPL",Bull_LowVol
2021-05-06,3279685.4,-1247.19,3325828.77,6606761.36,2.01,-0.3688,2,"CAR,TPL",Bull_LowVol
2021-05-07,3530109.49,-1662.91,3325828.77,6857601.18,1.94,-0.3206,2,"CAR,TPL",Bull_LowVol
2021-05-10,3527276.67,-2078.64,3325828.77,6855184.08,1.94,-0.3211,2,"CAR,TPL",Bull_LowVol
2021-05-11,3462414.51,-2494.37,3325828.77,6790737.65,1.96,-0.3336,2,"CAR,TPL",Bull_LowVol
2021-05-12,3142709.85,-2910.1,3325828.77,6471448.72,2.06,-0.3951,2,"CAR,TPL",Bull_MidVol
2021-05-13,3196775.9,-3325.83,3325828.77,6525930.5,2.04,-0.3847,2,"CAR,TPL",Bull_LowVol
2021-05-14,3559611.91,-3741.56,3325828.77,6889182.24,1.94,-0.3149,2,"CAR,TPL",Bull_MidVol
2021-05-17,3522829.87,-4157.29,3325828.77,6852815.93,1.95,-0.322,2,"CAR,TPL",Bull_MidVol
2021-05-18,3256093.61,-4573.01,3325828.77,6586495.4,2.02,-0.3733,2,"CAR,TPL",Bull_MidVol
2021-05-19,3009854.77,-4988.74,3325828.77,6340672.29,2.11,-0.4207,2,"CAR,TPL",Bull_MidVol
2021-05-20,3111382.59,-5404.47,3325828.77,6442615.84,2.07,-0.4011,2,"CAR,TPL",Bull_MidVol
2021-05-21,3098738.64,-5820.2,3325828.77,6430387.61,2.08,-0.4036,2,"CAR,TPL",Bull_MidVol
2021-05-24,3078633.39,-6235.93,3325828.77,6410698.09,2.08,-0.4075,2,"CAR,TPL",Bull_MidVol
2021-05-25,2958469.68,-6651.66,3325828.77,6290950.11,2.13,-0.4306,2,"CAR,TPL",Bull_MidVol
2021-05-26,2975749.8,-7067.39,3325828.77,6308645.96,2.12,-0.4273,2,"CAR,TPL",Bull_MidVol
2021-05-27,3017154.34,-7483.11,3325828.77,6350466.23,2.1,-0.4193,2,"CAR,TPL",Bull_MidVol
2021-05-28,3085316.39,-7898.84,3325828.77,6419044.01,2.08,-0.4062,2,"CAR,TPL",Bull_MidVol
2021-06-01,3241895.9,0.0,3017534.71,6259430.6,1.93,-0.376,2,"CAR,NUE",Bull_MidVol
2021-06-02,2983655.02,-377.19,3017534.71,6001566.92,2.01,-0.4257,2,"CAR,NUE",Bull_MidVol
2021-06-03,3039922.68,-754.38,3017534.71,6058211.78,1.99,-0.4149,2,"CAR,NUE",Bull_MidVol
2021-06-04,3038901.03,-1131.58,3017534.71,6057567.31,1.99,-0.4151,2,"CAR,NUE",Bull_MidVol
2021-06-07,3141284.92,-1508.77,3017534.71,6160328.4,1.96,-0.3954,2,"CAR,NUE",Bull_MidVol
2021-06-08,3308154.13,-1885.96,3017534.71,6327574.8,1.91,-0.3633,2,"CAR,NUE",Bull_LowVol
2021-06-09,3119505.28,-2263.15,3017534.71,6139303.14,1.97,-0.3996,2,"CAR,NUE",Bull_LowVol
2021-06-10,3027396.45,-2640.34,3017534.71,6047571.5,2.0,-0.4173,2,"CAR,NUE",Bull_LowVol
2021-06-11,3306592.1,-3017.53,3017534.71,6327144.34,1.91,-0.3636,2,"CAR,NUE",Bull_LowVol
2021-06-14,3105455.68,-3394.73,3017534.71,6126385.12,1.97,-0.4023,2,"CAR,NUE",Bull_LowVol
2021-06-15,3087994.58,0.0,2682025.25,5770019.83,1.87,-0.4056,2,"NUE,DDS",Bull_LowVol
2021-06-16,3044331.76,-335.25,2682025.25,5726692.27,1.88,-0.4141,2,"NUE,DDS",Bull_LowVol
2021-06-17,2871515.52,0.0,3018114.62,5889630.14,2.05,-0.4473,2,"DDS,CHRD",Bull_LowVol
2021-06-18,2846616.42,-377.26,3018114.62,5865108.31,2.06,-0.4521,2,"DDS,CHRD",Bull_LowVol
2021-06-21,3094111.04,-754.53,3018114.62,6112980.19,1.98,-0.4045,2,"DDS,CHRD",Bull_LowVol
2021-06-22,3217903.78,-1131.79,3018114.62,6237150.19,1.94,-0.3806,2,"DDS,CHRD",Bull_LowVol
2021-06-23,3411786.07,-1509.06,3018114.62,6431409.74,1.89,-0.3433,2,"DDS,CHRD",Bull_LowVol
2021-06-24,3547439.77,-1886.32,3018114.62,6567440.71,1.85,-0.3172,2,"DDS,CHRD",Bull_LowVol
2021-06-25,3463860.94,-2263.59,3018114.62,6484239.15,1.87,-0.3333,2,"DDS,CHRD",Bull_LowVol
2021-06-28,3279989.7,-2640.85,3018114.62,6300745.17,1.92,-0.3687,2,"DDS,CHRD",Bull_LowVol
2021-06-29,3259111.8,-3018.11,3018114.62,6280244.53,1.93,-0.3727,2,"DDS,CHRD",Bull_LowVol
2021-06-30,3437897.85,-3395.38,3018114.62,6459407.85,1.88,-0.3383,2,"DDS,CHRD",Bull_LowVol
2021-07-01,3747302.69,-3772.64,3018114.62,6769189.96,1.81,-0.2788,2,"DDS,CHRD",Bull_LowVol
2021-07-02,3630807.49,-4149.91,3018114.62,6653072.02,1.83,-0.3012,2,"DDS,CHRD",Bull_LowVol
2021-07-06,3415807.43,-4527.17,3018114.62,6438449.22,1.88,-0.3426,2,"DDS,CHRD",Bull_LowVol
2021-07-07,3464984.74,-4904.44,3018114.62,6488003.79,1.87,-0.3331,2,"DDS,CHRD",Bull_LowVol
2021-07-08,3582634.16,-5281.7,3018114.62,6606030.48,1.84,-0.3104,2,"DDS,CHRD",Bull_LowVol
2021-07-09,3650805.46,-5658.96,3018114.62,6674579.04,1.83,-0.2973,2,"DDS,CHRD",Bull_LowVol
2021-07-12,3612188.03,-6036.23,3018114.62,6636338.88,1.84,-0.3048,2,"DDS,CHRD",Bull_LowVol
2021-07-13,3621752.07,-6413.49,3018114.62,6646280.18,1.84,-0.3029,2,"DDS,CHRD",Bull_LowVol
2021-07-14,3465183.79,0.0,3493089.24,6958273.03,2.01,-0.3331,2,"DDS,CHRD",Bull_LowVol
2021-07-15,3187555.85,-436.64,3493089.24,6681081.73,2.1,-0.3865,2,"DDS,CHRD",Bull_LowVol
2021-07-16,3005386.43,-873.27,3493089.24,6499348.95,2.16,-0.4215,2,"DDS,CHRD",Bull_LowVol
2021-07-19,2619769.95,-1309.91,3493089.24,6114169.1,2.33,-0.4958,2,"DDS,CHRD",Bull_LowVol
2021-07-20,2984107.97,-1746.54,3493089.24,6478943.76,2.17,-0.4256,2,"DDS,CHRD",Bull_LowVol
2021-07-21,3342102.1,-2183.18,3493089.24,6837374.53,2.05,-0.3567,2,"DDS,CHRD",Bull_LowVol
2021-07-22,3360229.47,-2619.82,3493089.24,6855938.53,2.04,-0.3533,2,"DDS,CHRD",Bull_LowVol
2021-07-23,3244171.85,-3056.45,3493089.24,6740317.55,2.08,-0.3756,2,"DDS,CHRD",Bull_LowVol
2021-07-26,3433351.94,-3493.09,3493089.24,6929934.27,2.02,-0.3392,2,"DDS,CHRD",Bull_LowVol
2021-07-27,3211978.19,-3929.73,3493089.24,6708997.16,2.09,-0.3818,2,"DDS,CHRD",Bull_LowVol
2021-07-28,3417989.44,0.0,3488593.14,6906582.58,2.02,-0.3421,2,"DDS,MRNA",Bull_LowVol
2021-07-29,3350551.22,-436.07,3488593.14,6839580.44,2.04,-0.3551,2,"DDS,MRNA",Bull_LowVol
2021-07-30,3455727.51,-872.15,3488593.14,6945192.81,2.01,-0.3349,2,"DDS,MRNA",Bull_LowVol
2021-08-02,3298709.85,0.0,3389018.95,6687728.8,2.03,-0.3651,2,"MRNA,DOCU",Bull_LowVol
2021-08-03,3661111.97,-423.63,3389018.95,7050554.55,1.93,-0.2953,2,"MRNA,DOCU",Bull_LowVol
2021-08-04,4082908.17,-847.25,3389018.95,7472774.37,1.83,-0.2142,2,"MRNA,DOCU",Bull_LowVol
2021-08-05,4095898.31,-1270.88,3389018.95,7486188.14,1.83,-0.2117,2,"MRNA,DOCU",Bull_LowVol
2021-08-06,4037327.82,-1694.51,3389018.95,7428041.28,1.84,-0.2229,2,"MRNA,DOCU",Bull_LowVol
2021-08-09,4771889.62,-2118.14,3389018.95,8163026.7,1.71,-0.0815,2,"MRNA,DOCU",Bull_LowVol
2021-08-10,4443979.69,-2541.76,3389018.95,7835540.4,1.76,-0.1447,2,"MRNA,DOCU",Bull_LowVol
2021-08-11,3801938.99,0.0,3829758.45,7631697.44,2.01,-0.2682,2,"DOCU,SITM",Bull_LowVol
2021-08-12,3770366.51,-478.72,3829758.45,7600603.68,2.02,-0.2743,2,"DOCU,SITM",Bull_LowVol
2021-08-13,3756237.85,-957.44,3829758.45,7586953.74,2.02,-0.277,2,"DOCU,SITM",Bull_LowVol
2021-08-16,3604868.35,-1436.16,3829758.45,7436062.96,2.06,-0.3062,2,"DOCU,SITM",Bull_LowVol
2021-08-17,3499013.26,-1914.88,3829758.45,7330686.59,2.1,-0.3265,2,"DOCU,SITM",Bull_LowVol
2021-08-18,3512514.09,-2393.6,3829758.45,7344666.14,2.09,-0.3239,2,"DOCU,SITM",Bull_LowVol
2021-08-19,3609194.97,-2872.32,3829758.45,7441825.74,2.06,-0.3053,2,"DOCU,SITM",Bull_LowVol
2021-08-20,3689489.22,-3351.04,3829758.45,7522598.71,2.04,-0.2899,2,"DOCU,SITM",Bull_LowVol
2021-08-23,3673065.61,-3829.76,3829758.45,7506653.82,2.04,-0.293,2,"DOCU,SITM",Bull_LowVol
2021-08-24,3747941.76,-4308.48,3829758.45,7582008.69,2.02,-0.2786,2,"DOCU,SITM",Bull_LowVol
2021-08-25,3674736.86,0.0,3590525.56,7265262.41,1.98,-0.2927,2,"SITM,CMG",Bull_LowVol
2021-08-26,3777392.1,-448.82,3590525.56,7368366.47,1.95,-0.273,2,"SITM,CMG",Bull_LowVol
2021-08-27,3850763.3,-897.63,3590525.56,7442186.49,1.93,-0.2588,2,"SITM,CMG",Bull_LowVol
2021-08-30,3955089.74,-1346.45,3590525.56,7546961.74,1.91,-0.2388,2,"SITM,CMG",Bull_LowVol
2021-08-31,3949201.98,-1795.26,3590525.56,7541522.8,1.91,-0.2399,2,"SITM,CMG",Bull_LowVol
2021-09-01,3941605.72,-2244.08,3590525.56,7534375.35,1.91,-0.2414,2,"SITM,CMG",Bull_LowVol
2021-09-02,3998852.38,-2692.89,3590525.56,7592070.83,1.9,-0.2303,2,"SITM,CMG",Bull_LowVol
2021-09-03,4195872.12,-3141.71,3590525.56,7789539.38,1.86,-0.1924,2,"SITM,CMG",Bull_LowVol
2021-09-07,4152988.52,-3590.53,3590525.56,7747104.61,1.87,-0.2007,2,"SITM,CMG",Bull_LowVol
2021-09-08,4129103.79,-4039.34,3590525.56,7723668.69,1.87,-0.2053,2,"SITM,CMG",Bull_LowVol
2021-09-09,4026202.75,-4488.16,3590525.56,7621216.46,1.89,-0.2251,2,"SITM,CMG",Bull_LowVol
2021-09-10,4069191.71,-4936.97,3590525.56,7664654.24,1.88,-0.2168,2,"SITM,CMG",Bull_LowVol
2021-09-13,4060243.15,-5385.79,3590525.56,7656154.5,1.89,-0.2185,2,"SITM,CMG",Bull_LowVol
2021-09-14,4021069.62,-5834.6,3590525.56,7617429.78,1.89,-0.2261,2,"SITM,CMG",Bull_LowVol
2021-09-15,4023602.31,-6283.42,3590525.56,7620411.29,1.89,-0.2256,2,"SITM,CMG",Bull_LowVol
2021-09-16,4224543.78,-6732.24,3590525.56,7821801.58,1.85,-0.1869,2,"SITM,CMG",Bull_LowVol
2021-09-17,4171755.08,-7181.05,3590525.56,7769461.69,1.86,-0.1971,2,"SITM,CMG",Bull_LowVol
2021-09-20,4004686.49,-7629.87,3590525.56,7602841.91,1.9,-0.2292,2,"SITM,CMG",Bull_LowVol
2021-09-21,4002822.1,-8078.68,3590525.56,7601426.34,1.9,-0.2296,2,"SITM,CMG",Bull_LowVol
2021-09-22,4297733.53,-8527.5,3590525.56,7896786.58,1.84,-0.1728,2,"SITM,CMG",Bull_LowVol
2021-09-23,4549264.47,0.0,4374207.1,8923471.57,1.96,-0.1244,2,"SITM,MRNA",Bull_LowVol
2021-09-24,4234465.06,-546.78,4374207.1,8609218.94,2.03,-0.185,2,"SITM,MRNA",Bull_LowVol
2021-09-27,3838823.85,-1093.55,4374207.1,8214124.5,2.14,-0.2611,2,"SITM,MRNA",Bull_LowVol
2021-09-28,3261369.17,0.0,2073452.8,5334821.97,1.64,-0.3723,2,"SITM,ACI",Bull_LowVol
2021-09-29,3097672.86,-259.18,2073452.8,5171384.84,1.67,-0.4038,2,"SITM,ACI",Bull_LowVol
2021-09-30,3290394.88,-518.36,2073452.8,5364366.04,1.63,-0.3667,2,"SITM,ACI",Bull_LowVol
2021-10-01,3299815.5,-777.54,2073452.8,5374045.85,1.63,-0.3649,2,"SITM,ACI",Bull_LowVol
2021-10-04,3156889.19,-1036.73,2073452.8,5231378.72,1.66,-0.3924,2,"SITM,ACI",Bull_LowVol
2021-10-05,3256547.47,-1295.91,2073452.8,5331296.18,1.64,-0.3732,2,"SITM,ACI",Bull_LowVol
2021-10-06,3326608.4,-1555.09,2073452.8,5401616.28,1.62,-0.3597,2,"SITM,ACI",Bull_LowVol
2021-10-07,3256547.04,0.0,2286965.73,5543512.77,1.7,-0.3732,2,"SITM,TEAM",Bull_LowVol
2021-10-08,3250921.26,-285.87,2286965.73,5538172.86,1.7,-0.3743,2,"SITM,TEAM",Bull_LowVol
2021-10-11,3165728.49,-571.74,2286965.73,5453265.95,1.72,-0.3907,2,"SITM,TEAM",Bull_MidVol
2021-10-12,3184940.2,-857.61,2286965.73,5472763.54,1.72,-0.387,2,"SITM,TEAM",Bull_MidVol
2021-10-13,3309252.38,-1143.48,2286965.73,5597361.58,1.69,-0.3631,2,"SITM,TEAM",Bull_MidVol
2021-10-14,3454669.94,-1429.35,2286965.73,5743065.02,1.66,-0.3351,2,"SITM,TEAM",Bull_MidVol
2021-10-15,3474810.63,-1715.22,2286965.73,5763491.58,1.66,-0.3312,2,"SITM,TEAM",Bull_MidVol
2021-10-18,3499204.4,-2001.1,2286965.73,5788171.22,1.65,-0.3265,2,"SITM,TEAM",Bull_MidVol
2021-10-19,3548754.76,-2286.97,2286965.73,5838007.46,1.65,-0.317,2,"SITM,TEAM",Bull_MidVol
2021-10-20,3457967.72,-2572.84,2286965.73,5747506.28,1.66,-0.3344,2,"SITM,TEAM",Bull_LowVol
2021-10-21,3558506.92,0.0,3610134.68,7168641.6,2.01,-0.3151,2,"CAR,RRC",Bull_LowVol
2021-10-22,3735622.84,-451.27,3610134.68,7346208.78,1.97,-0.281,2,"CAR,RRC",Bull_MidVol
2021-10-25,4158015.37,-902.53,3610134.68,7769052.59,1.87,-0.1997,2,"CAR,RRC",Bull_MidVol
2021-10-26,3995129.09,-1353.8,3610134.68,7606617.57,1.9,-0.2311,2,"CAR,RRC",Bull_LowVol
2021-10-27,3668902.28,-1805.07,3610134.68,7280842.03,1.98,-0.2938,2,"CAR,RRC",Bull_LowVol
2021-10-28,3712871.64,-2256.33,3610134.68,7325262.65,1.97,-0.2854,2,"CAR,RRC",Bull_LowVol
2021-10-29,3647686.48,-2707.6,3610134.68,7260528.76,1.99,-0.2979,2,"CAR,RRC",Bull_LowVol
2021-11-01,3586184.0,-3158.87,3610134.68,7199477.55,2.01,-0.3098,2,"CAR,RRC",Bull_LowVol
2021-11-02,7644587.64,-3610.13,3610134.68,11258332.45,1.47,0.0,2,"CAR,RRC",Bull_LowVol
2021-11-03,6356114.9,-4061.4,3610134.68,9970310.98,1.57,-0.1685,2,"CAR,RRC",Bull_LowVol
2021-11-04,5527606.11,0.0,5709015.02,11236621.13,2.03,-0.2769,2,"MTDR,AR",Bull_LowVol
2021-11-05,5829994.6,-713.63,5709015.02,11539723.25,1.98,-0.2374,2,"MTDR,AR",Bull_LowVol
2021-11-08,5921656.4,-1427.25,5709015.02,11632098.68,1.96,-0.2254,2,"MTDR,AR",Bull_LowVol
2021-11-09,5880141.1,-2140.88,5709015.02,11591297.01,1.97,-0.2308,2,"MTDR,AR",Bull_LowVol
2021-11-10,5240186.25,-2854.51,5709015.02,10952055.78,2.09,-0.3145,2,"MTDR,AR",Bull_LowVol
2021-11-11,5531853.86,-3568.13,5709015.02,11244437.02,2.03,-0.2764,2,"MTDR,AR",Bull_LowVol
2021-11-12,5384288.26,-4281.76,5709015.02,11097585.04,2.06,-0.2957,2,"MTDR,AR",Bull_LowVol
2021-11-15,5648002.95,-4995.39,5709015.02,11362013.37,2.01,-0.2612,2,"MTDR,AR",Bull_LowVol
2021-11-16,5660390.43,-5709.02,5709015.02,11375114.46,2.01,-0.2596,2,"MTDR,AR",Bull_LowVol
2021-11-17,5074823.91,-6422.64,5709015.02,10790261.57,2.13,-0.3362,2,"MTDR,AR",Bull_LowVol
2021-11-18,4973405.32,0.0,5622879.57,10596284.9,2.13,-0.3494,2,"MTDR,NET",Bull_LowVol
2021-11-19,4597681.7,-702.86,5622879.57,10221264.13,2.22,-0.3986,2,"MTDR,NET",Bull_LowVol
2021-11-22,4075944.31,0.0,5535372.16,9611316.46,2.36,-0.4668,2,"MTDR,TSLA",Bull_LowVol
2021-11-23,4175415.97,-691.92,5535372.16,9711480.05,2.33,-0.4538,2,"MTDR,TSLA",Bull_LowVol
2021-11-24,4282686.25,-1383.84,5535372.16,9819442.25,2.29,-0.4398,2,"MTDR,TSLA",Bull_LowVol
2021-11-26,3411299.83,-2075.76,5535372.16,8948747.75,2.62,-0.5538,2,"MTDR,TSLA",Bull_LowVol
2021-11-29,3797935.19,-2767.69,5535372.16,9336075.03,2.46,-0.5032,2,"MTDR,TSLA",Bull_LowVol
2021-11-30,3693562.71,-3459.61,5535372.16,9232394.47,2.5,-0.5168,2,"MTDR,TSLA",Bull_LowVol
2021-12-01,2965869.38,0.0,3855752.12,6821621.51,2.3,-0.612,2,"TSLA,F",Bull_LowVol
2021-12-02,2972629.78,-481.97,3855752.12,6828863.88,2.3,-0.6111,2,"TSLA,F",Bull_LowVol
2021-12-03,2548619.29,0.0,2896942.43,5445561.72,2.14,-0.6666,2,"F,DLTR",Bull_LowVol
2021-12-06,2574686.05,-362.12,2896942.43,5471990.6,2.13,-0.6632,2,"F,DLTR",Bull_MidVol
2021-12-07,2689476.47,-724.24,2896942.43,5587143.14,2.08,-0.6482,2,"F,DLTR",Bull_MidVol
2021-12-08,2678504.06,-1086.35,2896942.43,5576532.84,2.08,-0.6496,2,"F,DLTR",Bull_MidVol
2021-12-09,2638286.32,-1448.47,2896942.43,5536677.23,2.1,-0.6549,2,"F,DLTR",Bull_MidVol
2021-12-10,2980286.54,-1810.59,2896942.43,5879039.56,1.97,-0.6101,2,"F,DLTR",Bull_MidVol
2021-12-13,2813097.2,-2172.71,2896942.43,5712212.34,2.03,-0.632,2,"F,DLTR",Bull_MidVol
2021-12-14,2724721.99,-2534.82,2896942.43,5624199.25,2.06,-0.6436,2,"F,DLTR",Bull_MidVol
2021-12-15,2760613.56,-2896.94,2896942.43,5660452.93,2.05,-0.6389,2,"F,DLTR",Bull_MidVol
2021-12-16,2698353.07,2698353.07,0.0,0.0,0.0,-0.647,0,CASH_BIL,Bear_HighVol
2021-12-17,2741576.59,0.0,1377.86,2742954.44,1.0,-0.6414,2,"DLTR,ANET",Bull_MidVol
2021-12-20,2735054.39,-0.17,1377.86,2736432.43,1.0,-0.6422,2,"DLTR,ANET",Bull_MidVol
2021-12-21,2761912.22,2761912.22,0.0,0.0,0.0,-0.6387,0,CASH_BIL,Bear_HighVol
2021-12-22,2761912.22,2761912.22,0.0,0.0,0.0,-0.6387,0,CASH_BIL,Bear_HighVol
2021-12-23,2762214.7,2762214.7,0.0,0.0,0.0,-0.6387,0,CASH_BIL,Bear_HighVol
2021-12-27,2761912.22,2761912.22,0.0,0.0,0.0,-0.6387,0,CASH_BIL,Bear_HighVol
2021-12-28,2761912.22,2761912.22,0.0,0.0,0.0,-0.6387,0,CASH_BIL,Bear_HighVol
2021-12-29,2761912.22,2761912.22,0.0,0.0,0.0,-0.6387,0,CASH_BIL,Bull_MidVol
2021-12-30,2761912.22,2761912.22,0.0,0.0,0.0,-0.6387,0,CASH_BIL,Bull_MidVol
2021-12-31,2760609.4,2760609.4,0.0,0.0,0.0,-0.6389,0,CASH_BIL,Bull_MidVol
2022-01-03,2723908.98,0.0,2210949.27,4934858.25,1.81,-0.6437,2,"COKE,BLDR",Bull_MidVol
2022-01-04,2746674.83,-276.37,2210949.27,4957900.47,1.81,-0.6407,2,"COKE,BLDR",Bull_MidVol
2022-01-05,2647943.27,-552.74,2210949.27,4859445.28,1.84,-0.6536,2,"COKE,BLDR",Bull_MidVol
2022-01-06,2728590.23,-829.11,2210949.27,4940368.61,1.81,-0.6431,2,"COKE,BLDR",Bull_MidVol
2022-01-07,2512075.66,-1105.47,2210949.27,4724130.41,1.88,-0.6714,2,"COKE,BLDR",Bull_MidVol
2022-01-10,2473779.41,-1381.84,2210949.27,4686110.52,1.89,-0.6764,2,"COKE,BLDR",Bull_MidVol
2022-01-11,2558273.98,-1658.21,2210949.27,4770881.47,1.86,-0.6653,2,"COKE,BLDR",Bull_MidVol
2022-01-12,2597344.92,-1934.58,2210949.27,4810228.78,1.85,-0.6602,2,"COKE,BLDR",Bull_MidVol
2022-01-13,2655864.93,-2210.95,2210949.27,4869025.15,1.83,-0.6526,2,"COKE,BLDR",Bull_MidVol
2022-01-14,2574785.15,-2487.32,2210949.27,4788221.74,1.86,-0.6632,2,"COKE,BLDR",Bull_MidVol
2022-01-18,2394023.45,0.0,1174399.8,3568423.25,1.49,-0.6868,2,"COKE,MU",Bull_MidVol
2022-01-19,2294708.02,-146.8,1174399.8,3469254.62,1.51,-0.6998,2,"COKE,MU",Bull_MidVol
2022-01-20,2216091.55,2216091.55,0.0,0.0,0.0,-0.7101,0,CASH_BIL,Bear_HighVol
2022-01-21,2216334.26,2216334.26,0.0,0.0,0.0,-0.7101,0,CASH_BIL,Bear_HighVol
2022-01-24,2215849.73,2215849.73,0.0,0.0,0.0,-0.7101,0,CASH_BIL,Bear_HighVol
2022-01-25,2216091.55,2216091.55,0.0,0.0,0.0,-0.7101,0,CASH_BIL,Bear_HighVol
2022-01-26,2216334.26,2216334.26,0.0,0.0,0.0,-0.7101,0,CASH_BIL,Bear_HighVol
2022-01-27,2215849.73,2215849.73,0.0,0.0,0.0,-0.7101,0,CASH_BIL,Bear_HighVol
2022-01-28,2216334.26,2216334.26,0.0,0.0,0.0,-0.7101,0,CASH_BIL,Bear_HighVol
2022-01-31,2216091.55,2216091.55,0.0,0.0,0.0,-0.7101,0,CASH_BIL,Bear_HighVol
2022-02-01,2216334.26,2216334.26,0.0,0.0,0.0,-0.7101,0,CASH_BIL,Bear_HighVol
2022-02-02,2216334.26,2216334.26,0.0,0.0,0.0,-0.7101,0,CASH_BIL,Bear_HighVol
2022-02-03,2215849.73,2215849.73,0.0,0.0,0.0,-0.7101,0,CASH_BIL,Bear_HighVol
2022-02-04,2215849.73,2215849.73,0.0,0.0,0.0,-0.7101,0,CASH_BIL,Bear_HighVol
2022-02-07,2216091.55,2216091.55,0.0,0.0,0.0,-0.7101,0,CASH_BIL,Bear_HighVol
2022-02-08,2215849.73,2215849.73,0.0,0.0,0.0,-0.7101,0,CASH_BIL,Bear_HighVol
2022-02-09,2215849.73,2215849.73,0.0,0.0,0.0,-0.7101,0,CASH_BIL,Bear_HighVol
2022-02-10,2215849.73,2215849.73,0.0,0.0,0.0,-0.7101,0,CASH_BIL,Bear_HighVol
2022-02-11,2215607.46,2215607.46,0.0,0.0,0.0,-0.7102,0,CASH_BIL,Bear_HighVol
2022-02-14,2216091.55,2216091.55,0.0,0.0,0.0,-0.7101,0,CASH_BIL,Bear_HighVol
2022-02-15,2216091.55,2216091.55,0.0,0.0,0.0,-0.7101,0,CASH_BIL,Bear_HighVol
2022-02-16,2215849.73,2215849.73,0.0,0.0,0.0,-0.7101,0,CASH_BIL,Bear_HighVol
2022-02-17,2216091.55,2216091.55,0.0,0.0,0.0,-0.7101,0,CASH_BIL,Bear_HighVol
2022-02-18,2216091.55,2216091.55,0.0,0.0,0.0,-0.7101,0,CASH_BIL,Bear_HighVol
2022-02-22,2215849.73,2215849.73,0.0,0.0,0.0,-0.7101,0,CASH_BIL,Bear_HighVol
2022-02-23,2215849.73,2215849.73,0.0,0.0,0.0,-0.7101,0,CASH_BIL,Bear_HighVol
2022-02-24,2215849.73,2215849.73,0.0,0.0,0.0,-0.7101,0,CASH_BIL,Bear_HighVol
2022-02-25,2215849.73,2215849.73,0.0,0.0,0.0,-0.7101,0,CASH_BIL,Bear_HighVol
2022-02-28,2216382.85,2216382.85,0.0,0.0,0.0,-0.7101,0,CASH_BIL,Bear_HighVol
2022-03-01,2216382.85,2216382.85,0.0,0.0,0.0,-0.7101,0,CASH_BIL,Bear_HighVol
2022-03-02,2216624.89,2216624.89,0.0,0.0,0.0,-0.71,0,CASH_BIL,Bear_HighVol
2022-03-03,2216624.89,2216624.89,0.0,0.0,0.0,-0.71,0,CASH_BIL,Bear_HighVol
2022-03-04,2216624.89,2216624.89,0.0,0.0,0.0,-0.71,0,CASH_BIL,Bear_HighVol
2022-03-07,2216624.89,2216624.89,0.0,0.0,0.0,-0.71,0,CASH_BIL,Bear_HighVol
2022-03-08,2216624.89,2216624.89,0.0,0.0,0.0,-0.71,0,CASH_BIL,Bear_HighVol
2022-03-09,2216624.89,2216624.89,0.0,0.0,0.0,-0.71,0,CASH_BIL,Bear_HighVol
2022-03-10,2216382.85,2216382.85,0.0,0.0,0.0,-0.7101,0,CASH_BIL,Bear_HighVol
2022-03-11,2216624.89,2216624.89,0.0,0.0,0.0,-0.71,0,CASH_BIL,Bear_HighVol
2022-03-14,2216140.58,2216140.58,0.0,0.0,0.0,-0.7101,0,CASH_BIL,Bear_HighVol
2022-03-15,2216624.89,2216624.89,0.0,0.0,0.0,-0.71,0,CASH_BIL,Bear_HighVol
2022-03-16,2216624.89,2216624.89,0.0,0.0,0.0,-0.71,0,CASH_BIL,Bear_HighVol
2022-03-17,2216382.85,2216382.85,0.0,0.0,0.0,-0.7101,0,CASH_BIL,Bear_HighVol
2022-03-18,2216382.85,2216382.85,0.0,0.0,0.0,-0.7101,0,CASH_BIL,Bear_HighVol
2022-03-21,2216382.85,2216382.85,0.0,0.0,0.0,-0.7101,0,CASH_BIL,Bear_HighVol
2022-03-22,2216867.38,2216867.38,0.0,0.0,0.0,-0.71,0,CASH_BIL,Bear_HighVol
2022-03-23,2216867.38,2216867.38,0.0,0.0,0.0,-0.71,0,CASH_BIL,Bear_HighVol
2022-03-24,2216382.85,2216382.85,0.0,0.0,0.0,-0.7101,0,CASH_BIL,Bear_HighVol
2022-03-25,2216382.85,2216382.85,0.0,0.0,0.0,-0.7101,0,CASH_BIL,Bear_HighVol
2022-03-28,2216382.85,2216382.85,0.0,0.0,0.0,-0.7101,0,CASH_BIL,Bear_HighVol
2022-03-29,2216867.38,2216867.38,0.0,0.0,0.0,-0.71,0,CASH_BIL,Bear_HighVol
2022-03-30,2216867.38,2216867.38,0.0,0.0,0.0,-0.71,0,CASH_BIL,Bear_HighVol
2022-03-31,2216867.38,2216867.38,0.0,0.0,0.0,-0.71,0,CASH_BIL,Bear_HighVol
2022-04-01,2216624.89,2216624.89,0.0,0.0,0.0,-0.71,0,CASH_BIL,Bear_HighVol
2022-04-04,2216382.85,2216382.85,0.0,0.0,0.0,-0.7101,0,CASH_BIL,Bear_HighVol
2022-04-05,2216624.89,2216624.89,0.0,0.0,0.0,-0.71,0,CASH_BIL,Bear_HighVol
2022-04-06,2216624.89,2216624.89,0.0,0.0,0.0,-0.71,0,CASH_BIL,Bear_HighVol
2022-04-07,2216382.85,2216382.85,0.0,0.0,0.0,-0.7101,0,CASH_BIL,Bear_HighVol
2022-04-08,2216624.89,2216624.89,0.0,0.0,0.0,-0.71,0,CASH_BIL,Bear_HighVol
2022-04-11,2216624.89,2216624.89,0.0,0.0,0.0,-0.71,0,CASH_BIL,Bear_HighVol
2022-04-12,2216624.89,2216624.89,0.0,0.0,0.0,-0.71,0,CASH_BIL,Bear_HighVol
2022-04-13,2216382.85,2216382.85,0.0,0.0,0.0,-0.7101,0,CASH_BIL,Bear_HighVol
2022-04-14,2216624.89,2216624.89,0.0,0.0,0.0,-0.71,0,CASH_BIL,Bear_HighVol
2022-04-18,2216382.85,2216382.85,0.0,0.0,0.0,-0.7101,0,CASH_BIL,Bear_HighVol
2022-04-19,2216867.38,2216867.38,0.0,0.0,0.0,-0.71,0,CASH_BIL,Bear_HighVol
2022-04-20,2216867.38,2216867.38,0.0,0.0,0.0,-0.71,0,CASH_BIL,Bear_HighVol
2022-04-21,2216624.89,2216624.89,0.0,0.0,0.0,-0.71,0,CASH_BIL,Bear_HighVol
2022-04-22,2216867.38,2216867.38,0.0,0.0,0.0,-0.71,0,CASH_BIL,Bear_HighVol
2022-04-25,2216624.89,2216624.89,0.0,0.0,0.0,-0.71,0,CASH_BIL,Bear_HighVol
2022-04-26,2216624.89,2216624.89,0.0,0.0,0.0,-0.71,0,CASH_BIL,Bear_HighVol
2022-04-27,2217110.09,2217110.09,0.0,0.0,0.0,-0.71,0,CASH_BIL,Bear_HighVol
2022-04-28,2216624.89,2216624.89,0.0,0.0,0.0,-0.71,0,CASH_BIL,Bear_HighVol
2022-04-29,2216867.38,2216867.38,0.0,0.0,0.0,-0.71,0,CASH_BIL,Bear_HighVol
2022-05-02,2216624.89,2216624.89,0.0,0.0,0.0,-0.71,0,CASH_BIL,Bear_HighVol
2022-05-03,2217110.09,2217110.09,0.0,0.0,0.0,-0.71,0,CASH_BIL,Bear_HighVol
2022-05-04,2217110.09,2217110.09,0.0,0.0,0.0,-0.71,0,CASH_BIL,Bear_HighVol
2022-05-05,2217110.09,2217110.09,0.0,0.0,0.0,-0.71,0,CASH_BIL,Bear_HighVol
2022-05-06,2216867.38,2216867.38,0.0,0.0,0.0,-0.71,0,CASH_BIL,Bear_HighVol
2022-05-09,2216867.38,2216867.38,0.0,0.0,0.0,-0.71,0,CASH_BIL,Bear_HighVol
2022-05-10,2216867.38,2216867.38,0.0,0.0,0.0,-0.71,0,CASH_BIL,Bear_HighVol
2022-05-11,2217110.09,2217110.09,0.0,0.0,0.0,-0.71,0,CASH_BIL,Bear_HighVol
2022-05-12,2217352.58,2217352.58,0.0,0.0,0.0,-0.7099,0,CASH_BIL,Bear_HighVol
2022-05-13,2217110.09,2217110.09,0.0,0.0,0.0,-0.71,0,CASH_BIL,Bear_HighVol
2022-05-16,2217110.09,2217110.09,0.0,0.0,0.0,-0.71,0,CASH_BIL,Bear_HighVol
2022-05-17,2217110.09,2217110.09,0.0,0.0,0.0,-0.71,0,CASH_BIL,Bear_HighVol
2022-05-18,2217594.84,2217594.84,0.0,0.0,0.0,-0.7099,0,CASH_BIL,Bear_HighVol
2022-05-19,2217594.84,2217594.84,0.0,0.0,0.0,-0.7099,0,CASH_BIL,Bear_HighVol
2022-05-20,2217594.84,2217594.84,0.0,0.0,0.0,-0.7099,0,CASH_BIL,Bear_HighVol
2022-05-23,2217352.58,2217352.58,0.0,0.0,0.0,-0.7099,0,CASH_BIL,Bear_HighVol
2022-05-24,2217594.84,2217594.84,0.0,0.0,0.0,-0.7099,0,CASH_BIL,Bear_HighVol
2022-05-25,2218080.04,2218080.04,0.0,0.0,0.0,-0.7098,0,CASH_BIL,Bear_HighVol
2022-05-26,2217594.84,2217594.84,0.0,0.0,0.0,-0.7099,0,CASH_BIL,Bear_HighVol
2022-05-27,2217352.58,2217352.58,0.0,0.0,0.0,-0.7099,0,CASH_BIL,Bear_HighVol
2022-05-31,2217376.43,2217376.43,0.0,0.0,0.0,-0.7099,0,CASH_BIL,Bear_HighVol
2022-06-01,2217861.84,2217861.84,0.0,0.0,0.0,-0.7099,0,CASH_BIL,Bear_HighVol
2022-06-02,2217376.43,2217376.43,0.0,0.0,0.0,-0.7099,0,CASH_BIL,Bear_HighVol
2022-06-03,2217618.91,2217618.91,0.0,0.0,0.0,-0.7099,0,CASH_BIL,Bear_HighVol
2022-06-06,2217376.43,2217376.43,0.0,0.0,0.0,-0.7099,0,CASH_BIL,Bear_HighVol
2022-06-07,2217618.91,2217618.91,0.0,0.0,0.0,-0.7099,0,CASH_BIL,Bear_HighVol
2022-06-08,2217861.84,2217861.84,0.0,0.0,0.0,-0.7099,0,CASH_BIL,Bear_HighVol
2022-06-09,2217376.43,2217376.43,0.0,0.0,0.0,-0.7099,0,CASH_BIL,Bear_HighVol
2022-06-10,2217618.91,2217618.91,0.0,0.0,0.0,-0.7099,0,CASH_BIL,Bear_HighVol
2022-06-13,2217376.43,2217376.43,0.0,0.0,0.0,-0.7099,0,CASH_BIL,Bear_HighVol
2022-06-14,2217618.91,2217618.91,0.0,0.0,0.0,-0.7099,0,CASH_BIL,Bear_HighVol
2022-06-15,2218104.77,2218104.77,0.0,0.0,0.0,-0.7098,0,CASH_BIL,Bear_HighVol
2022-06-16,2217861.84,2217861.84,0.0,0.0,0.0,-0.7099,0,CASH_BIL,Bear_HighVol
2022-06-17,2218346.82,2218346.82,0.0,0.0,0.0,-0.7098,0,CASH_BIL,Bear_HighVol
2022-06-21,2218589.53,2218589.53,0.0,0.0,0.0,-0.7098,0,CASH_BIL,Bear_HighVol
2022-06-22,2218589.53,2218589.53,0.0,0.0,0.0,-0.7098,0,CASH_BIL,Bear_HighVol
2022-06-23,2218104.77,2218104.77,0.0,0.0,0.0,-0.7098,0,CASH_BIL,Bear_HighVol
2022-06-24,2218104.77,2218104.77,0.0,0.0,0.0,-0.7098,0,CASH_BIL,Bear_HighVol
2022-06-27,2218589.53,2218589.53,0.0,0.0,0.0,-0.7098,0,CASH_BIL,Bear_HighVol
2022-06-28,2218832.24,2218832.24,0.0,0.0,0.0,-0.7098,0,CASH_BIL,Bear_HighVol
2022-06-29,2219073.62,2219073.62,0.0,0.0,0.0,-0.7097,0,CASH_BIL,Bear_HighVol
2022-06-30,2218904.45,2218904.45,0.0,0.0,0.0,-0.7097,0,CASH_BIL,Bear_HighVol
2022-07-01,2218904.45,2218904.45,0.0,0.0,0.0,-0.7097,0,CASH_BIL,Bear_HighVol
2022-07-05,2218904.45,2218904.45,0.0,0.0,0.0,-0.7097,0,CASH_BIL,Bear_HighVol
2022-07-06,2218904.45,2218904.45,0.0,0.0,0.0,-0.7097,0,CASH_BIL,Bear_HighVol
2022-07-07,2218661.74,2218661.74,0.0,0.0,0.0,-0.7098,0,CASH_BIL,Bear_HighVol
2022-07-08,2218904.45,2218904.45,0.0,0.0,0.0,-0.7097,0,CASH_BIL,Bear_HighVol
2022-07-11,2218661.74,2218661.74,0.0,0.0,0.0,-0.7098,0,CASH_BIL,Bear_HighVol
2022-07-12,2218661.74,2218661.74,0.0,0.0,0.0,-0.7098,0,CASH_BIL,Bear_HighVol
2022-07-13,2218904.45,2218904.45,0.0,0.0,0.0,-0.7097,0,CASH_BIL,Bear_HighVol
2022-07-14,2218661.74,2218661.74,0.0,0.0,0.0,-0.7098,0,CASH_BIL,Bear_HighVol
2022-07-15,2218661.74,2218661.74,0.0,0.0,0.0,-0.7098,0,CASH_BIL,Bear_HighVol
2022-07-18,2218661.74,2218661.74,0.0,0.0,0.0,-0.7098,0,CASH_BIL,Bear_HighVol
2022-07-19,2218661.74,2218661.74,0.0,0.0,0.0,-0.7098,0,CASH_BIL,Bear_HighVol
2022-07-20,2219390.53,2219390.53,0.0,0.0,0.0,-0.7097,0,CASH_BIL,Bear_HighVol
2022-07-21,2219632.8,2219632.8,0.0,0.0,0.0,-0.7096,0,CASH_BIL,Bear_HighVol
2022-07-22,2219390.53,2219390.53,0.0,0.0,0.0,-0.7097,0,CASH_BIL,Bear_HighVol
2022-07-25,2219390.53,2219390.53,0.0,0.0,0.0,-0.7097,0,CASH_BIL,Bear_HighVol
2022-07-26,2219390.53,2219390.53,0.0,0.0,0.0,-0.7097,0,CASH_BIL,Bear_HighVol
2022-07-27,2219632.8,2219632.8,0.0,0.0,0.0,-0.7096,0,CASH_BIL,Bear_HighVol
2022-07-28,2219875.29,2219875.29,0.0,0.0,0.0,-0.7096,0,CASH_BIL,Bear_HighVol
2022-07-29,2220046.44,2220046.44,0.0,0.0,0.0,-0.7096,0,CASH_BIL,Bear_HighVol
2022-08-01,2220288.71,2220288.71,0.0,0.0,0.0,-0.7096,0,CASH_BIL,Bear_HighVol
2022-08-02,2220046.44,2220046.44,0.0,0.0,0.0,-0.7096,0,CASH_BIL,Bear_HighVol
2022-08-03,2220531.64,2220531.64,0.0,0.0,0.0,-0.7095,0,CASH_BIL,Bear_HighVol
2022-08-04,2221017.06,2221017.06,0.0,0.0,0.0,-0.7095,0,CASH_BIL,Bear_HighVol
2022-08-05,2221260.21,2221260.21,0.0,0.0,0.0,-0.7094,0,CASH_BIL,Bear_HighVol
2022-08-08,2221017.06,2221017.06,0.0,0.0,0.0,-0.7095,0,CASH_BIL,Bear_HighVol
2022-08-09,2221260.21,2221260.21,0.0,0.0,0.0,-0.7094,0,CASH_BIL,Bear_HighVol
2022-08-10,2221260.21,2221260.21,0.0,0.0,0.0,-0.7094,0,CASH_BIL,Bear_HighVol
2022-08-11,2221746.06,2221746.06,0.0,0.0,0.0,-0.7094,0,CASH_BIL,Bear_HighVol
2022-08-12,2221503.58,2221503.58,0.0,0.0,0.0,-0.7094,0,CASH_BIL,Bear_HighVol
2022-08-15,2221746.06,2221746.06,0.0,0.0,0.0,-0.7094,0,CASH_BIL,Bear_HighVol
2022-08-16,2221746.06,2221746.06,0.0,0.0,0.0,-0.7094,0,CASH_BIL,Bear_HighVol
2022-08-17,2222717.34,2222717.34,0.0,0.0,0.0,-0.7092,0,CASH_BIL,Bear_HighVol
2022-08-18,2222717.34,2222717.34,0.0,0.0,0.0,-0.7092,0,CASH_BIL,Bear_HighVol
2022-08-19,2222961.15,2222961.15,0.0,0.0,0.0,-0.7092,0,CASH_BIL,Bear_HighVol
2022-08-22,2222475.52,2222475.52,0.0,0.0,0.0,-0.7093,0,CASH_BIL,Bear_HighVol
2022-08-23,2223204.08,2223204.08,0.0,0.0,0.0,-0.7092,0,CASH_BIL,Bear_HighVol
2022-08-24,2223447.01,2223447.01,0.0,0.0,0.0,-0.7091,0,CASH_BIL,Bear_HighVol
2022-08-25,2223447.01,2223447.01,0.0,0.0,0.0,-0.7091,0,CASH_BIL,Bear_HighVol
2022-08-26,2223447.01,2223447.01,0.0,0.0,0.0,-0.7091,0,CASH_BIL,Bear_HighVol
2022-08-29,2223689.5,2223689.5,0.0,0.0,0.0,-0.7091,0,CASH_BIL,Bear_HighVol
2022-08-30,2224175.8,2224175.8,0.0,0.0,0.0,-0.7091,0,CASH_BIL,Bear_HighVol
2022-08-31,2224638.03,2224638.03,0.0,0.0,0.0,-0.709,0,CASH_BIL,Bear_HighVol
2022-09-01,2224881.4,2224881.4,0.0,0.0,0.0,-0.709,0,CASH_BIL,Bear_HighVol
2022-09-02,2224881.4,2224881.4,0.0,0.0,0.0,-0.709,0,CASH_BIL,Bear_HighVol
2022-09-06,2225124.55,2225124.55,0.0,0.0,0.0,-0.7089,0,CASH_BIL,Bear_HighVol
2022-09-07,2225611.07,2225611.07,0.0,0.0,0.0,-0.7089,0,CASH_BIL,Bear_HighVol
2022-09-08,2225611.07,2225611.07,0.0,0.0,0.0,-0.7089,0,CASH_BIL,Bear_HighVol
2022-09-09,2225368.8,2225368.8,0.0,0.0,0.0,-0.7089,0,CASH_BIL,Bear_HighVol
2022-09-12,2225855.1,2225855.1,0.0,0.0,0.0,-0.7088,0,CASH_BIL,Bear_HighVol
2022-09-13,2225855.1,2225855.1,0.0,0.0,0.0,-0.7088,0,CASH_BIL,Bear_HighVol
2022-09-14,2226584.78,2226584.78,0.0,0.0,0.0,-0.7087,0,CASH_BIL,Bear_HighVol
2022-09-15,2226584.78,2226584.78,0.0,0.0,0.0,-0.7087,0,CASH_BIL,Bear_HighVol
2022-09-16,2226584.78,2226584.78,0.0,0.0,0.0,-0.7087,0,CASH_BIL,Bear_HighVol
2022-09-19,2226341.41,2226341.41,0.0,0.0,0.0,-0.7088,0,CASH_BIL,Bear_HighVol
2022-09-20,2226828.15,2226828.15,0.0,0.0,0.0,-0.7087,0,CASH_BIL,Bear_HighVol
2022-09-21,2227801.41,2227801.41,0.0,0.0,0.0,-0.7086,0,CASH_BIL,Bear_HighVol
2022-09-22,2227801.41,2227801.41,0.0,0.0,0.0,-0.7086,0,CASH_BIL,Bear_HighVol
2022-09-23,2227313.79,2227313.79,0.0,0.0,0.0,-0.7086,0,CASH_BIL,Bear_HighVol
2022-09-26,2228044.56,2228044.56,0.0,0.0,0.0,-0.7085,0,CASH_BIL,Bear_HighVol
2022-09-27,2228287.27,2228287.27,0.0,0.0,0.0,-0.7085,0,CASH_BIL,Bear_HighVol
2022-09-28,2228774.67,2228774.67,0.0,0.0,0.0,-0.7085,0,CASH_BIL,Bear_HighVol
2022-09-29,2228774.67,2228774.67,0.0,0.0,0.0,-0.7085,0,CASH_BIL,Bear_HighVol
2022-09-30,2228164.7,2228164.7,0.0,0.0,0.0,-0.7085,0,CASH_BIL,Bear_HighVol
2022-10-03,2228896.14,2228896.14,0.0,0.0,0.0,-0.7084,0,CASH_BIL,Bear_HighVol
2022-10-04,2228896.14,2228896.14,0.0,0.0,0.0,-0.7084,0,CASH_BIL,Bear_HighVol
2022-10-05,2229383.76,2229383.76,0.0,0.0,0.0,-0.7084,0,CASH_BIL,Bear_HighVol
2022-10-06,2229383.76,2229383.76,0.0,0.0,0.0,-0.7084,0,CASH_BIL,Bear_HighVol
2022-10-07,2229627.8,2229627.8,0.0,0.0,0.0,-0.7083,0,CASH_BIL,Bear_HighVol
2022-10-10,2229627.8,2229627.8,0.0,0.0,0.0,-0.7083,0,CASH_BIL,Bear_HighVol
2022-10-11,2229627.8,2229627.8,0.0,0.0,0.0,-0.7083,0,CASH_BIL,Bear_HighVol
2022-10-12,2230358.79,2230358.79,0.0,0.0,0.0,-0.7082,0,CASH_BIL,Bear_HighVol
2022-10-13,2230358.79,2230358.79,0.0,0.0,0.0,-0.7082,0,CASH_BIL,Bear_HighVol
2022-10-14,2230358.79,2230358.79,0.0,0.0,0.0,-0.7082,0,CASH_BIL,Bear_HighVol
2022-10-17,2230358.79,2230358.79,0.0,0.0,0.0,-0.7082,0,CASH_BIL,Bear_HighVol
2022-10-18,2230358.79,2230358.79,0.0,0.0,0.0,-0.7082,0,CASH_BIL,Bear_HighVol
2022-10-19,2231333.82,2231333.82,0.0,0.0,0.0,-0.7081,0,CASH_BIL,Bear_HighVol
2022-10-20,2231577.42,2231577.42,0.0,0.0,0.0,-0.7081,0,CASH_BIL,Bear_HighVol
2022-10-21,2231333.82,2231333.82,0.0,0.0,0.0,-0.7081,0,CASH_BIL,Bear_HighVol
2022-10-24,2231333.82,2231333.82,0.0,0.0,0.0,-0.7081,0,CASH_BIL,Bear_HighVol
2022-10-25,2231821.01,2231821.01,0.0,0.0,0.0,-0.7081,0,CASH_BIL,Bear_HighVol
2022-10-26,2232552.45,2232552.45,0.0,0.0,0.0,-0.708,0,CASH_BIL,Bear_HighVol
2022-10-27,2232308.63,2232308.63,0.0,0.0,0.0,-0.708,0,CASH_BIL,Bear_HighVol
2022-10-28,2232308.63,2232308.63,0.0,0.0,0.0,-0.708,0,CASH_BIL,Bear_HighVol
2022-10-31,2232503.86,2232503.86,0.0,0.0,0.0,-0.708,0,CASH_BIL,Bear_HighVol
2022-11-01,2233236.4,2233236.4,0.0,0.0,0.0,-0.7079,0,CASH_BIL,Bear_HighVol
2022-11-02,2233969.39,2233969.39,0.0,0.0,0.0,-0.7078,0,CASH_BIL,Bear_HighVol
2022-11-03,2234458.12,2234458.12,0.0,0.0,0.0,-0.7077,0,CASH_BIL,Bear_HighVol
2022-11-04,2234214.53,2234214.53,0.0,0.0,0.0,-0.7077,0,CASH_BIL,Bear_HighVol
2022-11-07,2234458.12,2234458.12,0.0,0.0,0.0,-0.7077,0,CASH_BIL,Bear_HighVol
2022-11-08,2235679.61,2235679.61,0.0,0.0,0.0,-0.7075,0,CASH_BIL,Bear_HighVol
2022-11-09,2235923.64,2235923.64,0.0,0.0,0.0,-0.7075,0,CASH_BIL,Bear_HighVol
2022-11-10,2235679.61,2235679.61,0.0,0.0,0.0,-0.7075,0,CASH_BIL,Bear_HighVol
2022-11-11,2235679.61,2235679.61,0.0,0.0,0.0,-0.7075,0,CASH_BIL,Bear_HighVol
2022-11-14,2236167.24,2236167.24,0.0,0.0,0.0,-0.7075,0,CASH_BIL,Bear_HighVol
2022-11-15,2236412.6,2236412.6,0.0,0.0,0.0,-0.7075,0,CASH_BIL,Bear_HighVol
2022-11-16,2237144.7,2237144.7,0.0,0.0,0.0,-0.7074,0,CASH_BIL,Bear_HighVol
2022-11-17,2237144.7,2237144.7,0.0,0.0,0.0,-0.7074,0,CASH_BIL,Bear_HighVol
2022-11-18,2237389.61,2237389.61,0.0,0.0,0.0,-0.7073,0,CASH_BIL,Bear_HighVol
2022-11-21,2237878.56,2237878.56,0.0,0.0,0.0,-0.7073,0,CASH_BIL,Bear_HighVol
2022-11-22,2238366.63,2238366.63,0.0,0.0,0.0,-0.7072,0,CASH_BIL,Bear_HighVol
2022-11-23,2238366.63,2238366.63,0.0,0.0,0.0,-0.7072,0,CASH_BIL,Bear_HighVol
2022-11-25,2238610.44,2238610.44,0.0,0.0,0.0,-0.7072,0,CASH_BIL,Bear_HighVol
2022-11-28,2239343.87,2239343.87,0.0,0.0,0.0,-0.7071,0,CASH_BIL,Bear_HighVol
2022-11-29,2239343.87,2239343.87,0.0,0.0,0.0,-0.7071,0,CASH_BIL,Bear_HighVol
2022-11-30,2239834.15,2239834.15,0.0,0.0,0.0,-0.707,0,CASH_BIL,Bear_HighVol
2022-12-01,2240079.06,2240079.06,0.0,0.0,0.0,-0.707,0,CASH_BIL,Bear_HighVol
2022-12-02,2240324.2,2240324.2,0.0,0.0,0.0,-0.7069,0,CASH_BIL,Bear_HighVol
2022-12-05,2241059.17,2241059.17,0.0,0.0,0.0,-0.7068,0,CASH_BIL,Bear_HighVol
2022-12-06,2241059.17,2241059.17,0.0,0.0,0.0,-0.7068,0,CASH_BIL,Bear_HighVol
2022-12-07,2242528.45,2242528.45,0.0,0.0,0.0,-0.7067,0,CASH_BIL,Bear_HighVol
2022-12-08,2242283.76,2242283.76,0.0,0.0,0.0,-0.7067,0,CASH_BIL,Bear_HighVol
2022-12-09,2242528.45,2242528.45,0.0,0.0,0.0,-0.7067,0,CASH_BIL,Bear_HighVol
2022-12-12,2242528.45,2242528.45,0.0,0.0,0.0,-0.7067,0,CASH_BIL,Bear_HighVol
2022-12-13,2243263.42,2243263.42,0.0,0.0,0.0,-0.7066,0,CASH_BIL,Bear_HighVol
2022-12-14,2243753.7,2243753.7,0.0,0.0,0.0,-0.7065,0,CASH_BIL,Bear_HighVol
2022-12-15,2243753.7,2243753.7,0.0,0.0,0.0,-0.7065,0,CASH_BIL,Bear_HighVol
2022-12-16,2244023.57,2244023.57,0.0,0.0,0.0,-0.7065,0,CASH_BIL,Bear_HighVol
2022-12-19,2244269.59,2244269.59,0.0,0.0,0.0,-0.7064,0,CASH_BIL,Bear_HighVol
2022-12-20,2244514.73,2244514.73,0.0,0.0,0.0,-0.7064,0,CASH_BIL,Bear_HighVol
2022-12-21,2245989.53,2245989.53,0.0,0.0,0.0,-0.7062,0,CASH_BIL,Bear_HighVol
2022-12-22,2245989.53,2245989.53,0.0,0.0,0.0,-0.7062,0,CASH_BIL,Bear_HighVol
2022-12-23,2245989.53,2245989.53,0.0,0.0,0.0,-0.7062,0,CASH_BIL,Bear_HighVol
2022-12-27,2246726.27,2246726.27,0.0,0.0,0.0,-0.7061,0,CASH_BIL,Bear_HighVol
2022-12-28,2247709.7,2247709.7,0.0,0.0,0.0,-0.706,0,CASH_BIL,Bear_HighVol
2022-12-29,2247464.34,2247464.34,0.0,0.0,0.0,-0.706,0,CASH_BIL,Bear_HighVol
2022-12-30,2247709.7,2247709.7,0.0,0.0,0.0,-0.706,0,CASH_BIL,Bear_HighVol
2023-01-03,2247464.34,2247464.34,0.0,0.0,0.0,-0.706,0,CASH_BIL,Bear_HighVol
2023-01-04,2248201.07,2248201.07,0.0,0.0,0.0,-0.7059,0,CASH_BIL,Bear_HighVol
2023-01-05,2247955.05,2247955.05,0.0,0.0,0.0,-0.7059,0,CASH_BIL,Bear_HighVol
2023-01-06,2248446.21,2248446.21,0.0,0.0,0.0,-0.7059,0,CASH_BIL,Bear_HighVol
2023-01-09,2248201.07,2248201.07,0.0,0.0,0.0,-0.7059,0,CASH_BIL,Bear_HighVol
2023-01-10,2248201.07,2248201.07,0.0,0.0,0.0,-0.7059,0,CASH_BIL,Bear_HighVol
2023-01-11,2249920.35,2249920.35,0.0,0.0,0.0,-0.7057,0,CASH_BIL,Bear_HighVol
2023-01-12,2250165.71,2250165.71,0.0,0.0,0.0,-0.7057,0,CASH_BIL,Bear_HighVol
2023-01-13,2250165.71,2250165.71,0.0,0.0,0.0,-0.7057,0,CASH_BIL,Bear_HighVol
2023-01-17,2250411.51,2250411.51,0.0,0.0,0.0,-0.7056,0,CASH_BIL,Bear_HighVol
2023-01-18,2251394.71,2251394.71,0.0,0.0,0.0,-0.7055,0,CASH_BIL,Bear_HighVol
2023-01-19,2251640.07,2251640.07,0.0,0.0,0.0,-0.7055,0,CASH_BIL,Bear_HighVol
2023-01-20,2251640.07,2251640.07,0.0,0.0,0.0,-0.7055,0,CASH_BIL,Bear_HighVol
2023-01-23,2251886.31,2251886.31,0.0,0.0,0.0,-0.7054,0,CASH_BIL,Bear_HighVol
2023-01-24,2252132.33,2252132.33,0.0,0.0,0.0,-0.7054,0,CASH_BIL,Bear_HighVol
2023-01-25,2253360.67,2253360.67,0.0,0.0,0.0,-0.7052,0,CASH_BIL,Bear_HighVol
2023-01-26,2253360.67,2253360.67,0.0,0.0,0.0,-0.7052,0,CASH_BIL,Bull_MidVol
2023-01-27,2253360.67,2253360.67,0.0,0.0,0.0,-0.7052,0,CASH_BIL,Bull_MidVol
2023-01-30,2253605.56,2253605.56,0.0,0.0,0.0,-0.7052,0,CASH_BIL,Bear_HighVol
2023-01-31,2229175.58,0.0,1804725.18,4033900.75,1.81,-0.7084,2,"MDGL,VKTX",Bull_MidVol
2023-02-01,2243897.19,-225.59,1804725.18,4048847.96,1.8,-0.7065,2,"MDGL,VKTX",Bull_MidVol
2023-02-02,2313512.91,-451.18,1804725.18,4118689.27,1.78,-0.6974,2,"MDGL,VKTX",Bull_MidVol
2023-02-03,2247570.62,-676.77,1804725.18,4052972.57,1.8,-0.706,2,"MDGL,VKTX",Bull_MidVol
2023-02-06,2330082.87,-902.36,1804725.18,4135710.41,1.77,-0.6952,2,"MDGL,VKTX",Bull_MidVol
2023-02-07,2411588.08,-1127.95,1804725.18,4217441.21,1.75,-0.6845,2,"MDGL,VKTX",Bull_MidVol
2023-02-08,2254860.99,2254860.99,0.0,0.0,0.0,-0.705,0,CASH_BIL,Bear_HighVol
2023-02-09,2255107.92,2255107.92,0.0,0.0,0.0,-0.705,0,CASH_BIL,Bear_HighVol
2023-02-10,2255600.22,2255600.22,0.0,0.0,0.0,-0.7049,0,CASH_BIL,Bear_HighVol
2023-02-13,2255600.22,2255600.22,0.0,0.0,0.0,-0.7049,0,CASH_BIL,Bear_HighVol
2023-02-14,2256092.96,2256092.96,0.0,0.0,0.0,-0.7049,0,CASH_BIL,Bear_HighVol
2023-02-15,2257325.14,2257325.14,0.0,0.0,0.0,-0.7047,0,CASH_BIL,Bear_HighVol
2023-02-16,2257571.63,2257571.63,0.0,0.0,0.0,-0.7047,0,CASH_BIL,Bear_HighVol
2023-02-17,2257571.63,2257571.63,0.0,0.0,0.0,-0.7047,0,CASH_BIL,Bear_HighVol
2023-02-21,2258310.85,2258310.85,0.0,0.0,0.0,-0.7046,0,CASH_BIL,Bear_HighVol
2023-02-22,2259049.63,2259049.63,0.0,0.0,0.0,-0.7045,0,CASH_BIL,Bear_HighVol
2023-02-23,2259295.89,2259295.89,0.0,0.0,0.0,-0.7045,0,CASH_BIL,Bear_HighVol
2023-02-24,2259543.26,2259543.26,0.0,0.0,0.0,-0.7044,0,CASH_BIL,Bear_HighVol
2023-02-27,2259789.07,2259789.07,0.0,0.0,0.0,-0.7044,0,CASH_BIL,Bear_HighVol
2023-02-28,2259911.76,2259911.76,0.0,0.0,0.0,-0.7044,0,CASH_BIL,Bear_HighVol
2023-03-01,2260653.64,2260653.64,0.0,0.0,0.0,-0.7043,0,CASH_BIL,Bear_HighVol
2023-03-02,2260653.64,2260653.64,0.0,0.0,0.0,-0.7043,0,CASH_BIL,Bull_MidVol
2023-03-03,2260653.64,2260653.64,0.0,0.0,0.0,-0.7043,0,CASH_BIL,Bull_MidVol
2023-03-06,2260653.64,2260653.64,0.0,0.0,0.0,-0.7043,0,CASH_BIL,Bull_MidVol
2023-03-07,2260653.64,2260653.64,0.0,0.0,0.0,-0.7043,0,CASH_BIL,Bull_MidVol
2023-03-08,2260653.64,2260653.64,0.0,0.0,0.0,-0.7043,0,CASH_BIL,Bull_MidVol
2023-03-09,2260653.64,2260653.64,0.0,0.0,0.0,-0.7043,0,CASH_BIL,Bull_MidVol
2023-03-10,2261147.44,2261147.44,0.0,0.0,0.0,-0.7042,0,CASH_BIL,Bear_HighVol
2023-03-13,2261147.44,2261147.44,0.0,0.0,0.0,-0.7042,0,CASH_BIL,Bull_MidVol
2023-03-14,2261147.44,2261147.44,0.0,0.0,0.0,-0.7042,0,CASH_BIL,Bull_MidVol
2023-03-15,2276363.29,0.0,1810979.9,4087343.19,1.8,-0.7022,2,"VKTX,DUOL",Bull_MidVol
2023-03-16,2399943.88,-226.37,1810979.9,4211150.15,1.75,-0.6861,2,"VKTX,DUOL",Bull_MidVol
2023-03-17,2553359.53,-452.74,1810979.9,4364792.17,1.71,-0.666,2,"VKTX,DUOL",Bull_MidVol
2023-03-20,2566026.87,-679.12,1810979.9,4377685.88,1.71,-0.6643,2,"VKTX,DUOL",Bull_MidVol
2023-03-21,2169754.92,0.0,1969157.65,4138912.57,1.91,-0.7162,2,"DUOL,NVDA",Bull_MidVol
2023-03-22,2255689.29,-246.14,1969157.65,4225093.09,1.87,-0.7049,2,"DUOL,NVDA",Bull_MidVol
2023-03-23,2292901.51,-492.29,1969157.65,4262551.46,1.86,-0.7001,2,"DUOL,NVDA",Bull_MidVol
2023-03-24,2284817.74,-738.43,1969157.65,4254713.83,1.86,-0.7011,2,"DUOL,NVDA",Bull_MidVol
2023-03-27,2267590.73,-984.58,1969157.65,4237732.97,1.87,-0.7034,2,"DUOL,NVDA",Bull_MidVol
2023-03-28,2263299.64,-1230.72,1969157.65,4233688.01,1.87,-0.7039,2,"DUOL,NVDA",Bull_MidVol
2023-03-29,2307295.51,-1476.87,1969157.65,4277930.04,1.85,-0.6982,2,"DUOL,NVDA",Bull_MidVol
2023-03-30,2320540.94,-1723.01,1969157.65,4291421.61,1.85,-0.6964,2,"DUOL,NVDA",Bull_MidVol
2023-03-31,2458585.4,-1969.16,1969157.65,4429712.21,1.8,-0.6784,2,"DUOL,NVDA",Bull_MidVol
2023-04-03,2480454.73,-2215.3,1969157.65,4451827.68,1.79,-0.6755,2,"DUOL,NVDA",Bull_MidVol
2023-04-04,2386111.37,-2461.45,1969157.65,4357730.47,1.83,-0.6879,2,"DUOL,NVDA",Bull_MidVol
2023-04-05,2292432.45,-2707.59,1969157.65,4264297.69,1.86,-0.7001,2,"DUOL,NVDA",Bull_MidVol
2023-04-06,2305461.09,-2953.74,1969157.65,4277572.48,1.86,-0.6984,2,"DUOL,NVDA",Bull_MidVol
2023-04-10,2311972.59,-3199.88,1969157.65,4284330.13,1.85,-0.6976,2,"DUOL,NVDA",Bull_LowVol
2023-04-11,2290461.42,-3446.03,1969157.65,4263065.1,1.86,-0.7004,2,"DUOL,NVDA",Bull_LowVol
2023-04-12,2235876.25,-3692.17,1969157.65,4208726.08,1.88,-0.7075,2,"DUOL,NVDA",Bull_LowVol
2023-04-13,2250962.43,-3938.32,1969157.65,4224058.4,1.88,-0.7055,2,"DUOL,NVDA",Bull_MidVol
2023-04-14,2253150.73,-4184.46,1969157.65,4226492.84,1.88,-0.7053,2,"DUOL,NVDA",Bull_LowVol
2023-04-17,2277866.21,-4430.6,1969157.65,4251454.46,1.87,-0.702,2,"DUOL,NVDA",Bull_LowVol
2023-04-18,2390397.75,-4676.75,1969157.65,4364232.15,1.83,-0.6873,2,"DUOL,NVDA",Bull_LowVol
2023-04-19,2455346.22,-4922.89,1969157.65,4429426.77,1.8,-0.6788,2,"DUOL,NVDA",Bull_LowVol
2023-04-20,2333237.19,-5169.04,1969157.65,4307563.89,1.85,-0.6948,2,"DUOL,NVDA",Bull_LowVol
2023-04-21,2376825.0,-5415.18,1969157.65,4351397.84,1.83,-0.6891,2,"DUOL,NVDA",Bull_LowVol
2023-04-24,2374486.51,-5661.33,1969157.65,4349305.49,1.83,-0.6894,2,"DUOL,NVDA",Bull_LowVol
2023-04-25,2297362.37,-5907.47,1969157.65,4272427.5,1.86,-0.6995,2,"DUOL,NVDA",Bull_LowVol
2023-04-26,2215988.98,0.0,2008877.3,4224866.28,1.91,-0.7101,2,"NVDA,VKTX",Bull_LowVol
2023-04-27,2242652.4,-251.11,2008877.3,4251780.81,1.9,-0.7066,2,"NVDA,VKTX",Bull_LowVol
2023-04-28,2474151.51,-502.22,2008877.3,4483531.03,1.81,-0.6764,2,"NVDA,VKTX",Bull_LowVol
2023-05-01,2652234.71,-753.33,2008877.3,4661865.33,1.76,-0.6531,2,"NVDA,VKTX",Bull_LowVol
2023-05-02,2472828.08,-1004.44,2008877.3,4482709.82,1.81,-0.6765,2,"NVDA,VKTX",Bull_LowVol
2023-05-03,2493223.15,-1255.55,2008877.3,4503355.99,1.81,-0.6739,2,"NVDA,VKTX",Bull_LowVol
2023-05-04,2500047.1,-1506.66,2008877.3,4510431.06,1.8,-0.673,2,"NVDA,VKTX",Bull_LowVol
2023-05-05,2718023.2,-1757.77,2008877.3,4728658.27,1.74,-0.6445,2,"NVDA,VKTX",Bull_LowVol
2023-05-08,2752852.41,-2008.88,2008877.3,4763738.58,1.73,-0.6399,2,"NVDA,VKTX",Bull_LowVol
2023-05-09,2662904.6,-2259.99,2008877.3,4674041.88,1.76,-0.6517,2,"NVDA,VKTX",Bull_LowVol
2023-05-10,2713258.84,-2511.1,2008877.3,4724647.23,1.74,-0.6451,2,"NVDA,VKTX",Bull_LowVol
2023-05-11,2718550.85,0.0,2599412.47,5317963.32,1.96,-0.6444,2,"NVDA,VKTX",Bull_LowVol
2023-05-12,2652480.15,-324.93,2599412.47,5252217.54,1.98,-0.653,2,"NVDA,VKTX",Bull_LowVol
2023-05-15,2649252.15,-649.85,2599412.47,5249314.47,1.98,-0.6534,2,"NVDA,VKTX",Bull_LowVol
2023-05-16,2974774.85,-974.78,2599412.47,5575162.1,1.87,-0.6109,2,"NVDA,VKTX",Bull_LowVol
2023-05-17,3039636.86,-1299.71,2599412.47,5640349.04,1.86,-0.6024,2,"NVDA,VKTX",Bull_LowVol
2023-05-18,3042570.77,-1624.63,2599412.47,5643607.87,1.85,-0.602,2,"NVDA,VKTX",Bull_LowVol
2023-05-19,2979030.14,-1949.56,2599412.47,5580392.17,1.87,-0.6103,2,"NVDA,VKTX",Bull_LowVol
2023-05-22,3126836.15,-2274.49,2599412.47,5728523.11,1.83,-0.591,2,"NVDA,VKTX",Bull_LowVol
2023-05-23,2902014.76,-2599.41,2599412.47,5504026.65,1.9,-0.6204,2,"NVDA,VKTX",Bull_LowVol
2023-05-24,2783077.36,-2924.34,2599412.47,5385414.17,1.94,-0.6359,2,"NVDA,VKTX",Bull_LowVol
2023-05-25,3385469.14,0.0,3612666.79,6998135.93,2.07,-0.5571,2,"NVDA,FCNCA",Bull_LowVol
2023-05-26,3489915.71,-451.58,3612666.79,7103034.09,2.04,-0.5435,2,"NVDA,FCNCA",Bull_LowVol
2023-05-30,3591633.9,-903.17,3612666.79,7205203.85,2.01,-0.5302,2,"NVDA,FCNCA",Bull_LowVol
2023-05-31,3315914.14,-1354.75,3612666.79,6929935.68,2.09,-0.5662,2,"NVDA,FCNCA",Bull_LowVol
2023-06-01,3560119.01,-1806.33,3612666.79,7174592.14,2.02,-0.5343,2,"NVDA,FCNCA",Bull_LowVol
2023-06-02,3592786.21,-2257.92,3612666.79,7207710.91,2.01,-0.53,2,"NVDA,FCNCA",Bull_LowVol
2023-06-05,3467053.62,-2709.5,3612666.79,7082429.91,2.04,-0.5465,2,"NVDA,FCNCA",Bull_LowVol
2023-06-06,3502954.9,-3161.08,3612666.79,7118782.77,2.03,-0.5418,2,"NVDA,FCNCA",Bull_LowVol
2023-06-07,3358394.34,-3612.67,3612666.79,6974673.79,2.08,-0.5607,2,"NVDA,FCNCA",Bull_LowVol
2023-06-08,3474712.78,-4064.25,3612666.79,7091443.82,2.04,-0.5455,2,"NVDA,FCNCA",Bull_LowVol
2023-06-09,3503037.76,-4515.83,3612666.79,7120220.38,2.03,-0.5418,2,"NVDA,FCNCA",Bull_LowVol
2023-06-12,3526734.48,-4967.42,3612666.79,7144368.68,2.03,-0.5387,2,"NVDA,FCNCA",Bull_LowVol
2023-06-13,3769678.57,-5419.0,3612666.79,7387764.36,1.96,-0.5069,2,"NVDA,FCNCA",Bull_LowVol
2023-06-14,3892606.79,-5870.58,3612666.79,7511144.16,1.93,-0.4908,2,"NVDA,FCNCA",Bull_LowVol
2023-06-15,3907302.33,-6322.17,3612666.79,7526291.28,1.93,-0.4889,2,"NVDA,FCNCA",Bull_LowVol
2023-06-16,3868785.54,-6773.75,3612666.79,7488226.08,1.94,-0.4939,2,"NVDA,FCNCA",Bull_LowVol
2023-06-20,3955201.2,-7225.33,3612666.79,7575093.33,1.92,-0.4826,2,"NVDA,FCNCA",Bull_LowVol
2023-06-21,3819210.09,-7676.92,3612666.79,7439553.79,1.95,-0.5004,2,"NVDA,FCNCA",Bull_MidVol
2023-06-22,3729724.69,-8128.5,3612666.79,7350519.98,1.97,-0.5121,2,"NVDA,FCNCA",Bull_LowVol
2023-06-23,3621843.12,-8580.08,3612666.79,7243089.99,2.0,-0.5262,2,"NVDA,FCNCA",Bull_MidVol
2023-06-26,3451461.34,0.0,3860000.45,7311461.79,2.12,-0.5485,2,"NVDA,XP",Bull_LowVol
2023-06-27,3482641.23,-482.5,3860000.45,7343124.18,2.11,-0.5444,2,"NVDA,XP",Bull_LowVol
2023-06-28,3435342.0,-965.0,3860000.45,7296307.45,2.12,-0.5506,2,"NVDA,XP",Bull_LowVol
2023-06-29,3468097.47,-1447.5,3860000.45,7329545.42,2.11,-0.5463,2,"NVDA,XP",Bull_LowVol
2023-06-30,3672785.96,-1930.0,3860000.45,7534716.41,2.05,-0.5196,2,"NVDA,XP",Bull_LowVol
2023-07-03,3723246.37,-2412.5,3860000.45,7585659.33,2.04,-0.513,2,"NVDA,XP",Bull_LowVol
2023-07-05,3689699.6,-2895.0,3860000.45,7552595.06,2.05,-0.5173,2,"NVDA,XP",Bull_LowVol
2023-07-06,3544722.53,-3377.5,3860000.45,7408100.48,2.09,-0.5363,2,"NVDA,XP",Bull_LowVol
2023-07-07,3718401.52,-3860.0,3860000.45,7582261.97,2.04,-0.5136,2,"NVDA,XP",Bull_LowVol
2023-07-10,3552580.46,-4342.5,3860000.45,7416923.41,2.09,-0.5353,2,"NVDA,XP",Bull_LowVol
2023-07-11,3633333.38,-4825.0,3860000.45,7498158.83,2.06,-0.5247,2,"NVDA,XP",Bull_LowVol
2023-07-12,3811225.75,-5307.5,3860000.45,7676533.71,2.01,-0.5014,2,"NVDA,XP",Bull_LowVol
2023-07-13,3990294.68,-5790.0,3860000.45,7856085.13,1.97,-0.478,2,"NVDA,XP",Bull_LowVol
2023-07-14,3880144.62,-6272.5,3860000.45,7746417.57,2.0,-0.4924,2,"NVDA,XP",Bull_LowVol
2023-07-17,4062314.21,-6755.0,3860000.45,7929069.66,1.95,-0.4686,2,"NVDA,XP",Bull_LowVol
2023-07-18,4216981.57,-7237.5,3860000.45,8084219.52,1.92,-0.4484,2,"NVDA,XP",Bull_LowVol
2023-07-19,4175312.9,-7720.0,3860000.45,8043033.35,1.93,-0.4538,2,"NVDA,XP",Bull_LowVol
2023-07-20,4231521.95,-8202.5,3860000.45,8099724.91,1.91,-0.4465,2,"NVDA,XP",Bull_LowVol
2023-07-21,4280284.3,-8685.0,3860000.45,8148969.76,1.9,-0.4401,2,"NVDA,XP",Bull_LowVol
2023-07-24,4411830.8,-9167.5,3860000.45,8280998.76,1.88,-0.4229,2,"NVDA,XP",Bull_LowVol
2023-07-25,4474020.83,-9650.0,3860000.45,8343671.29,1.86,-0.4147,2,"NVDA,XP",Bull_LowVol
2023-07-26,4535680.82,-10132.5,3860000.45,8405813.77,1.85,-0.4067,2,"NVDA,XP",Bull_LowVol
2023-07-27,4446234.6,-10615.0,3860000.45,8316850.06,1.87,-0.4184,2,"NVDA,XP",Bull_LowVol
2023-07-28,4526654.29,-11097.5,3860000.45,8397752.25,1.86,-0.4079,2,"NVDA,XP",Bull_LowVol
2023-07-31,4615397.07,-11580.0,3860000.45,8486977.52,1.84,-0.3963,2,"NVDA,XP",Bull_LowVol
2023-08-01,4566867.06,-12062.5,3860000.45,8438930.01,1.85,-0.4026,2,"NVDA,XP",Bull_LowVol
2023-08-02,4307711.4,0.0,3954769.76,8262481.16,1.92,-0.4365,2,"XP,CVNA",Bull_LowVol
2023-08-03,4312697.94,-494.35,3954769.76,8267962.04,1.92,-0.4358,2,"XP,CVNA",Bull_LowVol
2023-08-04,3808748.28,0.0,3942352.56,7751100.84,2.04,-0.5018,2,"XP,AAOI",Bull_LowVol
2023-08-07,4254637.51,-492.79,3942352.56,8197482.86,1.93,-0.4434,2,"XP,AAOI",Bull_LowVol
2023-08-08,4200364.77,-985.59,3942352.56,8143702.91,1.94,-0.4505,2,"XP,AAOI",Bull_LowVol
2023-08-09,4143130.23,-1478.38,3942352.56,8086961.17,1.95,-0.458,2,"XP,AAOI",Bull_LowVol
2023-08-10,4878299.89,0.0,4997019.26,9875319.14,2.02,-0.3619,2,"AAOI,BBIO",Bull_LowVol
2023-08-11,3969506.2,-624.63,4997019.26,8967150.08,2.26,-0.4807,2,"AAOI,BBIO",Bull_LowVol
2023-08-14,4888933.37,-1249.25,4997019.26,9887201.88,2.02,-0.3605,2,"AAOI,BBIO",Bull_LowVol
2023-08-15,4706825.26,-1873.88,4997019.26,9705718.4,2.06,-0.3843,2,"AAOI,BBIO",Bull_LowVol
2023-08-16,3997790.46,-2498.51,4997019.26,8997308.22,2.25,-0.477,2,"AAOI,BBIO",Bull_LowVol
2023-08-17,3683276.58,0.0,2631044.02,6314320.6,1.71,-0.5182,2,"AAOI,VRT",Bull_LowVol
2023-08-18,3692632.02,-328.88,2631044.02,6324004.91,1.71,-0.517,2,"AAOI,VRT",Bull_LowVol
2023-08-21,4667159.67,-657.76,2631044.02,7298861.45,1.56,-0.3895,2,"AAOI,VRT",Bull_LowVol
2023-08-22,4675093.06,-986.64,2631044.02,7307123.72,1.56,-0.3884,2,"AAOI,VRT",Bull_LowVol
2023-08-23,4662466.95,-1315.52,2631044.02,7294826.49,1.56,-0.3901,2,"AAOI,VRT",Bull_LowVol
2023-08-24,4195697.23,-1644.4,2631044.02,6828385.65,1.63,-0.4512,2,"AAOI,VRT",Bull_MidVol
2023-08-25,3953643.85,-1973.28,2631044.02,6586661.15,1.67,-0.4828,2,"AAOI,VRT",Bull_LowVol
2023-08-28,3983769.59,-2302.16,2631044.02,6617115.77,1.66,-0.4789,2,"AAOI,VRT",Bull_LowVol
2023-08-29,4405124.71,-2631.04,2631044.02,7038799.77,1.6,-0.4238,2,"AAOI,VRT",Bull_MidVol
2023-08-30,4801822.27,-2959.92,2631044.02,7435826.21,1.55,-0.3719,2,"AAOI,VRT",Bull_LowVol
2023-08-31,4327654.28,-3288.81,2631044.02,6961987.1,1.61,-0.4339,2,"AAOI,VRT",Bull_LowVol
2023-09-01,4412924.69,-3617.69,2631044.02,7047586.4,1.6,-0.4227,2,"AAOI,VRT",Bull_LowVol
2023-09-05,4051002.55,0.0,2184770.56,6235773.1,1.54,-0.4701,2,"VRT,APP",Bull_LowVol
2023-09-06,3995631.55,0.0,4039751.56,8035383.11,2.01,-0.4773,2,"VRT,APP",Bull_LowVol
2023-09-07,4140013.1,-504.97,4039751.56,8180269.63,1.98,-0.4584,2,"VRT,APP",Bull_LowVol
2023-09-08,4063461.96,-1009.94,4039751.56,8104223.45,1.99,-0.4685,2,"VRT,APP",Bull_LowVol
2023-09-11,4089634.23,-1514.91,4039751.56,8130900.7,1.99,-0.465,2,"VRT,APP",Bull_LowVol
2023-09-12,3857534.01,-2019.88,4039751.56,7899305.44,2.05,-0.4954,2,"VRT,APP",Bull_LowVol
2023-09-13,3710656.97,-2524.84,4039751.56,7752933.37,2.09,-0.5146,2,"VRT,APP",Bull_LowVol
2023-09-14,4027853.39,-3029.81,4039751.56,8070634.76,2.0,-0.4731,2,"VRT,APP",Bull_LowVol
2023-09-15,4020130.39,-3534.78,4039751.56,8063416.73,2.01,-0.4741,2,"VRT,APP",Bull_LowVol
2023-09-18,4094386.11,-4039.75,4039751.56,8138177.42,1.99,-0.4644,2,"VRT,APP",Bull_LowVol
2023-09-19,3713239.61,-4544.72,4039751.56,7757535.89,2.09,-0.5143,2,"VRT,APP",Bull_LowVol
2023-09-20,3503561.69,0.0,2127954.49,5631516.18,1.61,-0.5417,2,"VRT,CORT",Bull_LowVol
2023-09-21,3413767.23,-265.99,2127954.49,5541987.72,1.62,-0.5534,2,"VRT,CORT",Bull_LowVol
2023-09-22,3411163.45,-531.99,2127954.49,5539649.93,1.62,-0.5538,2,"VRT,CORT",Bull_LowVol
2023-09-25,3481591.93,-797.98,2127954.49,5610344.4,1.61,-0.5446,2,"VRT,CORT",Bull_LowVol
2023-09-26,3359093.12,-1063.98,2127954.49,5488111.59,1.63,-0.5606,2,"VRT,CORT",Bull_LowVol
2023-09-27,3422225.76,-1329.97,2127954.49,5551510.23,1.62,-0.5523,2,"VRT,CORT",Bull_LowVol
2023-09-28,3541547.94,-1595.97,2127954.49,5671098.39,1.6,-0.5367,2,"VRT,CORT",Bull_LowVol
2023-09-29,3239302.98,0.0,2258463.46,5497766.44,1.7,-0.5763,2,"VRT,APP",Bull_LowVol
2023-10-02,3400069.47,-282.31,2258463.46,5658815.24,1.66,-0.5552,2,"VRT,APP",Bull_LowVol
2023-10-03,3167615.46,-564.62,2258463.46,5426643.53,1.71,-0.5856,2,"VRT,APP",Bull_LowVol
2023-10-04,3356736.81,-846.92,2258463.46,5616047.19,1.67,-0.5609,2,"VRT,APP",Bull_LowVol
2023-10-05,3329945.7,-1129.23,2258463.46,5589538.39,1.68,-0.5644,2,"VRT,APP",Bull_LowVol
2023-10-06,3523095.54,-1411.54,2258463.46,5782970.54,1.64,-0.5391,2,"VRT,APP",Bull_LowVol
2023-10-09,3579384.2,-1693.85,2258463.46,5839541.5,1.63,-0.5318,2,"VRT,APP",Bull_LowVol
2023-10-10,3613132.47,-1976.16,2258463.46,5873572.09,1.63,-0.5274,2,"VRT,APP",Bull_LowVol
2023-10-11,3722767.54,-2258.46,2258463.46,5983489.46,1.61,-0.513,2,"VRT,APP",Bull_LowVol
2023-10-12,3706986.63,-2540.77,2258463.46,5967990.85,1.61,-0.5151,2,"VRT,APP",Bull_LowVol
2023-10-13,3376572.09,-2823.08,2258463.46,5637858.63,1.67,-0.5583,2,"VRT,APP",Bull_LowVol
2023-10-16,3553017.87,-3105.39,2258463.46,5814586.72,1.64,-0.5352,2,"VRT,APP",Bull_LowVol
2023-10-17,3639410.16,-3387.7,2258463.46,5901261.31,1.62,-0.5239,2,"VRT,APP",Bull_LowVol
2023-10-18,3372980.9,0.0,2355035.77,5728016.66,1.7,-0.5588,2,"VRT,FN",Bull_LowVol
2023-10-19,3196821.68,-294.38,2355035.77,5552151.82,1.74,-0.5818,2,"VRT,FN",Bull_LowVol
2023-10-20,3092920.54,-588.76,2355035.77,5448545.06,1.76,-0.5954,2,"VRT,FN",Bull_LowVol
2023-10-23,3172222.03,-883.14,2355035.77,5528140.94,1.74,-0.585,2,"VRT,FN",Bull_LowVol
2023-10-24,3371000.49,-1177.52,2355035.77,5727213.77,1.7,-0.559,2,"VRT,FN",Bull_LowVol
2023-10-25,3164194.31,-1471.9,2355035.77,5520701.97,1.74,-0.5861,2,"VRT,FN",Bull_MidVol
2023-10-26,2820516.84,-1766.28,2355035.77,5177318.88,1.84,-0.631,2,"VRT,FN",Bull_MidVol
2023-10-27,2970082.44,-2060.66,2355035.77,5327178.86,1.79,-0.6115,2,"VRT,FN",Bull_MidVol
2023-10-30,3188817.6,-2355.04,2355035.77,5546208.4,1.74,-0.5829,2,"VRT,FN",Bull_MidVol
2023-10-31,3297371.66,-2649.42,2355035.77,5655056.84,1.72,-0.5687,2,"VRT,FN",Bull_MidVol
2023-11-01,3463394.75,0.0,1705.04,3465099.79,1.0,-0.5469,2,"PGR,CRWD",Bull_MidVol
2023-11-02,3496987.74,-0.21,1705.04,3498692.99,1.0,-0.5426,2,"PGR,CRWD",Bull_MidVol
2023-11-03,3521247.29,-0.43,1705.04,3522952.75,1.0,-0.5394,2,"PGR,CRWD",Bull_MidVol
2023-11-06,3529348.32,-0.64,1705.04,3531054.0,1.0,-0.5383,2,"PGR,CRWD",Bull_MidVol
2023-11-07,3587183.54,-0.85,1705.04,3588889.43,1.0,-0.5308,2,"PGR,CRWD",Bull_MidVol
2023-11-08,3601322.17,-1.07,1705.04,3603028.27,1.0,-0.5289,2,"PGR,CRWD",Bull_MidVol
2023-11-09,3590868.31,-1.28,1705.04,3592574.62,1.0,-0.5303,2,"PGR,CRWD",Bull_MidVol
2023-11-10,3644687.73,-1.49,1705.04,3646394.26,1.0,-0.5232,2,"PGR,CRWD",Bull_MidVol
2023-11-13,3706184.87,-1.71,1705.04,3707891.62,1.0,-0.5152,2,"PGR,CRWD",Bull_MidVol
2023-11-14,3747408.53,-1.92,1705.04,3749115.49,1.0,-0.5098,2,"PGR,CRWD",Bull_MidVol
2023-11-15,3712755.5,0.0,2987375.76,6700131.26,1.8,-0.5143,2,"PGR,CRWD",Bull_MidVol
2023-11-16,3759734.09,-373.42,2987375.76,6747483.27,1.79,-0.5082,2,"PGR,CRWD",Bull_MidVol
2023-11-17,3756345.34,-746.84,2987375.76,6744467.95,1.8,-0.5086,2,"PGR,CRWD",Bull_MidVol
2023-11-20,3803976.94,-1120.27,2987375.76,6792472.96,1.79,-0.5024,2,"PGR,CRWD",Bull_MidVol
2023-11-21,3876009.41,-1493.69,2987375.76,6864878.86,1.77,-0.493,2,"PGR,CRWD",Bull_MidVol
2023-11-22,3902889.08,-1867.11,2987375.76,6892131.95,1.77,-0.4895,2,"PGR,CRWD",Bull_LowVol
2023-11-24,3943246.9,-2240.53,2987375.76,6932863.2,1.76,-0.4842,2,"PGR,CRWD",Bull_LowVol
2023-11-27,3947582.6,-2613.95,2987375.76,6937572.32,1.76,-0.4836,2,"PGR,CRWD",Bull_LowVol
2023-11-28,3960865.27,-2987.38,2987375.76,6951228.4,1.75,-0.4819,2,"PGR,CRWD",Bull_LowVol
2023-11-29,4321387.18,-3360.8,2987375.76,7312123.74,1.69,-0.4347,2,"PGR,CRWD",Bull_LowVol
2023-11-30,4387443.42,0.0,3924437.89,8311881.31,1.89,-0.4261,2,"PGR,CRWD",Bull_LowVol
2023-12-01,4312510.31,-490.55,3924437.89,8237438.75,1.91,-0.4359,2,"PGR,CRWD",Bull_LowVol
2023-12-04,4376535.98,-981.11,3924437.89,8301954.99,1.9,-0.4275,2,"PGR,CRWD",Bull_LowVol
2023-12-05,4405454.36,-1471.66,3924437.89,8331363.92,1.89,-0.4237,2,"PGR,CRWD",Bull_LowVol
2023-12-06,4357935.23,-1962.22,3924437.89,8284335.35,1.9,-0.4299,2,"PGR,CRWD",Bull_LowVol
2023-12-07,4375760.33,-2452.77,3924437.89,8302651.0,1.9,-0.4276,2,"PGR,CRWD",Bull_LowVol
2023-12-08,4400317.07,-2943.33,3924437.89,8327698.29,1.89,-0.4244,2,"PGR,CRWD",Bull_LowVol
2023-12-11,4533232.04,-3433.88,3924437.89,8461103.82,1.87,-0.407,2,"PGR,CRWD",Bull_LowVol
2023-12-12,4604621.0,-3924.44,3924437.89,8532983.33,1.85,-0.3977,2,"PGR,CRWD",Bull_LowVol
2023-12-13,4539673.95,-4414.99,3924437.89,8468526.83,1.87,-0.4062,2,"PGR,CRWD",Bull_LowVol
2023-12-14,4308525.71,0.0,4192794.63,8501320.33,1.97,-0.4364,2,"CRWD,GAP",Bull_LowVol
2023-12-15,4432751.85,-524.1,4192794.63,8626070.57,1.95,-0.4201,2,"CRWD,GAP",Bull_LowVol
2023-12-18,4358775.37,-1048.2,4192794.63,8552618.2,1.96,-0.4298,2,"CRWD,GAP",Bull_LowVol
2023-12-19,4461370.95,-1572.3,4192794.63,8655737.87,1.94,-0.4164,2,"CRWD,GAP",Bull_LowVol
2023-12-20,4202016.77,-2096.4,4192794.63,8396907.79,2.0,-0.4503,2,"CRWD,GAP",Bull_LowVol
2023-12-21,4372739.8,-2620.5,4192794.63,8568154.92,1.96,-0.428,2,"CRWD,GAP",Bull_LowVol
2023-12-22,4327997.69,-3144.6,4192794.63,8523936.92,1.97,-0.4338,2,"CRWD,GAP",Bull_LowVol
2023-12-26,4419264.98,-3668.7,4192794.63,8615728.3,1.95,-0.4219,2,"CRWD,GAP",Bull_LowVol
2023-12-27,4377238.75,-4192.79,4192794.63,8574226.17,1.96,-0.4274,2,"CRWD,GAP",Bull_LowVol
2023-12-28,4320551.65,-4716.89,4192794.63,8518063.17,1.97,-0.4348,2,"CRWD,GAP",Bull_LowVol
2023-12-29,4288972.04,0.0,4034444.02,8323416.07,1.94,-0.439,2,"GAP,QXO",Bull_LowVol
2024-01-02,4090175.86,-504.31,4034444.02,8125124.19,1.99,-0.465,2,"GAP,QXO",Bull_LowVol
2024-01-03,3736814.16,-1008.61,4034444.02,7772266.8,2.08,-0.5112,2,"GAP,QXO",Bull_LowVol
2024-01-04,4489401.32,-1512.92,4034444.02,8525358.26,1.9,-0.4127,2,"GAP,QXO",Bull_LowVol
2024-01-05,5457673.62,-2017.22,4034444.02,9494134.86,1.74,-0.2861,2,"GAP,QXO",Bull_LowVol
2024-01-08,4914704.26,-2521.53,4034444.02,8951669.81,1.82,-0.3571,2,"GAP,QXO",Bull_LowVol
2024-01-09,4618064.87,-3025.83,4034444.02,8655534.73,1.87,-0.3959,2,"GAP,QXO",Bull_LowVol
2024-01-10,4238037.02,-3530.14,4034444.02,8276011.18,1.95,-0.4456,2,"GAP,QXO",Bull_LowVol
2024-01-11,4019608.07,-4034.44,4034444.02,8058086.54,2.0,-0.4742,2,"GAP,QXO",Bull_LowVol
2024-01-12,3731117.55,0.0,4123063.96,7854181.52,2.11,-0.5119,2,"GAP,PVH",Bull_LowVol
2024-01-16,3616568.22,-515.38,4123063.96,7740147.56,2.14,-0.5269,2,"GAP,PVH",Bull_LowVol
2024-01-17,3459264.53,-1030.77,4123063.96,7583359.26,2.19,-0.5475,2,"GAP,PVH",Bull_LowVol
2024-01-18,3288133.03,0.0,3664516.9,6952649.92,2.11,-0.5699,2,"PVH,S",Bull_LowVol
2024-01-19,3393148.75,-458.06,3664516.9,7058123.71,2.08,-0.5561,2,"PVH,S",Bull_LowVol
2024-01-22,3550759.93,-916.13,3664516.9,7216192.95,2.03,-0.5355,2,"PVH,S",Bull_LowVol
2024-01-23,3568725.1,-1374.19,3664516.9,7234616.19,2.03,-0.5332,2,"PVH,S",Bull_LowVol
2024-01-24,3427376.13,-1832.26,3664516.9,7093725.29,2.07,-0.5517,2,"PVH,S",Bull_LowVol
2024-01-25,3470182.69,-2290.32,3664516.9,7136989.91,2.06,-0.5461,2,"PVH,S",Bull_LowVol
2024-01-26,3670576.71,-2748.39,3664516.9,7337842.0,2.0,-0.5198,2,"PVH,S",Bull_LowVol
2024-01-29,3997859.87,-3206.45,3664516.9,7665583.22,1.92,-0.477,2,"PVH,S",Bull_LowVol
2024-01-30,3858263.48,-3664.52,3664516.9,7526444.9,1.95,-0.4953,2,"PVH,S",Bull_LowVol
2024-01-31,3634042.05,-4122.58,3664516.9,7302681.53,2.01,-0.5246,2,"PVH,S",Bull_LowVol
2024-02-01,3817987.59,-4580.65,3664516.9,7487085.13,1.96,-0.5006,2,"PVH,S",Bull_LowVol
2024-02-02,3767700.78,-5038.71,3664516.9,7437256.39,1.97,-0.5071,2,"PVH,S",Bull_LowVol
2024-02-05,3751167.78,-5496.78,3664516.9,7421181.45,1.98,-0.5093,2,"PVH,S",Bull_LowVol
2024-02-06,3734299.92,-5954.84,3664516.9,7404771.66,1.98,-0.5115,2,"PVH,S",Bull_LowVol
2024-02-07,3808692.73,-6412.9,3664516.9,7479622.53,1.96,-0.5018,2,"PVH,S",Bull_LowVol
2024-02-08,4140605.91,-6870.97,3664516.9,7811993.77,1.89,-0.4584,2,"PVH,S",Bull_LowVol
2024-02-09,4249697.84,-7329.03,3664516.9,7921543.77,1.86,-0.4441,2,"PVH,S",Bull_LowVol
2024-02-12,4306738.25,-7787.1,3664516.9,7979042.25,1.85,-0.4366,2,"PVH,S",Bull_LowVol
2024-02-13,4078766.82,0.0,3858360.2,7937127.02,1.95,-0.4665,2,"S,VKTX",Bull_LowVol
2024-02-14,4430014.7,-482.3,3858360.2,8288857.2,1.87,-0.4205,2,"S,VKTX",Bull_LowVol
2024-02-15,4378854.96,-964.59,3858360.2,8238179.75,1.88,-0.4272,2,"S,VKTX",Bull_LowVol
2024-02-16,4894647.87,-1446.89,3858360.2,8754454.96,1.79,-0.3597,2,"S,VKTX",Bull_LowVol
2024-02-20,4783601.67,-1929.18,3858360.2,8643891.05,1.81,-0.3742,2,"S,VKTX",Bull_LowVol
2024-02-21,4236215.57,-2411.48,3858360.2,8096987.25,1.91,-0.4459,2,"S,VKTX",Bull_LowVol
2024-02-22,4399511.98,-2893.77,3858360.2,8260765.95,1.88,-0.4245,2,"S,VKTX",Bull_MidVol
2024-02-23,4749473.84,-3376.07,3858360.2,8611210.1,1.81,-0.3787,2,"S,VKTX",Bull_MidVol
2024-02-26,4996771.6,-3858.36,3858360.2,8858990.16,1.77,-0.3464,2,"S,VKTX",Bull_MidVol
2024-02-27,11270807.65,-4340.66,3858360.2,15133508.51,1.34,0.0,2,"S,VKTX",Bull_MidVol
2024-02-28,12321306.1,0.0,12604122.38,24925428.48,2.02,0.0,2,"VKTX,NVDA",Bull_LowVol
2024-02-29,10222476.31,-1575.52,12604122.38,22828174.2,2.23,-0.1703,2,"VKTX,NVDA",Bull_LowVol
2024-03-01,11812971.52,-3151.03,12604122.38,24420244.93,2.07,-0.0413,2,"VKTX,NVDA",Bull_LowVol
2024-03-04,13096914.66,-4726.55,12604122.38,25705763.58,1.96,0.0,2,"VKTX,NVDA",Bull_LowVol
2024-03-05,12752568.08,-6302.06,12604122.38,25362992.52,1.99,-0.0263,2,"VKTX,NVDA",Bull_LowVol
2024-03-06,13622555.94,-7877.58,12604122.38,26234555.9,1.93,0.0,2,"VKTX,NVDA",Bull_LowVol
2024-03-07,11959610.13,-9453.09,12604122.38,24573185.61,2.05,-0.1221,2,"VKTX,NVDA",Bull_LowVol
2024-03-08,10846212.52,-11028.61,12604122.38,23461363.51,2.16,-0.2038,2,"VKTX,NVDA",Bull_MidVol
2024-03-11,9571829.8,0.0,12648644.02,22220473.82,2.32,-0.2974,2,"NVDA,KNSL",Bull_MidVol
2024-03-12,10626892.94,-1581.08,12648644.02,23277118.04,2.19,-0.2199,2,"NVDA,KNSL",Bull_MidVol
2024-03-13,10516780.83,-3162.16,12648644.02,23168587.02,2.2,-0.228,2,"NVDA,KNSL",Bull_MidVol
2024-03-14,9909713.61,-4743.24,12648644.02,22563100.87,2.28,-0.2726,2,"NVDA,KNSL",Bull_MidVol
2024-03-15,10065229.96,-6324.32,12648644.02,22720198.3,2.26,-0.2611,2,"NVDA,KNSL",Bull_MidVol
2024-03-18,10156439.08,-7905.4,12648644.02,22812988.51,2.25,-0.2544,2,"NVDA,KNSL",Bull_MidVol
2024-03-19,10254799.01,-9486.48,12648644.02,22912929.52,2.23,-0.2472,2,"NVDA,KNSL",Bull_MidVol
2024-03-20,10443165.02,-11067.56,12648644.02,23102876.61,2.21,-0.2334,2,"NVDA,KNSL",Bull_MidVol
2024-03-21,10681214.84,-12648.64,12648644.02,23342507.5,2.19,-0.2159,2,"NVDA,KNSL",Bull_LowVol
2024-03-22,11193247.28,-14229.72,12648644.02,23856121.02,2.13,-0.1783,2,"NVDA,KNSL",Bull_LowVol
2024-03-25,11450971.58,-15810.81,12648644.02,24115426.4,2.11,-0.1594,2,"NVDA,KNSL",Bull_LowVol
2024-03-26,11035174.86,-17391.89,12648644.02,23701210.76,2.15,-0.1899,2,"NVDA,KNSL",Bull_LowVol
2024-03-27,10708752.12,-18972.97,12648644.02,23376369.11,2.18,-0.2139,2,"NVDA,KNSL",Bull_LowVol
2024-03-28,10597393.41,-20554.05,12648644.02,23266591.48,2.2,-0.2221,2,"NVDA,KNSL",Bull_LowVol
2024-04-01,10391192.57,-22135.13,12648644.02,23061971.72,2.22,-0.2372,2,"NVDA,KNSL",Bull_LowVol
2024-04-02,9482720.18,-23716.21,12648644.02,22155080.4,2.34,-0.3039,2,"NVDA,KNSL",Bull_LowVol
2024-04-03,8932217.52,0.0,14095750.29,23027967.81,2.58,-0.3443,2,"NVDA,COIN",Bull_LowVol
2024-04-04,8375282.88,-1761.97,14095750.29,22472795.14,2.68,-0.3852,2,"NVDA,COIN",Bull_LowVol
2024-04-05,8313843.53,0.0,8533896.36,16847739.89,2.03,-0.3897,2,"COIN,CVNA",Bull_LowVol
2024-04-08,8766685.77,-1066.74,8533896.36,17301648.87,1.97,-0.3565,2,"COIN,CVNA",Bull_LowVol
2024-04-09,8368457.94,-2133.47,8533896.36,16904487.78,2.02,-0.3857,2,"COIN,CVNA",Bull_LowVol
2024-04-10,8338800.88,-3200.21,8533896.36,16875897.46,2.02,-0.3879,2,"COIN,CVNA",Bull_LowVol
2024-04-11,8601345.18,0.0,9316315.5,17917660.68,2.08,-0.3686,2,"COIN,VST",Bull_LowVol
2024-04-12,7718807.95,-1164.54,9316315.5,17036287.99,2.21,-0.4334,2,"COIN,VST",Bull_LowVol
2024-04-15,6756084.1,0.0,4786089.24,11542173.33,1.71,-0.5041,2,"VST,APP",Bull_LowVol
2024-04-16,6723688.99,-598.26,4786089.24,11510376.49,1.71,-0.5064,2,"VST,APP",Bull_LowVol
2024-04-17,6781085.31,-1196.52,4786089.24,11568371.06,1.71,-0.5022,2,"VST,APP",Bull_LowVol
2024-04-18,6352690.87,-1794.78,4786089.24,11140574.89,1.75,-0.5337,2,"VST,APP",Bull_LowVol
2024-04-19,6227974.17,-2393.04,4786089.24,11016456.45,1.77,-0.5428,2,"VST,APP",Bull_LowVol
2024-04-22,6403874.89,-2991.31,4786089.24,11192955.43,1.75,-0.5299,2,"VST,APP",Bull_LowVol
2024-04-23,6768334.89,-3589.57,4786089.24,11558013.69,1.71,-0.5032,2,"VST,APP",Bull_LowVol
2024-04-24,6937330.63,-4187.83,4786089.24,11727607.69,1.69,-0.4907,2,"VST,APP",Bull_LowVol
2024-04-25,7166913.11,0.0,5058282.54,12225195.65,1.71,-0.4739,2,"VST,SMTC",Bull_LowVol
2024-04-26,7302539.59,-632.29,5058282.54,12361454.41,1.69,-0.4639,2,"VST,SMTC",Bull_MidVol
2024-04-29,8061842.51,-1264.57,5058282.54,13121389.63,1.63,-0.4082,2,"VST,SMTC",Bull_MidVol
2024-04-30,7866534.7,-1896.86,5058282.54,12926714.09,1.64,-0.4225,2,"VST,SMTC",Bull_MidVol
2024-05-01,7989810.92,-2529.14,5058282.54,13050622.6,1.63,-0.4135,2,"VST,SMTC",Bull_MidVol
2024-05-02,8455654.76,-3161.43,5058282.54,13517098.73,1.6,-0.3793,2,"VST,SMTC",Bull_MidVol
2024-05-03,8682469.38,-3793.71,5058282.54,13744545.63,1.58,-0.3626,2,"VST,SMTC",Bull_MidVol
2024-05-06,8962843.08,-4426.0,5058282.54,14025551.62,1.56,-0.3421,2,"VST,SMTC",Bull_MidVol
2024-05-07,8793296.35,-5058.28,5058282.54,13856637.18,1.58,-0.3545,2,"VST,SMTC",Bull_MidVol
2024-05-08,9790750.12,-5690.57,5058282.54,14854723.23,1.52,-0.2813,2,"VST,SMTC",Bull_MidVol
2024-05-09,10042171.13,0.0,10090348.19,20132519.32,2.0,-0.2628,2,"VST,SMTC",Bull_MidVol
2024-05-10,10206962.26,-1261.29,10090348.19,20298571.74,1.99,-0.2507,2,"VST,SMTC",Bull_MidVol
2024-05-13,9598163.8,-2522.59,10090348.19,19691034.57,2.05,-0.2954,2,"VST,SMTC",Bull_LowVol
2024-05-14,9927632.96,-3783.88,10090348.19,20021765.03,2.02,-0.2712,2,"VST,SMTC",Bull_LowVol
2024-05-15,10705508.96,-5045.17,10090348.19,20800902.32,1.94,-0.2141,2,"VST,SMTC",Bull_LowVol
2024-05-16,10226175.04,-6306.47,10090348.19,20322829.7,1.99,-0.2493,2,"VST,SMTC",Bull_LowVol
2024-05-17,10362600.02,-7567.76,10090348.19,20460515.96,1.97,-0.2393,2,"VST,SMTC",Bull_LowVol
2024-05-20,10114331.42,-8829.05,10090348.19,20213508.66,2.0,-0.2575,2,"VST,SMTC",Bull_LowVol
2024-05-21,10533842.8,-10090.35,10090348.19,20634281.34,1.96,-0.2267,2,"VST,SMTC",Bull_LowVol
2024-05-22,10365355.08,-11351.64,10090348.19,20467054.91,1.97,-0.2391,2,"VST,SMTC",Bull_LowVol
2024-05-23,10470883.6,-12612.94,10090348.19,20573844.72,1.96,-0.2314,2,"VST,SMTC",Bull_LowVol
2024-05-24,11383631.44,-13874.23,10090348.19,21487853.86,1.89,-0.1644,2,"VST,SMTC",Bull_LowVol
2024-05-28,11939105.63,-15135.52,10090348.19,22044589.34,1.85,-0.1236,2,"VST,SMTC",Bull_LowVol
2024-05-29,11641171.63,-16396.82,10090348.19,21747916.63,1.87,-0.1454,2,"VST,SMTC",Bull_LowVol
2024-05-30,11461184.63,-17658.11,10090348.19,21569190.92,1.88,-0.1587,2,"VST,SMTC",Bull_LowVol
2024-05-31,10703888.08,-18919.4,10090348.19,20813155.67,1.94,-0.2143,2,"VST,SMTC",Bull_LowVol
2024-06-03,10129869.54,0.0,8817803.81,18947673.35,1.87,-0.2564,2,"SMTC,CDE",Bull_LowVol
2024-06-04,9568082.22,-1102.23,8817803.81,18386988.25,1.92,-0.2976,2,"SMTC,CDE",Bull_LowVol
2024-06-05,9992394.08,-2204.45,8817803.81,18812402.34,1.88,-0.2665,2,"SMTC,CDE",Bull_LowVol
2024-06-06,10528045.98,-3306.68,8817803.81,19349156.46,1.84,-0.2272,2,"SMTC,CDE",Bull_LowVol
2024-06-07,8003665.89,0.0,9597144.46,17600810.36,2.2,-0.4125,2,"CDE,CRS",Bull_LowVol
2024-06-10,8146721.9,-1199.64,9597144.46,17745066.0,2.18,-0.402,2,"CDE,CRS",Bull_LowVol
2024-06-11,8104620.6,-2399.29,9597144.46,17704164.35,2.18,-0.4051,2,"CDE,CRS",Bull_LowVol
2024-06-12,8450640.09,-3598.93,9597144.46,18051383.48,2.14,-0.3797,2,"CDE,CRS",Bull_LowVol
2024-06-13,8035734.32,-4798.57,9597144.46,17637677.36,2.19,-0.4101,2,"CDE,CRS",Bull_LowVol
2024-06-14,8131999.97,-5998.22,9597144.46,17735142.65,2.18,-0.403,2,"CDE,CRS",Bull_LowVol
2024-06-17,8037470.66,-7197.86,9597144.46,17641812.98,2.19,-0.41,2,"CDE,CRS",Bull_LowVol
2024-06-18,8124456.81,-8397.5,9597144.46,17729998.77,2.18,-0.4036,2,"CDE,CRS",Bull_LowVol
2024-06-20,8465636.25,-9597.14,9597144.46,18072377.86,2.13,-0.3786,2,"CDE,CRS",Bull_LowVol
2024-06-21,8326371.13,-10796.79,9597144.46,17934312.38,2.15,-0.3888,2,"CDE,CRS",Bull_LowVol
2024-06-24,8176017.22,0.0,10144810.52,18320827.74,2.24,-0.3998,2,"CDE,INSM",Bull_LowVol
2024-06-25,7987322.83,-1268.1,10144810.52,18133401.44,2.27,-0.4137,2,"CDE,INSM",Bull_LowVol
2024-06-26,8042166.51,-2536.2,10144810.52,18189513.23,2.26,-0.4096,2,"CDE,INSM",Bull_LowVol
2024-06-27,7852304.59,-3804.3,10144810.52,18000919.41,2.29,-0.4236,2,"CDE,INSM",Bull_LowVol
2024-06-28,7910723.0,-5072.41,10144810.52,18060605.92,2.28,-0.4193,2,"CDE,INSM",Bull_LowVol
2024-07-01,7436742.32,-6340.51,10144810.52,17587893.34,2.36,-0.4541,2,"CDE,INSM",Bull_LowVol
2024-07-02,7627680.26,-7608.61,10144810.52,17780099.39,2.33,-0.4401,2,"CDE,INSM",Bull_LowVol
2024-07-03,8011046.72,0.0,10667115.19,18678161.91,2.33,-0.4119,2,"CDE,ASTS",Bull_LowVol
2024-07-05,9343792.53,-1333.39,10667115.19,20012241.11,2.14,-0.3141,2,"CDE,ASTS",Bull_LowVol
2024-07-08,9292366.92,-2666.78,10667115.19,19962148.88,2.15,-0.3179,2,"CDE,ASTS",Bull_LowVol
2024-07-09,9039224.35,0.0,8553000.01,17592224.36,1.95,-0.3365,2,"ASTS,INSM",Bull_LowVol
2024-07-10,9219299.6,-1069.13,8553000.01,17773368.74,1.93,-0.3232,2,"ASTS,INSM",Bull_LowVol
2024-07-11,9738108.14,-2138.25,8553000.01,18293246.4,1.88,-0.2851,2,"ASTS,INSM",Bull_LowVol
2024-07-12,10477463.88,-3207.38,8553000.01,19033671.27,1.82,-0.2309,2,"ASTS,INSM",Bull_LowVol
2024-07-15,10905158.75,-4276.5,8553000.01,19462435.26,1.78,-0.1995,2,"ASTS,INSM",Bull_LowVol
2024-07-16,11131682.72,-5345.63,8553000.01,19690028.36,1.77,-0.1828,2,"ASTS,INSM",Bull_LowVol
2024-07-17,10598295.42,-6414.75,8553000.01,19157710.19,1.81,-0.222,2,"ASTS,INSM",Bull_LowVol
2024-07-18,9817214.7,-7483.88,8553000.01,18377698.59,1.87,-0.2793,2,"ASTS,INSM",Bull_LowVol
2024-07-19,10257173.9,-8553.0,8553000.01,18818726.91,1.83,-0.247,2,"ASTS,INSM",Bull_LowVol
2024-07-22,10267835.72,-9622.13,8553000.01,18830457.86,1.83,-0.2463,2,"ASTS,INSM",Bull_LowVol
2024-07-23,10961761.24,-10691.25,8553000.01,19525452.5,1.78,-0.1953,2,"ASTS,INSM",Bull_LowVol
2024-07-24,10421925.56,-11760.38,8553000.01,18986685.95,1.82,-0.235,2,"ASTS,INSM",Bull_MidVol
2024-07-25,12739483.84,-12829.5,8553000.01,21305313.35,1.67,-0.0648,2,"ASTS,INSM",Bull_MidVol
2024-07-26,14292697.81,-13898.63,8553000.01,22859596.45,1.6,0.0,2,"ASTS,INSM",Bull_MidVol
2024-07-29,14315327.31,-14967.75,8553000.01,22883295.08,1.6,0.0,2,"ASTS,INSM",Bull_MidVol
2024-07-30,13151296.85,-16036.88,8553000.01,21720333.74,1.65,-0.0813,2,"ASTS,INSM",Bull_MidVol
2024-07-31,15354755.31,-17106.0,8553000.01,23924861.32,1.56,0.0,2,"ASTS,INSM",Bull_MidVol
2024-08-01,14791647.93,14791647.93,0.0,0.0,0.0,-0.0367,0,CASH_BIL,Bear_HighVol
2024-08-02,14791647.93,14791647.93,0.0,0.0,0.0,-0.0367,0,CASH_BIL,Bear_HighVol
2024-08-05,14794881.43,14794881.43,0.0,0.0,0.0,-0.0365,0,CASH_BIL,Bear_HighVol
2024-08-06,14798116.28,14798116.28,0.0,0.0,0.0,-0.0363,0,CASH_BIL,Bear_HighVol
2024-08-07,14799734.38,14799734.38,0.0,0.0,0.0,-0.0361,0,CASH_BIL,Bear_HighVol
2024-08-08,14802967.88,14802967.88,0.0,0.0,0.0,-0.0359,0,CASH_BIL,Bear_HighVol
2024-08-09,14807819.48,14807819.48,0.0,0.0,0.0,-0.0356,0,CASH_BIL,Bear_HighVol
2024-08-12,14809440.26,14809440.26,0.0,0.0,0.0,-0.0355,0,CASH_BIL,Bear_HighVol
2024-08-13,14811051.64,14811051.64,0.0,0.0,0.0,-0.0354,0,CASH_BIL,Bear_HighVol
2024-08-14,14812671.08,14812671.08,0.0,0.0,0.0,-0.0353,0,CASH_BIL,Bear_HighVol
2024-08-15,14820754.84,14820754.84,0.0,0.0,0.0,-0.0348,0,CASH_BIL,Bear_HighVol
2024-08-16,14820754.84,14820754.84,0.0,0.0,0.0,-0.0348,0,CASH_BIL,Bear_HighVol
2024-08-19,14823988.34,14823988.34,0.0,0.0,0.0,-0.0346,0,CASH_BIL,Bear_HighVol
2024-08-20,14827223.19,14827223.19,0.0,0.0,0.0,-0.0344,0,CASH_BIL,Bear_HighVol
2024-08-21,14827223.19,14827223.19,0.0,0.0,0.0,-0.0344,0,CASH_BIL,Bear_HighVol
2024-08-22,14833690.2,14833690.2,0.0,0.0,0.0,-0.0339,0,CASH_BIL,Bear_HighVol
2024-08-23,14835308.29,14835308.29,0.0,0.0,0.0,-0.0338,0,CASH_BIL,Bear_HighVol
2024-08-26,14838545.82,14838545.82,0.0,0.0,0.0,-0.0336,0,CASH_BIL,Bear_HighVol
2024-08-27,14840163.92,14840163.92,0.0,0.0,0.0,-0.0335,0,CASH_BIL,Bear_HighVol
2024-08-28,14840163.92,14840163.92,0.0,0.0,0.0,-0.0335,0,CASH_BIL,Bear_HighVol
2024-08-29,14840163.92,14840163.92,0.0,0.0,0.0,-0.0335,0,CASH_BIL,Bull_MidVol
2024-08-30,14840163.92,14840163.92,0.0,0.0,0.0,-0.0335,0,CASH_BIL,Bull_MidVol
2024-09-03,14840163.92,14840163.92,0.0,0.0,0.0,-0.0335,0,CASH_BIL,Bull_MidVol
2024-09-04,14788303.99,0.0,7326.52,14795630.51,1.0,-0.0369,2,"CRS,RKT",Bull_MidVol
2024-09-05,14649211.99,-0.92,7326.52,14656539.43,1.0,-0.0459,2,"CRS,RKT",Bull_MidVol
2024-09-06,14274655.25,-1.83,7326.52,14281983.61,1.0,-0.0703,2,"CRS,RKT",Bull_MidVol
2024-09-09,14457749.33,-2.75,7326.52,14465078.6,1.0,-0.0584,2,"CRS,RKT",Bull_MidVol
2024-09-10,14283657.03,-3.66,7326.52,14290987.21,1.0,-0.0698,2,"CRS,RKT",Bull_MidVol
2024-09-11,14117645.14,-4.58,7326.52,14124976.24,1.0,-0.0806,2,"CRS,RKT",Bull_MidVol
2024-09-12,14477671.69,-5.49,7326.52,14485003.7,1.0,-0.0571,2,"CRS,RKT",Bull_MidVol
2024-09-13,14947793.48,-6.41,7326.52,14955126.41,1.0,-0.0265,2,"CRS,RKT",Bull_MidVol
2024-09-16,15165412.13,-7.33,7326.52,15172745.98,1.0,-0.0123,2,"CRS,RKT",Bull_MidVol
2024-09-17,15381113.38,-8.24,7326.52,15388448.14,1.0,0.0,2,"CRS,RKT",Bull_MidVol
2024-09-18,15187273.31,0.0,11994231.72,27181505.04,1.79,-0.0126,2,"CRS,RKT",Bull_MidVol
2024-09-19,15097206.97,-1499.28,11994231.72,27092937.98,1.79,-0.0185,2,"CRS,RKT",Bull_MidVol
2024-09-20,15006246.07,-2998.56,11994231.72,27003476.35,1.8,-0.0244,2,"CRS,RKT",Bull_MidVol
2024-09-23,15333236.85,-4497.84,11994231.72,27331966.41,1.78,-0.0031,2,"CRS,RKT",Bull_MidVol
2024-09-24,15725593.24,-5997.12,11994231.72,27725822.08,1.76,0.0,2,"CRS,RKT",Bull_MidVol
2024-09-25,15814649.58,-7496.39,11994231.72,27816377.69,1.76,0.0,2,"CRS,RKT",Bull_MidVol
2024-09-26,14943936.26,-8995.67,11994231.72,26947163.66,1.8,-0.0551,2,"CRS,RKT",Bull_MidVol
2024-09-27,15282568.26,-10494.95,11994231.72,27287294.93,1.79,-0.0336,2,"CRS,RKT",Bull_MidVol
2024-09-30,15507551.22,-11994.23,11994231.72,27513777.17,1.77,-0.0194,2,"CRS,RKT",Bull_MidVol
2024-10-01,15413525.21,-13493.51,11994231.72,27421250.44,1.78,-0.0254,2,"CRS,RKT",Bull_MidVol
2024-10-02,15125435.0,0.0,11116293.53,26241728.53,1.73,-0.0436,2,"RKT,CAVA",Bull_MidVol
2024-10-03,14394234.37,0.0,12371170.52,26765404.88,1.86,-0.0898,2,"CAVA,RKLB",Bull_MidVol
2024-10-04,15346156.98,-1546.4,12371170.52,27718873.9,1.81,-0.0296,2,"CAVA,RKLB",Bull_LowVol
2024-10-07,15110474.0,-3092.79,12371170.52,27484737.31,1.82,-0.0445,2,"CAVA,RKLB",Bull_LowVol
2024-10-08,15395354.8,-4639.19,12371170.52,27771164.51,1.8,-0.0265,2,"CAVA,RKLB",Bull_LowVol
2024-10-09,15435291.1,-6185.59,12371170.52,27812647.2,1.8,-0.024,2,"CAVA,RKLB",Bull_LowVol
2024-10-10,15170428.13,-7731.98,12371170.52,27549330.63,1.82,-0.0407,2,"CAVA,RKLB",Bull_LowVol
2024-10-11,15979812.11,-9278.38,12371170.52,28360261.01,1.77,0.0,2,"CAVA,RKLB",Bull_LowVol
2024-10-14,16351631.2,-10824.77,12371170.52,28733626.49,1.76,0.0,2,"CAVA,RKLB",Bull_LowVol
2024-10-15,16340846.62,-12371.17,12371170.52,28724388.31,1.76,-0.0007,2,"CAVA,RKLB",Bull_LowVol
2024-10-16,18111381.34,0.0,18047225.59,36158606.93,2.0,0.0,2,"CAVA,RKLB",Bull_LowVol
2024-10-17,17299555.25,-2255.9,18047225.59,35349036.74,2.04,-0.0448,2,"CAVA,RKLB",Bull_LowVol
2024-10-18,17649086.17,-4511.81,18047225.59,35700823.57,2.02,-0.0255,2,"CAVA,RKLB",Bull_LowVol
2024-10-21,18508136.38,-6767.71,18047225.59,36562129.67,1.98,0.0,2,"CAVA,RKLB",Bull_LowVol
2024-10-22,18337004.69,-9023.61,18047225.59,36393253.9,1.98,-0.0092,2,"CAVA,RKLB",Bull_LowVol
2024-10-23,17968280.16,-11279.52,18047225.59,36026785.26,2.01,-0.0292,2,"CAVA,RKLB",Bull_LowVol
2024-10-24,18700685.48,-13535.42,18047225.59,36761446.49,1.97,0.0,2,"CAVA,RKLB",Bull_LowVol
2024-10-25,18338501.64,-15791.32,18047225.59,36401518.55,1.98,-0.0194,2,"CAVA,RKLB",Bull_LowVol
2024-10-28,18785521.49,-18047.23,18047225.59,36850794.31,1.96,0.0,2,"CAVA,RKLB",Bull_LowVol
2024-10-29,19060701.24,-20303.13,18047225.59,37128229.95,1.95,0.0,2,"CAVA,RKLB",Bull_LowVol
2024-10-30,17664332.33,0.0,17759004.67,35423336.99,2.01,-0.0733,2,"RKLB,APP",Bull_LowVol
2024-10-31,17008101.21,-2219.88,17759004.67,34769325.75,2.04,-0.1077,2,"RKLB,APP",Bull_LowVol
2024-11-01,17570873.14,-4439.75,17759004.67,35334317.56,2.01,-0.0782,2,"RKLB,APP",Bull_LowVol
2024-11-04,16838478.85,-6659.63,17759004.67,34604143.14,2.06,-0.1166,2,"RKLB,APP",Bull_LowVol
2024-11-05,18368529.76,-8879.5,17759004.67,36136413.93,1.97,-0.0363,2,"RKLB,APP",Bull_LowVol
2024-11-06,20723644.78,-11099.38,17759004.67,38493748.82,1.86,0.0,2,"RKLB,APP",Bull_LowVol
2024-11-07,29404814.22,-13319.25,17759004.67,47177138.14,1.6,0.0,2,"RKLB,APP",Bull_MidVol
2024-11-08,33954638.02,-15539.13,17759004.67,51729181.82,1.52,0.0,2,"RKLB,APP",Bull_MidVol
2024-11-11,35643743.66,-17759.0,17759004.67,53420507.33,1.5,0.0,2,"RKLB,APP",Bull_MidVol
2024-11-12,35714283.48,-19978.88,17759004.67,53493267.03,1.5,0.0,2,"RKLB,APP",Bull_LowVol
2024-11-13,41099812.63,0.0,42838641.43,83938454.06,2.04,0.0,2,"APP,IONQ",Bull_LowVol
2024-11-14,40252372.21,-5354.83,42838641.43,83096368.47,2.06,-0.0206,2,"APP,IONQ",Bull_LowVol
2024-11-15,45821478.82,-10709.66,42838641.43,88670829.91,1.94,0.0,2,"APP,IONQ",Bull_MidVol
2024-11-18,40849680.25,-16064.49,42838641.43,83704386.17,2.05,-0.1085,2,"APP,IONQ",Bull_MidVol
2024-11-19,48428592.43,-21419.32,42838641.43,91288653.18,1.89,0.0,2,"APP,IONQ",Bull_MidVol
2024-11-20,50521475.8,-26774.15,42838641.43,93386891.38,1.85,0.0,2,"APP,IONQ",Bull_MidVol
2024-11-21,55487372.7,-32128.98,42838641.43,98358143.11,1.77,0.0,2,"APP,IONQ",Bull_MidVol
2024-11-22,56248429.08,-37483.81,42838641.43,99124554.32,1.76,0.0,2,"APP,IONQ",Bull_MidVol
2024-11-25,52760554.55,-42838.64,42838641.43,95642034.62,1.81,-0.062,2,"APP,IONQ",Bull_MidVol
2024-11-26,53936766.92,-48193.47,42838641.43,96823601.83,1.8,-0.0411,2,"APP,IONQ",Bull_MidVol
2024-11-27,56146165.14,-53548.3,42838641.43,99038354.88,1.76,-0.0018,2,"APP,IONQ",Bull_MidVol
2024-11-29,63968059.44,-58903.13,42838641.43,106865604.0,1.67,0.0,2,"APP,IONQ",Bull_LowVol
2024-12-02,57718914.04,-64257.96,42838641.43,100621813.44,1.74,-0.0977,2,"APP,IONQ",Bull_LowVol
2024-12-03,62749730.15,-69612.79,42838641.43,105657984.38,1.68,-0.019,2,"APP,IONQ",Bull_LowVol
2024-12-04,64790596.15,-74967.62,42838641.43,107704205.21,1.66,0.0,2,"APP,IONQ",Bull_LowVol
2024-12-05,69482737.96,-80322.45,42838641.43,112401701.85,1.62,0.0,2,"APP,IONQ",Bull_LowVol
2024-12-06,75963584.09,-85677.28,42838641.43,118887902.81,1.57,0.0,2,"APP,IONQ",Bull_LowVol
2024-12-09,61336113.32,-91032.11,42838641.43,104265786.87,1.7,-0.1926,2,"APP,IONQ",Bull_LowVol
2024-12-10,56298152.81,0.0,50692549.82,106990702.64,1.9,-0.2589,2,"IONQ,SOFI",Bull_LowVol
2024-12-11,53861202.64,-6336.57,50692549.82,104560089.03,1.94,-0.291,2,"IONQ,SOFI",Bull_LowVol
2024-12-12,53760775.97,0.0,58588097.78,112348873.75,2.09,-0.2923,2,"SOFI,COIN",Bull_LowVol
2024-12-13,54633867.31,-7323.51,58588097.78,113229288.6,2.07,-0.2808,2,"SOFI,COIN",Bull_LowVol
2024-12-16,57760136.89,-14647.02,58588097.78,116362881.7,2.01,-0.2396,2,"SOFI,COIN",Bull_LowVol
2024-12-17,56311757.3,-21970.54,58588097.78,114921825.61,2.04,-0.2587,2,"SOFI,COIN",Bull_LowVol
2024-12-18,46015435.26,0.0,51390724.28,97406159.54,2.12,-0.3942,2,"SOFI,PLTR",Bull_MidVol
2024-12-19,46793381.08,-6423.84,51390724.28,98190529.21,2.1,-0.384,2,"SOFI,PLTR",Bull_MidVol
2024-12-20,51624196.9,-12847.68,51390724.28,103027768.87,2.0,-0.3204,2,"SOFI,PLTR",Bull_MidVol
2024-12-23,52730046.39,-19271.52,51390724.28,104140042.19,1.97,-0.3059,2,"SOFI,PLTR",Bull_MidVol
2024-12-24,55135524.86,-25695.36,51390724.28,106551944.5,1.93,-0.2742,2,"SOFI,PLTR",Bull_MidVol
2024-12-26,57127271.99,-32119.2,51390724.28,108550115.47,1.9,-0.248,2,"SOFI,PLTR",Bull_MidVol
2024-12-27,53071111.82,-38543.04,51390724.28,104500379.15,1.97,-0.3014,2,"SOFI,PLTR",Bull_MidVol
2024-12-30,50678963.96,-44966.88,51390724.28,102114655.13,2.01,-0.3329,2,"SOFI,PLTR",Bull_MidVol
2024-12-31,39805090.06,-9177140.66,51390724.28,100372955.0,2.52,-0.476,2,"SOFI,PLTR",Bull_MidVol
2025-01-02,34866232.41,-9183564.5,51390724.28,95440521.19,2.74,-0.541,2,"SOFI,PLTR",Bull_MidVol
2025-01-03,40187426.08,-9189988.34,51390724.28,100768138.7,2.51,-0.471,2,"SOFI,PLTR",Bull_MidVol
2025-01-06,39547931.67,-9196412.18,51390724.28,100135068.13,2.53,-0.4794,2,"SOFI,PLTR",Bull_MidVol
2025-01-07,34719822.2,-9202836.02,51390724.28,95313382.51,2.75,-0.5429,2,"SOFI,PLTR",Bull_MidVol
2025-01-08,32371623.24,-9209259.86,51390724.28,92971607.38,2.87,-0.5739,2,"SOFI,PLTR",Bull_MidVol
2025-01-10,30331917.37,-9215683.7,51390724.28,90938325.36,3.0,-0.6007,2,"SOFI,PLTR",Bull_MidVol
2025-01-13,38846459.62,0.0,27635697.85,66482157.48,1.71,-0.4886,2,"SOFI,AS",Bull_MidVol
2025-01-14,42923635.27,487782.62,0.0,42435852.65,0.99,-0.4349,2,"AS,BROS",Bull_MidVol
2025-01-15,43345438.43,487782.62,0.0,42857655.81,0.99,-0.4294,2,"AS,BROS",Bull_MidVol
2025-01-16,44171241.35,487782.62,0.0,43683458.73,0.99,-0.4185,2,"AS,BROS",Bull_MidVol
2025-01-17,43791164.8,487782.62,0.0,43303382.18,0.99,-0.4235,2,"AS,BROS",Bull_MidVol
2025-01-21,44865096.84,487782.62,0.0,44377314.22,0.99,-0.4094,2,"AS,BROS",Bull_MidVol
2025-01-22,44721485.62,487782.62,0.0,44233703.0,0.99,-0.4113,2,"AS,BROS",Bull_MidVol
2025-01-23,45032415.86,487782.62,0.0,44544633.24,0.99,-0.4072,2,"AS,BROS",Bull_MidVol
2025-01-24,44571519.36,487782.62,0.0,44083736.74,0.99,-0.4133,2,"AS,BROS",Bull_MidVol
2025-01-27,44158993.17,487782.62,0.0,43671210.55,0.99,-0.4187,2,"AS,BROS",Bull_MidVol
2025-01-28,45317564.09,487782.62,0.0,44829781.47,0.99,-0.4034,2,"AS,BROS",Bull_MidVol
2025-01-29,46638514.98,0.0,37271691.41,83910206.39,1.8,-0.386,2,"AS,BROS",Bull_MidVol
2025-01-30,48847312.41,-4658.96,37271691.41,86123662.78,1.76,-0.357,2,"AS,BROS",Bull_MidVol
2025-01-31,46060625.58,-9317.92,37271691.41,83341634.91,1.81,-0.3936,2,"AS,BROS",Bull_MidVol
2025-02-03,45290007.96,-13976.88,37271691.41,82575676.25,1.82,-0.4038,2,"AS,BROS",Bull_MidVol
2025-02-04,47088634.77,-18635.85,37271691.41,84378962.02,1.79,-0.3801,2,"AS,BROS",Bull_MidVol
2025-02-05,48049649.02,-23294.81,37271691.41,85344635.23,1.78,-0.3675,2,"AS,BROS",Bull_MidVol
2025-02-06,50372455.15,-27953.77,37271691.41,87672100.32,1.74,-0.3369,2,"AS,BROS",Bull_MidVol
2025-02-07,47630842.37,-32612.73,37271691.41,84935146.51,1.78,-0.373,2,"AS,BROS",Bull_MidVol
2025-02-10,47069610.0,-37271.69,37271691.41,84378573.1,1.79,-0.3804,2,"AS,BROS",Bull_MidVol
2025-02-11,43983576.46,-41930.65,37271691.41,81297198.52,1.85,-0.421,2,"AS,BROS",Bull_MidVol
2025-02-12,57506656.77,0.0,46380402.79,103887059.56,1.81,-0.243,2,"AS,OKLO",Bull_MidVol
2025-02-13,59418106.34,-5797.55,46380402.79,105804306.69,1.78,-0.2178,2,"AS,OKLO",Bull_LowVol
2025-02-14,57312482.85,-11595.1,46380402.79,103704480.75,1.81,-0.2455,2,"AS,OKLO",Bull_LowVol
2025-02-18,55395769.6,-17392.65,46380402.79,101793565.05,1.84,-0.2708,2,"AS,OKLO",Bull_LowVol
2025-02-19,49082807.46,0.0,53003585.23,102086392.7,2.08,-0.3539,2,"AS,HOOD",Bull_LowVol
2025-02-20,44283360.02,-6625.45,53003585.23,97293570.7,2.2,-0.417,2,"AS,HOOD",Bull_LowVol
2025-02-21,39556153.66,0.0,49560970.83,89117124.49,2.25,-0.4793,2,"AS,TPR",Bull_LowVol
2025-02-24,39456421.43,-6195.12,49560970.83,89023587.39,2.26,-0.4806,2,"AS,TPR",Bull_MidVol
2025-02-25,39680366.51,-12390.24,49560970.83,89253727.58,2.25,-0.4776,2,"AS,TPR",Bull_LowVol
2025-02-26,43421805.01,-18585.36,49560970.83,93001361.21,2.14,-0.4284,2,"AS,TPR",Bull_LowVol
2025-02-27,39330583.53,0.0,19954826.51,59285410.04,1.51,-0.4822,2,"TPR,BROS",Bull_LowVol
2025-02-28,40521465.05,-2494.35,19954826.51,60478785.92,1.49,-0.4666,2,"TPR,BROS",Bull_MidVol
2025-03-03,39165641.57,-4988.71,19954826.51,59125456.79,1.51,-0.4844,2,"TPR,BROS",Bull_MidVol
2025-03-04,36812136.84,-7483.06,19954826.51,56774446.42,1.54,-0.5154,2,"TPR,BROS",Bull_MidVol
2025-03-05,36355325.86,-9977.41,19954826.51,56320129.79,1.55,-0.5214,2,"TPR,BROS",Bull_MidVol
2025-03-06,33004198.84,33004198.84,0.0,0.0,0.0,-0.5655,0,CASH_BIL,Bear_HighVol
2025-03-07,33007808.29,33007808.29,0.0,0.0,0.0,-0.5655,0,CASH_BIL,Bear_HighVol
2025-03-10,33011417.73,33011417.73,0.0,0.0,0.0,-0.5654,0,CASH_BIL,Bear_HighVol
2025-03-11,33015024.25,33015024.25,0.0,0.0,0.0,-0.5654,0,CASH_BIL,Bear_HighVol
2025-03-12,33022240.22,33022240.22,0.0,0.0,0.0,-0.5653,0,CASH_BIL,Bear_HighVol
2025-03-13,33029456.19,33029456.19,0.0,0.0,0.0,-0.5652,0,CASH_BIL,Bear_HighVol
2025-03-14,33036669.24,33036669.24,0.0,0.0,0.0,-0.5651,0,CASH_BIL,Bear_HighVol
2025-03-17,33036669.24,33036669.24,0.0,0.0,0.0,-0.5651,0,CASH_BIL,Bear_HighVol
2025-03-18,33040264.11,33040264.11,0.0,0.0,0.0,-0.5651,0,CASH_BIL,Bear_HighVol
2025-03-19,33047482.99,33047482.99,0.0,0.0,0.0,-0.565,0,CASH_BIL,Bear_HighVol
2025-03-20,33058302.57,33058302.57,0.0,0.0,0.0,-0.5648,0,CASH_BIL,Bear_HighVol
2025-03-21,33058302.57,33058302.57,0.0,0.0,0.0,-0.5648,0,CASH_BIL,Bear_HighVol
2025-03-24,33061909.1,33061909.1,0.0,0.0,0.0,-0.5648,0,CASH_BIL,Bear_HighVol
2025-03-25,33065521.46,33065521.46,0.0,0.0,0.0,-0.5647,0,CASH_BIL,Bear_HighVol
2025-03-26,33072722.85,33072722.85,0.0,0.0,0.0,-0.5646,0,CASH_BIL,Bear_HighVol
2025-03-27,33083551.17,33083551.17,0.0,0.0,0.0,-0.5645,0,CASH_BIL,Bear_HighVol
2025-03-28,33083551.17,33083551.17,0.0,0.0,0.0,-0.5645,0,CASH_BIL,Bear_HighVol
2025-03-31,33091146.16,33091146.16,0.0,0.0,0.0,-0.5644,0,CASH_BIL,Bear_HighVol
2025-04-01,33094767.27,33094767.27,0.0,0.0,0.0,-0.5643,0,CASH_BIL,Bear_HighVol
2025-04-02,33098385.46,33098385.46,0.0,0.0,0.0,-0.5643,0,CASH_BIL,Bear_HighVol
2025-04-03,33109245.85,33109245.85,0.0,0.0,0.0,-0.5641,0,CASH_BIL,Bear_HighVol
2025-04-04,33112861.13,33112861.13,0.0,0.0,0.0,-0.5641,0,CASH_BIL,Bear_HighVol
2025-04-07,33120103.33,33120103.33,0.0,0.0,0.0,-0.564,0,CASH_BIL,Bear_HighVol
2025-04-08,33120103.33,33120103.33,0.0,0.0,0.0,-0.564,0,CASH_BIL,Bear_HighVol
2025-04-09,33123721.52,33123721.52,0.0,0.0,0.0,-0.564,0,CASH_BIL,Bear_HighVol
2025-04-10,33138203.02,33138203.02,0.0,0.0,0.0,-0.5638,0,CASH_BIL,Bear_HighVol
2025-04-11,33138203.02,33138203.02,0.0,0.0,0.0,-0.5638,0,CASH_BIL,Bear_HighVol
2025-04-14,33145442.32,33145442.32,0.0,0.0,0.0,-0.5637,0,CASH_BIL,Bear_HighVol
2025-04-15,33149057.59,33149057.59,0.0,0.0,0.0,-0.5636,0,CASH_BIL,Bear_HighVol
2025-04-16,33163533.26,33163533.26,0.0,0.0,0.0,-0.5634,0,CASH_BIL,Bear_HighVol
2025-04-17,33167154.36,33167154.36,0.0,0.0,0.0,-0.5634,0,CASH_BIL,Bear_HighVol
2025-04-21,33167154.36,33167154.36,0.0,0.0,0.0,-0.5634,0,CASH_BIL,Bear_HighVol
2025-04-22,33174399.49,33174399.49,0.0,0.0,0.0,-0.5633,0,CASH_BIL,Bear_HighVol
2025-04-23,33174399.49,33174399.49,0.0,0.0,0.0,-0.5633,0,CASH_BIL,Bear_HighVol
2025-04-24,33188869.33,33188869.33,0.0,0.0,0.0,-0.5631,0,CASH_BIL,Bear_HighVol
2025-04-25,33192484.6,33192484.6,0.0,0.0,0.0,-0.563,0,CASH_BIL,Bear_HighVol
2025-04-28,33192484.6,33192484.6,0.0,0.0,0.0,-0.563,0,CASH_BIL,Bear_HighVol
2025-04-29,33196111.54,33196111.54,0.0,0.0,0.0,-0.563,0,CASH_BIL,Bear_HighVol
2025-04-30,33204097.21,33204097.21,0.0,0.0,0.0,-0.5629,0,CASH_BIL,Bear_HighVol
2025-05-01,33214992.59,33214992.59,0.0,0.0,0.0,-0.5628,0,CASH_BIL,Bear_HighVol
2025-05-02,33214992.59,33214992.59,0.0,0.0,0.0,-0.5628,0,CASH_BIL,Bear_HighVol
2025-05-05,33222258.13,33222258.13,0.0,0.0,0.0,-0.5627,0,CASH_BIL,Bear_HighVol
2025-05-06,33222258.13,33222258.13,0.0,0.0,0.0,-0.5627,0,CASH_BIL,Bear_HighVol
2025-05-07,33229514.91,33229514.91,0.0,0.0,0.0,-0.5626,0,CASH_BIL,Bear_HighVol
2025-05-08,33240413.21,33240413.21,0.0,0.0,0.0,-0.5624,0,CASH_BIL,Bear_HighVol
2025-05-09,33240413.21,33240413.21,0.0,0.0,0.0,-0.5624,0,CASH_BIL,Bear_HighVol
2025-05-12,33247672.91,33247672.91,0.0,0.0,0.0,-0.5623,0,CASH_BIL,Bear_HighVol
2025-05-13,33247672.91,33247672.91,0.0,0.0,0.0,-0.5623,0,CASH_BIL,Bear_HighVol
2025-05-14,33251311.51,33251311.51,0.0,0.0,0.0,-0.5623,0,CASH_BIL,Bear_HighVol
2025-05-15,33251311.51,33251311.51,0.0,0.0,0.0,-0.5623,0,CASH_BIL,Bull_MidVol
2025-05-16,33251311.51,33251311.51,0.0,0.0,0.0,-0.5623,0,CASH_BIL,Bull_MidVol
2025-05-19,33251311.51,33251311.51,0.0,0.0,0.0,-0.5623,0,CASH_BIL,Bull_MidVol
2025-05-20,33251311.51,33251311.51,0.0,0.0,0.0,-0.5623,0,CASH_BIL,Bull_MidVol
2025-05-21,33251311.51,33251311.51,0.0,0.0,0.0,-0.5623,0,CASH_BIL,Bull_MidVol
2025-05-22,33251311.51,33251311.51,0.0,0.0,0.0,-0.5623,0,CASH_BIL,Bull_MidVol
2025-05-23,31950219.39,0.0,26630513.66,58580733.05,1.83,-0.5794,2,"DUOL,PLTR",Bull_MidVol
2025-05-27,32237240.85,-3328.81,26630513.66,58871083.33,1.83,-0.5756,2,"DUOL,PLTR",Bull_MidVol
2025-05-28,32287219.08,-6657.63,26630513.66,58924390.37,1.83,-0.575,2,"DUOL,PLTR",Bull_MidVol
2025-05-29,31320096.27,-9986.44,26630513.66,57960596.37,1.85,-0.5877,2,"DUOL,PLTR",Bull_MidVol
2025-05-30,33901588.66,-13315.26,26630513.66,60545417.57,1.79,-0.5537,2,"DUOL,PLTR",Bull_MidVol
2025-06-02,34369937.97,-16644.07,26630513.66,61017095.7,1.78,-0.5475,2,"DUOL,PLTR",Bull_MidVol
2025-06-03,33869281.91,-19972.89,26630513.66,60519768.45,1.79,-0.5541,2,"DUOL,PLTR",Bull_MidVol
2025-06-04,33427455.08,-23301.7,26630513.66,60081270.44,1.8,-0.56,2,"DUOL,PLTR",Bull_MidVol
2025-06-05,31278836.82,-26630.51,26630513.66,57935980.99,1.85,-0.5882,2,"DUOL,PLTR",Bull_MidVol
2025-06-06,32549440.8,-29959.33,26630513.66,59209913.79,1.82,-0.5715,2,"DUOL,PLTR",Bull_MidVol
2025-06-09,32718974.34,-33288.14,26630513.66,59382776.14,1.81,-0.5693,2,"DUOL,PLTR",Bull_MidVol
2025-06-10,32217625.82,-36616.96,26630513.66,58884756.43,1.83,-0.5759,2,"DUOL,PLTR",Bull_LowVol
2025-06-11,32473074.01,0.0,32200498.07,64673572.08,1.99,-0.5725,2,"PLTR,CAR",Bull_LowVol
2025-06-12,31750677.5,-4025.06,32200498.07,63955200.63,2.01,-0.582,2,"PLTR,CAR",Bull_LowVol
2025-06-13,31423345.32,-8050.12,32200498.07,63631893.52,2.02,-0.5863,2,"PLTR,CAR",Bull_LowVol
2025-06-16,33806864.85,-12075.19,32200498.07,66019438.11,1.95,-0.555,2,"PLTR,CAR",Bull_LowVol
2025-06-17,33114484.55,-16100.25,32200498.07,65331082.87,1.97,-0.5641,2,"PLTR,CAR",Bull_LowVol
2025-06-18,34050579.16,-20125.31,32200498.07,66271202.54,1.95,-0.5518,2,"PLTR,CAR",Bull_LowVol
2025-06-20,34591354.68,-24150.37,32200498.07,66816003.13,1.93,-0.5446,2,"PLTR,CAR",Bull_LowVol
2025-06-23,38420962.22,-28175.44,32200498.07,70649635.73,1.84,-0.4942,2,"PLTR,CAR",Bull_LowVol
2025-06-24,44534025.46,0.0,44019410.65,88553436.11,1.99,-0.4137,2,"CAR,CRDO",Bull_LowVol
2025-06-25,45654975.01,-5502.43,44019410.65,89679888.09,1.96,-0.399,2,"CAR,CRDO",Bull_LowVol
2025-06-26,47944902.16,-11004.85,44019410.65,91975317.66,1.92,-0.3688,2,"CAR,CRDO",Bull_LowVol
2025-06-27,45882718.43,-16507.28,44019410.65,89918636.36,1.96,-0.396,2,"CAR,CRDO",Bull_LowVol
2025-06-30,44117422.99,-22009.71,44019410.65,88158843.35,2.0,-0.4192,2,"CAR,CRDO",Bull_LowVol
2025-07-01,42415285.31,-27512.13,44019410.65,86462208.09,2.04,-0.4416,2,"CAR,CRDO",Bull_LowVol
2025-07-02,44734389.21,-33014.56,44019410.65,88786814.41,1.98,-0.4111,2,"CAR,CRDO",Bull_LowVol
2025-07-03,47733931.62,-38516.98,44019410.65,91791859.25,1.92,-0.3716,2,"CAR,CRDO",Bull_LowVol
2025-07-07,47355624.98,-44019.41,44019410.65,91419055.04,1.93,-0.3766,2,"CAR,CRDO",Bull_LowVol
2025-07-08,46887498.9,-49521.84,44019410.65,90956431.39,1.94,-0.3828,2,"CAR,CRDO",Bull_LowVol
2025-07-09,48748105.93,-55024.26,44019410.65,92822540.85,1.9,-0.3583,2,"CAR,CRDO",Bull_LowVol
2025-07-10,51513047.55,-60526.69,44019410.65,95592984.89,1.86,-0.3219,2,"CAR,CRDO",Bull_LowVol
2025-07-11,52666971.95,-66029.12,44019410.65,96752411.72,1.84,-0.3067,2,"CAR,CRDO",Bull_LowVol
2025-07-14,53637049.4,-71531.54,44019410.65,97727991.6,1.82,-0.2939,2,"CAR,CRDO",Bull_LowVol
2025-07-15,54933485.47,-77033.97,44019410.65,99029930.09,1.8,-0.2768,2,"CAR,CRDO",Bull_LowVol
2025-07-16,54031752.34,-82536.39,44019410.65,98133699.39,1.82,-0.2887,2,"CAR,CRDO",Bull_LowVol
2025-07-17,53814239.49,-88038.82,44019410.65,97921688.96,1.82,-0.2916,2,"CAR,CRDO",Bull_LowVol
2025-07-18,50470586.48,-93541.25,44019410.65,94583538.38,1.87,-0.3356,2,"CAR,CRDO",Bull_LowVol
2025-07-21,50951029.91,-99043.67,44019410.65,95069484.23,1.87,-0.3293,2,"CAR,CRDO",Bull_LowVol
2025-07-22,52058959.38,-104546.1,44019410.65,96182916.13,1.85,-0.3147,2,"CAR,CRDO",Bull_LowVol
2025-07-23,56673873.83,0.0,52289691.44,108963565.26,1.92,-0.2539,2,"CAR,CRDO",Bull_LowVol
2025-07-24,58248938.79,-6536.21,52289691.44,110545166.44,1.9,-0.2332,2,"CAR,CRDO",Bull_LowVol
2025-07-25,58076214.29,-13072.42,52289691.44,110378978.15,1.9,-0.2355,2,"CAR,CRDO",Bull_LowVol
2025-07-28,61696814.56,-19608.63,52289691.44,114006114.63,1.85,-0.1878,2,"CAR,CRDO",Bull_LowVol
2025-07-29,61948813.57,-26144.85,52289691.44,114264649.85,1.84,-0.1845,2,"CAR,CRDO",Bull_LowVol
2025-07-30,57673475.88,0.0,65829066.64,123502542.52,2.14,-0.2408,2,"CRDO,MP",Bull_LowVol
2025-07-31,55750310.96,-8228.63,65829066.64,121587606.23,2.18,-0.2661,2,"CRDO,MP",Bull_LowVol
2025-08-01,55553354.84,-16457.27,65829066.64,121398878.74,2.19,-0.2687,2,"CRDO,MP",Bull_LowVol
2025-08-04,61236500.33,-24685.9,65829066.64,127090252.87,2.08,-0.1939,2,"CRDO,MP",Bull_LowVol
2025-08-05,61540437.5,-32914.53,65829066.64,127402418.67,2.07,-0.1899,2,"CRDO,MP",Bull_LowVol
2025-08-06,64698943.11,-41143.17,65829066.64,130569152.92,2.02,-0.1483,2,"CRDO,MP",Bull_LowVol
2025-08-07,69449272.87,-49371.8,65829066.64,135327711.31,1.95,-0.0858,2,"CRDO,MP",Bull_LowVol
2025-08-08,72878672.16,-57600.43,65829066.64,138765339.23,1.9,-0.0406,2,"CRDO,MP",Bull_LowVol
2025-08-11,70281485.66,-65829.07,65829066.64,136176381.37,1.94,-0.0748,2,"CRDO,MP",Bull_LowVol
2025-08-12,76279652.26,-74057.7,65829066.64,142182776.6,1.86,0.0,2,"CRDO,MP",Bull_LowVol
2025-08-13,74286115.11,-82286.33,65829066.64,140197468.09,1.89,-0.0261,2,"CRDO,MP",Bull_LowVol
2025-08-14,73239783.23,-90514.97,65829066.64,139159364.83,1.9,-0.0399,2,"CRDO,MP",Bull_LowVol
2025-08-15,71427759.4,-98743.6,65829066.64,137355569.64,1.92,-0.0636,2,"CRDO,MP",Bull_LowVol
2025-08-18,69881900.92,-106972.23,65829066.64,135817939.79,1.94,-0.0839,2,"CRDO,MP",Bull_LowVol
2025-08-19,60914491.54,0.0,65582308.11,126496799.64,2.08,-0.2014,2,"MP,BE",Bull_LowVol
2025-08-20,63835656.8,0.0,62841521.48,126677178.28,1.98,-0.1631,2,"BE,IREN",Bull_LowVol
2025-08-21,63730046.44,-7855.19,62841521.48,126579423.11,1.99,-0.1645,2,"BE,IREN",Bull_LowVol
2025-08-22,74904593.56,-15710.38,62841521.48,137761825.42,1.84,-0.018,2,"BE,IREN",Bull_LowVol
2025-08-25,81501495.86,-23565.57,62841521.48,144366582.91,1.77,0.0,2,"BE,IREN",Bull_LowVol
2025-08-26,81906207.62,-31420.76,62841521.48,144779149.86,1.77,0.0,2,"BE,IREN",Bull_LowVol
2025-08-27,81130542.29,-39275.95,62841521.48,144011339.72,1.78,-0.0095,2,"BE,IREN",Bull_LowVol
2025-08-28,88911204.06,-47131.14,62841521.48,151799856.68,1.71,0.0,2,"BE,IREN",Bull_LowVol
2025-08-29,97395297.31,-54986.33,62841521.48,160291805.12,1.65,0.0,2,"BE,IREN",Bull_LowVol
2025-09-02,103642784.17,-62841.52,62841521.48,166547147.17,1.61,0.0,2,"BE,IREN",Bull_LowVol
2025-09-03,102278872.38,-70696.71,62841521.48,165191090.57,1.62,-0.0132,2,"BE,IREN",Bull_LowVol
2025-09-04,98187857.85,0.0,99565057.59,197752915.44,2.01,-0.0526,2,"BE,ALAB",Bull_LowVol
2025-09-05,103788740.75,-12445.63,99565057.59,203366243.97,1.96,0.0,2,"BE,ALAB",Bull_LowVol
2025-09-08,110212447.39,-24891.26,99565057.59,209802396.24,1.9,0.0,2,"BE,ALAB",Bull_LowVol
2025-09-09,112185694.04,-37336.9,99565057.59,211788088.52,1.89,0.0,2,"BE,ALAB",Bull_LowVol
2025-09-10,134899514.48,-49782.53,99565057.59,234514354.6,1.74,0.0,2,"BE,ALAB",Bull_LowVol
2025-09-11,144056792.86,-62228.16,99565057.59,243684078.61,1.69,0.0,2,"BE,ALAB",Bull_LowVol
2025-09-12,142212854.15,-74673.79,99565057.59,241852585.53,1.7,-0.0128,2,"BE,ALAB",Bull_LowVol
2025-09-15,142701045.36,-87119.43,99565057.59,242353222.38,1.7,-0.0094,2,"BE,ALAB",Bull_LowVol
2025-09-16,157971966.3,-99565.06,99565057.59,257636588.94,1.63,0.0,2,"BE,ALAB",Bull_LowVol
2025-09-17,175057331.98,-112010.69,99565057.59,274734400.25,1.57,0.0,2,"BE,ALAB",Bull_LowVol
2025-09-18,179190814.2,0.0,176564343.19,355755157.38,1.99,0.0,2,"BE,ALAB",Bull_LowVol
2025-09-19,182727161.13,-22070.54,176564343.19,359313574.86,1.97,0.0,2,"BE,ALAB",Bull_LowVol
2025-09-22,179800772.08,-44141.09,176564343.19,356409256.35,1.98,-0.016,2,"BE,ALAB",Bull_LowVol
2025-09-23,155627590.44,-66211.63,176564343.19,332258145.25,2.13,-0.1483,2,"BE,ALAB",Bull_LowVol
2025-09-24,120064401.37,-88282.17,176564343.19,296717026.73,2.47,-0.3429,2,"BE,ALAB",Bull_LowVol
2025-09-25,115626929.92,-110352.71,176564343.19,292301625.82,2.53,-0.3672,2,"BE,ALAB",Bull_LowVol
2025-09-26,116989129.4,-132423.26,176564343.19,293685895.84,2.51,-0.3598,2,"BE,ALAB",Bull_LowVol
2025-09-29,124688231.19,-154493.8,176564343.19,301407068.18,2.42,-0.3176,2,"BE,ALAB",Bull_LowVol
2025-09-30,145819029.12,-176564.34,176564343.19,322559936.64,2.21,-0.202,2,"BE,ALAB",Bull_LowVol
2025-10-01,156806303.11,-198634.89,176564343.19,333569281.18,2.13,-0.1419,2,"BE,ALAB",Bull_LowVol
2025-10-02,164565906.27,0.0,187079297.73,351645204.0,2.14,-0.0994,2,"BE,ECHO",Bull_LowVol
2025-10-03,165501473.3,-23384.91,187079297.73,352604155.93,2.13,-0.0943,2,"BE,ECHO",Bull_LowVol
2025-10-06,157707213.29,-46769.82,187079297.73,344833280.85,2.19,-0.1369,2,"BE,ECHO",Bull_LowVol
2025-10-07,152417642.76,-70154.74,187079297.73,339567095.22,2.23,-0.1659,2,"BE,ECHO",Bull_LowVol
2025-10-08,157855081.7,-93539.65,187079297.73,345027919.08,2.19,-0.1361,2,"BE,ECHO",Bull_LowVol
2025-10-09,156373489.11,-116924.56,187079297.73,343569711.4,2.2,-0.1442,2,"BE,ECHO",Bull_LowVol
2025-10-10,151614740.41,-140309.47,187079297.73,338834347.61,2.23,-0.1703,2,"BE,ECHO",Bull_LowVol
2025-10-13,202377445.51,-163694.39,187079297.73,389620437.63,1.93,0.0,2,"BE,ECHO",Bull_LowVol
2025-10-14,211599334.59,-187079.3,187079297.73,398865711.62,1.89,0.0,2,"BE,ECHO",Bull_LowVol
2025-10-15,216520903.36,-210464.21,187079297.73,403810665.3,1.86,0.0,2,"BE,ECHO",Bull_LowVol
2025-10-16,217618095.98,0.0,244720645.04,462338741.02,2.12,0.0,2,"BE,APLD",Bull_LowVol
2025-10-17,195703959.98,-30590.08,244720645.04,440455195.1,2.25,-0.1007,2,"BE,APLD",Bull_LowVol
2025-10-20,200335780.82,-61180.16,244720645.04,445117606.02,2.22,-0.0794,2,"BE,APLD",Bull_LowVol
2025-10-21,170404297.23,-91770.24,244720645.04,415216712.51,2.44,-0.217,2,"BE,APLD",Bull_LowVol
2025-10-22,140621375.79,0.0,140902937.73,281524313.52,2.0,-0.3538,2,"ARWR,CIEN",Bull_LowVol
2025-10-23,146488353.35,-17612.87,140902937.73,287408903.94,1.96,-0.3269,2,"ARWR,CIEN",Bull_LowVol
2025-10-24,154439228.2,-35225.73,140902937.73,295377391.66,1.91,-0.2903,2,"ARWR,CIEN",Bull_MidVol
2025-10-27,162944571.96,-52838.6,140902937.73,303900348.28,1.87,-0.2512,2,"ARWR,CIEN",Bull_MidVol
2025-10-28,163616706.75,-70451.47,140902937.73,304590095.94,1.86,-0.2481,2,"ARWR,CIEN",Bull_MidVol
2025-10-29,171698860.39,-88064.34,140902937.73,312689862.45,1.82,-0.211,2,"ARWR,CIEN",Bull_MidVol
2025-10-30,178972146.81,-105677.2,140902937.73,319980761.74,1.79,-0.1776,2,"ARWR,CIEN",Bull_MidVol
2025-10-31,180075343.37,-123290.07,140902937.73,321101571.17,1.78,-0.1725,2,"ARWR,CIEN",Bull_MidVol
2025-11-03,169350527.99,-140902.94,140902937.73,310394368.65,1.83,-0.2218,2,"ARWR,CIEN",Bull_MidVol
2025-11-04,157023981.95,-158515.8,140902937.73,298085435.48,1.9,-0.2784,2,"ARWR,CIEN",Bull_MidVol
2025-11-05,177282544.36,-176128.67,140902937.73,318361610.76,1.8,-0.1854,2,"ARWR,CIEN",Bull_MidVol
2025-11-06,179444314.23,-193741.54,140902937.73,320540993.5,1.79,-0.1754,2,"ARWR,CIEN",Bull_MidVol
2025-11-07,176159877.41,-211354.41,140902937.73,317274169.55,1.8,-0.1905,2,"ARWR,CIEN",Bull_MidVol
2025-11-10,186574491.23,-228967.27,140902937.73,327706396.23,1.76,-0.1427,2,"ARWR,CIEN",Bull_MidVol
2025-11-11,191607912.3,-246580.14,140902937.73,332757430.16,1.74,-0.1195,2,"ARWR,CIEN",Bull_MidVol
2025-11-12,193079671.39,-264193.01,140902937.73,334246802.13,1.73,-0.1128,2,"ARWR,CIEN",Bull_LowVol
2025-11-13,178912358.67,-281805.88,140902937.73,320097102.27,1.79,-0.1779,2,"ARWR,CIEN",Bull_MidVol
2025-11-14,177204122.11,-299418.74,140902937.73,318406478.58,1.8,-0.1857,2,"ARWR,CIEN",Bull_MidVol
2025-11-17,173094254.61,-317031.61,140902937.73,314314223.94,1.82,-0.2046,2,"ARWR,CIEN",Bull_MidVol
2025-11-18,170583386.26,0.0,65981520.59,236564906.85,1.39,-0.2161,2,"ARWR,GSAT",Bull_MidVol
2025-11-19,163597068.76,-8247.69,65981520.59,229586837.05,1.4,-0.2482,2,"ARWR,GSAT",Bull_MidVol
2025-11-20,156336824.36,-16495.38,65981520.59,222334840.34,1.42,-0.2816,2,"ARWR,GSAT",Bull_MidVol
2025-11-21,165353911.02,-24743.07,65981520.59,231360174.68,1.4,-0.2402,2,"ARWR,GSAT",Bull_MidVol
2025-11-24,183952475.93,-32990.76,65981520.59,249966987.28,1.36,-0.1547,2,"ARWR,GSAT",Bull_MidVol
2025-11-25,194817501.64,-41238.45,65981520.59,260840260.68,1.34,-0.1048,2,"ARWR,GSAT",Bull_MidVol
2025-11-26,235868981.75,-49486.14,65981520.59,301899988.49,1.28,0.0,2,"ARWR,GSAT",Bull_MidVol
2025-11-28,218991079.45,0.0,177180455.4,396171534.85,1.81,-0.0716,2,"ARWR,GSAT",Bull_MidVol
2025-12-01,230184285.88,-22147.56,177180455.4,407386888.84,1.77,-0.0241,2,"ARWR,GSAT",Bull_MidVol
2025-12-02,239961460.28,-44295.11,177180455.4,417186210.79,1.74,0.0,2,"ARWR,GSAT",Bull_MidVol
2025-12-03,279664297.38,-66442.67,177180455.4,456911195.45,1.63,0.0,2,"ARWR,GSAT",Bull_MidVol
2025-12-04,288344698.75,-88590.23,177180455.4,465613744.38,1.61,0.0,2,"ARWR,GSAT",Bull_MidVol
2025-12-05,276900021.63,-110737.78,177180455.4,454191214.82,1.64,-0.0397,2,"ARWR,GSAT",Bull_MidVol
2025-12-08,301433307.15,-132885.34,177180455.4,478746647.89,1.59,0.0,2,"ARWR,GSAT",Bull_MidVol
2025-12-09,303713099.93,-155032.9,177180455.4,481048588.23,1.58,0.0,2,"ARWR,GSAT",Bull_LowVol
2025-12-10,310524303.68,-177180.46,177180455.4,487881939.53,1.57,0.0,2,"ARWR,GSAT",Bull_LowVol
2025-12-11,328936024.0,-199328.01,177180455.4,506315807.42,1.54,0.0,2,"ARWR,GSAT",Bull_LowVol
2025-12-12,323705471.71,0.0,323158700.3,646864172.01,2.0,-0.0159,2,"ARWR,GSAT",Bull_LowVol
2025-12-15,298655100.57,-40394.84,323158700.3,621854195.71,2.08,-0.0921,2,"ARWR,GSAT",Bull_LowVol
2025-12-16,257487929.86,-80789.68,323158700.3,580727419.83,2.26,-0.2172,2,"ARWR,GSAT",Bull_LowVol
2025-12-17,231651177.84,0.0,184742099.55,416393277.39,1.8,-0.2958,2,"ARWR,VICR",Bull_LowVol
2025-12-18,240706305.94,-23092.76,184742099.55,425471498.25,1.77,-0.2682,2,"ARWR,VICR",Bull_MidVol
2025-12-19,255749698.51,-46185.52,184742099.55,440537983.58,1.72,-0.2225,2,"ARWR,VICR",Bull_LowVol
2025-12-22,267431275.24,-69278.29,184742099.55,452242653.07,1.69,-0.187,2,"ARWR,VICR",Bull_LowVol
2025-12-23,268864714.26,-92371.05,184742099.55,453699184.85,1.69,-0.1826,2,"ARWR,VICR",Bull_LowVol
2025-12-24,269546608.84,-115463.81,184742099.55,454404172.2,1.69,-0.1806,2,"ARWR,VICR",Bull_LowVol
2025-12-26,272768805.34,-138556.57,184742099.55,457649461.46,1.68,-0.1708,2,"ARWR,VICR",Bull_LowVol
2025-12-29,271473704.54,0.0,324408832.0,595882536.54,2.19,-0.1747,2,"ARWR,VICR",Bull_LowVol
2025-12-30,264505687.65,-40551.1,324408832.0,588955070.76,2.23,-0.1959,2,"ARWR,VICR",Bull_LowVol
2025-12-31,232826277.12,-17776966.07,324408832.0,575012075.19,2.47,-0.2922,2,"ARWR,VICR",Bull_LowVol
2026-01-02,256902533.62,-17817517.17,324408832.0,599128882.8,2.33,-0.219,2,"ARWR,VICR",Bull_LowVol
2026-01-05,324884538.7,0.0,317427859.21,642312397.91,1.98,-0.0123,2,"VICR,LITE",Bull_LowVol
2026-01-06,373649442.09,-39678.48,317427859.21,691116979.78,1.85,0.0,2,"VICR,LITE",Bull_LowVol
2026-01-07,370892671.18,-79356.96,317427859.21,688399887.35,1.86,-0.0074,2,"VICR,LITE",Bull_LowVol
2026-01-08,322909608.45,-119035.45,317427859.21,640456503.11,1.98,-0.1358,2,"VICR,LITE",Bull_LowVol
2026-01-09,340711631.44,-158713.93,317427859.21,658298204.58,1.93,-0.0882,2,"VICR,LITE",Bull_LowVol
2026-01-12,322639563.83,-198392.41,317427859.21,640265815.45,1.98,-0.1365,2,"VICR,LITE",Bull_LowVol
2026-01-13,340506883.71,-238070.89,317427859.21,658172813.82,1.93,-0.0887,2,"VICR,LITE",Bull_LowVol
2026-01-14,330223993.84,-277749.38,317427859.21,647929602.43,1.96,-0.1162,2,"VICR,LITE",Bull_LowVol
2026-01-15,340964003.14,-317427.86,317427859.21,658709290.21,1.93,-0.0875,2,"VICR,LITE",Bull_LowVol
2026-01-16,334619565.04,-357106.34,317427859.21,652404530.59,1.95,-0.1045,2,"VICR,LITE",Bull_LowVol
2026-01-20,381863210.6,-396784.82,317427859.21,699687854.63,1.83,0.0,2,"VICR,LITE",Bull_LowVol
2026-01-21,398167681.06,-436463.31,317427859.21,716032003.57,1.8,0.0,2,"VICR,LITE",Bull_LowVol
2026-01-22,402424769.69,-476141.79,317427859.21,720328770.69,1.79,0.0,2,"VICR,LITE",Bull_LowVol
2026-01-23,356050211.31,-515820.27,317427859.21,673993890.79,1.89,-0.1152,2,"VICR,LITE",Bull_LowVol
2026-01-26,362525538.11,-555498.75,317427859.21,680508896.08,1.88,-0.0991,2,"VICR,LITE",Bull_LowVol
2026-01-27,410066316.62,-595177.24,317427859.21,728089353.07,1.78,0.0,2,"VICR,LITE",Bull_LowVol
2026-01-28,428781217.23,0.0,400192782.98,828974000.21,1.93,0.0,2,"VICR,LITE",Bull_LowVol
2026-01-29,436960326.22,-50024.1,400192782.98,837203133.3,1.92,0.0,2,"VICR,LITE",Bull_LowVol
2026-01-30,414821133.18,-100048.2,400192782.98,815113964.36,1.96,-0.0507,2,"VICR,LITE",Bull_LowVol
2026-02-02,468283192.05,-150072.29,400192782.98,868626047.33,1.85,0.0,2,"VICR,LITE",Bull_LowVol
2026-02-03,484558663.08,-200096.39,400192782.98,884951542.46,1.83,0.0,2,"VICR,LITE",Bull_LowVol
2026-02-04,478527637.03,0.0,280223193.12,758750830.15,1.59,-0.0124,2,"LITE,ALM",Bull_LowVol
2026-02-05,509398788.44,-35027.9,280223193.12,789657009.45,1.55,0.0,2,"LITE,ALM",Bull_LowVol
2026-02-06,587531673.81,-70055.8,280223193.12,867824922.73,1.48,0.0,2,"LITE,ALM",Bull_MidVol
2026-02-09,628648731.96,-105083.7,280223193.12,908977008.78,1.45,0.0,2,"LITE,ALM",Bull_LowVol
2026-02-10,598660197.02,-140111.6,280223193.12,879023501.74,1.47,-0.0477,2,"LITE,ALM",Bull_LowVol
2026-02-11,613336581.77,-175139.5,280223193.12,893734914.38,1.46,-0.0244,2,"LITE,ALM",Bull_LowVol
2026-02-12,597860273.0,-210167.39,280223193.12,878293633.51,1.47,-0.049,2,"LITE,ALM",Bull_MidVol
2026-02-13,594484829.2,-245195.29,280223193.12,874953217.62,1.47,-0.0543,2,"LITE,ALM",Bull_MidVol
2026-02-17,630427780.46,-280223.19,280223193.12,910931196.77,1.44,0.0,2,"LITE,ALM",Bull_MidVol
2026-02-18,641499267.95,-315251.09,280223193.12,922037712.16,1.44,0.0,2,"LITE,ALM",Bull_LowVol
2026-02-19,688478069.13,-350278.99,280223193.12,969051541.24,1.41,0.0,2,"LITE,ALM",Bull_LowVol
2026-02-20,726878765.96,-385306.89,280223193.12,1007487265.97,1.39,0.0,2,"LITE,ALM",Bull_LowVol
2026-02-23,747880665.6,-420334.79,280223193.12,1028524193.5,1.38,0.0,2,"LITE,ALM",Bull_LowVol
2026-02-24,783101518.58,-455362.69,280223193.12,1063780074.38,1.36,0.0,2,"LITE,ALM",Bull_LowVol
2026-02-25,824075634.78,-490390.59,280223193.12,1104789218.49,1.34,0.0,2,"LITE,ALM",Bull_MidVol
2026-02-26,793608697.3,-525418.49,280223193.12,1074357308.91,1.35,-0.037,2,"LITE,ALM",Bull_MidVol
2026-02-27,830053702.93,-560446.39,280223193.12,1110837342.43,1.34,0.0,2,"LITE,ALM",Bull_MidVol
2026-03-02,963615954.26,-595474.29,280223193.12,1244434621.66,1.29,0.0,2,"LITE,ALM",Bull_MidVol
2026-03-03,840370886.13,-630502.18,280223193.12,1121224581.43,1.33,-0.1279,2,"LITE,ALM",Bull_MidVol
2026-03-04,828927668.76,-665530.08,280223193.12,1109816391.96,1.34,-0.1398,2,"LITE,ALM",Bull_MidVol
2026-03-05,791187949.95,-700557.98,280223193.12,1072111701.05,1.36,-0.1789,2,"LITE,ALM",Bull_LowVol
2026-03-06,694435749.19,7483817.74,0.0,686951931.45,0.99,-0.2793,2,"ALM,MRNA",Bull_LowVol
2026-03-09,733486774.28,7483817.74,0.0,726002956.54,0.99,-0.2388,2,"ALM,MRNA",Bull_LowVol
2026-03-10,757563690.65,7483817.74,0.0,750079872.91,0.99,-0.2138,2,"ALM,MRNA",Bull_LowVol
2026-03-11,782159599.03,7483817.74,0.0,774675781.29,0.99,-0.1883,2,"ALM,MRNA",Bull_LowVol
2026-03-12,742922319.08,7483817.74,0.0,735438501.34,0.99,-0.229,2,"ALM,MRNA",Bull_LowVol
2026-03-13,712155972.82,7483817.74,0.0,704672155.09,0.99,-0.261,2,"ALM,MRNA",Bull_LowVol
2026-03-16,710041158.08,7483817.74,0.0,702557340.34,0.99,-0.2631,2,"ALM,MRNA",Bull_LowVol
2026-03-17,688430775.94,0.0,7533973.02,695964748.96,1.01,-0.2856,2,"MRNA,SNDK",Bull_LowVol
2026-03-18,694303383.43,-941.75,7533973.02,701838298.2,1.01,-0.2795,2,"MRNA,SNDK",Bull_LowVol
2026-03-19,702842533.14,-1883.49,7533973.02,710378389.65,1.01,-0.2706,2,"MRNA,SNDK",Bull_LowVol
2026-03-20,668467201.3,668467201.3,0.0,0.0,0.0,-0.3063,0,CASH_BIL,Bear_HighVol
2026-03-23,668540099.54,668540099.54,0.0,0.0,0.0,-0.3062,0,CASH_BIL,Bear_HighVol
2026-03-24,668467201.3,668467201.3,0.0,0.0,0.0,-0.3063,0,CASH_BIL,Bear_HighVol
2026-03-25,668613167.84,668613167.84,0.0,0.0,0.0,-0.3061,0,CASH_BIL,Bear_HighVol
2026-03-26,668832089.32,668832089.32,0.0,0.0,0.0,-0.3059,0,CASH_BIL,Bear_HighVol
2026-03-27,668905157.62,668905157.62,0.0,0.0,0.0,-0.3058,0,CASH_BIL,Bear_HighVol
2026-03-30,668905157.62,668905157.62,0.0,0.0,0.0,-0.3058,0,CASH_BIL,Bear_HighVol
2026-03-31,669080827.65,669080827.65,0.0,0.0,0.0,-0.3057,0,CASH_BIL,Bear_HighVol
2026-04-01,669227134.31,669227134.31,0.0,0.0,0.0,-0.3055,0,CASH_BIL,Bear_HighVol
2026-04-02,669373554.34,669373554.34,0.0,0.0,0.0,-0.3054,0,CASH_BIL,Bear_HighVol
2026-04-06,669446736.02,669446736.02,0.0,0.0,0.0,-0.3053,0,CASH_BIL,Bear_HighVol
2026-04-07,669446736.02,669446736.02,0.0,0.0,0.0,-0.3053,0,CASH_BIL,Bear_HighVol
2026-04-08,669446736.02,669446736.02,0.0,0.0,0.0,-0.3053,0,CASH_BIL,Bull_MidVol
2026-04-09,669446736.02,669446736.02,0.0,0.0,0.0,-0.3053,0,CASH_BIL,Bull_MidVol
2026-04-10,682866186.79,0.0,536159768.5,1219025955.29,1.79,-0.2914,2,"AAOI,LITE",Bull_MidVol
2026-04-13,675603009.14,-67019.97,536159768.5,1211829797.61,1.79,-0.2989,2,"AAOI,LITE",Bull_MidVol
2026-04-14,635488767.76,-134039.94,536159768.5,1171782576.2,1.84,-0.3405,2,"AAOI,LITE",Bull_MidVol
2026-04-15,600340012.03,-201059.91,536159768.5,1136700840.45,1.89,-0.377,2,"AAOI,LITE",Bull_MidVol
2026-04-16,705736731.63,-268079.88,536159768.5,1242164580.01,1.76,-0.2676,2,"AAOI,LITE",Bull_MidVol
2026-04-17,716119739.14,-335099.86,536159768.5,1252614607.5,1.75,-0.2568,2,"AAOI,LITE",Bull_MidVol
2026-04-20,733186109.51,-402119.83,536159768.5,1269747997.83,1.73,-0.2391,2,"AAOI,LITE",Bull_MidVol
2026-04-21,641354018.24,-469139.8,536159768.5,1177982926.54,1.84,-0.3344,2,"AAOI,LITE",Bull_MidVol
2026-04-22,661481194.62,-536159.77,536159768.5,1198177122.89,1.81,-0.3135,2,"AAOI,LITE",Bull_MidVol
2026-04-23,595892321.15,-603179.74,536159768.5,1132655269.39,1.9,-0.3816,2,"AAOI,LITE",Bull_MidVol
2026-04-24,718515651.1,-670199.71,536159768.5,1255345619.31,1.75,-0.2544,2,"AAOI,LITE",Bull_MidVol
2026-04-27,637080731.04,-737219.68,536159768.5,1173977719.22,1.84,-0.3389,2,"AAOI,LITE",Bull_MidVol
2026-04-28,568795649.77,0.0,499442890.97,1068238540.73,1.88,-0.4097,2,"AAOI,CIEN",Bull_MidVol
2026-04-29,633727448.11,-62430.36,499442890.97,1133232769.43,1.79,-0.3423,2,"AAOI,CIEN",Bull_LowVol
2026-04-30,736786274.72,-124860.72,499442890.97,1236354026.41,1.68,-0.2354,2,"AAOI,CIEN",Bull_LowVol
2026-05-01,822729110.57,-187291.08,499442890.97,1322359292.62,1.61,-0.1462,2,"AAOI,CIEN",Bull_LowVol
2026-05-04,783429178.34,-249721.45,499442890.97,1283121790.75,1.64,-0.187,2,"AAOI,CIEN",Bull_LowVol
2026-05-05,820892563.75,-312151.81,499442890.97,1320647606.52,1.61,-0.1481,2,"AAOI,CIEN",Bull_LowVol
2026-05-06,847189722.53,-374582.17,499442890.97,1347007195.66,1.59,-0.1208,2,"AAOI,CIEN",Bull_LowVol
2026-05-07,720921085.78,-437012.53,499442890.97,1220800989.27,1.69,-0.2519,2,"AAOI,CIEN",Bull_LowVol
2026-05-08,734785474.82,0.0,696953145.24,1431738620.07,1.95,-0.2375,2,"CIEN,MRVL",Bull_LowVol
2026-05-11,780163896.39,-87119.14,696953145.24,1477204160.78,1.89,-0.1904,2,"CIEN,MRVL",Bull_LowVol
2026-05-12,747191077.35,-174238.29,696953145.24,1444318460.88,1.93,-0.2246,2,"CIEN,MRVL",Bull_LowVol
2026-05-13,806175183.89,-261357.43,696953145.24,1503389686.56,1.86,-0.1634,2,"CIEN,MRVL",Bull_LowVol
2026-05-14,843467849.58,-348476.57,696953145.24,1540769471.39,1.83,-0.1247,2,"CIEN,MRVL",Bull_LowVol
2026-05-15,771630461.38,-435595.72,696953145.24,1469019202.34,1.9,-0.1992,2,"CIEN,MRVL",Bull_LowVol
2026-05-18,699109380.35,-522714.86,696953145.24,1396585240.45,2.0,-0.2745,2,"CIEN,MRVL",Bull_LowVol
2026-05-19,752839910.0,-609834.0,696953145.24,1450402889.24,1.93,-0.2187,2,"CIEN,MRVL",Bull_LowVol
2026-05-20,814571926.03,-696953.15,696953145.24,1512222024.42,1.86,-0.1547,2,"CIEN,MRVL",Bull_LowVol
2026-05-21,872560128.81,-784072.29,696953145.24,1570297346.34,1.8,-0.0945,2,"CIEN,MRVL",Bull_LowVol
2026-05-22,884106539.47,0.0,848800977.4,1732907516.87,1.96,-0.0825,2,"MRVL,INTC",Bull_LowVol
2026-05-26,962713077.62,-106100.12,848800977.4,1811620155.14,1.88,-0.0009,2,"MRVL,INTC",Bull_LowVol
2026-05-27,908380768.08,-212200.24,848800977.4,1757393945.72,1.93,-0.0573,2,"MRVL,INTC",Bull_LowVol
2026-05-28,928267295.56,-318300.37,848800977.4,1777386573.32,1.91,-0.0367,2,"MRVL,INTC",Bull_LowVol
2026-05-29,883058807.25,-424400.49,848800977.4,1732284185.14,1.96,-0.0836,2,"MRVL,INTC",Bull_LowVol
2026-06-01,897397819.72,0.0,948081583.56,1845479403.29,2.06,-0.0687,2,"MRVL,SNDK",Bull_LowVol
2026-06-02,1182669306.4,-118510.2,948081583.56,2130869400.16,1.8,0.0,2,"MRVL,SNDK",Bull_LowVol
2026-06-03,1288132201.08,-237020.4,948081583.56,2236450805.04,1.74,0.0,2,"MRVL,SNDK",Bull_LowVol
2026-06-04,1315292028.0,-355530.59,948081583.56,2263729142.15,1.72,0.0,2,"MRVL,SNDK",Bull_LowVol
2026-06-05,982590918.03,0.0,1036264240.01,2018855158.04,2.05,-0.2529,2,"MRVL,FLEX",Bull_MidVol
2026-06-08,1085812867.17,-129533.03,1036264240.01,2122206640.21,1.95,-0.1745,2,"MRVL,FLEX",Bull_MidVol
2026-06-09,969771746.6,-259066.06,1036264240.01,2006295052.68,2.07,-0.2627,2,"MRVL,FLEX",Bull_MidVol
2026-06-10,853482435.51,0.0,1004019836.39,1857502271.91,2.18,-0.3511,2,"MRVL,ALAB",Bull_MidVol
2026-06-11,1041323343.08,1041323343.08,0.0,0.0,0.0,-0.2083,0,CASH_BIL,Bear_HighVol
2026-06-12,1041323343.08,1041323343.08,0.0,0.0,0.0,-0.2083,0,CASH_BIL,Bear_HighVol
2026-06-15,1041437135.18,1041437135.18,0.0,0.0,0.0,-0.2082,0,CASH_BIL,Bear_HighVol
2026-06-16,1041550927.27,1041550927.27,0.0,0.0,0.0,-0.2081,0,CASH_BIL,Bear_HighVol
2026-06-17,1042006095.63,1042006095.63,0.0,0.0,0.0,-0.2078,0,CASH_BIL,Bear_HighVol
2026-06-18,1042006095.63,1042006095.63,0.0,0.0,0.0,-0.2078,0,CASH_BIL,Bear_HighVol
2026-06-22,1042119975.33,1042119975.33,0.0,0.0,0.0,-0.2077,0,CASH_BIL,Bear_HighVol
2026-06-23,1042233679.82,1042233679.82,0.0,0.0,0.0,-0.2076,0,CASH_BIL,Bear_HighVol
2026-06-24,1042347471.91,1042347471.91,0.0,0.0,0.0,-0.2075,0,CASH_BIL,Bear_HighVol
2026-06-25,1042688935.78,1042688935.78,0.0,0.0,0.0,-0.2073,0,CASH_BIL,Bear_HighVol
2026-06-26,1042802815.47,1042802815.47,0.0,0.0,0.0,-0.2072,0,CASH_BIL,Bear_HighVol
2026-06-29,1042802815.47,1042802815.47,0.0,0.0,0.0,-0.2072,0,CASH_BIL,Bear_HighVol
2026-06-30,1043122291.81,1043122291.81,0.0,0.0,0.0,-0.2069,0,CASH_BIL,Bear_HighVol
2026-07-01,1043578774.17,1043578774.17,0.0,0.0,0.0,-0.2066,0,CASH_BIL,Bear_HighVol
2026-07-02,1043464631.68,1043464631.68,0.0,0.0,0.0,-0.2067,0,CASH_BIL,Bear_HighVol
2026-07-06,1043692829.06,1043692829.06,0.0,0.0,0.0,-0.2065,0,CASH_BIL,Bear_HighVol
2026-07-07,1043692829.06,1043692829.06,0.0,0.0,0.0,-0.2065,0,CASH_BIL,Bear_HighVol
2026-07-08,1043806971.55,1043806971.55,0.0,0.0,0.0,-0.2064,0,CASH_BIL,Bear_HighVol
2026-07-09,1044263541.51,1044263541.51,0.0,0.0,0.0,-0.2061,0,CASH_BIL,Bear_HighVol
2026-07-10,1044263541.51,1044263541.51,0.0,0.0,0.0,-0.2061,0,CASH_BIL,Bear_HighVol
2026-07-13,1044377684.0,1044377684.0,0.0,0.0,0.0,-0.206,0,CASH_BIL,Bear_HighVol
2026-07-14,1044491738.9,1044491738.9,0.0,0.0,0.0,-0.2059,0,CASH_BIL,Bear_HighVol
2026-07-15,1044605881.39,1044605881.39,0.0,0.0,0.0,-0.2058,0,CASH_BIL,Bear_HighVol
2026-07-16,1044834166.37,1044834166.37,0.0,0.0,0.0,-0.2056,0,CASH_BIL,Bear_HighVol
2026-07-17,1044948308.86,1044948308.86,0.0,0.0,0.0,-0.2055,0,CASH_BIL,Bear_HighVol
2026-07-20,1044948308.86,1044948308.86,0.0,0.0,0.0,-0.2055,0,CASH_BIL,Bull_MidVol
2026-07-21,1045176593.84,1045176593.84,0.0,0.0,0.0,-0.2054,0,CASH_BIL,Bear_HighVol
2026-07-22,1048670775.83,0.0,522182.59,1049192958.42,1.0,-0.2027,2,"DELL,CORT",Bull_MidVol
2026-07-23,1078939590.15,-65.27,522182.59,1079461838.01,1.0,-0.1797,2,"DELL,CORT",Bull_MidVol
2026-07-24,1069276156.8,-130.55,522182.59,1069798469.93,1.0,-0.187,2,"DELL,CORT",Bull_MidVol
2026-07-27,1032283738.31,-195.82,522182.59,1032806116.72,1.0,-0.2152,2,"DELL,CORT",Bull_MidVol
2026-07-28,991741378.27,0.0,39413150.11,1031154528.37,1.04,-0.246,2,"CORT,SNOW",Bull_MidVol
2026-07-29,1007343760.36,-4926.64,39413150.11,1046761837.11,1.04,-0.2341,2,"CORT,SNOW",Bull_MidVol
2026-07-30,1180632242.16,-9853.29,39413150.11,1220055245.55,1.03,-0.1024,2,"CORT,SNOW",Bull_MidVol
2026-07-31,1149888406.82,-14779.93,39413150.11,1189316336.86,1.03,-0.1258,2,"CORT,SNOW",Bull_MidVol
2026-08-03,1166005389.8,-19706.58,39413150.11,1205438246.48,1.03,-0.1135,2,"CORT,SNOW",Bull_MidVol
2026-08-04,1173202107.13,1173202107.13,0.0,0.0,0.0,-0.108,0,CASH_BIL,Bear_HighVol
2026-08-05,1173458698.65,1173458698.65,0.0,0.0,0.0,-0.1078,0,CASH_BIL,Bear_HighVol
2026-08-06,1173843733.22,1173843733.22,0.0,0.0,0.0,-0.1075,0,CASH_BIL,Bear_HighVol
2026-08-07,1173843733.22,1173843733.22,0.0,0.0,0.0,-0.1075,0,CASH_BIL,Bear_HighVol
2026-08-10,1173971979.88,1173971979.88,0.0,0.0,0.0,-0.1074,0,CASH_BIL,Bear_HighVol
2026-08-11,1174228669.59,1174228669.59,0.0,0.0,0.0,-0.1072,0,CASH_BIL,Bear_HighVol
2026-08-12,1174228669.59,1174228669.59,0.0,0.0,0.0,-0.1072,0,CASH_BIL,Bear_HighVol
2026-08-13,1174228669.59,1174228669.59,0.0,0.0,0.0,-0.1072,0,CASH_BIL,Bull_MidVol
2026-08-14,1174228669.59,1174228669.59,0.0,0.0,0.0,-0.1072,0,CASH_BIL,Bull_MidVol
2026-08-17,1174228669.59,1174228669.59,0.0,0.0,0.0,-0.1072,0,CASH_BIL,Bull_MidVol
2026-08-18,1174228669.59,1174228669.59,0.0,0.0,0.0,-0.1072,0,CASH_BIL,Bull_MidVol
2026-08-19,1175593073.08,0.0,940439743.3,2116032816.37,1.8,-0.1062,2,"CORT,CHYM",Bull_MidVol
2026-08-20,1158041649.64,-117554.97,940439743.3,2098598947.91,1.81,-0.1196,2,"CORT,CHYM",Bull_MidVol
2026-08-21,1195041587.71,-235109.94,940439743.3,2135716440.94,1.79,-0.0914,2,"CORT,CHYM",Bull_MidVol
2026-08-24,1201239549.63,-352664.9,940439743.3,2142031957.83,1.78,-0.0867,2,"CORT,CHYM",Bull_MidVol
2026-08-25,1216788112.7,-470219.87,940439743.3,2157698075.87,1.77,-0.0749,2,"CORT,CHYM",Bull_MidVol
2026-08-26,1184527263.62,-587774.84,940439743.3,2125554781.75,1.79,-0.0994,2,"CORT,CHYM",Bull_MidVol
2026-08-27,1165404491.1,-705329.81,940439743.3,2106549564.21,1.81,-0.114,2,"CORT,CHYM",Bull_MidVol
2026-08-28,1132911230.4,-822884.78,940439743.3,2074173858.47,1.83,-0.1387,2,"CORT,CHYM",Bull_MidVol
2026-08-31,1125190905.34,-940439.74,940439743.3,2066571088.38,1.84,-0.1445,2,"CORT,CHYM",Bull_LowVol
2026-09-01,1079255476.55,-1057994.71,940439743.3,2020753214.55,1.87,-0.1795,2,"CORT,CHYM",Bull_LowVol
2026-09-02,1097919578.32,0.0,508470514.43,1606390092.75,1.46,-0.1653,2,"CHYM,NIQ",Bull_LowVol
2026-09-03,1119430417.95,-63558.81,508470514.43,1627964491.19,1.45,-0.1489,2,"CHYM,NIQ",Bull_LowVol
2026-09-04,1110103572.91,-127117.63,508470514.43,1618701204.97,1.46,-0.156,2,"CHYM,NIQ",Bull_LowVol
2026-09-08,1062470217.63,-190676.44,508470514.43,1571131408.51,1.48,-0.1922,2,"CHYM,NIQ",Bull_LowVol
2026-09-09,1126777160.47,-254235.26,508470514.43,1635501910.16,1.45,-0.1433,2,"CHYM,NIQ",Bull_LowVol
2026-09-10,1053310744.34,-317794.07,508470514.43,1562099052.84,1.48,-0.1992,2,"CHYM,NIQ",Bull_LowVol
